title,price,image,link
ASUS Vivobook Go 15 (2025) with Office 2024 + M365 Basic* Intel Core i3 N305 - (8 GB/512 GB SSD/Window...,"₹39,990",https://rukminim2.flixcart.com/image/312/312/xif0q/computer/o/f/m/-original-imahbqpbwkdwc733.jpeg?q=70,https://www.flipkart.com/asus-vivobook-go-15-2025-office-2024-m365-basic-intel-core-i3-n305-8-gb-512-gb-ssd-windows-11-home-e1504ga-nj3322ws-e1504ga-bq1225ws-thin-light-laptop/p/itm4bbb136e0a623?pid=COMH9SJ9ZVTH69GM&lid=LSTCOMH9SJ9ZVTH69GMCONYQO&marketplace=FLIPKART&q=laptops&store=6bo%2Fb5g&srno=s_1_1&otracker=search&fm=organic&iid=767ebb32-90f0-42ab-9ba7-6b754ce7bc41.COMH9SJ9ZVTH69GM.SEARCH&ppt=None&ppn=None&ssid=gj1ifjzutc0000001768228207406&qH=c06ea84a1e3dc3c6
Acer Aspire 3 Intel Celeron Dual Core - (8 GB/512 GB SSD/Windows 11 Home) A311-45 Thin and Light Lapto...,"₹24,699",https://rukminim2.flixcart.com/image/312/312/xif0q/computer/d/s/x/-original-imahg5ftu2dzvyu8.jpeg?q=70,https://www.flipkart.com/acer-aspire-3-intel-celeron-dual-core-8-gb-512-gb-ssd-windows-11-home-a311-45-thin-light-laptop/p/itmad38595c5a902?pid=COMH7NCZY2QDJ5Z4&lid=LSTCOMH7NCZY2QDJ5Z4DVC9YB&marketplace=FLIPKART&q=laptops&store=6bo%2Fb5g&srno=s_1_2&otracker=search&fm=organic&iid=767ebb32-90f0-42ab-9ba7-6b754ce7bc41.COMH7NCZY2QDJ5Z4.SEARCH&ppt=None&ppn=None&ssid=gj1ifjzutc0000001768228207406&qH=c06ea84a1e3dc3c6
"ASUS Vivobook 15 (2025) with Office 2024 + M365 Basic*, Backlit Keyboard, Intel Core i5 13th Gen 1335U...","₹52,990",https://rukminim2.flixcart.com/image/312/312/xif0q/computer/h/p/x/-original-imah2ger8fwg9raw.jpeg?q=70,https://www.flipkart.com/asus-vivobook-15-2025-office-2024-m365-basic-backlit-keyboard-intel-core-i5-13th-gen-1335u-16-gb-512-gb-ssd-windows-11-home-x1504va-nj546ws-thin-light-laptop/p/itmced428c41f834?pid=COMHCQ5E5ZFZD4BV&lid=LSTCOMHCQ5E5ZFZD4BVQUWCVK&marketplace=FLIPKART&q=laptops&store=6bo%2Fb5g&srno=s_1_3&otracker=search&fm=organic&iid=767ebb32-90f0-42ab-9ba7-6b754ce7bc41.COMHCQ5E5ZFZD4BV.SEARCH&ppt=None&ppn=None&ssid=gj1ifjzutc0000001768228207406&qH=c06ea84a1e3dc3c6
Acer Aspire 3 AMD Ryzen 3 Quad Core 7330U - (8 GB/512 GB SSD/Windows 11 Home) AS15 42 / A325 42 Thin a...,"₹29,990",https://rukminim2.flixcart.com/image/312/312/xif0q/computer/7/z/j/-original-imahg5fyhy7ggkns.jpeg?q=70,https://www.flipkart.com/acer-aspire-3-amd-ryzen-quad-core-7330u-8-gb-512-gb-ssd-windows-11-home-as15-42-a325-thin-light-laptop/p/itmdaf15e01a1d1a?pid=COMH397X2KJ8XCHR&lid=LSTCOMH397X2KJ8XCHRBDEAS1&marketplace=FLIPKART&q=laptops&store=6bo%2Fb5g&srno=s_1_4&otracker=search&fm=organic&iid=767ebb32-90f0-42ab-9ba7-6b754ce7bc41.COMH397X2KJ8XCHR.SEARCH&ppt=None&ppn=None&ssid=gj1ifjzutc0000001768228207406&qH=c06ea84a1e3dc3c6
ASUS Vivobook Go 15 AMD Ryzen 3 Quad Core 7320U - (8 GB/512 GB SSD/Windows 11 Home) E1504FA-NJ130WS | ...,"₹34,990",https://rukminim2.flixcart.com/image/312/312/xif0q/computer/m/y/o/-original-imahg5fxjta7gns7.jpeg?q=70,https://www.flipkart.com/asus-vivobook-go-15-amd-ryzen-3-quad-core-7320u-8-gb-512-gb-ssd-windows-11-home-e1504fa-nj130ws-e1504fa-bq2322ws-thin-light-laptop/p/itm9af4f3b5de2ff?pid=COMH94992SQ8HYGZ&lid=LSTCOMH94992SQ8HYGZI7SK3K&marketplace=FLIPKART&q=laptops&store=6bo%2Fb5g&srno=s_1_5&otracker=search&fm=organic&iid=767ebb32-90f0-42ab-9ba7-6b754ce7bc41.COMH94992SQ8HYGZ.SEARCH&ppt=None&ppn=None&ssid=gj1ifjzutc0000001768228207406&qH=c06ea84a1e3dc3c6
ASUS Expertbook P1 Intel Core i3 13th Gen 1315U - (16 GB/512 GB SSD/Windows 11 Home) P1403CVA-S60938WS...,"₹39,990",https://rukminim2.flixcart.com/image/312/312/xif0q/computer/p/i/a/-original-imahg53uwgmhzfcd.jpeg?q=70,https://www.flipkart.com/asus-expertbook-p1-intel-core-i3-13th-gen-1315u-16-gb-512-gb-ssd-windows-11-home-p1403cva-s60938ws-thin-light-laptop/p/itm0af4b81838b5b?pid=COMH8Z2QAWCCUCSP&lid=LSTCOMH8Z2QAWCCUCSPPZPFKG&marketplace=FLIPKART&q=laptops&store=6bo%2Fb5g&srno=s_1_6&otracker=search&fm=organic&iid=767ebb32-90f0-42ab-9ba7-6b754ce7bc41.COMH8Z2QAWCCUCSP.SEARCH&ppt=None&ppn=None&ssid=gj1ifjzutc0000001768228207406&qH=c06ea84a1e3dc3c6
ASUS Vivobook Go 15 AMD Ryzen 3 Quad Core 7320U - (8 GB/512 GB SSD/Windows 11 Home) E1504FA-NJ131WS | ...,"₹33,990",https://rukminim2.flixcart.com/image/312/312/xif0q/computer/8/z/9/-original-imahg5fyefybajws.jpeg?q=70,https://www.flipkart.com/asus-vivobook-go-15-amd-ryzen-3-quad-core-7320u-8-gb-512-gb-ssd-windows-11-home-e1504fa-nj131ws-e1504fa-bq2321ws-thin-light-laptop/p/itm459fb45576278?pid=COMH94998FGG8FHG&lid=LSTCOMH94998FGG8FHGLMIDOV&marketplace=FLIPKART&q=laptops&store=6bo%2Fb5g&srno=s_1_7&otracker=search&fm=organic&iid=767ebb32-90f0-42ab-9ba7-6b754ce7bc41.COMH94998FGG8FHG.SEARCH&ppt=None&ppn=None&ssid=gj1ifjzutc0000001768228207406&qH=c06ea84a1e3dc3c6
Acer Aspire 3 Intel Celeron Dual Core - (8 GB/256 GB SSD/Windows 11 Home) A311-45 Thin and Light Lapto...,"₹22,990",https://rukminim2.flixcart.com/image/312/312/xif0q/computer/d/s/x/-original-imahg5ftu2dzvyu8.jpeg?q=70,https://www.flipkart.com/acer-aspire-3-intel-celeron-dual-core-8-gb-256-gb-ssd-windows-11-home-a311-45-thin-light-laptop/p/itmad38595c5a902?pid=COMH7NCZ8BARKXFF&lid=LSTCOMH7NCZ8BARKXFFG6HSJC&marketplace=FLIPKART&q=laptops&store=6bo%2Fb5g&spotlightTagId=default_BestsellerId_6bo%2Fb5g&srno=s_1_8&otracker=search&fm=organic&iid=767ebb32-90f0-42ab-9ba7-6b754ce7bc41.COMH7NCZ8BARKXFF.SEARCH&ppt=None&ppn=None&ssid=gj1ifjzutc0000001768228207406&qH=c06ea84a1e3dc3c6
Lenovo 100e Chromebook Gen 4 MediaTek Kompanio 520 - (4 GB/32 GB EMMC Storage/Chrome OS) 82W00004HA Ch...,"₹11,990",https://rukminim2.flixcart.com/image/312/312/xif0q/computer/c/g/4/-original-imahgfdyf6grkw9r.jpeg?q=70,https://www.flipkart.com/lenovo-100e-chromebook-gen-4-mediatek-kompanio-520-4-gb-32-gb-emmc-storage-chrome-os-82w00004ha/p/itm1ae5f82096ad9?pid=COMHA9FK8YXVUUWA&lid=LSTCOMHA9FK8YXVUUWAAREQMZ&marketplace=FLIPKART&q=laptops&store=6bo%2Fb5g&spotlightTagId=default_BestsellerId_6bo%2Fb5g&srno=s_1_9&otracker=search&fm=organic&iid=767ebb32-90f0-42ab-9ba7-6b754ce7bc41.COMHA9FK8YXVUUWA.SEARCH&ppt=None&ppn=None&ssid=gj1ifjzutc0000001768228207406&qH=c06ea84a1e3dc3c6
Acer Aspire 3 Intel Celeron Dual Core N4500 - (12 GB/512 GB SSD/Windows 11 Home) A324-45 Thin and Ligh...,"₹28,990",https://rukminim2.flixcart.com/image/312/312/xif0q/computer/r/7/0/-original-imahg5fwjq9tnnhy.jpeg?q=70,https://www.flipkart.com/acer-aspire-3-intel-celeron-dual-core-n4500-12-gb-512-gb-ssd-windows-11-home-a324-45-thin-light-laptop/p/itmbbfe217e40d59?pid=COMHFZYZFVD2MCAB&lid=LSTCOMHFZYZFVD2MCAB5ANZ55&marketplace=FLIPKART&q=laptops&store=6bo%2Fb5g&srno=s_1_10&otracker=search&fm=organic&iid=767ebb32-90f0-42ab-9ba7-6b754ce7bc41.COMHFZYZFVD2MCAB.SEARCH&ppt=None&ppn=None&ssid=gj1ifjzutc0000001768228207406&qH=c06ea84a1e3dc3c6
ASUS Expertbook P1 Intel Core i3 13th Gen 1315U - (16 GB/512 GB SSD/Windows 11 Home) P1503CVA-S71074WS...,"₹39,990",https://rukminim2.flixcart.com/image/312/312/xif0q/computer/3/7/q/-original-imahehnhwehhffc4.jpeg?q=70,https://www.flipkart.com/asus-expertbook-p1-intel-core-i3-13th-gen-1315u-16-gb-512-gb-ssd-windows-11-home-p1503cva-s71074ws-thin-light-laptop/p/itmf84b442d31b6b?pid=COMH8Z2QENXVKHGX&lid=LSTCOMH8Z2QENXVKHGXT2JJBZ&marketplace=FLIPKART&q=laptops&store=6bo%2Fb5g&srno=s_1_11&otracker=search&fm=organic&iid=767ebb32-90f0-42ab-9ba7-6b754ce7bc41.COMH8Z2QENXVKHGX.SEARCH&ppt=None&ppn=None&ssid=gj1ifjzutc0000001768228207406&qH=c06ea84a1e3dc3c6
Acer Aspire 3 Backlit AMD Ryzen 7 Octa Core 7730U - (16 GB/1 TB SSD/Windows 11 Home) A325-42 / AS15-42...,"₹45,990",https://rukminim2.flixcart.com/image/312/312/xif0q/computer/2/q/t/-original-imahg5ftjkmg4m82.jpeg?q=70,https://www.flipkart.com/acer-aspire-3-backlit-amd-ryzen-7-octa-core-7730u-16-gb-1-tb-ssd-windows-11-home-a325-42-as15-42-thin-light-laptop/p/itmdaf15e01a1d1a?pid=COMH397X5HZZ7GFT&lid=LSTCOMH397X5HZZ7GFTGSNYFH&marketplace=FLIPKART&q=laptops&store=6bo%2Fb5g&srno=s_1_12&otracker=search&fm=organic&iid=767ebb32-90f0-42ab-9ba7-6b754ce7bc41.COMH397X5HZZ7GFT.SEARCH&ppt=None&ppn=None&ssid=gj1ifjzutc0000001768228207406&qH=c06ea84a1e3dc3c6
Acer Aspire 3 Intel Celeron Dual Core - (8 GB/128 GB SSD/Windows 11 Home) A311-45 Thin and Light Lapto...,"₹18,990",https://rukminim2.flixcart.com/image/312/312/xif0q/computer/d/s/x/-original-imahg5ftu2dzvyu8.jpeg?q=70,https://www.flipkart.com/acer-aspire-3-intel-celeron-dual-core-8-gb-128-gb-ssd-windows-11-home-a311-45-thin-light-laptop/p/itmad38595c5a902?pid=COMH7NCZGGGWQC4W&lid=LSTCOMH7NCZGGGWQC4WQSQGVR&marketplace=FLIPKART&q=laptops&store=6bo%2Fb5g&srno=s_1_13&otracker=search&fm=organic&iid=767ebb32-90f0-42ab-9ba7-6b754ce7bc41.COMH7NCZGGGWQC4W.SEARCH&ppt=None&ppn=None&ssid=gj1ifjzutc0000001768228207406&qH=c06ea84a1e3dc3c6
DELL 15 AMD Ryzen 5 Hexa Core 7530U - (16 GB/512 GB SSD/Windows 11 Home) 3535 Thin and Light Laptop,"₹40,990",https://rukminim2.flixcart.com/image/312/312/xif0q/computer/g/t/d/-original-imahg5fyqgdfhugy.jpeg?q=70,https://www.flipkart.com/dell-15-amd-ryzen-5-hexa-core-7530u-16-gb-512-gb-ssd-windows-11-home-3535-thin-light-laptop/p/itm672bf7685863c?pid=COMH8EPFGAZ5HFM3&lid=LSTCOMH8EPFGAZ5HFM3UCBKL5&marketplace=FLIPKART&q=laptops&store=6bo%2Fb5g&srno=s_1_14&otracker=search&fm=organic&iid=767ebb32-90f0-42ab-9ba7-6b754ce7bc41.COMH8EPFGAZ5HFM3.SEARCH&ppt=None&ppn=None&ssid=gj1ifjzutc0000001768228207406&qH=c06ea84a1e3dc3c6
"ASUS Vivobook 15, with Backlit Keyboard, Intel Core i3 13th Gen 1315U - (16 GB/512 GB SSD/Windows 11 H...","₹41,490",https://rukminim2.flixcart.com/image/312/312/xif0q/computer/y/k/g/-original-imahg5fyefftefqt.jpeg?q=70,https://www.flipkart.com/asus-vivobook-15-backlit-keyboard-intel-core-i3-13th-gen-1315u-16-gb-512-gb-ssd-windows-11-home-x1504va-nj2325ws-x1504va-bq342ws-thin-light-laptop/p/itmb44a032e58491?pid=COMH9499CDEZTNHX&lid=LSTCOMH9499CDEZTNHXLD7KLF&marketplace=FLIPKART&q=laptops&store=6bo%2Fb5g&srno=s_1_15&otracker=search&fm=organic&iid=767ebb32-90f0-42ab-9ba7-6b754ce7bc41.COMH9499CDEZTNHX.SEARCH&ppt=None&ppn=None&ssid=gj1ifjzutc0000001768228207406&qH=c06ea84a1e3dc3c6
"ASUS Vivobook 14 (2025) with Office 2024 + M365 Basic*, Backlit Keyboard, Intel Core i3 13th Gen 1315U...","₹35,990",https://rukminim2.flixcart.com/image/312/312/xif0q/computer/u/u/d/-original-imahfcztzmftpy9u.jpeg?q=70,https://www.flipkart.com/asus-vivobook-14-2025-office-2024-m365-basic-backlit-keyboard-intel-core-i3-13th-gen-1315u-8-gb-512-gb-ssd-windows-11-home-x1404va-eb321ws-thin-light-laptop/p/itm86b2575a66c73?pid=COMHEZZTACFZCGWF&lid=LSTCOMHEZZTACFZCGWFJLHWXA&marketplace=FLIPKART&q=laptops&store=6bo%2Fb5g&srno=s_1_16&otracker=search&fm=organic&iid=767ebb32-90f0-42ab-9ba7-6b754ce7bc41.COMHEZZTACFZCGWF.SEARCH&ppt=None&ppn=None&ssid=gj1ifjzutc0000001768228207406&qH=c06ea84a1e3dc3c6
DELL 15 (Core i3 14th Gen) Intel Core 3 100U - (8 GB/512 GB SSD/Windows 11 Home) DC15250 Thin and Ligh...,"₹37,990",https://rukminim2.flixcart.com/image/312/312/xif0q/computer/u/x/k/-original-imahfthunju2d6ca.jpeg?q=70,https://www.flipkart.com/dell-15-core-i3-14th-gen-intel-core-3-100u-8-gb-512-gb-ssd-windows-11-home-dc15250-thin-light-laptop/p/itmdbb97bc672577?pid=COMHFSGXNDCHA5QN&lid=LSTCOMHFSGXNDCHA5QN05JRZZ&marketplace=FLIPKART&q=laptops&store=6bo%2Fb5g&srno=s_1_17&otracker=search&fm=organic&iid=767ebb32-90f0-42ab-9ba7-6b754ce7bc41.COMHFSGXNDCHA5QN.SEARCH&ppt=None&ppn=None&ssid=gj1ifjzutc0000001768228207406&qH=c06ea84a1e3dc3c6
HP AMD Ryzen 5 Quad Core 7520U - (16 GB/512 GB SSD/Windows 11 Home) 15-fc0690AU Thin and Light Laptop,"₹44,990",https://rukminim2.flixcart.com/image/312/312/xif0q/computer/2/o/d/-original-imahg5fxrynh3hnw.jpeg?q=70,https://www.flipkart.com/hp-amd-ryzen-5-quad-core-7520u-16-gb-512-gb-ssd-windows-11-home-15-fc0690au-thin-light-laptop/p/itma0fa438e7d192?pid=COMH4N76ZS7U93JE&lid=LSTCOMH4N76ZS7U93JEON3TMR&marketplace=FLIPKART&q=laptops&store=6bo%2Fb5g&srno=s_1_18&otracker=search&fm=organic&iid=767ebb32-90f0-42ab-9ba7-6b754ce7bc41.COMH4N76ZS7U93JE.SEARCH&ppt=None&ppn=None&ssid=gj1ifjzutc0000001768228207406&qH=c06ea84a1e3dc3c6
DELL G15 Intel Core i5 13th Gen 13450HX - (16 GB/1 TB SSD/Windows 11 Home/6 GB Graphics/NVIDIA GeForce...,"₹77,787",https://rukminim2.flixcart.com/image/312/312/xif0q/computer/d/v/i/-original-imahg5fx3tynrzar.jpeg?q=70,https://www.flipkart.com/dell-g15-intel-core-i5-13th-gen-13450hx-16-gb-1-tb-ssd-windows-11-home-6-gb-graphics-nvidia-geforce-rtx-3050-120-hz-ogn55301106g201rino-gaming-laptop/p/itmd1b02da743465?pid=COMH8Z22WGKPQGV3&lid=LSTCOMH8Z22WGKPQGV3WOBNQH&marketplace=FLIPKART&q=laptops&store=6bo%2Fb5g&srno=s_1_19&otracker=search&fm=organic&iid=767ebb32-90f0-42ab-9ba7-6b754ce7bc41.COMH8Z22WGKPQGV3.SEARCH&ppt=None&ppn=None&ssid=gj1ifjzutc0000001768228207406&qH=c06ea84a1e3dc3c6
Lenovo IdeaPad Slim 1 AMD Ryzen 5 Hexa Core 5500U - (16 GB/512 GB SSD/Windows 11 Home) 15ALC7 Thin and...,"₹39,990",https://rukminim2.flixcart.com/image/312/312/xif0q/computer/m/o/u/-original-imahg5fxhyfzpqwy.jpeg?q=70,https://www.flipkart.com/lenovo-ideapad-slim-1-amd-ryzen-5-hexa-core-5500u-16-gb-512-gb-ssd-windows-11-home-15alc7-thin-light-laptop/p/itm3680fb576eb7b?pid=COMGN2YDSFGGXYG3&lid=LSTCOMGN2YDSFGGXYG3MJBCRU&marketplace=FLIPKART&q=laptops&store=6bo%2Fb5g&srno=s_1_20&otracker=search&fm=organic&iid=767ebb32-90f0-42ab-9ba7-6b754ce7bc41.COMGN2YDSFGGXYG3.SEARCH&ppt=None&ppn=None&ssid=gj1ifjzutc0000001768228207406&qH=c06ea84a1e3dc3c6
Acer Aspire 15 AMD Ryzen 5 Hexa Core 7430U - (16 GB/512 GB SSD/Windows 11 Home) Aspire AS15-42 Thin an...,"₹37,990",https://rukminim2.flixcart.com/image/312/312/xif0q/computer/p/c/z/-original-imahg5fusry5atvm.jpeg?q=70,https://www.flipkart.com/acer-aspire-15-amd-ryzen-5-hexa-core-7430u-16-gb-512-gb-ssd-windows-11-home-as15-42-thin-light-laptop/p/itmdaf15e01a1d1a?pid=COMH397XW36HUXB8&lid=LSTCOMH397XW36HUXB8LCSOPU&marketplace=FLIPKART&q=laptops&store=6bo%2Fb5g&srno=s_1_21&otracker=search&fm=organic&iid=767ebb32-90f0-42ab-9ba7-6b754ce7bc41.COMH397XW36HUXB8.SEARCH&ppt=None&ppn=None&ssid=gj1ifjzutc0000001768228207406&qH=c06ea84a1e3dc3c6
Acer NITRO LITE 16 Intel Core i7 13th Gen 13620H - (16 GB/512 GB SSD/Windows 11 Home/6 GB Graphics/NVI...,"₹69,990",https://rukminim2.flixcart.com/image/312/312/xif0q/computer/o/b/p/-original-imahgfz4mmcbq66f.jpeg?q=70,https://www.flipkart.com/acer-nitro-lite-16-intel-core-i7-13th-gen-13620h-16-gb-512-gb-ssd-windows-11-home-6-graphics-nvidia-geforce-rtx-4050-nl16-71g-gaming-laptop/p/itm98090319c1e60?pid=COMHDFTZCTNUGWYE&lid=LSTCOMHDFTZCTNUGWYEZUTM5R&marketplace=FLIPKART&q=laptops&store=6bo%2Fb5g&srno=s_1_22&otracker=search&fm=organic&iid=767ebb32-90f0-42ab-9ba7-6b754ce7bc41.COMHDFTZCTNUGWYE.SEARCH&ppt=None&ppn=None&ssid=gj1ifjzutc0000001768228207406&qH=c06ea84a1e3dc3c6
Lenovo IdeaPad Slim 1 AMD Ryzen 5 Hexa Core 5500U - (8 GB/512 GB SSD/Windows 11 Home) 15ACL6 | 15ALC7 ...,"₹35,490",https://rukminim2.flixcart.com/image/312/312/xif0q/computer/m/o/u/-original-imahg5fxhyfzpqwy.jpeg?q=70,https://www.flipkart.com/lenovo-ideapad-slim-1-amd-ryzen-5-hexa-core-5500u-8-gb-512-gb-ssd-windows-11-home-15acl6-15alc7-2-thin-light-laptop/p/itm3680fb576eb7b?pid=COMG9VHHF6HVJPP9&lid=LSTCOMG9VHHF6HVJPP9U213LU&marketplace=FLIPKART&q=laptops&store=6bo%2Fb5g&srno=s_1_23&otracker=search&fm=organic&iid=767ebb32-90f0-42ab-9ba7-6b754ce7bc41.COMG9VHHF6HVJPP9.SEARCH&ppt=None&ppn=None&ssid=gj1ifjzutc0000001768228207406&qH=c06ea84a1e3dc3c6
"HP 15 Laptop with Backlit Keyboard & MSO'2024, AMD Ryzen 7 Octa Core 7730U - (16 GB/512 GB SSD/Windows...","₹50,990",https://rukminim2.flixcart.com/image/312/312/xif0q/computer/g/0/3/-original-imahc7grm5hxn82g.jpeg?q=70,https://www.flipkart.com/hp-15-laptop-backlit-keyboard-mso-2024-amd-ryzen-7-octa-core-7730u-16-gb-512-gb-ssd-windows-11-home-15-fc0390au-thin-light/p/itm436e10ffd7b57?pid=COMHBFRJ3HXWH7HH&lid=LSTCOMHBFRJ3HXWH7HHJFGS7H&marketplace=FLIPKART&q=laptops&store=6bo%2Fb5g&srno=s_1_24&otracker=search&fm=organic&iid=767ebb32-90f0-42ab-9ba7-6b754ce7bc41.COMHBFRJ3HXWH7HH.SEARCH&ppt=None&ppn=None&ssid=gj1ifjzutc0000001768228207406&qH=c06ea84a1e3dc3c6
HP Intel Core i7 13th Gen 13620H - (16 GB/512 GB SSD/Windows 11 Home) 15-fr0046TU Thin and Light Lapto...,"₹66,990",https://rukminim2.flixcart.com/image/312/312/xif0q/computer/y/y/x/-original-imahgx8weecatg2f.jpeg?q=70,https://www.flipkart.com/hp-intel-core-i7-13th-gen-13620h-16-gb-512-gb-ssd-windows-11-home-15-fr0046tu-thin-light-laptop/p/itmc255f42578e1e?pid=COMHDFUWWFF77NQC&lid=LSTCOMHDFUWWFF77NQCREKA4R&marketplace=FLIPKART&q=laptops&store=6bo%2Fb5g&srno=s_2_25&otracker=search&fm=organic&iid=d8b91f8c-978c-4a31-8b4b-e26e9efe813e.COMHDFUWWFF77NQC.SEARCH&ppt=None&ppn=None&ssid=ekpcc68os00000001768228233479&qH=c06ea84a1e3dc3c6
Acer Aspire 3 Intel Core i3 13th Gen 1305U - (16 GB/512 GB SSD/Windows 11 Home) A324-53 Thin and Light...,"₹33,990",https://rukminim2.flixcart.com/image/312/312/xif0q/computer/r/p/w/-original-imahg5fxzmyzbkv8.jpeg?q=70,https://www.flipkart.com/acer-aspire-3-intel-core-i3-13th-gen-1305u-16-gb-512-gb-ssd-windows-11-home-a324-53-thin-light-laptop/p/itma6a6812aa712e?pid=COMH4B6CRXD62EPK&lid=LSTCOMH4B6CRXD62EPK3NX1OA&marketplace=FLIPKART&q=laptops&store=6bo%2Fb5g&srno=s_2_26&otracker=search&fm=organic&iid=d8b91f8c-978c-4a31-8b4b-e26e9efe813e.COMH4B6CRXD62EPK.SEARCH&ppt=None&ppn=None&ssid=ekpcc68os00000001768228233479&qH=c06ea84a1e3dc3c6
"ASUS Vivobook S15, A-Part Metal Body, Backlit Keyboard, Intel Core i9 13th Gen 13900H - (16 GB/512 GB ...","₹83,990",https://rukminim2.flixcart.com/image/312/312/xif0q/computer/r/u/m/-original-imahg5ftzk5sz9fp.jpeg?q=70,https://www.flipkart.com/asus-vivobook-s15-a-part-metal-body-backlit-keyboard-intel-core-i9-13th-gen-13900h-16-gb-512-gb-ssd-windows-11-home-k5504vab-bn417ws-thin-light-laptop/p/itm0eb223e3c7544?pid=COMH3J9YUEFZSCF5&lid=LSTCOMH3J9YUEFZSCF5I3MRSV&marketplace=FLIPKART&q=laptops&store=6bo%2Fb5g&srno=s_2_27&otracker=search&fm=organic&iid=d8b91f8c-978c-4a31-8b4b-e26e9efe813e.COMH3J9YUEFZSCF5.SEARCH&ppt=None&ppn=None&ssid=ekpcc68os00000001768228233479&qH=c06ea84a1e3dc3c6
"ASUS Vivobook 15 (2025) with Office 2024 + M365 Basic*, Backlit Keyboard, Intel Core i3 13th Gen 1315U...","₹41,990",https://rukminim2.flixcart.com/image/312/312/xif0q/computer/w/h/g/-original-imahg5fuxuw5afvh.jpeg?q=70,https://www.flipkart.com/asus-vivobook-15-2025-office-2024-m365-basic-backlit-keyboard-intel-core-i3-13th-gen-1315u-16-gb-512-gb-ssd-windows-11-home-x1504va-nj2324ws-x1504va-bq341ws-thin-light-laptop/p/itmf0e6514a56cbf?pid=COMH9SJ95TXH5PYE&lid=LSTCOMH9SJ95TXH5PYEG6PLFV&marketplace=FLIPKART&q=laptops&store=6bo%2Fb5g&srno=s_2_28&otracker=search&fm=organic&iid=d8b91f8c-978c-4a31-8b4b-e26e9efe813e.COMH9SJ95TXH5PYE.SEARCH&ppt=None&ppn=None&ssid=ekpcc68os00000001768228233479&qH=c06ea84a1e3dc3c6
Primebook 2 Pro (2025) in-Built AI MediaTek Helio G99 (MT8781) - (8 GB/128 GB/Android 15) PBG9914128#4...,"₹18,990",https://rukminim2.flixcart.com/image/312/312/xif0q/computer/t/i/8/-original-imahfskhzaahq9es.jpeg?q=70,https://www.flipkart.com/primebook-2-pro-2025-in-built-ai-mediatek-helio-g99-mt8781-8-gb-128-gb-android-15-pbg9914128-4278c-laptop/p/itmdbf8db6a6f79a?pid=COMHDGD5FH6NZPHD&lid=LSTCOMHDGD5FH6NZPHDQWCW0N&marketplace=FLIPKART&q=laptops&store=6bo%2Fb5g&srno=s_2_29&otracker=search&fm=organic&iid=d8b91f8c-978c-4a31-8b4b-e26e9efe813e.COMHDGD5FH6NZPHD.SEARCH&ppt=None&ppn=None&ssid=ekpcc68os00000001768228233479&qH=c06ea84a1e3dc3c6
HP 15 Intel Core i3 13th Gen 1315U - (16 GB/512 GB SSD/Windows 11 Home) 15-fd0668TU Thin and Light Lap...,"₹47,800",https://rukminim2.flixcart.com/image/312/312/xif0q/computer/i/m/q/-original-imahg53xegyhbrjh.jpeg?q=70,https://www.flipkart.com/hp-15-intel-core-i3-13th-gen-1315u-16-gb-512-gb-ssd-windows-11-home-15-fd0668tu-thin-light-laptop/p/itm44ca89d3e5687?pid=COMHESS7YD5PMQZ3&lid=LSTCOMHESS7YD5PMQZ3VMLDCZ&marketplace=FLIPKART&q=laptops&store=6bo%2Fb5g&srno=s_2_30&otracker=search&fm=organic&iid=d8b91f8c-978c-4a31-8b4b-e26e9efe813e.COMHESS7YD5PMQZ3.SEARCH&ppt=None&ppn=None&ssid=ekpcc68os00000001768228233479&qH=c06ea84a1e3dc3c6
"Acer Aspire 14 with Backlit Keyboard, Intel Core i5 13th Gen 13500H - (16 GB/512 GB SSD/Windows 11 Hom...","₹50,990",https://rukminim2.flixcart.com/image/312/312/xif0q/computer/k/i/d/-original-imahgfdfs7cvjxkg.jpeg?q=70,https://www.flipkart.com/acer-aspire-14-backlit-keyboard-intel-core-i5-13th-gen-13500h-16-gb-512-gb-ssd-windows-11-home-as14h-53-thin-light-laptop/p/itm6d9e21bde5a56?pid=COMHEWCQJGXCFPP4&lid=LSTCOMHEWCQJGXCFPP4YYLORL&marketplace=FLIPKART&q=laptops&store=6bo%2Fb5g&srno=s_2_31&otracker=search&fm=organic&iid=d8b91f8c-978c-4a31-8b4b-e26e9efe813e.COMHEWCQJGXCFPP4.SEARCH&ppt=None&ppn=None&ssid=ekpcc68os00000001768228233479&qH=c06ea84a1e3dc3c6
HP 15 (2025) AMD Ryzen 3 Quad Core 7320U - (16 GB/512 GB SSD/Windows 11 Home) 15 Thin and Light Laptop,"₹40,890",https://rukminim2.flixcart.com/image/312/312/xif0q/computer/y/y/3/15-thin-and-light-laptop-hp-original-imahdpmugz3dsftc.jpeg?q=70,https://www.flipkart.com/hp-15-2025-amd-ryzen-3-quad-core-7320u-16-gb-512-gb-ssd-windows-11-home-thin-light-laptop/p/itm21a0e5d4cf930?pid=COMHFAGV48GAS4DV&lid=LSTCOMHFAGV48GAS4DVG7NTRQ&marketplace=FLIPKART&q=laptops&store=6bo%2Fb5g&srno=s_2_32&otracker=search&fm=organic&iid=d8b91f8c-978c-4a31-8b4b-e26e9efe813e.COMHFAGV48GAS4DV.SEARCH&ppt=None&ppn=None&ssid=ekpcc68os00000001768228233479&qH=c06ea84a1e3dc3c6
Acer Aspire 3 Intel Celeron Dual Core N4500 - (8 GB/256 GB SSD/Windows 11 Home) A325-45 Thin and Light...,"₹26,990",https://rukminim2.flixcart.com/image/312/312/xif0q/computer/d/6/p/-original-imah3yhqcgjtxfhw.jpeg?q=70,https://www.flipkart.com/acer-aspire-3-intel-celeron-dual-core-n4500-8-gb-256-gb-ssd-windows-11-home-a325-45-thin-light-laptop/p/itm9ca67a1a3ea22?pid=COMH2TPSHCGYHHH8&lid=LSTCOMH2TPSHCGYHHH8QDXGYW&marketplace=FLIPKART&q=laptops&store=6bo%2Fb5g&srno=s_2_33&otracker=search&fm=organic&iid=d8b91f8c-978c-4a31-8b4b-e26e9efe813e.COMH2TPSHCGYHHH8.SEARCH&ppt=None&ppn=None&ssid=ekpcc68os00000001768228233479&qH=c06ea84a1e3dc3c6
DELL 15 Intel Core i3 13th Gen 1305U - (16 GB/512 GB SSD/Windows 11 Home) OVN353025001RINB1O Thin and ...,"₹40,490",https://rukminim2.flixcart.com/image/312/312/xif0q/computer/q/w/m/-original-imahgx8whcxfcyhr.jpeg?q=70,https://www.flipkart.com/dell-15-intel-core-i3-13th-gen-1305u-16-gb-512-gb-ssd-windows-11-home-ovn353025001rinb1o-thin-light-laptop/p/itmd568ce8657ea2?pid=COMHD99WDJZZMWVN&lid=LSTCOMHD99WDJZZMWVNA8FIUB&marketplace=FLIPKART&q=laptops&store=6bo%2Fb5g&srno=s_2_34&otracker=search&fm=organic&iid=d8b91f8c-978c-4a31-8b4b-e26e9efe813e.COMHD99WDJZZMWVN.SEARCH&ppt=None&ppn=None&ssid=ekpcc68os00000001768228233479&qH=c06ea84a1e3dc3c6
HP 250R G9 (2024) Intel Core i3 13th Gen Intel Core i3 - 1315U (13th Gen) - (8 GB/512 GB SSD/Windows 1...,"₹37,990",https://rukminim2.flixcart.com/image/312/312/xif0q/computer/q/t/o/250r-g9-thin-and-light-laptop-hp-original-imah77g3dbdcvy6p.jpeg?q=70,https://www.flipkart.com/hp-250r-g9-2024-intel-core-i3-13th-gen-1315u-13th-gen-8-gb-512-gb-ssd-windows-11-home-thin-light-laptop/p/itmff5abac6385ed?pid=COMH75KHRZHEHBNY&lid=LSTCOMH75KHRZHEHBNYTU45X8&marketplace=FLIPKART&q=laptops&store=6bo%2Fb5g&srno=s_2_35&otracker=search&fm=organic&iid=d8b91f8c-978c-4a31-8b4b-e26e9efe813e.COMH75KHRZHEHBNY.SEARCH&ppt=None&ppn=None&ssid=ekpcc68os00000001768228233479&qH=c06ea84a1e3dc3c6
Lenovo 100e Chromebook Gen 4 MediaTek Kompanio 520 - (8 GB/64 GB EMMC Storage/Chrome OS) 100e Chromebo...,"₹20,990",https://rukminim2.flixcart.com/image/312/312/xif0q/computer/c/g/4/-original-imahgfdyf6grkw9r.jpeg?q=70,https://www.flipkart.com/lenovo-100e-chromebook-gen-4-mediatek-kompanio-520-8-gb-64-gb-emmc-storage-chrome-os/p/itm10f2fa5775092?pid=COMHC5G9YPVUM34V&lid=LSTCOMHC5G9YPVUM34VPRK2AL&marketplace=FLIPKART&q=laptops&store=6bo%2Fb5g&srno=s_2_36&otracker=search&fm=organic&iid=d8b91f8c-978c-4a31-8b4b-e26e9efe813e.COMHC5G9YPVUM34V.SEARCH&ppt=None&ppn=None&ssid=ekpcc68os00000001768228233479&qH=c06ea84a1e3dc3c6
ASUS Chromebook CX15 Intel Celeron Dual Core N4500 - (4 GB/64 GB EMMC Storage/Chrome OS) CX1505CKA-S70...,"₹17,990",https://rukminim2.flixcart.com/image/312/312/xif0q/computer/l/l/g/-original-imahex6hdj7uacsd.jpeg?q=70,https://www.flipkart.com/asus-chromebook-cx15-intel-celeron-dual-core-n4500-4-gb-64-gb-emmc-storage-chrome-os-cx1505cka-s70181/p/itm8b726d410b820?pid=COMHDPZGPTQ2AAKK&lid=LSTCOMHDPZGPTQ2AAKKGUGXJV&marketplace=FLIPKART&q=laptops&store=6bo%2Fb5g&srno=s_2_37&otracker=search&fm=organic&iid=d8b91f8c-978c-4a31-8b4b-e26e9efe813e.COMHDPZGPTQ2AAKK.SEARCH&ppt=None&ppn=None&ssid=ekpcc68os00000001768228233479&qH=c06ea84a1e3dc3c6
Acer Aspire 3 Intel Core i3 12th Gen 1215U - (8 GB/512 GB SSD/Windows 11 Home) A324-51 Thin and Light ...,"₹30,990",https://rukminim2.flixcart.com/image/312/312/xif0q/computer/j/l/s/-original-imahg5fxuwkvnbmr.jpeg?q=70,https://www.flipkart.com/acer-aspire-3-intel-core-i3-12th-gen-1215u-8-gb-512-gb-ssd-windows-11-home-a324-51-thin-light-laptop/p/itm7dda0a4d1d62a?pid=COMHY24RJH2YXVPG&lid=LSTCOMHY24RJH2YXVPGTVAAXW&marketplace=FLIPKART&q=laptops&store=6bo%2Fb5g&srno=s_2_38&otracker=search&fm=organic&iid=d8b91f8c-978c-4a31-8b4b-e26e9efe813e.COMHY24RJH2YXVPG.SEARCH&ppt=None&ppn=None&ssid=ekpcc68os00000001768228233479&qH=c06ea84a1e3dc3c6
ASUS Expertbook P1 High-performance processor Intel Core i7 13th Gen 13620H - (32 GB/512 GB SSD/Window...,"₹67,990",https://rukminim2.flixcart.com/image/312/312/xif0q/computer/x/0/p/-original-imahg53ukzn9grvv.jpeg?q=70,https://www.flipkart.com/asus-expertbook-p1-high-performance-processor-intel-core-i7-13th-gen-13620h-32-gb-512-gb-ssd-windows-11-home-p1403cva-s60940ws-thin-light-laptop/p/itmc8b94112958cf?pid=COMH8Z2QT98FWRGH&lid=LSTCOMH8Z2QT98FWRGH3QRD3U&marketplace=FLIPKART&q=laptops&store=6bo%2Fb5g&srno=s_2_39&otracker=search&fm=organic&iid=d8b91f8c-978c-4a31-8b4b-e26e9efe813e.COMH8Z2QT98FWRGH.SEARCH&ppt=None&ppn=None&ssid=ekpcc68os00000001768228233479&qH=c06ea84a1e3dc3c6
Lenovo Chromebook MediaTek Kompanio 520 - (8 GB/128 GB EMMC Storage/Chrome OS) 14M868 Thin and Light L...,"₹23,990",https://rukminim2.flixcart.com/image/312/312/xif0q/computer/k/3/v/-original-imahgfdfysyznaan.jpeg?q=70,https://www.flipkart.com/lenovo-chromebook-mediatek-kompanio-520-8-gb-128-gb-emmc-storage-chrome-os-14m868-thin-light-laptop/p/itm4dc67999fe3de?pid=COMGTR89FPA5ZWVC&lid=LSTCOMGTR89FPA5ZWVCQYXZ35&marketplace=FLIPKART&q=laptops&store=6bo%2Fb5g&srno=s_2_40&otracker=search&fm=organic&iid=d8b91f8c-978c-4a31-8b4b-e26e9efe813e.COMGTR89FPA5ZWVC.SEARCH&ppt=None&ppn=None&ssid=ekpcc68os00000001768228233479&qH=c06ea84a1e3dc3c6
Lenovo 100e Chromebook Gen 4 MediaTek MediaTek Kompanio 528 - (4 GB/64 GB EMMC Storage/Chrome OS) 82W0...,"₹12,990",https://rukminim2.flixcart.com/image/312/312/xif0q/computer/c/g/4/-original-imahgfdyf6grkw9r.jpeg?q=70,https://www.flipkart.com/lenovo-100e-chromebook-gen-4-mediatek-kompanio-528-4-gb-64-gb-emmc-storage-chrome-os-82w0001dha/p/itm37ef89935fcd5?pid=COMHA9FKZ7KSC3SZ&lid=LSTCOMHA9FKZ7KSC3SZTEADVB&marketplace=FLIPKART&q=laptops&store=6bo%2Fb5g&srno=s_2_41&otracker=search&fm=organic&iid=d8b91f8c-978c-4a31-8b4b-e26e9efe813e.COMHA9FKZ7KSC3SZ.SEARCH&ppt=None&ppn=None&ssid=ekpcc68os00000001768228233479&qH=c06ea84a1e3dc3c6
DELL 15 Intel Core i3 13th Gen 1305U - (16 GB/512 GB SSD/Windows 11 Home) OVN353025001RING1O / OVN3530...,"₹39,990",https://rukminim2.flixcart.com/image/312/312/xif0q/computer/f/i/b/-original-imahgx8ws7ypyhmd.jpeg?q=70,https://www.flipkart.com/dell-15-intel-core-i3-13th-gen-1305u-16-gb-512-gb-ssd-windows-11-home-ovn353025001ring1o-ovn353025001rinb1o-thin-light-laptop/p/itm1b3ae8cd12352?pid=COMHD99W94EPN2H2&lid=LSTCOMHD99W94EPN2H2YGXX3B&marketplace=FLIPKART&q=laptops&store=6bo%2Fb5g&srno=s_2_42&otracker=search&fm=organic&iid=d8b91f8c-978c-4a31-8b4b-e26e9efe813e.COMHD99W94EPN2H2.SEARCH&ppt=None&ppn=None&ssid=ekpcc68os00000001768228233479&qH=c06ea84a1e3dc3c6
HP Laptop Intel Core i3 13th Gen 1315U - (8 GB/512 GB SSD/Windows 11 Home) 15-fd0129TU / 15-fd0568TU T...,"₹40,290",https://rukminim2.flixcart.com/image/312/312/xif0q/computer/y/z/o/-original-imahg5fuv5wqgkkj.jpeg?q=70,https://www.flipkart.com/hp-laptop-intel-core-i3-13th-gen-1315u-8-gb-512-gb-ssd-windows-11-home-15-fd0129tu-15-fd0568tu-thin-light/p/itmcf7c16556a324?pid=COMHF6WAGPZCBQVZ&lid=LSTCOMHF6WAGPZCBQVZIPWUGX&marketplace=FLIPKART&q=laptops&store=6bo%2Fb5g&srno=s_2_43&otracker=search&fm=organic&iid=d8b91f8c-978c-4a31-8b4b-e26e9efe813e.COMHF6WAGPZCBQVZ.SEARCH&ppt=None&ppn=None&ssid=ekpcc68os00000001768228233479&qH=c06ea84a1e3dc3c6
Acer Aspire 3 Intel Pentium Quad Core 12th Gen N100 - (8 GB/512 GB SSD/Windows 11 Home) A324-31 Thin a...,"₹27,990",https://rukminim2.flixcart.com/image/312/312/xif0q/computer/e/b/j/-original-imahg82bvd5ffceg.jpeg?q=70,https://www.flipkart.com/acer-aspire-3-intel-pentium-quad-core-12th-gen-n100-8-gb-512-gb-ssd-windows-11-home-a324-31-thin-light-laptop/p/itmaae9e8cc612cb?pid=COMH2EBZQVCFKU7T&lid=LSTCOMH2EBZQVCFKU7TDIXQ4J&marketplace=FLIPKART&q=laptops&store=6bo%2Fb5g&srno=s_2_44&otracker=search&fm=organic&iid=d8b91f8c-978c-4a31-8b4b-e26e9efe813e.COMH2EBZQVCFKU7T.SEARCH&ppt=None&ppn=None&ssid=ekpcc68os00000001768228233479&qH=c06ea84a1e3dc3c6
MOTOROLA Motobook 60 Pro Full Metal OLED AI PC Intel Core Ultra 5 225H - (16 GB/1 TB SSD/Windows 11 Ho...,"₹64,990",https://rukminim2.flixcart.com/image/312/312/xif0q/computer/c/1/z/-original-imahhbyxpgxgffan.jpeg?q=70,https://www.flipkart.com/motorola-motobook-60-pro-full-metal-oled-ai-pc-intel-core-ultra-5-225h-16-gb-1-tb-ssd-windows-11-home-14iah101-thin-light-laptop/p/itm14e97ee01a87b?pid=COMHFC2C7WTGVZQ9&lid=LSTCOMHFC2C7WTGVZQ9JQSAHW&marketplace=FLIPKART&q=laptops&store=6bo%2Fb5g&spotlightTagId=default_TrendingId_6bo%2Fb5g&srno=s_2_45&otracker=search&fm=organic&iid=d8b91f8c-978c-4a31-8b4b-e26e9efe813e.COMHFC2C7WTGVZQ9.SEARCH&ppt=None&ppn=None&ssid=ekpcc68os00000001768228233479&qH=c06ea84a1e3dc3c6
MSI Thin A15 AMD Ryzen 5 Hexa Core 7535HS - (16 GB/512 GB SSD/Windows 11 Home/4 GB Graphics/NVIDIA GeF...,"₹57,990",https://rukminim2.flixcart.com/image/312/312/xif0q/computer/h/2/m/-original-imahg4usxgumz4wx.jpeg?q=70,https://www.flipkart.com/msi-thin-a15-amd-ryzen-5-hexa-core-7535hs-16-gb-512-gb-ssd-windows-11-home-4-graphics-nvidia-geforce-rtx-3050-144-hz-b7uc-284in-b7uc-102in-gaming-laptop/p/itm61400c2ed6802?pid=COMGXMSXNZSJERHE&lid=LSTCOMGXMSXNZSJERHE3PFWTD&marketplace=FLIPKART&q=laptops&store=6bo%2Fb5g&srno=s_2_46&otracker=search&fm=organic&iid=d8b91f8c-978c-4a31-8b4b-e26e9efe813e.COMGXMSXNZSJERHE.SEARCH&ppt=None&ppn=None&ssid=ekpcc68os00000001768228233479&qH=c06ea84a1e3dc3c6
ASUS Expertbook P3 Metal High-performance processor Intel Core i7 13th Gen 13620H - (32 GB/1 TB SSD/Wi...,"₹72,990",https://rukminim2.flixcart.com/image/312/312/xif0q/computer/0/p/g/-original-imahg53ujvb5xj2g.jpeg?q=70,https://www.flipkart.com/asus-expertbook-p3-metal-high-performance-processor-intel-core-i7-13th-gen-13620h-32-gb-1-tb-ssd-windows-11-home-p3405cva-ly0308ws-thin-light-laptop/p/itm97eeb89e48af8?pid=COMHB7VN6ZDDZ946&lid=LSTCOMHB7VN6ZDDZ946RHQCBL&marketplace=FLIPKART&q=laptops&store=6bo%2Fb5g&srno=s_2_47&otracker=search&fm=organic&iid=d8b91f8c-978c-4a31-8b4b-e26e9efe813e.COMHB7VN6ZDDZ946.SEARCH&ppt=None&ppn=None&ssid=ekpcc68os00000001768228233479&qH=c06ea84a1e3dc3c6
Acer NITRO LITE 16 Intel Core i5 13th Gen 13420H - (16 GB/512 GB SSD/Windows 11 Home/6 GB Graphics/NVI...,"₹69,990",https://rukminim2.flixcart.com/image/312/312/xif0q/computer/1/x/l/-original-imahgfz4ttyc9z5y.jpeg?q=70,https://www.flipkart.com/acer-nitro-lite-16-intel-core-i5-13th-gen-13420h-16-gb-512-gb-ssd-windows-11-home-6-graphics-nvidia-geforce-rtx-3050-nl16-71g-gaming-laptop/p/itm43c6049515309?pid=COMHDFTZNV9NKCNE&lid=LSTCOMHDFTZNV9NKCNEBWSM5G&marketplace=FLIPKART&q=laptops&store=6bo%2Fb5g&srno=s_2_48&otracker=search&fm=organic&iid=d8b91f8c-978c-4a31-8b4b-e26e9efe813e.COMHDFTZNV9NKCNE.SEARCH&ppt=None&ppn=None&ssid=ekpcc68os00000001768228233479&qH=c06ea84a1e3dc3c6
ASUS Expertbook P1 High-performance processor Intel Core i5 13th Gen 13420H - (16 GB/512 GB SSD/Window...,"₹51,990",https://rukminim2.flixcart.com/image/312/312/xif0q/computer/p/m/o/-original-imahg53unuzhjzxu.jpeg?q=70,https://www.flipkart.com/asus-expertbook-p1-high-performance-processor-intel-core-i5-13th-gen-13420h-16-gb-512-gb-ssd-windows-11-home-p1503cva-s70611ws-thin-light-laptop/p/itmf788da016f665?pid=COMH8Z2QRZVVN2RZ&lid=LSTCOMH8Z2QRZVVN2RZ9WYQBV&marketplace=FLIPKART&q=laptops&store=6bo%2Fb5g&srno=s_3_49&otracker=search&fm=organic&iid=0afee7a2-fd8d-4881-9b38-ba06222824d7.COMH8Z2QRZVVN2RZ.SEARCH&ppt=None&ppn=None&ssid=uz6b6xaajk0000001768228240953&qH=c06ea84a1e3dc3c6
Lenovo Chromebook MediaTek Kompanio 520 - (4 GB/128 GB EMMC Storage/Chrome OS) 14M868 Chromebook,"₹16,990",https://rukminim2.flixcart.com/image/312/312/xif0q/computer/k/3/v/-original-imahgfdfysyznaan.jpeg?q=70,https://www.flipkart.com/lenovo-chromebook-mediatek-kompanio-520-4-gb-128-gb-emmc-storage-chrome-os-14m868/p/itm4dc67999fe3de?pid=COMGSYYSHRSUEGMG&lid=LSTCOMGSYYSHRSUEGMGL82DZU&marketplace=FLIPKART&q=laptops&store=6bo%2Fb5g&srno=s_3_50&otracker=search&fm=organic&iid=0afee7a2-fd8d-4881-9b38-ba06222824d7.COMGSYYSHRSUEGMG.SEARCH&ppt=None&ppn=None&ssid=uz6b6xaajk0000001768228240953&qH=c06ea84a1e3dc3c6
DELL 15 AMD Ryzen 3 Quad Core 7320U - (8 GB/512 GB SSD/Windows 11 Home) Inspiron 3535 / 15 DC 15255 Th...,"₹32,999",https://rukminim2.flixcart.com/image/312/312/xif0q/computer/y/m/5/-original-imahgfdfyeh6tyah.jpeg?q=70,https://www.flipkart.com/dell-15-amd-ryzen-3-quad-core-7320u-8-gb-512-gb-ssd-windows-11-home-inspiron-3535-dc-15255-thin-light-laptop/p/itm58c1d8a904449?pid=COMH5PBYWQTDJGQG&lid=LSTCOMH5PBYWQTDJGQGKEVFKV&marketplace=FLIPKART&q=laptops&store=6bo%2Fb5g&srno=s_3_51&otracker=search&fm=organic&iid=0afee7a2-fd8d-4881-9b38-ba06222824d7.COMH5PBYWQTDJGQG.SEARCH&ppt=None&ppn=None&ssid=uz6b6xaajk0000001768228240953&qH=c06ea84a1e3dc3c6
Acer Aspire 3 Intel Celeron Dual Core N4500 - (8 GB/512 GB SSD/Windows 11 Home) A325-45 Thin and Light...,"₹27,990",https://rukminim2.flixcart.com/image/312/312/xif0q/computer/d/6/p/-original-imah3yhqcgjtxfhw.jpeg?q=70,https://www.flipkart.com/acer-aspire-3-intel-celeron-dual-core-n4500-8-gb-512-gb-ssd-windows-11-home-a325-45-thin-light-laptop/p/itm9ca67a1a3ea22?pid=COMH59ENQYHDYJGX&lid=LSTCOMH59ENQYHDYJGX1QWEL9&marketplace=FLIPKART&q=laptops&store=6bo%2Fb5g&srno=s_3_52&otracker=search&fm=organic&iid=0afee7a2-fd8d-4881-9b38-ba06222824d7.COMH59ENQYHDYJGX.SEARCH&ppt=None&ppn=None&ssid=uz6b6xaajk0000001768228240953&qH=c06ea84a1e3dc3c6
ASUS Expertbook P1 Intel Core i3 13th Gen 1315U - (8 GB/512 GB SSD/Windows 11 Home) P1503CVA-S70501WS ...,"₹37,990",https://rukminim2.flixcart.com/image/312/312/xif0q/computer/3/7/q/-original-imahehnhwehhffc4.jpeg?q=70,https://www.flipkart.com/asus-expertbook-p1-intel-core-i3-13th-gen-1315u-8-gb-512-gb-ssd-windows-11-home-p1503cva-s70501ws-thin-light-laptop/p/itm5b59a30b4c016?pid=COMH8Z2QADYUVZN8&lid=LSTCOMH8Z2QADYUVZN8LRHSHZ&marketplace=FLIPKART&q=laptops&store=6bo%2Fb5g&srno=s_3_53&otracker=search&fm=organic&iid=0afee7a2-fd8d-4881-9b38-ba06222824d7.COMH8Z2QADYUVZN8.SEARCH&ppt=None&ppn=None&ssid=uz6b6xaajk0000001768228240953&qH=c06ea84a1e3dc3c6
Acer Aspire 3 Intel Core i5 13th Gen 1334U - (16 GB/512 GB SSD/Windows 11 Home) A324-53 Thin and Light...,"₹42,990",https://rukminim2.flixcart.com/image/312/312/xif0q/computer/1/e/v/-original-imahg53ufd4jgtqw.jpeg?q=70,https://www.flipkart.com/acer-aspire-3-intel-core-i5-13th-gen-1334u-16-gb-512-gb-ssd-windows-11-home-a324-53-thin-light-laptop/p/itm707770fddc7e9?pid=COMH4B6CGZKHKUV3&lid=LSTCOMH4B6CGZKHKUV37HVWQK&marketplace=FLIPKART&q=laptops&store=6bo%2Fb5g&srno=s_3_54&otracker=search&fm=organic&iid=0afee7a2-fd8d-4881-9b38-ba06222824d7.COMH4B6CGZKHKUV3.SEARCH&ppt=None&ppn=None&ssid=uz6b6xaajk0000001768228240953&qH=c06ea84a1e3dc3c6
Acer Intel Core i3 12th Gen 1215U - (16 GB/512 GB SSD/Windows 11 Home) A324-51 Thin and Light Laptop,"₹37,091",https://rukminim2.flixcart.com/image/312/312/xif0q/computer/j/l/s/-original-imahg5fxuwkvnbmr.jpeg?q=70,https://www.flipkart.com/acer-intel-core-i3-12th-gen-1215u-16-gb-512-gb-ssd-windows-11-home-a324-51-thin-light-laptop/p/itm7dda0a4d1d62a?pid=COMH28U4QHJGSTV5&lid=LSTCOMH28U4QHJGSTV53AFWBD&marketplace=FLIPKART&q=laptops&store=6bo%2Fb5g&srno=s_3_55&otracker=search&fm=organic&iid=0afee7a2-fd8d-4881-9b38-ba06222824d7.COMH28U4QHJGSTV5.SEARCH&ppt=None&ppn=None&ssid=uz6b6xaajk0000001768228240953&qH=c06ea84a1e3dc3c6
Lenovo IdeaPad Slim 1 AMD Ryzen 5 Quad Core 7520U - (8 GB/512 GB SSD/Windows 11 Home) 15AMN7 Thin and ...,"₹38,690",https://rukminim2.flixcart.com/image/312/312/xif0q/computer/j/3/b/-original-imahg4uttu9ehf6z.jpeg?q=70,https://www.flipkart.com/lenovo-ideapad-slim-1-amd-ryzen-5-quad-core-7520u-8-gb-512-gb-ssd-windows-11-home-15amn7-thin-light-laptop/p/itm3680fb576eb7b?pid=COMGRU9ZMYRQWDH5&lid=LSTCOMGRU9ZMYRQWDH58E8GWQ&marketplace=FLIPKART&q=laptops&store=6bo%2Fb5g&srno=s_3_56&otracker=search&fm=organic&iid=0afee7a2-fd8d-4881-9b38-ba06222824d7.COMGRU9ZMYRQWDH5.SEARCH&ppt=None&ppn=None&ssid=uz6b6xaajk0000001768228240953&qH=c06ea84a1e3dc3c6
Primebook 2 Neo (2025) in-Built AI MediaTek Helio G99 (MT8781) - (6 GB/128 GB/Android 15) PBG9911128#B...,"₹15,990",https://rukminim2.flixcart.com/image/312/312/xif0q/computer/9/7/j/-original-imahfyg9aes9fskz.jpeg?q=70,https://www.flipkart.com/primebook-2-neo-2025-in-built-ai-mediatek-helio-g99-mt8781-6-gb-128-gb-android-15-pbg9911128-b7b7b7-thin-light-laptop/p/itmbf605949ab673?pid=COMHDGD5AJEV875Y&lid=LSTCOMHDGD5AJEV875YGWNEQP&marketplace=FLIPKART&q=laptops&store=6bo%2Fb5g&srno=s_3_57&otracker=search&fm=organic&iid=0afee7a2-fd8d-4881-9b38-ba06222824d7.COMHDGD5AJEV875Y.SEARCH&ppt=None&ppn=None&ssid=uz6b6xaajk0000001768228240953&qH=c06ea84a1e3dc3c6
"ASUS Vivobook 15, with Backlit Keyboard, Intel Core i3 12th Gen 1215U - (8 GB/512 GB SSD/Windows 11 Ho...","₹37,390",https://rukminim2.flixcart.com/image/312/312/xif0q/computer/8/o/q/-original-imahg5ftx5zgpdhc.jpeg?q=70,https://www.flipkart.com/asus-vivobook-15-backlit-keyboard-intel-core-i3-12th-gen-1215u-8-gb-512-gb-ssd-windows-11-home-x1504za-nj322ws-thin-light-laptop/p/itm200184e4e0443?pid=COMH4Y6KT9ZMYXA6&lid=LSTCOMH4Y6KT9ZMYXA6OVXK6A&marketplace=FLIPKART&q=laptops&store=6bo%2Fb5g&srno=s_3_58&otracker=search&fm=organic&iid=0afee7a2-fd8d-4881-9b38-ba06222824d7.COMH4Y6KT9ZMYXA6.SEARCH&ppt=None&ppn=None&ssid=uz6b6xaajk0000001768228240953&qH=c06ea84a1e3dc3c6
HP AMD Ryzen 5 Hexa Core 7530U - (8 GB/512 GB SSD/Windows 11 Home) 15-fc0388AU Thin and Light Laptop,"₹45,800",https://rukminim2.flixcart.com/image/312/312/xif0q/computer/n/n/j/-original-imahc7gr7gvtdm4q.jpeg?q=70,https://www.flipkart.com/hp-amd-ryzen-5-hexa-core-7530u-8-gb-512-gb-ssd-windows-11-home-15-fc0388au-thin-light-laptop/p/itmb763294e17b16?pid=COMHBFRJGNVCV6MZ&lid=LSTCOMHBFRJGNVCV6MZX7SLVV&marketplace=FLIPKART&q=laptops&store=6bo%2Fb5g&srno=s_3_59&otracker=search&fm=organic&iid=0afee7a2-fd8d-4881-9b38-ba06222824d7.COMHBFRJGNVCV6MZ.SEARCH&ppt=None&ppn=None&ssid=uz6b6xaajk0000001768228240953&qH=c06ea84a1e3dc3c6
HP Intel Celeron Dual Core N4500 - (8 GB/512 GB SSD/Windows 11 Home) 14s-dq3149TU / 14s-dq3141TU Thin ...,"₹27,990",https://rukminim2.flixcart.com/image/312/312/xif0q/computer/y/l/z/-original-imahgfdygxgqfwym.jpeg?q=70,https://www.flipkart.com/hp-intel-celeron-dual-core-n4500-8-gb-512-gb-ssd-windows-11-home-14s-dq3149tu-14s-dq3141tu-thin-light-laptop/p/itmc22c90e8c0882?pid=COMHDNV8HQQJSHFH&lid=LSTCOMHDNV8HQQJSHFHKTALHY&marketplace=FLIPKART&q=laptops&store=6bo%2Fb5g&spotlightTagId=default_BestsellerId_6bo%2Fb5g&srno=s_3_60&otracker=search&fm=organic&iid=0afee7a2-fd8d-4881-9b38-ba06222824d7.COMHDNV8HQQJSHFH.SEARCH&ppt=None&ppn=None&ssid=uz6b6xaajk0000001768228240953&qH=c06ea84a1e3dc3c6
Acer Aspire Lite AMD Ryzen 7 Octa Core 7730U - (16 GB/1 TB SSD/Windows 11 Home) AL15-41 Thin and Light...,"₹47,990",https://rukminim2.flixcart.com/image/312/312/xif0q/computer/u/p/m/-original-imah2pf2u98xefzx.jpeg?q=70,https://www.flipkart.com/acer-aspire-lite-amd-ryzen-7-octa-core-7730u-16-gb-1-tb-ssd-windows-11-home-al15-41-thin-light-laptop/p/itm1bc0bcb4598e7?pid=COMHY74JXWVWVKFV&lid=LSTCOMHY74JXWVWVKFVLRN6XW&marketplace=FLIPKART&q=laptops&store=6bo%2Fb5g&srno=s_3_61&otracker=search&fm=organic&iid=0afee7a2-fd8d-4881-9b38-ba06222824d7.COMHY74JXWVWVKFV.SEARCH&ppt=None&ppn=None&ssid=uz6b6xaajk0000001768228240953&qH=c06ea84a1e3dc3c6
ASUS Expertbook P1 High-performance processor Intel Core i5 13th Gen 13420H - (32 GB/512 GB SSD/Window...,"₹62,990",https://rukminim2.flixcart.com/image/312/312/xif0q/computer/s/z/d/-original-imahg53uy9f3wzkn.jpeg?q=70,https://www.flipkart.com/asus-expertbook-p1-high-performance-processor-intel-core-i5-13th-gen-13420h-32-gb-512-gb-ssd-windows-11-home-p1403cva-s60939ws-thin-light-laptop/p/itm50988c1fc56e6?pid=COMH8Z2QGRVBX4AF&lid=LSTCOMH8Z2QGRVBX4AFLFKSOZ&marketplace=FLIPKART&q=laptops&store=6bo%2Fb5g&srno=s_3_62&otracker=search&fm=organic&iid=0afee7a2-fd8d-4881-9b38-ba06222824d7.COMH8Z2QGRVBX4AF.SEARCH&ppt=None&ppn=None&ssid=uz6b6xaajk0000001768228240953&qH=c06ea84a1e3dc3c6
ASUS Chromebook CX14 Intel Celeron Dual Core N4500 - (4 GB/64 GB EMMC Storage/Chrome OS) CX1405CKA-NK0...,"₹16,990",https://rukminim2.flixcart.com/image/312/312/xif0q/computer/9/u/w/-original-imahf69hwz6gnedj.jpeg?q=70,https://www.flipkart.com/asus-chromebook-cx14-intel-celeron-dual-core-n4500-4-gb-64-gb-emmc-storage-chrome-os-cx1405cka-nk0154-cx1405cka-s60342/p/itm076cdd51ac69a?pid=COMHDDZ7PYJZSGUZ&lid=LSTCOMHDDZ7PYJZSGUZKERLBX&marketplace=FLIPKART&q=laptops&store=6bo%2Fb5g&srno=s_3_63&otracker=search&fm=organic&iid=0afee7a2-fd8d-4881-9b38-ba06222824d7.COMHDDZ7PYJZSGUZ.SEARCH&ppt=None&ppn=None&ssid=uz6b6xaajk0000001768228240953&qH=c06ea84a1e3dc3c6
Lenovo IdeaPad 1 Intel Celeron Dual Core N4500 - (8 GB/512 GB SSD/Windows 11 Home) IdeaPad 1 15IJL7 Th...,"₹26,990",https://rukminim2.flixcart.com/image/312/312/xif0q/computer/q/j/d/-original-imahex3tjxvfsfv5.jpeg?q=70,https://www.flipkart.com/lenovo-ideapad-1-intel-celeron-dual-core-n4500-8-gb-512-gb-ssd-windows-11-home-15ijl7-thin-light-laptop/p/itmc07be1c058e85?pid=COMHC5GNZAGZFQFW&lid=LSTCOMHC5GNZAGZFQFW7LBCVF&marketplace=FLIPKART&q=laptops&store=6bo%2Fb5g&srno=s_3_64&otracker=search&fm=organic&iid=0afee7a2-fd8d-4881-9b38-ba06222824d7.COMHC5GNZAGZFQFW.SEARCH&ppt=None&ppn=None&ssid=uz6b6xaajk0000001768228240953&qH=c06ea84a1e3dc3c6
"ASUS Vivobook S14 (2025) with Office 2024 + M365 Basic*, Backlit Keyboard, Intel Core i5 13th Gen 1342...","₹58,990",https://rukminim2.flixcart.com/image/312/312/xif0q/computer/k/a/c/-original-imahg4utfpfb6bv6.jpeg?q=70,https://www.flipkart.com/asus-vivobook-s14-2025-office-2024-m365-basic-backlit-keyboard-intel-core-i5-13th-gen-13420h-16-gb-512-gb-ssd-windows-11-home-s3407va-ly037ws-thin-light-laptop/p/itm820c07740b4c9?pid=COMH9SJ9VCEQJCSX&lid=LSTCOMH9SJ9VCEQJCSXBL2HSQ&marketplace=FLIPKART&q=laptops&store=6bo%2Fb5g&srno=s_3_65&otracker=search&fm=organic&iid=0afee7a2-fd8d-4881-9b38-ba06222824d7.COMH9SJ9VCEQJCSX.SEARCH&ppt=None&ppn=None&ssid=uz6b6xaajk0000001768228240953&qH=c06ea84a1e3dc3c6
"ASUS Vivobook 15 (2025) with Office 2024 + M365 Basic*, Intel Core i3 13th Gen 1315U - (8 GB/512 GB SS...","₹38,990",https://rukminim2.flixcart.com/image/312/312/xif0q/computer/b/l/v/-original-imahgfdffszmurd7.jpeg?q=70,https://www.flipkart.com/asus-vivobook-15-2025-office-2024-m365-basic-intel-core-i3-13th-gen-1315u-8-gb-512-gb-ssd-windows-11-home-x1504va-nj3700ws-thin-light-laptop/p/itmf31c79724a398?pid=COMHCQ5ECZZV6THK&lid=LSTCOMHCQ5ECZZV6THKTW8YMF&marketplace=FLIPKART&q=laptops&store=6bo%2Fb5g&srno=s_3_66&otracker=search&fm=organic&iid=0afee7a2-fd8d-4881-9b38-ba06222824d7.COMHCQ5ECZZV6THK.SEARCH&ppt=None&ppn=None&ssid=uz6b6xaajk0000001768228240953&qH=c06ea84a1e3dc3c6
"ASUS Vivobook 15, with Backlit Keyboard, Intel Core i3 13th Gen 1315U - (8 GB/512 GB SSD/Windows 11 Ho...","₹39,740",https://rukminim2.flixcart.com/image/312/312/xif0q/computer/w/h/g/-original-imahg5fuxuw5afvh.jpeg?q=70,https://www.flipkart.com/asus-vivobook-15-backlit-keyboard-intel-core-i3-13th-gen-1315u-8-gb-512-gb-ssd-windows-11-home-x1504va-nj320ws-x1504va-bq321ws-thin-light-laptop/p/itm200184e4e0443?pid=COMGYSFGRDEFFPY6&lid=LSTCOMGYSFGRDEFFPY6W2IQA0&marketplace=FLIPKART&q=laptops&store=6bo%2Fb5g&srno=s_3_67&otracker=search&fm=organic&iid=0afee7a2-fd8d-4881-9b38-ba06222824d7.COMGYSFGRDEFFPY6.SEARCH&ppt=None&ppn=None&ssid=uz6b6xaajk0000001768228240953&qH=c06ea84a1e3dc3c6
Acer Aspire Lite AMD Ryzen 7 Octa Core 7730U - (16 GB/512 GB SSD/Windows 11 Home) AL15-41 Thin and Lig...,"₹46,990",https://rukminim2.flixcart.com/image/312/312/xif0q/computer/b/k/d/-original-imahb2kbf2zdan3z.jpeg?q=70,https://www.flipkart.com/acer-aspire-lite-amd-ryzen-7-octa-core-7730u-16-gb-512-gb-ssd-windows-11-home-al15-41-thin-light-laptop/p/itm1bc0bcb4598e7?pid=COMHY74JVWWHKWKA&lid=LSTCOMHY74JVWWHKWKAWZDS3W&marketplace=FLIPKART&q=laptops&store=6bo%2Fb5g&srno=s_3_68&otracker=search&fm=organic&iid=0afee7a2-fd8d-4881-9b38-ba06222824d7.COMHY74JVWWHKWKA.SEARCH&ppt=None&ppn=None&ssid=uz6b6xaajk0000001768228240953&qH=c06ea84a1e3dc3c6
Lenovo IdeaPad Slim 3 Backlit Keyboard with MSO'2024 Intel Core i5 13th Gen 13420H - (24 GB/1 TB SSD/W...,"₹65,990",https://rukminim2.flixcart.com/image/312/312/xif0q/computer/o/a/w/-original-imahb85kfwupn2ay.jpeg?q=70,https://www.flipkart.com/lenovo-ideapad-slim-3-backlit-keyboard-mso-2024-intel-core-i5-13th-gen-13420h-24-gb-1-tb-ssd-windows-11-home-15irh10-thin-light-laptop/p/itm30f98a31cb8fb?pid=COMHDYG7TFGZRMFZ&lid=LSTCOMHDYG7TFGZRMFZTINJTD&marketplace=FLIPKART&q=laptops&store=6bo%2Fb5g&srno=s_3_69&otracker=search&fm=organic&iid=0afee7a2-fd8d-4881-9b38-ba06222824d7.COMHDYG7TFGZRMFZ.SEARCH&ppt=None&ppn=None&ssid=uz6b6xaajk0000001768228240953&qH=c06ea84a1e3dc3c6
"ASUS Vivobook S14 (2025) with Office 2024 + M365 Basic*, Backlit Keyboard, Intel Core i5 13th Gen 1342...","₹58,990",https://rukminim2.flixcart.com/image/312/312/xif0q/computer/t/s/w/-original-imahg4utezsksjfh.jpeg?q=70,https://www.flipkart.com/asus-vivobook-s14-2025-office-2024-m365-basic-backlit-keyboard-intel-core-i5-13th-gen-13420h-16-gb-512-gb-ssd-windows-11-home-s3407va-ly033ws-thin-light-laptop/p/itm7da6134d4236a?pid=COMH9SJ9QHFMWRGM&lid=LSTCOMH9SJ9QHFMWRGMPKHG6W&marketplace=FLIPKART&q=laptops&store=6bo%2Fb5g&srno=s_3_70&otracker=search&fm=organic&iid=0afee7a2-fd8d-4881-9b38-ba06222824d7.COMH9SJ9QHFMWRGM.SEARCH&ppt=None&ppn=None&ssid=uz6b6xaajk0000001768228240953&qH=c06ea84a1e3dc3c6
Lenovo IdeaPad Slim 5 Co-Pilot Next Gen AI PC Full Metal Snapdragon X Plus - (16 GB/1 TB SSD/Windows 1...,"₹69,990",https://rukminim2.flixcart.com/image/312/312/xif0q/computer/6/l/r/-original-imahg5fxwyqndjhu.jpeg?q=70,https://www.flipkart.com/lenovo-ideapad-slim-5-co-pilot-next-gen-ai-pc-full-metal-snapdragon-x-plus-16-gb-1-tb-ssd-windows-11-home-14q8x9-thin-light-laptop/p/itm8a59041fc8c0f?pid=COMH4N9CZ7JKPQQC&lid=LSTCOMH4N9CZ7JKPQQCOFLXDU&marketplace=FLIPKART&q=laptops&store=6bo%2Fb5g&srno=s_3_71&otracker=search&fm=organic&iid=0afee7a2-fd8d-4881-9b38-ba06222824d7.COMH4N9CZ7JKPQQC.SEARCH&ppt=None&ppn=None&ssid=uz6b6xaajk0000001768228240953&qH=c06ea84a1e3dc3c6
"ASUS Vivobook 14 (2025) with Office 2024 + M365 Basic*, Backlit Keyboard, Intel Core i3 13th Gen 1315U...","₹35,990",https://rukminim2.flixcart.com/image/312/312/xif0q/computer/a/w/f/-original-imahfcztkqbayhnc.jpeg?q=70,https://www.flipkart.com/asus-vivobook-14-2025-office-2024-m365-basic-backlit-keyboard-intel-core-i3-13th-gen-1315u-8-gb-512-gb-ssd-windows-11-home-x1404va-eb322ws-thin-light-laptop/p/itmf2e5281da2512?pid=COMHEZZT3T9G2DZN&lid=LSTCOMHEZZT3T9G2DZNUH7WDO&marketplace=FLIPKART&q=laptops&store=6bo%2Fb5g&srno=s_3_72&otracker=search&fm=organic&iid=0afee7a2-fd8d-4881-9b38-ba06222824d7.COMHEZZT3T9G2DZN.SEARCH&ppt=None&ppn=None&ssid=uz6b6xaajk0000001768228240953&qH=c06ea84a1e3dc3c6
Acer Aspire 3 Backlit AMD Ryzen 7 Octa Core 7730U - (16 GB/512 GB SSD/Windows 11 Home) Aspire AS15 - 4...,"₹45,990",https://rukminim2.flixcart.com/image/312/312/xif0q/computer/2/q/t/-original-imahg5ftjkmg4m82.jpeg?q=70,https://www.flipkart.com/acer-aspire-3-backlit-amd-ryzen-7-octa-core-7730u-16-gb-512-gb-ssd-windows-11-home-as15-42-thin-light-laptop/p/itmdaf15e01a1d1a?pid=COMH397XPF4Z3BMX&lid=LSTCOMH397XPF4Z3BMXL8O53G&marketplace=FLIPKART&q=laptops&store=6bo%2Fb5g&srno=s_4_73&otracker=search&fm=organic&iid=c65c5561-acea-4f6b-b9b9-059e3f46e17b.COMH397XPF4Z3BMX.SEARCH&ppt=None&ppn=None&ssid=znc95s2lio0000001768228250163&qH=c06ea84a1e3dc3c6
Acer Aspire 3 Intel Celeron Dual Core N4500 - (12 GB/256 GB SSD/Windows 11 Home) A324-45 Thin and Ligh...,"₹22,990",https://rukminim2.flixcart.com/image/312/312/xif0q/computer/b/1/f/-original-imahg4uuqzzvgjnz.jpeg?q=70,https://www.flipkart.com/acer-aspire-3-intel-celeron-dual-core-n4500-12-gb-256-gb-ssd-windows-11-home-a324-45-thin-light-laptop/p/itmbbfe217e40d59?pid=COMHFZYZHA5YJHS3&lid=LSTCOMHFZYZHA5YJHS30OEKLM&marketplace=FLIPKART&q=laptops&store=6bo%2Fb5g&srno=s_4_74&otracker=search&fm=organic&iid=c65c5561-acea-4f6b-b9b9-059e3f46e17b.COMHFZYZHA5YJHS3.SEARCH&ppt=None&ppn=None&ssid=znc95s2lio0000001768228250163&qH=c06ea84a1e3dc3c6
"Jio - JioBook 11 (JioOS) with Lifetime Office, MediaTek MT8788 - (4 GB/64 GB EMMC Storage/Android 11) ...","₹12,900",https://rukminim2.flixcart.com/image/312/312/xif0q/computer/v/e/2/jiobook-nb1112mm-thin-and-light-laptop-jio-original-imah6dgfrhtvh3j7.jpeg?q=70,https://www.flipkart.com/jio-jiobook-11-jioos-lifetime-office-mediatek-mt8788-4-gb-64-gb-emmc-storage-android-11-nb1112mmblu-thin-light-laptop-inbuilt-4g-lte/p/itm5e242fe9ed52d?pid=COMH6DGFMGKZ2SDS&lid=LSTCOMH6DGFMGKZ2SDSFWDWO7&marketplace=FLIPKART&q=laptops&store=6bo%2Fb5g&srno=s_4_75&otracker=search&fm=organic&iid=c65c5561-acea-4f6b-b9b9-059e3f46e17b.COMH6DGFMGKZ2SDS.SEARCH&ppt=None&ppn=None&ssid=znc95s2lio0000001768228250163&qH=c06ea84a1e3dc3c6
HP 14R (2025) Intel Core i3 13th Gen 1315U - (16 GB/512 GB SSD/Windows 11 Home) 14R G9 Thin and Light ...,"₹41,990",https://rukminim2.flixcart.com/image/312/312/xif0q/computer/m/n/h/14r-g9-thin-and-light-laptop-hp-original-imah9h2nuak3qfk5.jpeg?q=70,https://www.flipkart.com/hp-14r-2025-intel-core-i3-13th-gen-1315u-16-gb-512-gb-ssd-windows-11-home-g9-thin-light-laptop/p/itm590fc87e57789?pid=COMH9H2NSRNMBH9C&lid=LSTCOMH9H2NSRNMBH9CLSASG8&marketplace=FLIPKART&q=laptops&store=6bo%2Fb5g&srno=s_4_76&otracker=search&fm=organic&iid=c65c5561-acea-4f6b-b9b9-059e3f46e17b.COMH9H2NSRNMBH9C.SEARCH&ppt=None&ppn=None&ssid=znc95s2lio0000001768228250163&qH=c06ea84a1e3dc3c6
Acer Aspire 3 Intel Celeron Dual Core N4500 - (8 GB/512 GB SSD/Windows 11 Home) A325-45 Thin and Light...,"₹28,990",https://rukminim2.flixcart.com/image/312/312/xif0q/computer/d/6/p/-original-imah3yhqcgjtxfhw.jpeg?q=70,https://www.flipkart.com/acer-aspire-3-intel-celeron-dual-core-n4500-8-gb-512-gb-ssd-windows-11-home-a325-45-thin-light-laptop/p/itm9ca67a1a3ea22?pid=COMH2TPS6RRFKDMH&lid=LSTCOMH2TPS6RRFKDMHTH6BOS&marketplace=FLIPKART&q=laptops&store=6bo%2Fb5g&srno=s_4_77&otracker=search&fm=organic&iid=c65c5561-acea-4f6b-b9b9-059e3f46e17b.COMH2TPS6RRFKDMH.SEARCH&ppt=None&ppn=None&ssid=znc95s2lio0000001768228250163&qH=c06ea84a1e3dc3c6
HP 15 Intel Core i5 13th Gen 1335U - (16 GB/512 GB SSD/Windows 11 Home) 15-fd0576TU / 15-fd0467TU Thin...,"₹54,990",https://rukminim2.flixcart.com/image/312/312/xif0q/computer/t/v/8/-original-imahg5fxfpvjasap.jpeg?q=70,https://www.flipkart.com/hp-15-intel-core-i5-13th-gen-1335u-16-gb-512-gb-ssd-windows-11-home-15-fd0576tu-15-fd0467tu-thin-light-laptop/p/itm3d552029526ba?pid=COMH8QXWHJRQKR6P&lid=LSTCOMH8QXWHJRQKR6PW3FWJH&marketplace=FLIPKART&q=laptops&store=6bo%2Fb5g&srno=s_4_78&otracker=search&fm=organic&iid=c65c5561-acea-4f6b-b9b9-059e3f46e17b.COMH8QXWHJRQKR6P.SEARCH&ppt=None&ppn=None&ssid=znc95s2lio0000001768228250163&qH=c06ea84a1e3dc3c6
Acer Aspire Lite Intel Core i3 12th Gen 1215U - (8 GB/512 GB SSD/Windows 11 Home) AL15-52 Thin and Lig...,"₹33,500",https://rukminim2.flixcart.com/image/312/312/xif0q/computer/w/d/x/aspire-lite-thin-and-light-laptop-acer-original-imah4jdyzhzwytb3.jpeg?q=70,https://www.flipkart.com/acer-aspire-lite-intel-core-i3-12th-gen-1215u-8-gb-512-gb-ssd-windows-11-home-al15-52-thin-light-laptop/p/itm2f1be04e21a00?pid=COMGX7PJJJZ9CHET&lid=LSTCOMGX7PJJJZ9CHETBSONN4&marketplace=FLIPKART&q=laptops&store=6bo%2Fb5g&srno=s_4_79&otracker=search&fm=organic&iid=c65c5561-acea-4f6b-b9b9-059e3f46e17b.COMGX7PJJJZ9CHET.SEARCH&ppt=None&ppn=None&ssid=znc95s2lio0000001768228250163&qH=c06ea84a1e3dc3c6
Acer Aspire Lite AMD Ryzen 5 Hexa Core 5625U - (16 GB/1 TB SSD/Windows 11 Home) AL15-41 Thin and Light...,"₹41,990",https://rukminim2.flixcart.com/image/312/312/xif0q/computer/b/k/d/-original-imahb2kbf2zdan3z.jpeg?q=70,https://www.flipkart.com/acer-aspire-lite-amd-ryzen-5-hexa-core-5625u-16-gb-1-tb-ssd-windows-11-home-al15-41-thin-light-laptop/p/itme358d33c215ef?pid=COMGU2D9ZAXCAHBU&lid=LSTCOMGU2D9ZAXCAHBU9NMK1M&marketplace=FLIPKART&q=laptops&store=6bo%2Fb5g&srno=s_4_80&otracker=search&fm=organic&iid=c65c5561-acea-4f6b-b9b9-059e3f46e17b.COMGU2D9ZAXCAHBU.SEARCH&ppt=None&ppn=None&ssid=znc95s2lio0000001768228250163&qH=c06ea84a1e3dc3c6
Acer Aspire 3 Intel Core i3 13th Gen 1305U - (8 GB/512 GB SSD/Windows 11 Home) A324-53 Thin and Light ...,"₹32,990",https://rukminim2.flixcart.com/image/312/312/xif0q/computer/r/p/w/-original-imahg5fxzmyzbkv8.jpeg?q=70,https://www.flipkart.com/acer-aspire-3-intel-core-i3-13th-gen-1305u-8-gb-512-gb-ssd-windows-11-home-a324-53-thin-light-laptop/p/itma6a6812aa712e?pid=COMH4B6CGTPNVJW9&lid=LSTCOMH4B6CGTPNVJW9JOF4ZC&marketplace=FLIPKART&q=laptops&store=6bo%2Fb5g&srno=s_4_81&otracker=search&fm=organic&iid=c65c5561-acea-4f6b-b9b9-059e3f46e17b.COMH4B6CGTPNVJW9.SEARCH&ppt=None&ppn=None&ssid=znc95s2lio0000001768228250163&qH=c06ea84a1e3dc3c6
DELL 15 (Core i3 14th Gen) Intel Core 3 100U - (8 GB/512 GB SSD/Windows 11 Home) DC15250 Thin and Ligh...,"₹38,990",https://rukminim2.flixcart.com/image/312/312/xif0q/computer/3/8/q/-original-imahejuztvefp92a.jpeg?q=70,https://www.flipkart.com/dell-15-core-i3-14th-gen-intel-core-3-100u-8-gb-512-gb-ssd-windows-11-home-dc15250-thin-light-laptop/p/itm87e573ca31e21?pid=COMHDWZ63ZXXJTNF&lid=LSTCOMHDWZ63ZXXJTNFND75LO&marketplace=FLIPKART&q=laptops&store=6bo%2Fb5g&srno=s_4_82&otracker=search&fm=organic&iid=c65c5561-acea-4f6b-b9b9-059e3f46e17b.COMHDWZ63ZXXJTNF.SEARCH&ppt=None&ppn=None&ssid=znc95s2lio0000001768228250163&qH=c06ea84a1e3dc3c6
Acer Chromebook Intel Celeron Dual Core N4500 - (8 GB/128 GB EMMC Storage/Chrome OS) CB314-3H-C5QE/ CB...,"₹18,990",https://rukminim2.flixcart.com/image/312/312/xif0q/computer/a/0/5/-original-imagvrefuybuvbe5.jpeg?q=70,https://www.flipkart.com/acer-chromebook-intel-celeron-dual-core-n4500-8-gb-128-gb-emmc-storage-chrome-os-cb314-3h-c5qe-cb314-3h-c0bz/p/itm04458b376eefa?pid=COMGSV3G3RYBAHX4&lid=LSTCOMGSV3G3RYBAHX4EEGVFD&marketplace=FLIPKART&q=laptops&store=6bo%2Fb5g&srno=s_4_83&otracker=search&fm=organic&iid=c65c5561-acea-4f6b-b9b9-059e3f46e17b.COMGSV3G3RYBAHX4.SEARCH&ppt=None&ppn=None&ssid=znc95s2lio0000001768228250163&qH=c06ea84a1e3dc3c6
ASUS Chromebook CX15 Intel Celeron Dual Core N4500 - (4 GB/64 GB EMMC Storage/Chrome OS) CX1505CKA-S70...,"₹17,990",https://rukminim2.flixcart.com/image/312/312/xif0q/computer/r/j/c/-original-imahex6h3ndjtu2w.jpeg?q=70,https://www.flipkart.com/asus-chromebook-cx15-intel-celeron-dual-core-n4500-4-gb-64-gb-emmc-storage-chrome-os-cx1505cka-s70179/p/itm75a5cdacc688f?pid=COMHDPZGFT7VH8BH&lid=LSTCOMHDPZGFT7VH8BH8MXXE1&marketplace=FLIPKART&q=laptops&store=6bo%2Fb5g&spotlightTagId=default_TrendingId_6bo%2Fb5g&srno=s_4_84&otracker=search&fm=organic&iid=c65c5561-acea-4f6b-b9b9-059e3f46e17b.COMHDPZGFT7VH8BH.SEARCH&ppt=None&ppn=None&ssid=znc95s2lio0000001768228250163&qH=c06ea84a1e3dc3c6
Lenovo LOQ Essential Intel Core i7 12650HX - (16 GB/512 GB SSD/Windows 11 Home/6 GB Graphics/NVIDIA Ge...,"₹79,990",https://rukminim2.flixcart.com/image/312/312/xif0q/computer/4/z/i/-original-imahbzhpaggvytyz.jpeg?q=70,https://www.flipkart.com/lenovo-loq-essential-intel-core-i7-12650hx-16-gb-512-gb-ssd-windows-11-home-6-graphics-nvidia-geforce-gtx-4050-15iax9e-gaming-laptop/p/itmd07e54ebaf097?pid=COMHGEQVUDH5RKJH&lid=LSTCOMHGEQVUDH5RKJH61KR61&marketplace=FLIPKART&q=laptops&store=6bo%2Fb5g&srno=s_4_85&otracker=search&fm=organic&iid=c65c5561-acea-4f6b-b9b9-059e3f46e17b.COMHGEQVUDH5RKJH.SEARCH&ppt=None&ppn=None&ssid=znc95s2lio0000001768228250163&qH=c06ea84a1e3dc3c6
HP 15s Intel Core i3 13th Gen 1315U - (8 GB/512 GB SSD/Windows 11 Home) 15-fd0006TU / 15-fd0569TU Thin...,"₹40,280",https://rukminim2.flixcart.com/image/312/312/xif0q/computer/i/m/q/-original-imahg53xegyhbrjh.jpeg?q=70,https://www.flipkart.com/hp-15s-intel-core-i3-13th-gen-1315u-8-gb-512-gb-ssd-windows-11-home-15-fd0006tu-15-fd0569tu-thin-light-laptop/p/itm5978c19db874e?pid=COMGZNSBZUBEHR9B&lid=LSTCOMGZNSBZUBEHR9BKFESPY&marketplace=FLIPKART&q=laptops&store=6bo%2Fb5g&srno=s_4_86&otracker=search&fm=organic&iid=c65c5561-acea-4f6b-b9b9-059e3f46e17b.COMGZNSBZUBEHR9B.SEARCH&ppt=None&ppn=None&ssid=znc95s2lio0000001768228250163&qH=c06ea84a1e3dc3c6
Lenovo IdeaPad Slim 3 Next Gen AI PC WUXGA IPS Copilot + PC Qualcomm Snapdragon X - (16 GB/512 GB SSD/...,"₹57,990",https://rukminim2.flixcart.com/image/312/312/xif0q/computer/d/z/z/-original-imahgfdfx3hhguyc.jpeg?q=70,https://www.flipkart.com/lenovo-ideapad-slim-3-next-gen-ai-pc-wuxga-ips-copilot-qualcomm-snapdragon-x-16-gb-512-gb-ssd-windows-11-home-15q8x10-thin-light-laptop/p/itm097ac7e15511b?pid=COMHDMJYDGBTMJXG&lid=LSTCOMHDMJYDGBTMJXG112MJM&marketplace=FLIPKART&q=laptops&store=6bo%2Fb5g&srno=s_4_87&otracker=search&fm=organic&iid=c65c5561-acea-4f6b-b9b9-059e3f46e17b.COMHDMJYDGBTMJXG.SEARCH&ppt=None&ppn=None&ssid=znc95s2lio0000001768228250163&qH=c06ea84a1e3dc3c6
ASUS Vivobook Go 15 AMD Ryzen 5 Quad Core 7520U - (16 GB/512 GB SSD/Windows 11 Home) E1504FA-NJ5542WS ...,"₹41,599",https://rukminim2.flixcart.com/image/312/312/xif0q/computer/f/6/r/-original-imahg53uvtcffmvf.jpeg?q=70,https://www.flipkart.com/asus-vivobook-go-15-amd-ryzen-5-quad-core-7520u-16-gb-512-gb-ssd-windows-11-home-e1504fa-nj5542ws-e1504fa-nj1505ws-thin-light-laptop/p/itm24ce8ebbf5e72?pid=COMH8VXVXPVQTHHR&lid=LSTCOMH8VXVXPVQTHHRDYAZKT&marketplace=FLIPKART&q=laptops&store=6bo%2Fb5g&srno=s_4_88&otracker=search&fm=organic&iid=c65c5561-acea-4f6b-b9b9-059e3f46e17b.COMH8VXVXPVQTHHR.SEARCH&ppt=None&ppn=None&ssid=znc95s2lio0000001768228250163&qH=c06ea84a1e3dc3c6
HP Intel Core i5 13th Gen 1334U - (12 GB/512 GB SSD/Windows 11 Home) 15-fd0575TU Thin and Light Laptop,"₹53,490",https://rukminim2.flixcart.com/image/312/312/xif0q/computer/l/b/b/-original-imahgx8wueq7t5ua.jpeg?q=70,https://www.flipkart.com/hp-intel-core-i5-13th-gen-1334u-12-gb-512-gb-ssd-windows-11-home-15-fd0575tu-thin-light-laptop/p/itm9dd69f3a98da6?pid=COMHBFRJRKZQBFNG&lid=LSTCOMHBFRJRKZQBFNGMOKGKH&marketplace=FLIPKART&q=laptops&store=6bo%2Fb5g&srno=s_4_89&otracker=search&fm=organic&iid=c65c5561-acea-4f6b-b9b9-059e3f46e17b.COMHBFRJRKZQBFNG.SEARCH&ppt=None&ppn=None&ssid=znc95s2lio0000001768228250163&qH=c06ea84a1e3dc3c6
HP 15 (2024) AMD Ryzen 3 Quad Core 7320U - (8 GB/512 GB SSD/Windows 11 Home) 15-fc0500AU / 15-fc0154AU...,"₹31,990",https://rukminim2.flixcart.com/image/312/312/xif0q/computer/g/s/s/-original-imahg5fxvpgb5r7c.jpeg?q=70,https://www.flipkart.com/hp-15-2024-amd-ryzen-3-quad-core-7320u-8-gb-512-gb-ssd-windows-11-home-15-fc0500au-15-fc0154au-thin-light-laptop/p/itm341b4714ead99?pid=COMH56DFUBTUMXRH&lid=LSTCOMH56DFUBTUMXRHUIRDZB&marketplace=FLIPKART&q=laptops&store=6bo%2Fb5g&srno=s_4_90&otracker=search&fm=organic&iid=c65c5561-acea-4f6b-b9b9-059e3f46e17b.COMH56DFUBTUMXRH.SEARCH&ppt=None&ppn=None&ssid=znc95s2lio0000001768228250163&qH=c06ea84a1e3dc3c6
Acer Chromebook Intel Celeron Dual Core N4500 - (8 GB/64 GB EMMC Storage/Chrome OS) CB314-3H-C5QE/ CB3...,"₹17,990",https://rukminim2.flixcart.com/image/312/312/xif0q/computer/a/0/5/-original-imagvrefuybuvbe5.jpeg?q=70,https://www.flipkart.com/acer-chromebook-intel-celeron-dual-core-n4500-8-gb-64-gb-emmc-storage-chrome-os-cb314-3h-c5qe-cb314-3h-cobz/p/itm04458b376eefa?pid=COMGSV3GZYUDG6NP&lid=LSTCOMGSV3GZYUDG6NP2QWBZA&marketplace=FLIPKART&q=laptops&store=6bo%2Fb5g&srno=s_4_91&otracker=search&fm=organic&iid=c65c5561-acea-4f6b-b9b9-059e3f46e17b.COMGSV3GZYUDG6NP.SEARCH&ppt=None&ppn=None&ssid=znc95s2lio0000001768228250163&qH=c06ea84a1e3dc3c6
Acer Aspire 14 Intel Core i7 13th Gen 13620H - (16 GB/512 GB SSD/Windows 11 Home) AS14H-53 Thin and Li...,"₹58,990",https://rukminim2.flixcart.com/image/312/312/xif0q/computer/l/c/9/-original-imahgfypjsabxvbz.jpeg?q=70,https://www.flipkart.com/acer-aspire-14-intel-core-i7-13th-gen-13620h-16-gb-512-gb-ssd-windows-11-home-as14h-53-thin-light-laptop/p/itm15451b45334fc?pid=COMHEWCQSNXSZZGK&lid=LSTCOMHEWCQSNXSZZGKGIDZJH&marketplace=FLIPKART&q=laptops&store=6bo%2Fb5g&srno=s_4_92&otracker=search&fm=organic&iid=c65c5561-acea-4f6b-b9b9-059e3f46e17b.COMHEWCQSNXSZZGK.SEARCH&ppt=None&ppn=None&ssid=znc95s2lio0000001768228250163&qH=c06ea84a1e3dc3c6
DELL Inspiron 5440 (2025) Intel Core i3 13th Gen 1305U - (8 GB/512 GB SSD/Windows 11 Home) Inspiron 54...,"₹39,990",https://rukminim2.flixcart.com/image/312/312/xif0q/computer/e/x/8/inspiron-5440-thin-and-light-laptop-dell-original-imahergyhvuezy2g.jpeg?q=70,https://www.flipkart.com/dell-inspiron-5440-2025-intel-core-i3-13th-gen-1305u-8-gb-512-gb-ssd-windows-11-home-thin-light-laptop/p/itm1dc3eb60c7b18?pid=COMHERGYAJHHW4AN&lid=LSTCOMHERGYAJHHW4ANUTRYZH&marketplace=FLIPKART&q=laptops&store=6bo%2Fb5g&srno=s_4_93&otracker=search&fm=organic&iid=c65c5561-acea-4f6b-b9b9-059e3f46e17b.COMHERGYAJHHW4AN.SEARCH&ppt=None&ppn=None&ssid=znc95s2lio0000001768228250163&qH=c06ea84a1e3dc3c6
MSI Intel Core i3 12th Gen 1215U - (16 GB/512 GB SSD/Windows 11 Home) Modern 14 C12MO-1402IN Business ...,"₹37,990",https://rukminim2.flixcart.com/image/312/312/xif0q/computer/w/u/i/-original-imahg52mqrgqpgd6.jpeg?q=70,https://www.flipkart.com/msi-intel-core-i3-12th-gen-1215u-16-gb-512-gb-ssd-windows-11-home-modern-14-c12mo-1402in-business-laptop/p/itm8820edd8b6c55?pid=COMH3YTFU2GCEHTR&lid=LSTCOMH3YTFU2GCEHTRIRB7AS&marketplace=FLIPKART&q=laptops&store=6bo%2Fb5g&srno=s_4_94&otracker=search&fm=organic&iid=c65c5561-acea-4f6b-b9b9-059e3f46e17b.COMH3YTFU2GCEHTR.SEARCH&ppt=None&ppn=None&ssid=znc95s2lio0000001768228250163&qH=c06ea84a1e3dc3c6
"ASUS Vivobook Go 15 (2025) with Office 2024 + M365 Basic*, AMD Ryzen 5 Quad Core 7520U - (8 GB/512 GB ...","₹37,990",https://rukminim2.flixcart.com/image/312/312/xif0q/computer/i/j/5/-original-imagnzg2rwxffejh.jpeg?q=70,https://www.flipkart.com/asus-vivobook-go-15-2025-office-2024-m365-basic-amd-ryzen-5-quad-core-7520u-8-gb-512-gb-ssd-windows-11-home-e1504fa-bq2523ws-thin-light-laptop/p/itm313aa4209e563?pid=COMHCQ5EGANGZ3NN&lid=LSTCOMHCQ5EGANGZ3NNE2UYYT&marketplace=FLIPKART&q=laptops&store=6bo%2Fb5g&srno=s_4_95&otracker=search&fm=organic&iid=c65c5561-acea-4f6b-b9b9-059e3f46e17b.COMHCQ5EGANGZ3NN.SEARCH&ppt=None&ppn=None&ssid=znc95s2lio0000001768228250163&qH=c06ea84a1e3dc3c6
"ASUS Vivobook 15, with Backlit Keyboard, Intel Core i5 12th Gen 1235U - (16 GB/512 GB SSD/Windows 11 H...","₹43,990",https://rukminim2.flixcart.com/image/312/312/xif0q/computer/l/y/8/-original-imahg53x72vqbvwg.jpeg?q=70,https://www.flipkart.com/asus-vivobook-15-backlit-keyboard-intel-core-i5-12th-gen-1235u-16-gb-512-gb-ssd-windows-11-home-x1504za-nj549ws-thin-light-laptop/p/itmff0e170cb596e?pid=COMHYG8ZPYAZAFTY&lid=LSTCOMHYG8ZPYAZAFTYGCGEBA&marketplace=FLIPKART&q=laptops&store=6bo%2Fb5g&srno=s_4_96&otracker=search&fm=organic&iid=c65c5561-acea-4f6b-b9b9-059e3f46e17b.COMHYG8ZPYAZAFTY.SEARCH&ppt=None&ppn=None&ssid=znc95s2lio0000001768228250163&qH=c06ea84a1e3dc3c6
Lenovo IdeaPad Slim 5 WUXGA OLED Full Metal Body Intel Core i5 13th Gen 13420H - (16 GB/1 TB SSD/Windo...,"₹67,990",https://rukminim2.flixcart.com/image/312/312/xif0q/computer/o/v/3/-original-imahfkh32rjbqrhj.jpeg?q=70,https://www.flipkart.com/lenovo-ideapad-slim-5-wuxga-oled-full-metal-body-intel-core-i5-13th-gen-13420h-16-gb-1-tb-ssd-windows-11-home-thin-light-laptop/p/itm1df1fe93dcbfd?pid=COMHAF73KBHEEFJS&lid=LSTCOMHAF73KBHEEFJS6PPM9N&marketplace=FLIPKART&q=laptops&store=6bo%2Fb5g&srno=s_5_97&otracker=search&fm=organic&iid=607bc552-bb89-4d7d-b0a5-93146555e69b.COMHAF73KBHEEFJS.SEARCH&ppt=None&ppn=None&ssid=tqfj8em3280000001768228257039&qH=c06ea84a1e3dc3c6
DELL Inspiron 5440 Intel Core i3 (14th Gen) Intel Core 3 100U - (16 GB/512 GB SSD/Windows 11 Home) 544...,"₹43,990",https://rukminim2.flixcart.com/image/312/312/xif0q/computer/y/y/b/5440-laptop-dell-original-imahgzttfwytuvyj.jpeg?q=70,https://www.flipkart.com/dell-inspiron-5440-intel-core-i3-14th-gen-3-100u-16-gb-512-gb-ssd-windows-11-home-1-year-adp-warranty-laptop/p/itm19a9eda7be19f?pid=COMHGXZDWB95B5HW&lid=LSTCOMHGXZDWB95B5HWB4ZWEI&marketplace=FLIPKART&q=laptops&store=6bo%2Fb5g&srno=s_5_98&otracker=search&fm=organic&iid=607bc552-bb89-4d7d-b0a5-93146555e69b.COMHGXZDWB95B5HW.SEARCH&ppt=None&ppn=None&ssid=tqfj8em3280000001768228257039&qH=c06ea84a1e3dc3c6
Lenovo LOQ Intel Core i7 13th Gen 13650HX - (24 GB/512 GB SSD/Windows 11 Home/8 GB Graphics/NVIDIA GeF...,"₹1,04,990",https://rukminim2.flixcart.com/image/312/312/xif0q/computer/p/h/b/-original-imahg5fxwz6gbtzg.jpeg?q=70,https://www.flipkart.com/lenovo-loq-intel-core-i7-13th-gen-13650hx-24-gb-512-gb-ssd-windows-11-home-8-graphics-nvidia-geforce-rtx-4060-15irx9-gaming-laptop/p/itme3e94a3f73f71?pid=COMHYXV9QNDKU8KM&lid=LSTCOMHYXV9QNDKU8KMCXUULT&marketplace=FLIPKART&q=laptops&store=6bo%2Fb5g&srno=s_5_99&otracker=search&fm=organic&iid=607bc552-bb89-4d7d-b0a5-93146555e69b.COMHYXV9QNDKU8KM.SEARCH&ppt=None&ppn=None&ssid=tqfj8em3280000001768228257039&qH=c06ea84a1e3dc3c6
ASUS Vivobook Go 14 (2025) with Office 2024 + M365 Basic* AMD Ryzen 3 Quad Core 7320U - (8 GB/512 GB S...,"₹34,990",https://rukminim2.flixcart.com/image/312/312/xif0q/computer/d/n/3/-original-imah2y2teghzh7xe.jpeg?q=70,https://www.flipkart.com/asus-vivobook-go-14-2025-office-2024-m365-basic-amd-ryzen-3-quad-core-7320u-8-gb-512-gb-ssd-windows-11-home-e1404fa-nk3321ws-e1404fa-eb2321ws-e1404fa-eb900ws-thin-light-laptop/p/itm335ce625b12a5?pid=COMH9SJ9YXA8RGGT&lid=LSTCOMH9SJ9YXA8RGGTTIESJR&marketplace=FLIPKART&q=laptops&store=6bo%2Fb5g&srno=s_5_100&otracker=search&fm=organic&iid=607bc552-bb89-4d7d-b0a5-93146555e69b.COMH9SJ9YXA8RGGT.SEARCH&ppt=None&ppn=None&ssid=tqfj8em3280000001768228257039&qH=c06ea84a1e3dc3c6
Acer Aspire Lite AMD Ryzen 3 Quad Core 7330U - (16 GB/512 GB SSD/Windows 11 Home) AL15-41 Thin and Lig...,"₹34,990",https://rukminim2.flixcart.com/image/312/312/xif0q/computer/u/p/m/-original-imah2pf2u98xefzx.jpeg?q=70,https://www.flipkart.com/acer-aspire-lite-amd-ryzen-3-quad-core-7330u-16-gb-512-gb-ssd-windows-11-home-al15-41-thin-light-laptop/p/itm1bc0bcb4598e7?pid=COMH2TPSHCGSZY44&lid=LSTCOMH2TPSHCGSZY44YKMZCU&marketplace=FLIPKART&q=laptops&store=6bo%2Fb5g&srno=s_5_101&otracker=search&fm=organic&iid=607bc552-bb89-4d7d-b0a5-93146555e69b.COMH2TPSHCGSZY44.SEARCH&ppt=None&ppn=None&ssid=tqfj8em3280000001768228257039&qH=c06ea84a1e3dc3c6
DELL 15 Intel Core i5 13th Gen - (16 GB/512 GB SSD/Windows 11 Home) Vostro 3530 RPL Laptop,"₹52,990",https://rukminim2.flixcart.com/image/312/312/xif0q/computer/q/t/k/-original-imahgx8wzexjwf68.jpeg?q=70,https://www.flipkart.com/dell-15-intel-core-i5-13th-gen-16-gb-512-gb-ssd-windows-11-home-vostro-3530-rpl-laptop/p/itm131ebb1b7cdce?pid=COMHBG6HU7GJGR8G&lid=LSTCOMHBG6HU7GJGR8GMYENLT&marketplace=FLIPKART&q=laptops&store=6bo%2Fb5g&srno=s_5_102&otracker=search&fm=organic&iid=607bc552-bb89-4d7d-b0a5-93146555e69b.COMHBG6HU7GJGR8G.SEARCH&ppt=None&ppn=None&ssid=tqfj8em3280000001768228257039&qH=c06ea84a1e3dc3c6
GIGABYTE G Series Intel Core i7 13th Gen - (16 GB/512 GB SSD/Windows 11 Home/8 GB Graphics/NVIDIA GeFo...,"₹79,990",https://rukminim2.flixcart.com/image/312/312/xif0q/computer/c/o/9/-original-imahgpr6q9fhesze.jpeg?q=70,https://www.flipkart.com/gigabyte-g-series-intel-core-i7-13th-gen-16-gb-512-gb-ssd-windows-11-home-8-graphics-nvidia-geforce-rtx-4060-165-hz-g6-kf-h3in893kh-gaming-laptop/p/itmd0e883bf0dc21?pid=COMHFZ7YJT4QDU9Q&lid=LSTCOMHFZ7YJT4QDU9QZIHG8F&marketplace=FLIPKART&q=laptops&store=6bo%2Fb5g&srno=s_5_103&otracker=search&fm=organic&iid=607bc552-bb89-4d7d-b0a5-93146555e69b.COMHFZ7YJT4QDU9Q.SEARCH&ppt=None&ppn=None&ssid=tqfj8em3280000001768228257039&qH=c06ea84a1e3dc3c6
Acer Aspire Lite AMD Ryzen 5 Hexa Core 5625U - (8 GB/512 GB SSD/Windows 11 Home) AL15-41 Thin and Ligh...,"₹36,990",https://rukminim2.flixcart.com/image/312/312/xif0q/computer/b/k/d/-original-imahb2kbf2zdan3z.jpeg?q=70,https://www.flipkart.com/acer-aspire-lite-amd-ryzen-5-hexa-core-5625u-8-gb-512-gb-ssd-windows-11-home-al15-41-thin-light-laptop/p/itm1bc0bcb4598e7?pid=COMGXPH6XJE9ZKGZ&lid=LSTCOMGXPH6XJE9ZKGZYBFYPH&marketplace=FLIPKART&q=laptops&store=6bo%2Fb5g&srno=s_5_104&otracker=search&fm=organic&iid=607bc552-bb89-4d7d-b0a5-93146555e69b.COMGXPH6XJE9ZKGZ.SEARCH&ppt=None&ppn=None&ssid=tqfj8em3280000001768228257039&qH=c06ea84a1e3dc3c6
Acer Aspire Lite AMD Ryzen 3 Quad Core 5300U - (16 GB/512 GB SSD/Windows 11 Home) AL15-41 Thin and Lig...,"₹34,990",https://rukminim2.flixcart.com/image/312/312/xif0q/computer/b/k/d/-original-imahb2kbf2zdan3z.jpeg?q=70,https://www.flipkart.com/acer-aspire-lite-amd-ryzen-3-quad-core-5300u-16-gb-512-gb-ssd-windows-11-home-al15-41-thin-light-laptop/p/itm1bc0bcb4598e7?pid=COMH28U4WDFBUKP3&lid=LSTCOMH28U4WDFBUKP3PFEZVB&marketplace=FLIPKART&q=laptops&store=6bo%2Fb5g&srno=s_5_105&otracker=search&fm=organic&iid=607bc552-bb89-4d7d-b0a5-93146555e69b.COMH28U4WDFBUKP3.SEARCH&ppt=None&ppn=None&ssid=tqfj8em3280000001768228257039&qH=c06ea84a1e3dc3c6
ASUS TUF Gaming A15 (2025) AMD Ryzen 7 Hexa Core 7445HS - (16 GB/512 GB SSD/Windows 11 Home/4 GB Graph...,"₹74,250",https://rukminim2.flixcart.com/image/312/312/xif0q/computer/y/t/y/-original-imahgfdfmfhfsqy8.jpeg?q=70,https://www.flipkart.com/asus-tuf-gaming-a15-2025-amd-ryzen-7-hexa-core-7445hs-16-gb-512-gb-ssd-windows-11-home-4-graphics-nvidia-geforce-rtx-3050-144-hz-fa506ncg-hn199w-laptop/p/itmca7ce1e457d2f?pid=COMHEDHRYUAEEEJG&lid=LSTCOMHEDHRYUAEEEJG05VE5J&marketplace=FLIPKART&q=laptops&store=6bo%2Fb5g&srno=s_5_106&otracker=search&fm=organic&iid=607bc552-bb89-4d7d-b0a5-93146555e69b.COMHEDHRYUAEEEJG.SEARCH&ppt=None&ppn=None&ssid=tqfj8em3280000001768228257039&qH=c06ea84a1e3dc3c6
Lenovo AMD Ryzen 3 Hexa Core 3rd Gen Ryzen 3 7320U - (8 GB/512 GB SSD/Windows 11 Home) 82VG00ERIN Lapt...,"₹34,289",https://rukminim2.flixcart.com/image/312/312/xif0q/computer/p/z/m/idea-pad-laptop-lenovo-original-imagrzfg8tjxznbk.jpeg?q=70,https://www.flipkart.com/lenovo-amd-ryzen-3-hexa-core-3rd-gen-7320u-8-gb-512-gb-ssd-windows-11-home-82vg00erin-laptop/p/itma0d0b42f502f7?pid=COMGRXH8GKZUZPHM&lid=LSTCOMGRXH8GKZUZPHMTFHZPA&marketplace=FLIPKART&q=laptops&store=6bo%2Fb5g&srno=s_5_107&otracker=search&fm=organic&iid=607bc552-bb89-4d7d-b0a5-93146555e69b.COMGRXH8GKZUZPHM.SEARCH&ppt=None&ppn=None&ssid=tqfj8em3280000001768228257039&qH=c06ea84a1e3dc3c6
"Acer Swift Neo OLED with Backlit Keyboard, Intel Core Ultra 7 155U - (16 GB/512 GB SSD/Windows 11 Home...","₹59,990",https://rukminim2.flixcart.com/image/312/312/xif0q/computer/7/l/a/-original-imahgx8wtvrqhczr.jpeg?q=70,https://www.flipkart.com/acer-swift-neo-oled-backlit-keyboard-intel-core-ultra-7-155u-16-gb-512-gb-ssd-windows-11-home-sfn14-54h-thin-light-laptop/p/itm84801184d63e1?pid=COMHDZRBCFZZGBWR&lid=LSTCOMHDZRBCFZZGBWRRHFLX5&marketplace=FLIPKART&q=laptops&store=6bo%2Fb5g&srno=s_5_108&otracker=search&fm=organic&iid=607bc552-bb89-4d7d-b0a5-93146555e69b.COMHDZRBCFZZGBWR.SEARCH&ppt=None&ppn=None&ssid=tqfj8em3280000001768228257039&qH=c06ea84a1e3dc3c6
ASUS Vivobook Go 15 AMD Ryzen 5 Quad Core 7520U - (8 GB/512 GB SSD/Windows 11 Home) E1504FA-NJ132WS | ...,"₹37,990",https://rukminim2.flixcart.com/image/312/312/xif0q/computer/j/n/w/-original-imahg5fur7csf5kn.jpeg?q=70,https://www.flipkart.com/asus-vivobook-go-15-amd-ryzen-5-quad-core-7520u-8-gb-512-gb-ssd-windows-11-home-e1504fa-nj132ws-e1504fa-nj521ws-thin-light-laptop/p/itmf2da9c7085e1b?pid=COMGNRNUKRMMXNZQ&lid=LSTCOMGNRNUKRMMXNZQVXUCYQ&marketplace=FLIPKART&q=laptops&store=6bo%2Fb5g&srno=s_5_109&otracker=search&fm=organic&iid=607bc552-bb89-4d7d-b0a5-93146555e69b.COMGNRNUKRMMXNZQ.SEARCH&ppt=None&ppn=None&ssid=tqfj8em3280000001768228257039&qH=c06ea84a1e3dc3c6
DELL Inspiron 3535 AMD Ryzen 5 Quad Core 7520U - (8 GB/512 GB SSD/Windows 11 Home) Inspiron 3535 Thin ...,"₹43,999",https://rukminim2.flixcart.com/image/312/312/xif0q/computer/u/m/v/-original-imah8pshmdu2fezx.jpeg?q=70,https://www.flipkart.com/dell-inspiron-3535-amd-ryzen-5-quad-core-7520u-8-gb-512-gb-ssd-windows-11-home-thin-light-laptop/p/itm672bf7685863c?pid=COMH8EPFGGZ9VRF6&lid=LSTCOMH8EPFGGZ9VRF6AYG4ZI&marketplace=FLIPKART&q=laptops&store=6bo%2Fb5g&srno=s_5_110&otracker=search&fm=organic&iid=607bc552-bb89-4d7d-b0a5-93146555e69b.COMH8EPFGGZ9VRF6.SEARCH&ppt=None&ppn=None&ssid=tqfj8em3280000001768228257039&qH=c06ea84a1e3dc3c6
HP Victus AMD Ryzen 7 Hexa Core 7445HS - (16 GB/512 GB SSD/Windows 11 Home/4 GB Graphics/NVIDIA GeForc...,"₹60,990",https://rukminim2.flixcart.com/image/312/312/xif0q/computer/y/i/s/-original-imahgfdf4tyzdg5x.jpeg?q=70,https://www.flipkart.com/hp-victus-amd-ryzen-7-hexa-core-7445hs-16-gb-512-gb-ssd-windows-11-home-4-graphics-nvidia-geforce-rtx-2050-15-fb3122ax-gaming-laptop/p/itm7389a8b4c5a14?pid=COMHDWKFZGHSYR59&lid=LSTCOMHDWKFZGHSYR596VT4PT&marketplace=FLIPKART&q=laptops&store=6bo%2Fb5g&srno=s_5_111&otracker=search&fm=organic&iid=607bc552-bb89-4d7d-b0a5-93146555e69b.COMHDWKFZGHSYR59.SEARCH&ppt=None&ppn=None&ssid=tqfj8em3280000001768228257039&qH=c06ea84a1e3dc3c6
Lenovo Chromebook Intel Pentium Quad Core N100 - (4 GB/128 GB EMMC Storage/Chrome OS) 14IAN8 Chromeboo...,"₹16,990",https://rukminim2.flixcart.com/image/312/312/xif0q/computer/v/w/n/-original-imah5uhrz7admz28.jpeg?q=70,https://www.flipkart.com/lenovo-chromebook-intel-pentium-quad-core-n100-4-gb-128-gb-emmc-storage-chrome-os-14ian8/p/itm7c0c58320220d?pid=COMGT2Y3DHC6QN4R&lid=LSTCOMGT2Y3DHC6QN4RLXRUHG&marketplace=FLIPKART&q=laptops&store=6bo%2Fb5g&srno=s_5_112&otracker=search&fm=organic&iid=607bc552-bb89-4d7d-b0a5-93146555e69b.COMGT2Y3DHC6QN4R.SEARCH&ppt=None&ppn=None&ssid=tqfj8em3280000001768228257039&qH=c06ea84a1e3dc3c6
HP MS Office 2024 Intel Core i5 13th Gen 1334U - (8 GB/512 GB SSD/Windows 11 Home) fd0466TU Thin and L...,"₹55,990",https://rukminim2.flixcart.com/image/312/312/xif0q/computer/l/b/b/-original-imahgx8wueq7t5ua.jpeg?q=70,https://www.flipkart.com/hp-ms-office-2024-intel-core-i5-13th-gen-1334u-8-gb-512-gb-ssd-windows-11-home-fd0466tu-thin-light-laptop/p/itm6eff3fc8ce4eb?pid=COMH8QXWZPH2HVV9&lid=LSTCOMH8QXWZPH2HVV9BYFI10&marketplace=FLIPKART&q=laptops&store=6bo%2Fb5g&srno=s_5_113&otracker=search&fm=organic&iid=607bc552-bb89-4d7d-b0a5-93146555e69b.COMH8QXWZPH2HVV9.SEARCH&ppt=None&ppn=None&ssid=tqfj8em3280000001768228257039&qH=c06ea84a1e3dc3c6
Lenovo IdeaPad Slim 3 Backlit Intel Core i5 12th Gen 12450H - (16 GB/512 GB SSD/Windows 11 Home) 15IAH...,"₹50,990",https://rukminim2.flixcart.com/image/312/312/xif0q/computer/c/c/e/-original-imahg5fytmgbbduv.jpeg?q=70,https://www.flipkart.com/lenovo-ideapad-slim-3-backlit-intel-core-i5-12th-gen-12450h-16-gb-512-gb-ssd-windows-11-home-15iah8-thin-light-laptop/p/itm76f0e5d975817?pid=COMGVQ2Y3ENU2RNV&lid=LSTCOMGVQ2Y3ENU2RNV6DRZRD&marketplace=FLIPKART&q=laptops&store=6bo%2Fb5g&srno=s_5_114&otracker=search&fm=organic&iid=607bc552-bb89-4d7d-b0a5-93146555e69b.COMGVQ2Y3ENU2RNV.SEARCH&ppt=None&ppn=None&ssid=tqfj8em3280000001768228257039&qH=c06ea84a1e3dc3c6
HP G10 AMD Ryzen 5 Quad Core 7520U - (8 GB/512 GB SSD/Windows 11 Home) 245 G10 Thin and Light Laptop,"₹35,990",https://rukminim2.flixcart.com/image/312/312/xif0q/computer/8/i/7/245-g10-thin-and-light-laptop-hp-original-imahegz58sz6xums.jpeg?q=70,https://www.flipkart.com/hp-g10-amd-ryzen-5-quad-core-7520u-8-gb-512-gb-ssd-windows-11-home-245-thin-light-laptop/p/itm1d1f9e7e80c58?pid=COMHEJWDBYEZBWZW&lid=LSTCOMHEJWDBYEZBWZWHSATBI&marketplace=FLIPKART&q=laptops&store=6bo%2Fb5g&srno=s_5_115&otracker=search&fm=organic&iid=607bc552-bb89-4d7d-b0a5-93146555e69b.COMHEJWDBYEZBWZW.SEARCH&ppt=None&ppn=None&ssid=tqfj8em3280000001768228257039&qH=c06ea84a1e3dc3c6
ASUS Vivobook Go 15 Intel Celeron Dual Core N4500 - (8 GB/512 GB SSD/Windows 11 Home) E510KA-EJ9011WS ...,"₹34,990",https://rukminim2.flixcart.com/image/312/312/xif0q/computer/l/q/r/-original-imahg4utyrwfkqve.jpeg?q=70,https://www.flipkart.com/asus-vivobook-go-15-intel-celeron-dual-core-n4500-8-gb-512-gb-ssd-windows-11-home-e510ka-ej9011ws-thin-light-laptop/p/itm1826f3fec8f97?pid=COMH9499YSMWDGTM&lid=LSTCOMH9499YSMWDGTMZIRHJA&marketplace=FLIPKART&q=laptops&store=6bo%2Fb5g&srno=s_5_116&otracker=search&fm=organic&iid=607bc552-bb89-4d7d-b0a5-93146555e69b.COMH9499YSMWDGTM.SEARCH&ppt=None&ppn=None&ssid=tqfj8em3280000001768228257039&qH=c06ea84a1e3dc3c6
MOTOROLA Motobook 60 Full Metal OLED (i7 14th Gen) Intel Core 7 (Series 2) 240H - (16 GB/512 GB SSD/Wi...,"₹60,990",https://rukminim2.flixcart.com/image/312/312/xif0q/computer/c/n/p/-original-imahg5fvzkgrh5ky.jpeg?q=70,https://www.flipkart.com/motorola-motobook-60-full-metal-oled-i7-14th-gen-intel-core-7-series-2-240h-16-gb-512-gb-ssd-windows-11-home-14irh10r-thin-light-laptop/p/itmf0b4d7c55543d?pid=COMHAUZWUZNATFET&lid=LSTCOMHAUZWUZNATFETMS2VMV&marketplace=FLIPKART&q=laptops&store=6bo%2Fb5g&srno=s_5_117&otracker=search&fm=organic&iid=607bc552-bb89-4d7d-b0a5-93146555e69b.COMHAUZWUZNATFET.SEARCH&ppt=None&ppn=None&ssid=tqfj8em3280000001768228257039&qH=c06ea84a1e3dc3c6
ASUS Vivobook Go 15 AMD Ryzen 5 Quad Core 7520U - (8 GB/512 GB SSD/Windows 11 Home) E1504FA-NJ132WS | ...,"₹37,990",https://rukminim2.flixcart.com/image/312/312/xif0q/computer/k/b/i/-original-imahg53xeuxqm6bv.jpeg?q=70,https://www.flipkart.com/asus-vivobook-go-15-amd-ryzen-5-quad-core-7520u-8-gb-512-gb-ssd-windows-11-home-e1504fa-nj132ws-e1504fa-nj521ws-thin-light-laptop/p/itm657eb80ea799a?pid=COMH9499JNGDGTZ5&lid=LSTCOMH9499JNGDGTZ5EQ3SXQ&marketplace=FLIPKART&q=laptops&store=6bo%2Fb5g&srno=s_5_118&otracker=search&fm=organic&iid=607bc552-bb89-4d7d-b0a5-93146555e69b.COMH9499JNGDGTZ5.SEARCH&ppt=None&ppn=None&ssid=tqfj8em3280000001768228257039&qH=c06ea84a1e3dc3c6
ASUS Vivobook Go 14 (2025) with Office 2024 + M365 Basic* AMD Ryzen 3 Quad Core 7320U - (8 GB/512 GB S...,"₹32,579",https://rukminim2.flixcart.com/image/312/312/xif0q/computer/u/9/6/-original-imagpxgq3wcnwpwv.jpeg?q=70,https://www.flipkart.com/asus-vivobook-go-14-2025-office-2024-m365-basic-amd-ryzen-3-quad-core-7320u-8-gb-512-gb-ssd-windows-11-home-e1404fa-nk3325ws-e1404fa-eb2322ws-e1404fa-eb901ws-thin-light-laptop/p/itm7939cfb8266f7?pid=COMH9SJ9JFGNNUMH&lid=LSTCOMH9SJ9JFGNNUMHJPACFJ&marketplace=FLIPKART&q=laptops&store=6bo%2Fb5g&srno=s_5_119&otracker=search&fm=organic&iid=607bc552-bb89-4d7d-b0a5-93146555e69b.COMH9SJ9JFGNNUMH.SEARCH&ppt=None&ppn=None&ssid=tqfj8em3280000001768228257039&qH=c06ea84a1e3dc3c6
CHUWI Intel Celeron Quad Core 12th Gen N100 - (8 GB/256 GB SSD/Windows 11 Home) GemiBook X_Pro Laptop,"₹22,990",https://rukminim2.flixcart.com/image/312/312/xif0q/computer/b/r/w/gemibook-x-pro-laptop-chuwi-original-imagwfm84fgdm8bv.jpeg?q=70,https://www.flipkart.com/chuwi-intel-celeron-quad-core-12th-gen-n100-8-gb-256-gb-ssd-windows-11-home-gemibook-x-pro-laptop/p/itm95998eabab6f9?pid=COMGVBZBDZJXUZFC&lid=LSTCOMGVBZBDZJXUZFCFYZTJO&marketplace=FLIPKART&q=laptops&store=6bo%2Fb5g&srno=s_5_120&otracker=search&fm=organic&iid=607bc552-bb89-4d7d-b0a5-93146555e69b.COMGVBZBDZJXUZFC.SEARCH&ppt=None&ppn=None&ssid=tqfj8em3280000001768228257039&qH=c06ea84a1e3dc3c6
HP Intel Core i5 13th Gen 1334U - (12 GB/512 GB SSD/Windows 11 Home) 15-fd0575TU Thin and Light Laptop,"₹53,490",https://rukminim2.flixcart.com/image/312/312/xif0q/computer/l/b/b/-original-imahgx8wueq7t5ua.jpeg?q=70,https://www.flipkart.com/hp-intel-core-i5-13th-gen-1334u-12-gb-512-gb-ssd-windows-11-home-15-fd0575tu-thin-light-laptop/p/itm9dd69f3a98da6?pid=COMHBFRJRKZQBFNG&lid=LSTCOMHBFRJRKZQBFNGMOKGKH&marketplace=FLIPKART&q=laptops&store=6bo%2Fb5g&srno=s_6_121&otracker=search&fm=organic&iid=594c353c-3337-4606-86ce-f8887cfc9eca.COMHBFRJRKZQBFNG.SEARCH&ppt=None&ppn=None&ssid=0ins82spc00000001768228266967&qH=c06ea84a1e3dc3c6
Lenovo LOQ AMD Ryzen 5 Quad Core 7235HS - (12 GB/512 GB SSD/Windows 11 Home/6 GB Graphics/NVIDIA GeFor...,"₹68,990",https://rukminim2.flixcart.com/image/312/312/xif0q/computer/b/b/y/-original-imahg52nmeuhz72b.jpeg?q=70,https://www.flipkart.com/lenovo-loq-amd-ryzen-5-quad-core-7235hs-12-gb-512-gb-ssd-windows-11-home-6-graphics-nvidia-geforce-rtx-3050-15arp9-gaming-laptop/p/itmd3fbbdced2d6b?pid=COMHFYZ3DGBDSGGY&lid=LSTCOMHFYZ3DGBDSGGY9EBU08&marketplace=FLIPKART&q=laptops&store=6bo%2Fb5g&srno=s_6_122&otracker=search&fm=organic&iid=594c353c-3337-4606-86ce-f8887cfc9eca.COMHFYZ3DGBDSGGY.SEARCH&ppt=None&ppn=None&ssid=0ins82spc00000001768228266967&qH=c06ea84a1e3dc3c6
HP 15s Intel Core i3 13th Gen 1315U - (8 GB/512 GB SSD/Windows 11 Home) 15-fd0006TU / 15-fd0569TU Thin...,"₹40,280",https://rukminim2.flixcart.com/image/312/312/xif0q/computer/i/m/q/-original-imahg53xegyhbrjh.jpeg?q=70,https://www.flipkart.com/hp-15s-intel-core-i3-13th-gen-1315u-8-gb-512-gb-ssd-windows-11-home-15-fd0006tu-15-fd0569tu-thin-light-laptop/p/itm5978c19db874e?pid=COMGZNSBZUBEHR9B&lid=LSTCOMGZNSBZUBEHR9BKFESPY&marketplace=FLIPKART&q=laptops&store=6bo%2Fb5g&srno=s_6_123&otracker=search&fm=organic&iid=594c353c-3337-4606-86ce-f8887cfc9eca.COMGZNSBZUBEHR9B.SEARCH&ppt=None&ppn=None&ssid=0ins82spc00000001768228266967&qH=c06ea84a1e3dc3c6
Apple MacBook Air M4 - (16 GB/256 GB SSD/macOS Sequoia) MW0Y3HN/A,"₹91,490",https://rukminim2.flixcart.com/image/312/312/xif0q/computer/q/o/f/-original-imahayjprdnrga3v.jpeg?q=70,https://www.flipkart.com/apple-macbook-air-m4-16-gb-256-gb-ssd-macos-sequoia-mw0y3hn-a/p/itmad81d112ad068?pid=COMH9ZWQXZHDDRGZ&lid=LSTCOMH9ZWQXZHDDRGZAMRGTN&marketplace=FLIPKART&q=laptops&store=6bo%2Fb5g&srno=s_6_124&otracker=search&fm=organic&iid=594c353c-3337-4606-86ce-f8887cfc9eca.COMH9ZWQXZHDDRGZ.SEARCH&ppt=None&ppn=None&ssid=0ins82spc00000001768228266967&qH=c06ea84a1e3dc3c6
ASUS Vivobook Go 15 AMD Ryzen 5 Quad Core 7520U - (8 GB/512 GB SSD/Windows 11 Home) E1504FA-NJ133WS | ...,"₹37,990",https://rukminim2.flixcart.com/image/312/312/xif0q/computer/h/n/k/-original-imahg4v5hsk5pm8h.jpeg?q=70,https://www.flipkart.com/asus-vivobook-go-15-amd-ryzen-5-quad-core-7520u-8-gb-512-gb-ssd-windows-11-home-e1504fa-nj133ws-e1504fa-nj522ws-thin-light-laptop/p/itm968db504ada5b?pid=COMGMGXFHUHQE3XZ&lid=LSTCOMGMGXFHUHQE3XZVMF0VE&marketplace=FLIPKART&q=laptops&store=6bo%2Fb5g&srno=s_6_125&otracker=search&fm=organic&iid=594c353c-3337-4606-86ce-f8887cfc9eca.COMGMGXFHUHQE3XZ.SEARCH&ppt=None&ppn=None&ssid=0ins82spc00000001768228266967&qH=c06ea84a1e3dc3c6
"Acer Swift Neo OLED with Backlit Keyboard, Intel Core Ultra 7 155U - (16 GB/512 GB SSD/Windows 11 Home...","₹59,990",https://rukminim2.flixcart.com/image/312/312/xif0q/computer/7/l/a/-original-imahgx8wtvrqhczr.jpeg?q=70,https://www.flipkart.com/acer-swift-neo-oled-backlit-keyboard-intel-core-ultra-7-155u-16-gb-512-gb-ssd-windows-11-home-sfn14-54h-thin-light-laptop/p/itm84801184d63e1?pid=COMHDZRBCFZZGBWR&lid=LSTCOMHDZRBCFZZGBWRRHFLX5&marketplace=FLIPKART&q=laptops&store=6bo%2Fb5g&srno=s_6_126&otracker=search&fm=organic&iid=594c353c-3337-4606-86ce-f8887cfc9eca.COMHDZRBCFZZGBWR.SEARCH&ppt=None&ppn=None&ssid=0ins82spc00000001768228266967&qH=c06ea84a1e3dc3c6
"ASUS Vivobook 15, with Backlit Keyboard, Intel Core i3 13th Gen 1315U - (16 GB/512 GB SSD/Windows 11 H...","₹42,750",https://rukminim2.flixcart.com/image/312/312/xif0q/computer/y/k/g/-original-imahg5fyefftefqt.jpeg?q=70,https://www.flipkart.com/asus-vivobook-15-backlit-keyboard-intel-core-i3-13th-gen-1315u-16-gb-512-gb-ssd-windows-11-home-x1504va-nj2325ws-x1504va-bq342ws-thin-light-laptop/p/itmb44a032e58491?pid=COMH9499CDEZTNHX&lid=LSTCOMH9499CDEZTNHXDV63VH&marketplace=FLIPKART&q=laptops&store=6bo%2Fb5g&srno=s_6_127&otracker=search&fm=organic&iid=594c353c-3337-4606-86ce-f8887cfc9eca.COMH9499CDEZTNHX.SEARCH&ppt=None&ppn=None&ssid=0ins82spc00000001768228266967&qH=c06ea84a1e3dc3c6
"ASUS Vivobook Go 15 (2025) with Office 2024 + M365 Basic*, Backlit Keyboard, AMD Ryzen 5 Quad Core 752...","₹42,990",https://rukminim2.flixcart.com/image/312/312/xif0q/computer/i/m/z/-original-imahgfdfjntmzjkh.jpeg?q=70,https://www.flipkart.com/asus-vivobook-go-15-2025-office-2024-m365-basic-backlit-keyboard-amd-ryzen-5-quad-core-7520u-16-gb-512-gb-ssd-windows-11-home-e1504fa-bq2543ws-thin-light-laptop/p/itmef216cf26f85c?pid=COMHCQ5EJAN4SYC7&lid=LSTCOMHCQ5EJAN4SYC7AENXD4&marketplace=FLIPKART&q=laptops&store=6bo%2Fb5g&srno=s_6_128&otracker=search&fm=organic&iid=594c353c-3337-4606-86ce-f8887cfc9eca.COMHCQ5EJAN4SYC7.SEARCH&ppt=None&ppn=None&ssid=0ins82spc00000001768228266967&qH=c06ea84a1e3dc3c6
HP 15s Intel Core i3 12th Gen 1215U - (8 GB/512 GB SSD/Windows 11 Home) 15-fd0752TU /15s-fy5003TU Thin...,"₹34,490",https://rukminim2.flixcart.com/image/312/312/xif0q/computer/0/k/c/-original-imahg5fxefz25auk.jpeg?q=70,https://www.flipkart.com/hp-15s-intel-core-i3-12th-gen-1215u-8-gb-512-gb-ssd-windows-11-home-15-fd0752tu-15s-fy5003tu-thin-light-laptop/p/itm2977a9ca00317?pid=COMGZVGHE9QU8C6M&lid=LSTCOMGZVGHE9QU8C6MHJQTO4&marketplace=FLIPKART&q=laptops&store=6bo%2Fb5g&srno=s_6_129&otracker=search&fm=organic&iid=594c353c-3337-4606-86ce-f8887cfc9eca.COMGZVGHE9QU8C6M.SEARCH&ppt=None&ppn=None&ssid=0ins82spc00000001768228266967&qH=c06ea84a1e3dc3c6
Acer TravelLite AMD Ryzen 5 7430U - (16 GB/512 GB SSD/Windows 11 Home) TL04-41M Notebook,"₹36,990",https://rukminim2.flixcart.com/image/312/312/xif0q/computer/i/p/d/-original-imahhcaqy5uq5fkc.jpeg?q=70,https://www.flipkart.com/acer-travellite-amd-ryzen-5-7430u-16-gb-512-gb-ssd-windows-11-home-tl04-41m-notebook/p/itm184f20732f225?pid=COMHGNUZ3DXYBCBB&lid=LSTCOMHGNUZ3DXYBCBBFZHQXG&marketplace=FLIPKART&q=laptops&store=6bo%2Fb5g&srno=s_6_130&otracker=search&fm=organic&iid=594c353c-3337-4606-86ce-f8887cfc9eca.COMHGNUZ3DXYBCBB.SEARCH&ppt=None&ppn=None&ssid=0ins82spc00000001768228266967&qH=c06ea84a1e3dc3c6
ASUS Chromebook CX15 Intel Celeron Dual Core N4500 - (4 GB/64 GB EMMC Storage/Chrome OS) CX1505CKA-S70...,"₹17,990",https://rukminim2.flixcart.com/image/312/312/xif0q/computer/l/l/g/-original-imahex6hdj7uacsd.jpeg?q=70,https://www.flipkart.com/asus-chromebook-cx15-intel-celeron-dual-core-n4500-4-gb-64-gb-emmc-storage-chrome-os-cx1505cka-s70181/p/itm8b726d410b820?pid=COMHDPZGPTQ2AAKK&lid=LSTCOMHDPZGPTQ2AAKKGUGXJV&marketplace=FLIPKART&q=laptops&store=6bo%2Fb5g&srno=s_6_131&otracker=search&fm=organic&iid=594c353c-3337-4606-86ce-f8887cfc9eca.COMHDPZGPTQ2AAKK.SEARCH&ppt=None&ppn=None&ssid=0ins82spc00000001768228266967&qH=c06ea84a1e3dc3c6
Acer Swift Neo OLED AI PC Intel Core Ultra 5 115U - (16 GB/1 TB SSD/Windows 11 Home) UN.35GSI.007 Thin...,"₹57,990",https://rukminim2.flixcart.com/image/312/312/xif0q/computer/k/k/z/-original-imahgx8wywabhpcy.jpeg?q=70,https://www.flipkart.com/acer-swift-neo-oled-ai-pc-intel-core-ultra-5-115u-16-gb-1-tb-ssd-windows-11-home-un-35gsi-007-thin-light-laptop/p/itm9e55de1a60bc0?pid=COMHDF2C8MV4EURQ&lid=LSTCOMHDF2C8MV4EURQIF3X07&marketplace=FLIPKART&q=laptops&store=6bo%2Fb5g&srno=s_6_132&otracker=search&fm=organic&iid=594c353c-3337-4606-86ce-f8887cfc9eca.COMHDF2C8MV4EURQ.SEARCH&ppt=None&ppn=None&ssid=0ins82spc00000001768228266967&qH=c06ea84a1e3dc3c6
Acer Aspire Lite AMD Ryzen 3 Quad Core 7330U - (16 GB/512 GB SSD/Windows 11 Home) AL15-41 Thin and Lig...,"₹34,990",https://rukminim2.flixcart.com/image/312/312/xif0q/computer/u/p/m/-original-imah2pf2u98xefzx.jpeg?q=70,https://www.flipkart.com/acer-aspire-lite-amd-ryzen-3-quad-core-7330u-16-gb-512-gb-ssd-windows-11-home-al15-41-thin-light-laptop/p/itm1bc0bcb4598e7?pid=COMH2TPSHCGSZY44&lid=LSTCOMH2TPSHCGSZY44YKMZCU&marketplace=FLIPKART&q=laptops&store=6bo%2Fb5g&srno=s_6_133&otracker=search&fm=organic&iid=594c353c-3337-4606-86ce-f8887cfc9eca.COMH2TPSHCGSZY44.SEARCH&ppt=None&ppn=None&ssid=0ins82spc00000001768228266967&qH=c06ea84a1e3dc3c6
DELL Inspiron 5440 (2025) Intel Core i3 13th Gen 1305U - (16 GB/512 GB SSD/Windows 11 Home) Inspiron 5...,"₹43,990",https://rukminim2.flixcart.com/image/312/312/xif0q/computer/i/m/l/inspiron-5440-thin-and-light-laptop-dell-original-imahergnzncxkcfq.jpeg?q=70,https://www.flipkart.com/dell-inspiron-5440-2025-intel-core-i3-13th-gen-1305u-16-gb-512-gb-ssd-windows-11-home-thin-light-laptop/p/itmedd3b1335552d?pid=COMHERGNK3PCMMSU&lid=LSTCOMHERGNK3PCMMSU9HBVBH&marketplace=FLIPKART&q=laptops&store=6bo%2Fb5g&srno=s_6_134&otracker=search&fm=organic&iid=594c353c-3337-4606-86ce-f8887cfc9eca.COMHERGNK3PCMMSU.SEARCH&ppt=None&ppn=None&ssid=0ins82spc00000001768228266967&qH=c06ea84a1e3dc3c6
Acer Swift Lite 14 Intel Core Ultra 5 115U - (16 GB/512 GB SSD/Windows 11 Home) SFL14-54M Thin and Lig...,"₹59,990",https://rukminim2.flixcart.com/image/312/312/xif0q/computer/x/p/y/sfl14-54m-thin-and-light-laptop-acer-original-imahfz2zbqgqryg8.jpeg?q=70,https://www.flipkart.com/acer-swift-lite-14-intel-core-ultra-5-115u-16-gb-512-gb-ssd-windows-11-home-sfl14-54m-thin-light-laptop/p/itmfc244e83d2b43?pid=COMHFZYUA7WGZZNT&lid=LSTCOMHFZYUA7WGZZNTZOKHTU&marketplace=FLIPKART&q=laptops&store=6bo%2Fb5g&srno=s_6_135&otracker=search&fm=organic&iid=594c353c-3337-4606-86ce-f8887cfc9eca.COMHFZYUA7WGZZNT.SEARCH&ppt=None&ppn=None&ssid=0ins82spc00000001768228266967&qH=c06ea84a1e3dc3c6
DELL Inspiron 15 Intel Core i5 1334U - (16 GB/512 GB SSD/Windows 11 Home) 3530 Thin and Light Laptop,"₹55,999",https://rukminim2.flixcart.com/image/312/312/xif0q/computer/x/s/6/-original-imahg5fxhacwyhjy.jpeg?q=70,https://www.flipkart.com/dell-inspiron-15-intel-core-i5-1334u-16-gb-512-gb-ssd-windows-11-home-3530-thin-light-laptop/p/itmd9735b628eb7e?pid=COMH8EPFHZ6H2F6X&lid=LSTCOMH8EPFHZ6H2F6XJ5P1J9&marketplace=FLIPKART&q=laptops&store=6bo%2Fb5g&srno=s_6_136&otracker=search&fm=organic&iid=594c353c-3337-4606-86ce-f8887cfc9eca.COMH8EPFHZ6H2F6X.SEARCH&ppt=None&ppn=None&ssid=0ins82spc00000001768228266967&qH=c06ea84a1e3dc3c6
HP Victus AMD Ryzen 7 Octa Core 260 - (24 GB/1 TB SSD/Windows 11 Home/8 GB Graphics/NVIDIA GeForce RTX...,"₹99,990",https://rukminim2.flixcart.com/image/312/312/xif0q/computer/l/w/k/-original-imahgfdfntwwxbqn.jpeg?q=70,https://www.flipkart.com/hp-victus-amd-ryzen-7-octa-core-260-24-gb-1-tb-ssd-windows-11-home-8-gb-graphics-nvidia-geforce-rtx-5050-15-fb3185ax-gaming-laptop/p/itm08bbf58218363?pid=COMHDZVEE22P67WR&lid=LSTCOMHDZVEE22P67WRS4TOAU&marketplace=FLIPKART&q=laptops&store=6bo%2Fb5g&srno=s_6_137&otracker=search&fm=organic&iid=594c353c-3337-4606-86ce-f8887cfc9eca.COMHDZVEE22P67WR.SEARCH&ppt=None&ppn=None&ssid=0ins82spc00000001768228266967&qH=c06ea84a1e3dc3c6
ASUS Vivobook Go 14 (2025) with Office 2024 + M365 Basic* AMD Ryzen 3 Quad Core 7320U - (8 GB/512 GB S...,"₹34,990",https://rukminim2.flixcart.com/image/312/312/xif0q/computer/d/n/3/-original-imah2y2teghzh7xe.jpeg?q=70,https://www.flipkart.com/asus-vivobook-go-14-2025-office-2024-m365-basic-amd-ryzen-3-quad-core-7320u-8-gb-512-gb-ssd-windows-11-home-e1404fa-nk3321ws-e1404fa-eb2321ws-e1404fa-eb900ws-thin-light-laptop/p/itm335ce625b12a5?pid=COMH9SJ9YXA8RGGT&lid=LSTCOMH9SJ9YXA8RGGTTIESJR&marketplace=FLIPKART&q=laptops&store=6bo%2Fb5g&srno=s_6_138&otracker=search&fm=organic&iid=594c353c-3337-4606-86ce-f8887cfc9eca.COMH9SJ9YXA8RGGT.SEARCH&ppt=None&ppn=None&ssid=0ins82spc00000001768228266967&qH=c06ea84a1e3dc3c6
Acer Aspire 3 Intel Celeron Dual Core N4500 - (8 GB/256 GB SSD/Windows 11 Home) A325-45 Thin and Light...,"₹26,990",https://rukminim2.flixcart.com/image/312/312/xif0q/computer/d/6/p/-original-imah3yhqcgjtxfhw.jpeg?q=70,https://www.flipkart.com/acer-aspire-3-intel-celeron-dual-core-n4500-8-gb-256-gb-ssd-windows-11-home-a325-45-thin-light-laptop/p/itm9ca67a1a3ea22?pid=COMH2TPSHCGYHHH8&lid=LSTCOMH2TPSHCGYHHH8QDXGYW&marketplace=FLIPKART&q=laptops&store=6bo%2Fb5g&srno=s_6_139&otracker=search&fm=organic&iid=594c353c-3337-4606-86ce-f8887cfc9eca.COMH2TPSHCGYHHH8.SEARCH&ppt=None&ppn=None&ssid=0ins82spc00000001768228266967&qH=c06ea84a1e3dc3c6
Thomson NEO Core Series Intel Core i3 12th Gen 1215U - (8 GB/512 GB SSD/Windows 11 Home) IN-N15I Thin ...,"₹25,990",https://rukminim2.flixcart.com/image/312/312/xif0q/computer/e/q/7/-original-imahg52nb63b8kgh.jpeg?q=70,https://www.flipkart.com/thomson-neo-core-series-intel-i3-12th-gen-1215u-8-gb-512-gb-ssd-windows-11-home-in-n15i-thin-light-laptop/p/itm707312182fa98?pid=COMGXXF2QXYGZUH6&lid=LSTCOMGXXF2QXYGZUH6LPVXQJ&marketplace=FLIPKART&q=laptops&store=6bo%2Fb5g&srno=s_6_140&otracker=search&fm=organic&iid=594c353c-3337-4606-86ce-f8887cfc9eca.COMGXXF2QXYGZUH6.SEARCH&ppt=None&ppn=None&ssid=0ins82spc00000001768228266967&qH=c06ea84a1e3dc3c6
ASUS Vivobook Go 15 AMD Ryzen 3 Quad Core 7320U - (8 GB/512 GB SSD/Windows 11 Home) E1504FA-NJ322WS Th...,"₹32,990",https://rukminim2.flixcart.com/image/312/312/xif0q/computer/h/2/p/-original-imahg53xp26dhhth.jpeg?q=70,https://www.flipkart.com/asus-vivobook-go-15-amd-ryzen-3-quad-core-7320u-8-gb-512-gb-ssd-windows-11-home-e1504fa-nj322ws-thin-light-laptop/p/itm968db504ada5b?pid=COMGMGXFQZGYKEZG&lid=LSTCOMGMGXFQZGYKEZGUU1BUT&marketplace=FLIPKART&q=laptops&store=6bo%2Fb5g&srno=s_6_141&otracker=search&fm=organic&iid=594c353c-3337-4606-86ce-f8887cfc9eca.COMGMGXFQZGYKEZG.SEARCH&ppt=None&ppn=None&ssid=0ins82spc00000001768228266967&qH=c06ea84a1e3dc3c6
Lenovo IdeaPad Slim 3 AMD Ryzen 5 Quad Core 7520U - (16 GB/512 GB SSD/Windows 11 Home) 15AMN8 Thin and...,"₹43,990",https://rukminim2.flixcart.com/image/312/312/xif0q/computer/i/x/d/-original-imahgk9zhrpnbfja.jpeg?q=70,https://www.flipkart.com/lenovo-ideapad-slim-3-amd-ryzen-5-quad-core-7520u-16-gb-512-gb-ssd-windows-11-home-15amn8-thin-light-laptop/p/itm76f0e5d975817?pid=COMGRU9ZYEHC4H5K&lid=LSTCOMGRU9ZYEHC4H5KBXYPBM&marketplace=FLIPKART&q=laptops&store=6bo%2Fb5g&srno=s_6_142&otracker=search&fm=organic&iid=594c353c-3337-4606-86ce-f8887cfc9eca.COMGRU9ZYEHC4H5K.SEARCH&ppt=None&ppn=None&ssid=0ins82spc00000001768228266967&qH=c06ea84a1e3dc3c6
Lenovo IdeaPad Slim 3 Backlit Keyboard with MSO'2024 Intel Core i5 13th Gen 13420H - (24 GB/1 TB SSD/W...,"₹65,990",https://rukminim2.flixcart.com/image/312/312/xif0q/computer/o/a/w/-original-imahb85kfwupn2ay.jpeg?q=70,https://www.flipkart.com/lenovo-ideapad-slim-3-backlit-keyboard-mso-2024-intel-core-i5-13th-gen-13420h-24-gb-1-tb-ssd-windows-11-home-15irh10-thin-light-laptop/p/itm30f98a31cb8fb?pid=COMHDYG7TFGZRMFZ&lid=LSTCOMHDYG7TFGZRMFZTINJTD&marketplace=FLIPKART&q=laptops&store=6bo%2Fb5g&srno=s_6_143&otracker=search&fm=organic&iid=594c353c-3337-4606-86ce-f8887cfc9eca.COMHDYG7TFGZRMFZ.SEARCH&ppt=None&ppn=None&ssid=0ins82spc00000001768228266967&qH=c06ea84a1e3dc3c6
HP Victus Intel Core i5 13th Gen 13420H - (16 GB/512 GB SSD/Windows 11 Home/6 GB Graphics/NVIDIA GeFor...,"₹70,990",https://rukminim2.flixcart.com/image/312/312/xif0q/computer/f/7/a/-original-imahg5fycgghgsmz.jpeg?q=70,https://www.flipkart.com/hp-victus-intel-core-i5-13th-gen-13420h-16-gb-512-gb-ssd-windows-11-home-6-graphics-nvidia-geforce-rtx-3050-144-hz-15-fa2700tx-gaming-laptop/p/itmdc1abf982d358?pid=COMH8VXVWNPAZCSX&lid=LSTCOMH8VXVWNPAZCSX2Q0ZXU&marketplace=FLIPKART&q=laptops&store=6bo%2Fb5g&srno=s_6_144&otracker=search&fm=organic&iid=594c353c-3337-4606-86ce-f8887cfc9eca.COMH8VXVWNPAZCSX.SEARCH&ppt=None&ppn=None&ssid=0ins82spc00000001768228266967&qH=c06ea84a1e3dc3c6
Acer Aspire 3 (2025) Intel Core i5 13th Gen 1334U - (16 GB/512 GB SSD/Windows 11 Home) Aspire 3 A325-5...,"₹47,690",https://rukminim2.flixcart.com/image/312/312/xif0q/computer/o/p/f/a325-53-thin-and-light-laptop-acer-original-imahf4p3s4hsvhxz.jpeg?q=70,https://www.flipkart.com/acer-aspire-3-2025-intel-core-i5-13th-gen-1334u-16-gb-512-gb-ssd-windows-11-home-a325-53-thin-light-laptop/p/itm3bdf32931e850?pid=COMHF4P3RSGHA46N&lid=LSTCOMHF4P3RSGHA46N6U2LQC&marketplace=FLIPKART&q=laptops&store=6bo%2Fb5g&srno=s_7_145&otracker=search&fm=organic&iid=a68b7b98-12c7-40f5-a22e-e604174ad9cc.COMHF4P3RSGHA46N.SEARCH&ppt=None&ppn=None&ssid=wht8q3mvhc0000001768228280014&qH=c06ea84a1e3dc3c6
Acer Aspire 3 Intel Pentium Quad Core 12th Gen N100 - (8 GB/512 GB SSD/Windows 11 Home) A324-31 Thin a...,"₹27,990",https://rukminim2.flixcart.com/image/312/312/xif0q/computer/e/b/j/-original-imahg82bvd5ffceg.jpeg?q=70,https://www.flipkart.com/acer-aspire-3-intel-pentium-quad-core-12th-gen-n100-8-gb-512-gb-ssd-windows-11-home-a324-31-thin-light-laptop/p/itmaae9e8cc612cb?pid=COMH2EBZQVCFKU7T&lid=LSTCOMH2EBZQVCFKU7TDIXQ4J&marketplace=FLIPKART&q=laptops&store=6bo%2Fb5g&srno=s_7_146&otracker=search&fm=organic&iid=a68b7b98-12c7-40f5-a22e-e604174ad9cc.COMH2EBZQVCFKU7T.SEARCH&ppt=None&ppn=None&ssid=wht8q3mvhc0000001768228280014&qH=c06ea84a1e3dc3c6
"ASUS Vivobook S14 Flip (2025) with Office 2024 + M365 Basic*, A-Part Metal Body, Intel Core i5 13th Ge...","₹63,990",https://rukminim2.flixcart.com/image/312/312/xif0q/computer/8/l/m/-original-imahg4uugy9bvyfp.jpeg?q=70,https://www.flipkart.com/asus-vivobook-s14-flip-2025-office-2024-m365-basic-a-part-metal-body-intel-core-i5-13th-gen-13420h-16-gb-512-gb-ssd-windows-11-home-tp3402vao-lz619ws-2-1-laptop/p/itm1f8488dce4bb0?pid=COMH9SJ9KMZFGHFZ&lid=LSTCOMH9SJ9KMZFGHFZXEWK00&marketplace=FLIPKART&q=laptops&store=6bo%2Fb5g&srno=s_7_147&otracker=search&fm=organic&iid=a68b7b98-12c7-40f5-a22e-e604174ad9cc.COMH9SJ9KMZFGHFZ.SEARCH&ppt=None&ppn=None&ssid=wht8q3mvhc0000001768228280014&qH=c06ea84a1e3dc3c6
HP AMD Ryzen 5 Quad Core 7520U - (8 GB/512 GB SSD/Windows 11 Home) 15-fc0155AU Thin and Light Laptop,"₹36,900",https://rukminim2.flixcart.com/image/312/312/xif0q/computer/x/t/0/-original-imahg5fxczhkjvzh.jpeg?q=70,https://www.flipkart.com/hp-amd-ryzen-5-quad-core-7520u-8-gb-512-gb-ssd-windows-11-home-15-fc0155au-thin-light-laptop/p/itmd9ac5762d7458?pid=COMH4N767SJX8MZV&lid=LSTCOMH4N767SJX8MZVTUMJ1S&marketplace=FLIPKART&q=laptops&store=6bo%2Fb5g&srno=s_7_148&otracker=search&fm=organic&iid=a68b7b98-12c7-40f5-a22e-e604174ad9cc.COMH4N767SJX8MZV.SEARCH&ppt=None&ppn=None&ssid=wht8q3mvhc0000001768228280014&qH=c06ea84a1e3dc3c6
Apple MacBook Air M4 - (16 GB/512 GB SSD/macOS Sequoia) MW133HN/A,"₹1,14,990",https://rukminim2.flixcart.com/image/312/312/xif0q/computer/m/3/7/-original-imahayjpgztvrfyj.jpeg?q=70,https://www.flipkart.com/apple-macbook-air-m4-16-gb-512-gb-ssd-macos-sequoia-mw133hn-a/p/itma6c9abac7d313?pid=COMH9ZWQWFCGN73J&lid=LSTCOMH9ZWQWFCGN73J8CEOQ6&marketplace=FLIPKART&q=laptops&store=6bo%2Fb5g&srno=s_7_149&otracker=search&fm=organic&iid=a68b7b98-12c7-40f5-a22e-e604174ad9cc.COMH9ZWQWFCGN73J.SEARCH&ppt=None&ppn=None&ssid=wht8q3mvhc0000001768228280014&qH=c06ea84a1e3dc3c6
Acer Aspire 3 Intel Celeron Dual Core N4500 - (12 GB/512 GB SSD/Windows 11 Home) A324-45 Thin and Ligh...,"₹28,990",https://rukminim2.flixcart.com/image/312/312/xif0q/computer/r/7/0/-original-imahg5fwjq9tnnhy.jpeg?q=70,https://www.flipkart.com/acer-aspire-3-intel-celeron-dual-core-n4500-12-gb-512-gb-ssd-windows-11-home-a324-45-thin-light-laptop/p/itmbbfe217e40d59?pid=COMHFZYZFVD2MCAB&lid=LSTCOMHFZYZFVD2MCAB5ANZ55&marketplace=FLIPKART&q=laptops&store=6bo%2Fb5g&srno=s_7_150&otracker=search&fm=organic&iid=a68b7b98-12c7-40f5-a22e-e604174ad9cc.COMHFZYZFVD2MCAB.SEARCH&ppt=None&ppn=None&ssid=wht8q3mvhc0000001768228280014&qH=c06ea84a1e3dc3c6
Lenovo IdeaPad Slim 3 15ABR8 AMD Ryzen 5 Hexa Core 5625U - (16 GB/512 GB SSD/Windows 11 Home) 82XM00QD...,"₹42,990",https://rukminim2.flixcart.com/image/312/312/xif0q/computer/x/o/t/-original-imahg5ftqabejyhk.jpeg?q=70,https://www.flipkart.com/lenovo-ideapad-slim-3-15abr8-amd-ryzen-5-hexa-core-5625u-16-gb-512-gb-ssd-windows-11-home-82xm00qdin-thin-light-laptop/p/itm1728625e47c8e?pid=COMHA9FKHGD4RUXN&lid=LSTCOMHA9FKHGD4RUXNT8NCGQ&marketplace=FLIPKART&q=laptops&store=6bo%2Fb5g&srno=s_7_151&otracker=search&fm=organic&iid=a68b7b98-12c7-40f5-a22e-e604174ad9cc.COMHA9FKHGD4RUXN.SEARCH&ppt=None&ppn=None&ssid=wht8q3mvhc0000001768228280014&qH=c06ea84a1e3dc3c6
ASUS Vivobook 16 (2025) with Office 2024 + M365 Basic* Intel Core i5 13th Gen 13420H - (16 GB/512 GB S...,"₹55,847",https://rukminim2.flixcart.com/image/312/312/xif0q/computer/c/h/9/-original-imah43farzvmfftc.jpeg?q=70,https://www.flipkart.com/asus-vivobook-16-2025-office-2024-m365-basic-intel-core-i5-13th-gen-13420h-16-gb-512-gb-ssd-windows-11-home-x1605va-mb1627ws-thin-light-laptop/p/itmc2b04a7ee9e79?pid=COMH9SJ9CF9DSGXF&lid=LSTCOMH9SJ9CF9DSGXFTTV8HY&marketplace=FLIPKART&q=laptops&store=6bo%2Fb5g&srno=s_7_152&otracker=search&fm=organic&iid=a68b7b98-12c7-40f5-a22e-e604174ad9cc.COMH9SJ9CF9DSGXF.SEARCH&ppt=None&ppn=None&ssid=wht8q3mvhc0000001768228280014&qH=c06ea84a1e3dc3c6
"ASUS Vivobook 15, with Backlit Keyboard, Intel Core i5 12th Gen 1235U - (16 GB/512 GB SSD/Windows 11 H...","₹43,990",https://rukminim2.flixcart.com/image/312/312/xif0q/computer/s/n/e/-original-imahg5fudk6zhjfc.jpeg?q=70,https://www.flipkart.com/asus-vivobook-15-backlit-keyboard-intel-core-i5-12th-gen-1235u-16-gb-512-gb-ssd-windows-11-home-x1504za-nj540ws-x1504za-nj542ws-thin-light-laptop/p/itm200184e4e0443?pid=COMHYG8ZSP9DC2GZ&lid=LSTCOMHYG8ZSP9DC2GZECEZQA&marketplace=FLIPKART&q=laptops&store=6bo%2Fb5g&srno=s_7_153&otracker=search&fm=organic&iid=a68b7b98-12c7-40f5-a22e-e604174ad9cc.COMHYG8ZSP9DC2GZ.SEARCH&ppt=None&ppn=None&ssid=wht8q3mvhc0000001768228280014&qH=c06ea84a1e3dc3c6
HP 15 Intel Core i3 13th Gen 1315U - (16 GB/512 GB SSD/Windows 11 Home) 15-fd0668TU Thin and Light Lap...,"₹45,880",https://rukminim2.flixcart.com/image/312/312/xif0q/computer/i/m/q/-original-imahg53xegyhbrjh.jpeg?q=70,https://www.flipkart.com/hp-15-intel-core-i3-13th-gen-1315u-16-gb-512-gb-ssd-windows-11-home-15-fd0668tu-thin-light-laptop/p/itm44ca89d3e5687?pid=COMHESS7YD5PMQZ3&lid=LSTCOMHESS7YD5PMQZ3LYF6YA&marketplace=FLIPKART&q=laptops&store=6bo%2Fb5g&srno=s_7_154&otracker=search&fm=organic&iid=a68b7b98-12c7-40f5-a22e-e604174ad9cc.COMHESS7YD5PMQZ3.SEARCH&ppt=None&ppn=None&ssid=wht8q3mvhc0000001768228280014&qH=c06ea84a1e3dc3c6
"ASUS Vivobook 14 (2025) with Office 2024 + M365 Basic*, Intel Core i3 13th Gen 1315U - (8 GB/512 GB SS...","₹35,990",https://rukminim2.flixcart.com/image/312/312/xif0q/computer/2/m/o/-original-imahfmzz5qkfce6d.jpeg?q=70,https://www.flipkart.com/asus-vivobook-14-2025-office-2024-m365-basic-intel-core-i3-13th-gen-1315u-8-gb-512-gb-ssd-windows-11-home-x1404va-eb323ws-thin-light-laptop/p/itm4ec733dfcd801?pid=COMHEZZTYEAC6VEM&lid=LSTCOMHEZZTYEAC6VEMD00KXC&marketplace=FLIPKART&q=laptops&store=6bo%2Fb5g&srno=s_7_155&otracker=search&fm=organic&iid=a68b7b98-12c7-40f5-a22e-e604174ad9cc.COMHEZZTYEAC6VEM.SEARCH&ppt=None&ppn=None&ssid=wht8q3mvhc0000001768228280014&qH=c06ea84a1e3dc3c6
Avita SATUS S111 Intel Celeron Dual Core N4020 - (4 GB/128 GB SSD/Windows 11 Home) NU14A1INC43PN-SG La...,"₹14,989",https://rukminim2.flixcart.com/image/312/312/xif0q/computer/o/d/n/-original-imahg5fyf3a6hgkj.jpeg?q=70,https://www.flipkart.com/avita-satus-s111-intel-celeron-dual-core-n4020-4-gb-128-gb-ssd-windows-11-home-nu14a1inc43pn-sg-laptop/p/itme1ea474fb1d94?pid=COMGCPSUGM4VNZQN&lid=LSTCOMGCPSUGM4VNZQNAZQDU2&marketplace=FLIPKART&q=laptops&store=6bo%2Fb5g&srno=s_7_156&otracker=search&fm=organic&iid=a68b7b98-12c7-40f5-a22e-e604174ad9cc.COMGCPSUGM4VNZQN.SEARCH&ppt=None&ppn=None&ssid=wht8q3mvhc0000001768228280014&qH=c06ea84a1e3dc3c6
ASUS Expertbook Intel Core i7 13th Gen 13620H - (32 GB/512 GB SSD/Windows 11 Home) P1503CVA-S71076WS T...,"₹67,990",https://rukminim2.flixcart.com/image/312/312/xif0q/computer/x/s/i/-original-imahb8x5czvsufhf.jpeg?q=70,https://www.flipkart.com/asus-expertbook-intel-core-i7-13th-gen-13620h-32-gb-512-gb-ssd-windows-11-home-p1503cva-s71076ws-thin-light-laptop/p/itmc4c88e702be9c?pid=COMHCQ3VMGWGHS8Z&lid=LSTCOMHCQ3VMGWGHS8Z1HZ3UI&marketplace=FLIPKART&q=laptops&store=6bo%2Fb5g&srno=s_7_157&otracker=search&fm=organic&iid=a68b7b98-12c7-40f5-a22e-e604174ad9cc.COMHCQ3VMGWGHS8Z.SEARCH&ppt=None&ppn=None&ssid=wht8q3mvhc0000001768228280014&qH=c06ea84a1e3dc3c6
DELL G15 Intel Core i5 13th Gen 13450HX - (16 GB/512 GB SSD/Windows 11 Home/6 GB Graphics/NVIDIA GeFor...,"₹76,990",https://rukminim2.flixcart.com/image/312/312/xif0q/computer/y/z/v/-original-imahg5fttxt3pgcb.jpeg?q=70,https://www.flipkart.com/dell-g15-intel-core-i5-13th-gen-13450hx-16-gb-512-gb-ssd-windows-11-home-6-graphics-nvidia-geforce-rtx-3050-120-hz-5530-gaming-laptop/p/itmd1b02da743465?pid=COMH8EPFG25GDHDC&lid=LSTCOMH8EPFG25GDHDCN68OOC&marketplace=FLIPKART&q=laptops&store=6bo%2Fb5g&srno=s_7_158&otracker=search&fm=organic&iid=a68b7b98-12c7-40f5-a22e-e604174ad9cc.COMH8EPFG25GDHDC.SEARCH&ppt=None&ppn=None&ssid=wht8q3mvhc0000001768228280014&qH=c06ea84a1e3dc3c6
Lenovo IdeaPad Slim 3 WUXGA IPS Intel Core i5 13th Gen 13420H - (16 GB/512 GB SSD/Windows 11 Home) 15I...,"₹59,390",https://rukminim2.flixcart.com/image/312/312/xif0q/computer/v/p/0/-original-imahex3ugzs2fhzj.jpeg?q=70,https://www.flipkart.com/lenovo-ideapad-slim-3-wuxga-ips-intel-core-i5-13th-gen-13420h-16-gb-512-gb-ssd-windows-11-home-15irh10-thin-light-laptop/p/itm141f9075d4f0c?pid=COMHCQ52RHHN92ZF&lid=LSTCOMHCQ52RHHN92ZF7LR28U&marketplace=FLIPKART&q=laptops&store=6bo%2Fb5g&srno=s_7_159&otracker=search&fm=organic&iid=a68b7b98-12c7-40f5-a22e-e604174ad9cc.COMHCQ52RHHN92ZF.SEARCH&ppt=None&ppn=None&ssid=wht8q3mvhc0000001768228280014&qH=c06ea84a1e3dc3c6
Lenovo LOQ Intel Core i7 13th Gen 13650HX - (16 GB/512 GB SSD/Windows 11 Pro/6 GB Graphics/NVIDIA GeFo...,"₹98,990",https://rukminim2.flixcart.com/image/312/312/xif0q/computer/i/g/y/-original-imahewcysrcvgazs.jpeg?q=70,https://www.flipkart.com/lenovo-loq-intel-core-i7-13th-gen-13650hx-16-gb-512-gb-ssd-windows-11-pro-6-graphics-nvidia-geforce-rtx-4050-15irx9d2-gaming-laptop/p/itme3e94a3f73f71?pid=COMGWU8YHUDDTCQ5&lid=LSTCOMGWU8YHUDDTCQ5SIZ0BZ&marketplace=FLIPKART&q=laptops&store=6bo%2Fb5g&srno=s_7_160&otracker=search&fm=organic&iid=a68b7b98-12c7-40f5-a22e-e604174ad9cc.COMGWU8YHUDDTCQ5.SEARCH&ppt=None&ppn=None&ssid=wht8q3mvhc0000001768228280014&qH=c06ea84a1e3dc3c6
HP 15 (2024) AMD Ryzen 3 Quad Core 7320U - (8 GB/512 GB SSD/Windows 11 Home) 15-fc0500AU / 15-fc0154AU...,"₹31,990",https://rukminim2.flixcart.com/image/312/312/xif0q/computer/g/s/s/-original-imahg5fxvpgb5r7c.jpeg?q=70,https://www.flipkart.com/hp-15-2024-amd-ryzen-3-quad-core-7320u-8-gb-512-gb-ssd-windows-11-home-15-fc0500au-15-fc0154au-thin-light-laptop/p/itm341b4714ead99?pid=COMH56DFUBTUMXRH&lid=LSTCOMH56DFUBTUMXRHUIRDZB&marketplace=FLIPKART&q=laptops&store=6bo%2Fb5g&srno=s_7_161&otracker=search&fm=organic&iid=a68b7b98-12c7-40f5-a22e-e604174ad9cc.COMH56DFUBTUMXRH.SEARCH&ppt=None&ppn=None&ssid=wht8q3mvhc0000001768228280014&qH=c06ea84a1e3dc3c6
DELL 15 (Core i3 14th Gen) Intel Core 3 100U - (8 GB/512 GB SSD/Windows 11 Home) DC15250 Thin and Ligh...,"₹38,990",https://rukminim2.flixcart.com/image/312/312/xif0q/computer/3/8/q/-original-imahejuztvefp92a.jpeg?q=70,https://www.flipkart.com/dell-15-core-i3-14th-gen-intel-core-3-100u-8-gb-512-gb-ssd-windows-11-home-dc15250-thin-light-laptop/p/itm87e573ca31e21?pid=COMHDWZ63ZXXJTNF&lid=LSTCOMHDWZ63ZXXJTNFND75LO&marketplace=FLIPKART&q=laptops&store=6bo%2Fb5g&srno=s_7_162&otracker=search&fm=organic&iid=a68b7b98-12c7-40f5-a22e-e604174ad9cc.COMHDWZ63ZXXJTNF.SEARCH&ppt=None&ppn=None&ssid=wht8q3mvhc0000001768228280014&qH=c06ea84a1e3dc3c6
ASUS Vivobook Go 15 AMD Ryzen 5 Quad Core 7520U - (16 GB/512 GB SSD/Windows 11 Home) E1504FA-NJ5542WS ...,"₹41,499",https://rukminim2.flixcart.com/image/312/312/xif0q/computer/f/6/r/-original-imahg53uvtcffmvf.jpeg?q=70,https://www.flipkart.com/asus-vivobook-go-15-amd-ryzen-5-quad-core-7520u-16-gb-512-gb-ssd-windows-11-home-e1504fa-nj5542ws-e1504fa-nj1505ws-thin-light-laptop/p/itm24ce8ebbf5e72?pid=COMH8VXVXPVQTHHR&lid=LSTCOMH8VXVXPVQTHHR34RFXD&marketplace=FLIPKART&q=laptops&store=6bo%2Fb5g&srno=s_7_163&otracker=search&fm=organic&iid=a68b7b98-12c7-40f5-a22e-e604174ad9cc.COMH8VXVXPVQTHHR.SEARCH&ppt=None&ppn=None&ssid=wht8q3mvhc0000001768228280014&qH=c06ea84a1e3dc3c6
DELL G15 Intel Core i5 13th Gen 13450HX - (16 GB/1 TB SSD/Windows 11 Home/6 GB Graphics/NVIDIA GeForce...,"₹77,787",https://rukminim2.flixcart.com/image/312/312/xif0q/computer/d/v/i/-original-imahg5fx3tynrzar.jpeg?q=70,https://www.flipkart.com/dell-g15-intel-core-i5-13th-gen-13450hx-16-gb-1-tb-ssd-windows-11-home-6-gb-graphics-nvidia-geforce-rtx-3050-120-hz-ogn55301106g201rino-gaming-laptop/p/itmd1b02da743465?pid=COMH8Z22WGKPQGV3&lid=LSTCOMH8Z22WGKPQGV3WOBNQH&marketplace=FLIPKART&q=laptops&store=6bo%2Fb5g&srno=s_7_164&otracker=search&fm=organic&iid=a68b7b98-12c7-40f5-a22e-e604174ad9cc.COMH8Z22WGKPQGV3.SEARCH&ppt=None&ppn=None&ssid=wht8q3mvhc0000001768228280014&qH=c06ea84a1e3dc3c6
DELL Inspiron MSO '2024 Intel Core i3 13th Gen 1305U - (8 GB/512 GB SSD/Windows 11 Home) Inspiron 3530...,"₹39,599",https://rukminim2.flixcart.com/image/312/312/xif0q/computer/c/p/q/inspiron-3530-thin-and-light-laptop-dell-original-imah7wsqrek589hf.jpeg?q=70,https://www.flipkart.com/dell-inspiron-mso-2024-intel-core-i3-13th-gen-1305u-8-gb-512-gb-ssd-windows-11-home-3530-thin-light-laptop/p/itm56b02a3274b1b?pid=COMH7ZE6HHRCSSFQ&lid=LSTCOMH7ZE6HHRCSSFQBKOGGC&marketplace=FLIPKART&q=laptops&store=6bo%2Fb5g&srno=s_7_165&otracker=search&fm=organic&iid=a68b7b98-12c7-40f5-a22e-e604174ad9cc.COMH7ZE6HHRCSSFQ.SEARCH&ppt=None&ppn=None&ssid=wht8q3mvhc0000001768228280014&qH=c06ea84a1e3dc3c6
HP Intel Core i3 13th Gen 1315U - (8 GB/512 GB SSD/Windows 11 Home) 15-fd0569TU Thin and Light Laptop,"₹38,990",https://rukminim2.flixcart.com/image/312/312/xif0q/computer/q/b/y/-original-imahbpzxs7jyyvnh.jpeg?q=70,https://www.flipkart.com/hp-intel-core-i3-13th-gen-1315u-8-gb-512-gb-ssd-windows-11-home-15-fd0569tu-thin-light-laptop/p/itm8229e9aa059be?pid=COMHBFRJJPDPHZ2H&lid=LSTCOMHBFRJJPDPHZ2HYBMMEV&marketplace=FLIPKART&q=laptops&store=6bo%2Fb5g&srno=s_7_166&otracker=search&fm=organic&iid=a68b7b98-12c7-40f5-a22e-e604174ad9cc.COMHBFRJJPDPHZ2H.SEARCH&ppt=None&ppn=None&ssid=wht8q3mvhc0000001768228280014&qH=c06ea84a1e3dc3c6
MSI Thin A15 AMD Ryzen 7 Octa Core 7735HS - (16 GB/1 TB SSD/Windows 11 Home/6 GB Graphics/NVIDIA GeFor...,"₹1,03,990",https://rukminim2.flixcart.com/image/312/312/xif0q/computer/l/f/n/-original-imahg4paqfhchqgz.jpeg?q=70,https://www.flipkart.com/msi-thin-a15-amd-ryzen-7-octa-core-7735hs-16-gb-1-tb-ssd-windows-11-home-6-gb-graphics-nvidia-geforce-rtx-4050-144-hz-b7ve-065in-gaming-laptop/p/itm61400c2ed6802?pid=COMGXMSXGVH2QZHZ&lid=LSTCOMGXMSXGVH2QZHZD09IHK&marketplace=FLIPKART&q=laptops&store=6bo%2Fb5g&srno=s_7_167&otracker=search&fm=organic&iid=a68b7b98-12c7-40f5-a22e-e604174ad9cc.COMGXMSXGVH2QZHZ.SEARCH&ppt=None&ppn=None&ssid=wht8q3mvhc0000001768228280014&qH=c06ea84a1e3dc3c6
"DELL 16 Plus Next Gen AI PC Backlit Keyboard, Fingerprint reader Intel Core Ultra 5 226V - (16 GB/512 ...","₹73,990",https://rukminim2.flixcart.com/image/312/312/xif0q/computer/i/y/t/-original-imahgx8whbcmquff.jpeg?q=70,https://www.flipkart.com/dell-16-plus-next-gen-ai-pc-backlit-keyboard-fingerprint-reader-intel-core-ultra-5-226v-16-gb-512-gb-ssd-windows-11-home-db16250-thin-light-laptop/p/itm7b604a358f0b5?pid=COMHDWZ66CSNQM2X&lid=LSTCOMHDWZ66CSNQM2XRYI4FW&marketplace=FLIPKART&q=laptops&store=6bo%2Fb5g&srno=s_7_168&otracker=search&fm=organic&iid=a68b7b98-12c7-40f5-a22e-e604174ad9cc.COMHDWZ66CSNQM2X.SEARCH&ppt=None&ppn=None&ssid=wht8q3mvhc0000001768228280014&qH=c06ea84a1e3dc3c6
Acer Aspire Lite Intel Core i5 12th Gen 1235U - (16 GB/1 TB SSD/Windows 11 Home) AL15-52 Thin and Ligh...,"₹51,990",https://rukminim2.flixcart.com/image/312/312/xif0q/computer/7/n/r/al15-51-thin-and-light-laptop-acer-original-imagrtakqhprf7eu.jpeg?q=70,https://www.flipkart.com/acer-aspire-lite-intel-core-i5-12th-gen-1235u-16-gb-1-tb-ssd-windows-11-home-al15-52-thin-light-laptop/p/itm130746bcc0e38?pid=COMGWKF2MGDCTMPD&lid=LSTCOMGWKF2MGDCTMPDJ78FME&marketplace=FLIPKART&q=laptops&store=6bo%2Fb5g&srno=s_8_169&otracker=search&fm=organic&iid=7a2ed963-a3b4-44be-b6dd-31be02a3a9ea.COMGWKF2MGDCTMPD.SEARCH&ppt=None&ppn=None&ssid=4c58vqtq740000001768228290131&qH=c06ea84a1e3dc3c6
MSI Thin A15 AMD Ryzen 5 Hexa Core 7535HS - (16 GB/512 GB SSD/Windows 11 Home/4 GB Graphics/NVIDIA GeF...,"₹62,990",https://rukminim2.flixcart.com/image/312/312/xif0q/computer/q/t/k/-original-imahg5funwzrtwug.jpeg?q=70,https://www.flipkart.com/msi-thin-a15-amd-ryzen-5-hexa-core-7535hs-16-gb-512-gb-ssd-windows-11-home-4-graphics-nvidia-geforce-rtx-2050-144-hz-b7ucx-285in-b7ucx-105in-gaming-laptop/p/itm61400c2ed6802?pid=COMGXMSXZTA8NKTP&lid=LSTCOMGXMSXZTA8NKTPBP1VB6&marketplace=FLIPKART&q=laptops&store=6bo%2Fb5g&srno=s_8_170&otracker=search&fm=organic&iid=7a2ed963-a3b4-44be-b6dd-31be02a3a9ea.COMGXMSXZTA8NKTP.SEARCH&ppt=None&ppn=None&ssid=4c58vqtq740000001768228290131&qH=c06ea84a1e3dc3c6
Lenovo IdeaPad Slim 5 WUXGA OLED Full Metal Body Intel Core i5 13th Gen 13420H - (16 GB/1 TB SSD/Windo...,"₹67,990",https://rukminim2.flixcart.com/image/312/312/xif0q/computer/o/v/3/-original-imahfkh32rjbqrhj.jpeg?q=70,https://www.flipkart.com/lenovo-ideapad-slim-5-wuxga-oled-full-metal-body-intel-core-i5-13th-gen-13420h-16-gb-1-tb-ssd-windows-11-home-thin-light-laptop/p/itm1df1fe93dcbfd?pid=COMHAF73KBHEEFJS&lid=LSTCOMHAF73KBHEEFJS6PPM9N&marketplace=FLIPKART&q=laptops&store=6bo%2Fb5g&srno=s_8_171&otracker=search&fm=organic&iid=7a2ed963-a3b4-44be-b6dd-31be02a3a9ea.COMHAF73KBHEEFJS.SEARCH&ppt=None&ppn=None&ssid=4c58vqtq740000001768228290131&qH=c06ea84a1e3dc3c6
Lenovo IdeaPad 1 AMD Ryzen 5 Quad Core 3500U - (8 GB/512 GB SSD/Windows 11 Home) 15ADA7 Thin and Light...,"₹36,499",https://rukminim2.flixcart.com/image/312/312/xif0q/computer/w/o/s/-original-imahg4vk4r3f65uw.jpeg?q=70,https://www.flipkart.com/lenovo-ideapad-1-amd-ryzen-5-quad-core-3500u-8-gb-512-gb-ssd-windows-11-home-15ada7-thin-light-laptop/p/itm3ee2f5da49d46?pid=COMGFM5BXGAMEWPE&lid=LSTCOMGFM5BXGAMEWPEAEYOPP&marketplace=FLIPKART&q=laptops&store=6bo%2Fb5g&srno=s_8_172&otracker=search&fm=organic&iid=7a2ed963-a3b4-44be-b6dd-31be02a3a9ea.COMGFM5BXGAMEWPE.SEARCH&ppt=None&ppn=None&ssid=4c58vqtq740000001768228290131&qH=c06ea84a1e3dc3c6
Lenovo LOQ Intel Core i7 13th Gen 13650HX - (24 GB/512 GB SSD/Windows 11 Home/8 GB Graphics/NVIDIA GeF...,"₹1,04,990",https://rukminim2.flixcart.com/image/312/312/xif0q/computer/p/h/b/-original-imahg5fxwz6gbtzg.jpeg?q=70,https://www.flipkart.com/lenovo-loq-intel-core-i7-13th-gen-13650hx-24-gb-512-gb-ssd-windows-11-home-8-graphics-nvidia-geforce-rtx-4060-15irx9-gaming-laptop/p/itme3e94a3f73f71?pid=COMHYXV9QNDKU8KM&lid=LSTCOMHYXV9QNDKU8KMCXUULT&marketplace=FLIPKART&q=laptops&store=6bo%2Fb5g&srno=s_8_173&otracker=search&fm=organic&iid=7a2ed963-a3b4-44be-b6dd-31be02a3a9ea.COMHYXV9QNDKU8KM.SEARCH&ppt=None&ppn=None&ssid=4c58vqtq740000001768228290131&qH=c06ea84a1e3dc3c6
Lenovo LOQ Intel Core i5 12th Gen 12450HX - (16 GB/512 GB SSD/Windows 11 Home/6 GB Graphics/NVIDIA GeF...,"₹78,999",https://rukminim2.flixcart.com/image/312/312/xif0q/computer/6/l/x/-original-imahywvc3htmaxaq.jpeg?q=70,https://www.flipkart.com/lenovo-loq-intel-core-i5-12th-gen-12450hx-16-gb-512-gb-ssd-windows-11-home-6-graphics-nvidia-geforce-rtx-3050-144-hz-83gs00pjin-gaming-laptop/p/itme3e94a3f73f71?pid=COMH9YN3WFWSSHEY&lid=LSTCOMH9YN3WFWSSHEYKQSWZ2&marketplace=FLIPKART&q=laptops&store=6bo%2Fb5g&srno=s_8_174&otracker=search&fm=organic&iid=7a2ed963-a3b4-44be-b6dd-31be02a3a9ea.COMH9YN3WFWSSHEY.SEARCH&ppt=None&ppn=None&ssid=4c58vqtq740000001768228290131&qH=c06ea84a1e3dc3c6
Lenovo Chromebook MediaTek Kompanio 520 - (8 GB/128 GB EMMC Storage/Chrome OS) 14M868 Thin and Light L...,"₹23,990",https://rukminim2.flixcart.com/image/312/312/xif0q/computer/k/3/v/-original-imahgfdfysyznaan.jpeg?q=70,https://www.flipkart.com/lenovo-chromebook-mediatek-kompanio-520-8-gb-128-gb-emmc-storage-chrome-os-14m868-thin-light-laptop/p/itm4dc67999fe3de?pid=COMGTR89FPA5ZWVC&lid=LSTCOMGTR89FPA5ZWVCQYXZ35&marketplace=FLIPKART&q=laptops&store=6bo%2Fb5g&srno=s_8_175&otracker=search&fm=organic&iid=7a2ed963-a3b4-44be-b6dd-31be02a3a9ea.COMGTR89FPA5ZWVC.SEARCH&ppt=None&ppn=None&ssid=4c58vqtq740000001768228290131&qH=c06ea84a1e3dc3c6
MSI Thin A15 AMD Ryzen 5 Hexa Core 7535HS - (8 GB/512 GB SSD/Windows 11 Home/4 GB Graphics/NVIDIA GeFo...,"₹61,990",https://rukminim2.flixcart.com/image/312/312/xif0q/computer/q/t/k/-original-imahg5funwzrtwug.jpeg?q=70,https://www.flipkart.com/msi-thin-a15-amd-ryzen-5-hexa-core-7535hs-8-gb-512-gb-ssd-windows-11-home-4-graphics-nvidia-geforce-rtx-2050-144-hz-b7ucx-216in-gaming-laptop/p/itm61400c2ed6802?pid=COMHY74JFB6NRPRF&lid=LSTCOMHY74JFB6NRPRFHIM52H&marketplace=FLIPKART&q=laptops&store=6bo%2Fb5g&srno=s_8_176&otracker=search&fm=organic&iid=7a2ed963-a3b4-44be-b6dd-31be02a3a9ea.COMHY74JFB6NRPRF.SEARCH&ppt=None&ppn=None&ssid=4c58vqtq740000001768228290131&qH=c06ea84a1e3dc3c6
MSI Modern 14 Intel Core i7 12th Gen 1255U - (8 GB/512 GB SSD/Windows 11 Home) Modern 14 C12M-670IN Th...,"₹63,990",https://rukminim2.flixcart.com/image/312/312/xif0q/computer/q/u/i/-original-imahg53u7fzd9zas.jpeg?q=70,https://www.flipkart.com/msi-modern-14-intel-core-i7-12th-gen-1255u-8-gb-512-gb-ssd-windows-11-home-c12m-670in-thin-light-laptop/p/itm8820edd8b6c55?pid=COMGPXFYSYRWSECV&lid=LSTCOMGPXFYSYRWSECV3FT3CZ&marketplace=FLIPKART&q=laptops&store=6bo%2Fb5g&srno=s_8_177&otracker=search&fm=organic&iid=7a2ed963-a3b4-44be-b6dd-31be02a3a9ea.COMGPXFYSYRWSECV.SEARCH&ppt=None&ppn=None&ssid=4c58vqtq740000001768228290131&qH=c06ea84a1e3dc3c6
HP 245 G10 (2025) AMD Ryzen 5 Quad Core 7520U - (8 GB/512 GB SSD/Windows 11 Home) 245 G10 Thin and Lig...,"₹35,990",https://rukminim2.flixcart.com/image/312/312/xif0q/computer/n/w/r/245-g10-thin-and-light-laptop-hp-original-imahg5gtrxsc3hky.jpeg?q=70,https://www.flipkart.com/hp-245-g10-2025-amd-ryzen-5-quad-core-7520u-8-gb-512-gb-ssd-windows-11-home-thin-light-laptop/p/itm9cfcf1aae0eb6?pid=COMHG5GTHSB8BECK&lid=LSTCOMHG5GTHSB8BECKJAKLE4&marketplace=FLIPKART&q=laptops&store=6bo%2Fb5g&srno=s_8_178&otracker=search&fm=organic&iid=7a2ed963-a3b4-44be-b6dd-31be02a3a9ea.COMHG5GTHSB8BECK.SEARCH&ppt=None&ppn=None&ssid=4c58vqtq740000001768228290131&qH=c06ea84a1e3dc3c6
Acer Nitro V AMD Ryzen 5 Hexa Core 6600H - (16 GB/512 GB SSD/Windows 11 Home/6 GB Graphics/NVIDIA GeFo...,"₹61,990",https://rukminim2.flixcart.com/image/312/312/xif0q/computer/q/o/7/-original-imahg533fnaxrzgz.jpeg?q=70,https://www.flipkart.com/acer-nitro-v-amd-ryzen-5-hexa-core-6600h-16-gb-512-gb-ssd-windows-11-home-6-graphics-nvidia-geforce-rtx-3050-anv15-41-r8g0-gaming-laptop/p/itm33a9aedda362e?pid=COMH6C5AMHNHHRUF&lid=LSTCOMH6C5AMHNHHRUFVIAOAQ&marketplace=FLIPKART&q=laptops&store=6bo%2Fb5g&srno=s_8_179&otracker=search&fm=organic&iid=7a2ed963-a3b4-44be-b6dd-31be02a3a9ea.COMH6C5AMHNHHRUF.SEARCH&ppt=None&ppn=None&ssid=4c58vqtq740000001768228290131&qH=c06ea84a1e3dc3c6
HP 245 G10 Backlit + FingerPrint (2025) AMD Ryzen 3 Quad Core 7330U - (8 GB/512 GB SSD/Windows 11 Home...,"₹34,990",https://rukminim2.flixcart.com/image/312/312/xif0q/computer/v/t/4/14-g10-thin-and-light-laptop-hp-original-imahfrjduf6rh4hg.jpeg?q=70,https://www.flipkart.com/hp-245-g10-backlit-fingerprint-2025-amd-ryzen-3-quad-core-7330u-8-gb-512-gb-ssd-windows-11-home-thin-light-laptop/p/itmaea1797d3b1f6?pid=COMHGHSUDVHEFYQR&lid=LSTCOMHGHSUDVHEFYQRJE9ABV&marketplace=FLIPKART&q=laptops&store=6bo%2Fb5g&srno=s_8_180&otracker=search&fm=organic&iid=7a2ed963-a3b4-44be-b6dd-31be02a3a9ea.COMHGHSUDVHEFYQR.SEARCH&ppt=None&ppn=None&ssid=4c58vqtq740000001768228290131&qH=c06ea84a1e3dc3c6
Lenovo LOQ Intel Core i5 12th Gen 12450HX - (12 GB/512 GB SSD/Windows 11 Home/4 GB Graphics/NVIDIA GeF...,"₹57,990",https://rukminim2.flixcart.com/image/312/312/xif0q/computer/y/7/k/-original-imahg5fwtdeyz5wa.jpeg?q=70,https://www.flipkart.com/lenovo-loq-intel-core-i5-12th-gen-12450hx-12-gb-512-gb-ssd-windows-11-home-4-graphics-nvidia-geforce-rtx-2050-15iax9d1-gaming-laptop/p/itme3e94a3f73f71?pid=COMHY9Z8AFVPHVJF&lid=LSTCOMHY9Z8AFVPHVJFAMRSWH&marketplace=FLIPKART&q=laptops&store=6bo%2Fb5g&srno=s_8_181&otracker=search&fm=organic&iid=7a2ed963-a3b4-44be-b6dd-31be02a3a9ea.COMHY9Z8AFVPHVJF.SEARCH&ppt=None&ppn=None&ssid=4c58vqtq740000001768228290131&qH=c06ea84a1e3dc3c6
ASUS Vivobook GO 14 AMD Ryzen 3 Quad Core 7320U - (8 GB/512 GB SSD/Windows 11 Home) E1404FA-NK323WS | ...,"₹34,990",https://rukminim2.flixcart.com/image/312/312/xif0q/computer/s/1/a/-original-imah3samb4jbzg67.jpeg?q=70,https://www.flipkart.com/asus-vivobook-go-14-amd-ryzen-3-quad-core-7320u-8-gb-512-gb-ssd-windows-11-home-e1404fa-nk323ws-e1404fa-eb2323ws-thin-light-laptop/p/itmfa86ba94599db?pid=COMGNWZQZNRRTUKD&lid=LSTCOMGNWZQZNRRTUKDFOKSNU&marketplace=FLIPKART&q=laptops&store=6bo%2Fb5g&srno=s_8_182&otracker=search&fm=organic&iid=7a2ed963-a3b4-44be-b6dd-31be02a3a9ea.COMGNWZQZNRRTUKD.SEARCH&ppt=None&ppn=None&ssid=4c58vqtq740000001768228290131&qH=c06ea84a1e3dc3c6
ASUS ROG Ally AMD Ryzen Z1 Octa Core Extreme - (16 GB/512 GB SSD/Windows 11 Home) RC71L-NH001W Handhel...,"₹39,990",https://rukminim2.flixcart.com/image/312/312/xif0q/computer/1/o/r/-original-imahg5fx7dm6pwqf.jpeg?q=70,https://www.flipkart.com/asus-rog-ally-amd-ryzen-z1-octa-core-extreme-16-gb-512-gb-ssd-windows-11-home-rc71l-nh001w-handheld-gaming-pc/p/itmb78a936e4a671?pid=COMGQKQ7GGNFR8N4&lid=LSTCOMGQKQ7GGNFR8N4RTUGBT&marketplace=FLIPKART&q=laptops&store=6bo%2Fb5g&srno=s_8_183&otracker=search&fm=organic&iid=7a2ed963-a3b4-44be-b6dd-31be02a3a9ea.COMGQKQ7GGNFR8N4.SEARCH&ppt=None&ppn=None&ssid=4c58vqtq740000001768228290131&qH=c06ea84a1e3dc3c6
Lenovo IdeaPad Pro 5 Intel Core Ultra 9 285H - (32 GB/1 TB SSD/Windows 11 Home) 14IAH10 Thin and Light...,"₹1,09,990",https://rukminim2.flixcart.com/image/312/312/xif0q/computer/l/k/f/-original-imahfkh3qpgzrzcw.jpeg?q=70,https://www.flipkart.com/lenovo-ideapad-pro-5-intel-core-ultra-9-285h-32-gb-1-tb-ssd-windows-11-home-14iah10-thin-light-laptop/p/itmd7d69c58f3bc7?pid=COMHEAQTBUKSCUZE&lid=LSTCOMHEAQTBUKSCUZELO7MJY&marketplace=FLIPKART&q=laptops&store=6bo%2Fb5g&srno=s_8_184&otracker=search&fm=organic&iid=7a2ed963-a3b4-44be-b6dd-31be02a3a9ea.COMHEAQTBUKSCUZE.SEARCH&ppt=None&ppn=None&ssid=4c58vqtq740000001768228290131&qH=c06ea84a1e3dc3c6
"ASUS Vivobook 15 (2025) (i5 14th Gen) with MSO 2024 + M365 Basic*, Backlit Keyboard, Intel Core 5 120U...","₹58,990",https://rukminim2.flixcart.com/image/312/312/xif0q/computer/k/k/g/-original-imahgfdfsmh5qxak.jpeg?q=70,https://www.flipkart.com/asus-vivobook-15-2025-i5-14th-gen-mso-2024-m365-basic-backlit-keyboard-intel-core-5-120u-16-gb-512-gb-ssd-windows-11-home-x1504vap-nj2864ws-x1504vap-bq542ws-thin-light-laptop/p/itm7b6f71c3e0b7e?pid=COMHDG7C2U4CAHFC&lid=LSTCOMHDG7C2U4CAHFCOPVPAK&marketplace=FLIPKART&q=laptops&store=6bo%2Fb5g&srno=s_8_185&otracker=search&fm=organic&iid=7a2ed963-a3b4-44be-b6dd-31be02a3a9ea.COMHDG7C2U4CAHFC.SEARCH&ppt=None&ppn=None&ssid=4c58vqtq740000001768228290131&qH=c06ea84a1e3dc3c6
MSI Intel Core i3 12th Gen 1215U - (16 GB/512 GB SSD/Windows 11 Home) Modern 14 C12MO-1402IN Business ...,"₹37,990",https://rukminim2.flixcart.com/image/312/312/xif0q/computer/w/u/i/-original-imahg52mqrgqpgd6.jpeg?q=70,https://www.flipkart.com/msi-intel-core-i3-12th-gen-1215u-16-gb-512-gb-ssd-windows-11-home-modern-14-c12mo-1402in-business-laptop/p/itm8820edd8b6c55?pid=COMH3YTFU2GCEHTR&lid=LSTCOMH3YTFU2GCEHTRIRB7AS&marketplace=FLIPKART&q=laptops&store=6bo%2Fb5g&srno=s_8_186&otracker=search&fm=organic&iid=7a2ed963-a3b4-44be-b6dd-31be02a3a9ea.COMH3YTFU2GCEHTR.SEARCH&ppt=None&ppn=None&ssid=4c58vqtq740000001768228290131&qH=c06ea84a1e3dc3c6
HP (Core i3 14th Gen) Intel Core 3 100U - (8 GB/512 GB SSD/Windows 11 Home) 15-fd1095TU Thin and Light...,"₹48,990",https://rukminim2.flixcart.com/image/312/312/xif0q/computer/t/o/d/-original-imahg5ftpnyzgk7y.jpeg?q=70,https://www.flipkart.com/hp-core-i3-14th-gen-intel-core-3-100u-8-gb-512-gb-ssd-windows-11-home-15-fd1095tu-thin-light-laptop/p/itm95d048b532731?pid=COMHY9ZVDGZVWPFJ&lid=LSTCOMHY9ZVDGZVWPFJJSAJLC&marketplace=FLIPKART&q=laptops&store=6bo%2Fb5g&srno=s_8_187&otracker=search&fm=organic&iid=7a2ed963-a3b4-44be-b6dd-31be02a3a9ea.COMHY9ZVDGZVWPFJ.SEARCH&ppt=None&ppn=None&ssid=4c58vqtq740000001768228290131&qH=c06ea84a1e3dc3c6
Lenovo LOQ Intel Core i5 12th Gen 12450HX - (16 GB/512 GB SSD/Windows 11 Home/6 GB Graphics/NVIDIA GeF...,"₹72,990",https://rukminim2.flixcart.com/image/312/312/xif0q/computer/s/d/v/-original-imahg5fxjqdxnmwh.jpeg?q=70,https://www.flipkart.com/lenovo-loq-intel-core-i5-12th-gen-12450hx-16-gb-512-gb-ssd-windows-11-home-6-graphics-nvidia-geforce-rtx-4050-15iax9-15iax9d2-gaming-laptop/p/itme3e94a3f73f71?pid=COMHYXVABRPB2XQ5&lid=LSTCOMHYXVABRPB2XQ57M1XQE&marketplace=FLIPKART&q=laptops&store=6bo%2Fb5g&srno=s_8_188&otracker=search&fm=organic&iid=7a2ed963-a3b4-44be-b6dd-31be02a3a9ea.COMHYXVABRPB2XQ5.SEARCH&ppt=None&ppn=None&ssid=4c58vqtq740000001768228290131&qH=c06ea84a1e3dc3c6
MSI Thin 15 Intel Core i5 12th Gen 12450H - (16 GB/512 GB SSD/Windows 11 Home/4 GB Graphics/NVIDIA GeF...,"₹66,990",https://rukminim2.flixcart.com/image/312/312/xif0q/computer/a/f/w/-original-imahg533dp2zdbhv.jpeg?q=70,https://www.flipkart.com/msi-thin-15-intel-core-i5-12th-gen-12450h-16-gb-512-gb-ssd-windows-11-home-4-graphics-nvidia-geforce-rtx-3050-144-hz-b12uc-1692in-gaming-laptop/p/itmc1581367ea4e2?pid=COMGYSFGYMSJ7QPE&lid=LSTCOMGYSFGYMSJ7QPEQ2CEMQ&marketplace=FLIPKART&q=laptops&store=6bo%2Fb5g&srno=s_8_189&otracker=search&fm=organic&iid=7a2ed963-a3b4-44be-b6dd-31be02a3a9ea.COMGYSFGYMSJ7QPE.SEARCH&ppt=None&ppn=None&ssid=4c58vqtq740000001768228290131&qH=c06ea84a1e3dc3c6
Lenovo LOQ Essential Intel Core i7 12650HX - (16 GB/512 GB SSD/Windows 11 Home/6 GB Graphics/NVIDIA Ge...,"₹79,990",https://rukminim2.flixcart.com/image/312/312/xif0q/computer/4/z/i/-original-imahbzhpaggvytyz.jpeg?q=70,https://www.flipkart.com/lenovo-loq-essential-intel-core-i7-12650hx-16-gb-512-gb-ssd-windows-11-home-6-graphics-nvidia-geforce-gtx-4050-15iax9e-gaming-laptop/p/itmd07e54ebaf097?pid=COMHGEQVUDH5RKJH&lid=LSTCOMHGEQVUDH5RKJH61KR61&marketplace=FLIPKART&q=laptops&store=6bo%2Fb5g&srno=s_8_190&otracker=search&fm=organic&iid=7a2ed963-a3b4-44be-b6dd-31be02a3a9ea.COMHGEQVUDH5RKJH.SEARCH&ppt=None&ppn=None&ssid=4c58vqtq740000001768228290131&qH=c06ea84a1e3dc3c6
MSI Modern 14 AMD Ryzen 5 Hexa Core 7530U - (16 GB/512 GB SSD/Windows 11 Home) Modern 14 C7M-062IN Thi...,"₹44,990",https://rukminim2.flixcart.com/image/312/312/xif0q/computer/p/r/b/-original-imahg5fuz34uc68q.jpeg?q=70,https://www.flipkart.com/msi-modern-14-amd-ryzen-5-hexa-core-7530u-16-gb-512-gb-ssd-windows-11-home-c7m-062in-thin-light-laptop/p/itm8820edd8b6c55?pid=COMGMV6VNCJ7TTYV&lid=LSTCOMGMV6VNCJ7TTYVJYI44H&marketplace=FLIPKART&q=laptops&store=6bo%2Fb5g&srno=s_8_191&otracker=search&fm=organic&iid=7a2ed963-a3b4-44be-b6dd-31be02a3a9ea.COMGMV6VNCJ7TTYV.SEARCH&ppt=None&ppn=None&ssid=4c58vqtq740000001768228290131&qH=c06ea84a1e3dc3c6
MSI Intel Core i3 12th Gen 1215U - (8 GB/512 GB SSD/Windows 11 Home) Modern 14 C12MO-1401IN Business L...,"₹34,990",https://rukminim2.flixcart.com/image/312/312/xif0q/computer/w/u/i/-original-imahg52mqrgqpgd6.jpeg?q=70,https://www.flipkart.com/msi-intel-core-i3-12th-gen-1215u-8-gb-512-gb-ssd-windows-11-home-modern-14-c12mo-1401in-business-laptop/p/itm8820edd8b6c55?pid=COMH3YTFKTG4TG2B&lid=LSTCOMH3YTFKTG4TG2BDTGXSD&marketplace=FLIPKART&q=laptops&store=6bo%2Fb5g&srno=s_8_192&otracker=search&fm=organic&iid=7a2ed963-a3b4-44be-b6dd-31be02a3a9ea.COMH3YTFKTG4TG2B.SEARCH&ppt=None&ppn=None&ssid=4c58vqtq740000001768228290131&qH=c06ea84a1e3dc3c6
Lenovo Ideapad Intel Core i5 12th Gen 12450H - (16 GB/512 GB SSD/Windows 11 Home/4 GB Graphics) 15IAH8...,"₹52,250",https://rukminim2.flixcart.com/image/312/312/xif0q/computer/z/p/f/-original-imahex3uzm8x2gsk.jpeg?q=70,https://www.flipkart.com/lenovo-ideapad-intel-core-i5-12th-gen-12450h-16-gb-512-gb-ssd-windows-11-home-4-graphics-15iah8-thin-light-laptop/p/itm76f0e5d975817?pid=COMGYSFGJKSCNDDC&lid=LSTCOMGYSFGJKSCNDDCBGJMZD&marketplace=FLIPKART&q=laptops&store=6bo%2Fb5g&srno=s_9_193&otracker=search&fm=organic&iid=5b3350b4-5aca-470b-ad87-d9dd8883c590.COMGYSFGJKSCNDDC.SEARCH&ppt=None&ppn=None&ssid=qv3ggw6fcw0000001768228311661&qH=c06ea84a1e3dc3c6
Lenovo Chromebook MediaTek Kompanio 520 - (4 GB/128 GB EMMC Storage/Chrome OS) 14M868 Chromebook,"₹16,990",https://rukminim2.flixcart.com/image/312/312/xif0q/computer/k/3/v/-original-imahgfdfysyznaan.jpeg?q=70,https://www.flipkart.com/lenovo-chromebook-mediatek-kompanio-520-4-gb-128-gb-emmc-storage-chrome-os-14m868/p/itm4dc67999fe3de?pid=COMGSYYSHRSUEGMG&lid=LSTCOMGSYYSHRSUEGMGL82DZU&marketplace=FLIPKART&q=laptops&store=6bo%2Fb5g&srno=s_9_194&otracker=search&fm=organic&iid=5b3350b4-5aca-470b-ad87-d9dd8883c590.COMGSYYSHRSUEGMG.SEARCH&ppt=None&ppn=None&ssid=qv3ggw6fcw0000001768228311661&qH=c06ea84a1e3dc3c6
MSI Thin 15 Intel Core i5 12th Gen 12450H - (16 GB/512 GB SSD/Windows 11 Home/4 GB Graphics/NVIDIA GeF...,"₹64,990",https://rukminim2.flixcart.com/image/312/312/xif0q/computer/a/f/w/-original-imahg533dp2zdbhv.jpeg?q=70,https://www.flipkart.com/msi-thin-15-intel-core-i5-12th-gen-12450h-16-gb-512-gb-ssd-windows-11-home-4-graphics-nvidia-geforce-rtx-2050-144-hz-b12ucx-2471in-gaming-laptop/p/itmc1581367ea4e2?pid=COMGYSFG4WHPVAVZ&lid=LSTCOMGYSFG4WHPVAVZ6L3G5Q&marketplace=FLIPKART&q=laptops&store=6bo%2Fb5g&srno=s_9_195&otracker=search&fm=organic&iid=5b3350b4-5aca-470b-ad87-d9dd8883c590.COMGYSFG4WHPVAVZ.SEARCH&ppt=None&ppn=None&ssid=qv3ggw6fcw0000001768228311661&qH=c06ea84a1e3dc3c6
Ultimus APEX Intel Celeron Dual Core 4mm Thin Bezel 180 Degree Hinge - (8 GB/512 GB SSD/Windows 11 Hom...,"₹18,490",https://rukminim2.flixcart.com/image/312/312/xif0q/computer/t/q/a/-original-imahdwj9e5kfcz9q.jpeg?q=70,https://www.flipkart.com/ultimus-apex-intel-celeron-dual-core-4mm-thin-bezel-180-degree-hinge-8-gb-512-gb-ssd-windows-11-home-nu14u7inc56bn-cs-laptop/p/itmaae4020849226?pid=COMHBZS3GGEYY8SK&lid=LSTCOMHBZS3GGEYY8SKO6UBWF&marketplace=FLIPKART&q=laptops&store=6bo%2Fb5g&srno=s_9_196&otracker=search&fm=organic&iid=5b3350b4-5aca-470b-ad87-d9dd8883c590.COMHBZS3GGEYY8SK.SEARCH&ppt=None&ppn=None&ssid=qv3ggw6fcw0000001768228311661&qH=c06ea84a1e3dc3c6
DELL Inspiron 3535 AMD Ryzen 5 Quad Core 7520U - (8 GB/512 GB SSD/Windows 11 Home) Inspiron 3535 Thin ...,"₹43,999",https://rukminim2.flixcart.com/image/312/312/xif0q/computer/u/m/v/-original-imah8pshmdu2fezx.jpeg?q=70,https://www.flipkart.com/dell-inspiron-3535-amd-ryzen-5-quad-core-7520u-8-gb-512-gb-ssd-windows-11-home-thin-light-laptop/p/itm672bf7685863c?pid=COMH8EPFGGZ9VRF6&lid=LSTCOMH8EPFGGZ9VRF6AYG4ZI&marketplace=FLIPKART&q=laptops&store=6bo%2Fb5g&srno=s_9_197&otracker=search&fm=organic&iid=5b3350b4-5aca-470b-ad87-d9dd8883c590.COMH8EPFGGZ9VRF6.SEARCH&ppt=None&ppn=None&ssid=qv3ggw6fcw0000001768228311661&qH=c06ea84a1e3dc3c6
Acer Aspire 3 Intel Celeron Dual Core N4500 - (8 GB/512 GB SSD/Windows 11 Home) A325-45 Thin and Light...,"₹36,990",https://rukminim2.flixcart.com/image/312/312/xif0q/computer/d/6/p/-original-imah3yhqcgjtxfhw.jpeg?q=70,https://www.flipkart.com/acer-aspire-3-intel-celeron-dual-core-n4500-8-gb-512-gb-ssd-windows-11-home-a325-45-thin-light-laptop/p/itm9ca67a1a3ea22?pid=COMH59ENQYHDYJGX&lid=LSTCOMH59ENQYHDYJGXETNHJQ&marketplace=FLIPKART&q=laptops&store=6bo%2Fb5g&srno=s_9_198&otracker=search&fm=organic&iid=5b3350b4-5aca-470b-ad87-d9dd8883c590.COMH59ENQYHDYJGX.SEARCH&ppt=None&ppn=None&ssid=qv3ggw6fcw0000001768228311661&qH=c06ea84a1e3dc3c6
Acer Aspire Lite AMD Ryzen 3 Quad Core 5300U - (8 GB/512 GB SSD/Windows 11 Home) AL15-41 Thin and Ligh...,"₹31,690",https://rukminim2.flixcart.com/image/312/312/xif0q/computer/b/k/d/-original-imahb2kbf2zdan3z.jpeg?q=70,https://www.flipkart.com/acer-aspire-lite-amd-ryzen-3-quad-core-5300u-8-gb-512-gb-ssd-windows-11-home-al15-41-thin-light-laptop/p/itm1bc0bcb4598e7?pid=COMH2TPSM9V7V38F&lid=LSTCOMH2TPSM9V7V38FKUNOSA&marketplace=FLIPKART&q=laptops&store=6bo%2Fb5g&srno=s_9_199&otracker=search&fm=organic&iid=5b3350b4-5aca-470b-ad87-d9dd8883c590.COMH2TPSM9V7V38F.SEARCH&ppt=None&ppn=None&ssid=qv3ggw6fcw0000001768228311661&qH=c06ea84a1e3dc3c6
ASUS Vivobook 15 Intel Core i5 12th Gen 1235U - (16 GB/512 GB SSD/Windows 11 Home) X1502ZA-EJ545WS Thi...,"₹43,990",https://rukminim2.flixcart.com/image/312/312/xif0q/computer/c/3/a/-original-imahg5fxdapjw9dk.jpeg?q=70,https://www.flipkart.com/asus-vivobook-15-intel-core-i5-12th-gen-1235u-16-gb-512-gb-ssd-windows-11-home-x1502za-ej545ws-thin-light-laptop/p/itm3b11f9400fcd8?pid=COMGR5QEDDTGGUBX&lid=LSTCOMGR5QEDDTGGUBXOVXZAO&marketplace=FLIPKART&q=laptops&store=6bo%2Fb5g&srno=s_9_200&otracker=search&fm=organic&iid=5b3350b4-5aca-470b-ad87-d9dd8883c590.COMGR5QEDDTGGUBX.SEARCH&ppt=None&ppn=None&ssid=qv3ggw6fcw0000001768228311661&qH=c06ea84a1e3dc3c6
HP Victus Intel Core i5 12th Gen - (16 GB/512 GB SSD/Windows 11 Home/4 GB Graphics/NVIDIA GeForce RTX ...,"₹58,990",https://rukminim2.flixcart.com/image/312/312/xif0q/computer/5/e/k/-original-imahg52nyjnkbrfx.jpeg?q=70,https://www.flipkart.com/hp-victus-intel-core-i5-12th-gen-16-gb-512-gb-ssd-windows-11-home-4-graphics-nvidia-geforce-rtx-2050-15-fa1351tx-gaming-laptop/p/itm9ad6649afe111?pid=COMHY8KVNMU2S5QQ&lid=LSTCOMHY8KVNMU2S5QQTET1DH&marketplace=FLIPKART&q=laptops&store=6bo%2Fb5g&srno=s_9_201&otracker=search&fm=organic&iid=5b3350b4-5aca-470b-ad87-d9dd8883c590.COMHY8KVNMU2S5QQ.SEARCH&ppt=None&ppn=None&ssid=qv3ggw6fcw0000001768228311661&qH=c06ea84a1e3dc3c6
DELL 15 Intel Core i7 13th Gen 1355U - (16 GB/512 GB SSD/Windows 11 Home) 3530 Thin and Light Laptop,"₹67,990",https://rukminim2.flixcart.com/image/312/312/xif0q/computer/i/d/p/-original-imahg5fxzersnvp3.jpeg?q=70,https://www.flipkart.com/dell-15-intel-core-i7-13th-gen-1355u-16-gb-512-gb-ssd-windows-11-home-3530-thin-light-laptop/p/itm836637f91bd3b?pid=COMGUXC4UXUCH5BQ&lid=LSTCOMGUXC4UXUCH5BQLHQTC1&marketplace=FLIPKART&q=laptops&store=6bo%2Fb5g&srno=s_9_202&otracker=search&fm=organic&iid=5b3350b4-5aca-470b-ad87-d9dd8883c590.COMGUXC4UXUCH5BQ.SEARCH&ppt=None&ppn=None&ssid=qv3ggw6fcw0000001768228311661&qH=c06ea84a1e3dc3c6
MSI Modern 14 AMD Ryzen 5 Hexa Core 7530U - (8 GB/512 GB SSD/Windows 11 Home) Modern 14 C7M-063IN Thin...,"₹36,990",https://rukminim2.flixcart.com/image/312/312/xif0q/computer/p/r/b/-original-imahg5fuz34uc68q.jpeg?q=70,https://www.flipkart.com/msi-modern-14-amd-ryzen-5-hexa-core-7530u-8-gb-512-gb-ssd-windows-11-home-c7m-063in-thin-light-laptop/p/itm8820edd8b6c55?pid=COMGMV6VHGPAGP55&lid=LSTCOMGMV6VHGPAGP553JIQX6&marketplace=FLIPKART&q=laptops&store=6bo%2Fb5g&srno=s_9_203&otracker=search&fm=organic&iid=5b3350b4-5aca-470b-ad87-d9dd8883c590.COMGMV6VHGPAGP55.SEARCH&ppt=None&ppn=None&ssid=qv3ggw6fcw0000001768228311661&qH=c06ea84a1e3dc3c6
ASUS TUF Gaming F16 (2025) with Office 2024 + M365 Basic* Intel Core i5 13th Gen 13450HX - (16 GB/1 TB...,"₹1,13,394",https://rukminim2.flixcart.com/image/312/312/xif0q/computer/i/f/s/-original-imahgfdffz6ehhqf.jpeg?q=70,https://www.flipkart.com/asus-tuf-gaming-f16-2025-office-2024-m365-basic-intel-core-i5-13th-gen-13450hx-16-gb-1-tb-ssd-windows-11-home-8-gb-graphics-nvidia-geforce-rtx-5050-165-hz-fx608jh-rv057ws-laptop/p/itm44eb1a88aa0d3?pid=COMHCQ4KVFK5BHYU&lid=LSTCOMHCQ4KVFK5BHYUMM2UVX&marketplace=FLIPKART&q=laptops&store=6bo%2Fb5g&srno=s_9_204&otracker=search&fm=organic&iid=5b3350b4-5aca-470b-ad87-d9dd8883c590.COMHCQ4KVFK5BHYU.SEARCH&ppt=None&ppn=None&ssid=qv3ggw6fcw0000001768228311661&qH=c06ea84a1e3dc3c6
HP Victus Intel Core i5 12th Gen 12450H - (8 GB/512 GB SSD/Windows 11 Home/4 GB Graphics/NVIDIA GeForc...,"₹54,990",https://rukminim2.flixcart.com/image/312/312/xif0q/computer/5/e/k/-original-imahg52nyjnkbrfx.jpeg?q=70,https://www.flipkart.com/hp-victus-intel-core-i5-12th-gen-12450h-8-gb-512-gb-ssd-windows-11-home-4-graphics-nvidia-geforce-rtx-2050-15-fa1226tx-gaming-laptop/p/itm9ad6649afe111?pid=COMHY8KVEKZVERUA&lid=LSTCOMHY8KVEKZVERUAB5OFP8&marketplace=FLIPKART&q=laptops&store=6bo%2Fb5g&srno=s_9_205&otracker=search&fm=organic&iid=5b3350b4-5aca-470b-ad87-d9dd8883c590.COMHY8KVEKZVERUA.SEARCH&ppt=None&ppn=None&ssid=qv3ggw6fcw0000001768228311661&qH=c06ea84a1e3dc3c6
ASUS Expertbook P1 High-performance processor Intel Core i7 13th Gen 13620H - (32 GB/512 GB SSD/Window...,"₹67,990",https://rukminim2.flixcart.com/image/312/312/xif0q/computer/x/0/p/-original-imahg53ukzn9grvv.jpeg?q=70,https://www.flipkart.com/asus-expertbook-p1-high-performance-processor-intel-core-i7-13th-gen-13620h-32-gb-512-gb-ssd-windows-11-home-p1403cva-s60940ws-thin-light-laptop/p/itmc8b94112958cf?pid=COMH8Z2QT98FWRGH&lid=LSTCOMH8Z2QT98FWRGH3QRD3U&marketplace=FLIPKART&q=laptops&store=6bo%2Fb5g&srno=s_9_206&otracker=search&fm=organic&iid=5b3350b4-5aca-470b-ad87-d9dd8883c590.COMH8Z2QT98FWRGH.SEARCH&ppt=None&ppn=None&ssid=qv3ggw6fcw0000001768228311661&qH=c06ea84a1e3dc3c6
"ASUS Vivobook 15, with Backlit Keyboard, Intel Core i5 12th Gen 1235U - (16 GB/512 GB SSD/Windows 11 H...","₹43,990",https://rukminim2.flixcart.com/image/312/312/xif0q/computer/l/y/8/-original-imahg53x72vqbvwg.jpeg?q=70,https://www.flipkart.com/asus-vivobook-15-backlit-keyboard-intel-core-i5-12th-gen-1235u-16-gb-512-gb-ssd-windows-11-home-x1504za-nj549ws-thin-light-laptop/p/itmff0e170cb596e?pid=COMHYG8ZPYAZAFTY&lid=LSTCOMHYG8ZPYAZAFTYGCGEBA&marketplace=FLIPKART&q=laptops&store=6bo%2Fb5g&srno=s_9_207&otracker=search&fm=organic&iid=5b3350b4-5aca-470b-ad87-d9dd8883c590.COMHYG8ZPYAZAFTY.SEARCH&ppt=None&ppn=None&ssid=qv3ggw6fcw0000001768228311661&qH=c06ea84a1e3dc3c6
ASUS Expertbook Intel Core i5 13th Gen 13420H - (32 GB/512 GB SSD/Windows 11 Home) P1503CVA-S71075WS T...,"₹57,990",https://rukminim2.flixcart.com/image/312/312/xif0q/computer/n/k/v/-original-imahb8x6f2fwngg6.jpeg?q=70,https://www.flipkart.com/asus-expertbook-intel-core-i5-13th-gen-13420h-32-gb-512-gb-ssd-windows-11-home-p1503cva-s71075ws-thin-light-laptop/p/itm097644e9eaec3?pid=COMHCQ3VGJB8NGRH&lid=LSTCOMHCQ3VGJB8NGRHEJWAFU&marketplace=FLIPKART&q=laptops&store=6bo%2Fb5g&srno=s_9_208&otracker=search&fm=organic&iid=5b3350b4-5aca-470b-ad87-d9dd8883c590.COMHCQ3VGJB8NGRH.SEARCH&ppt=None&ppn=None&ssid=qv3ggw6fcw0000001768228311661&qH=c06ea84a1e3dc3c6
MSI Thin 15 Intel Core i7 13th Gen 13620H - (16 GB/512 GB SSD/Windows 11 Home/4 GB Graphics/NVIDIA GeF...,"₹76,990",https://rukminim2.flixcart.com/image/312/312/xif0q/computer/a/m/q/-original-imahg4paevjahyvx.jpeg?q=70,https://www.flipkart.com/msi-thin-15-intel-core-i7-13th-gen-13620h-16-gb-512-gb-ssd-windows-11-home-4-graphics-nvidia-geforce-rtx-3050-144-hz-b13uc-124in-b13uc-1804in-gaming-laptop/p/itmc1581367ea4e2?pid=COMGYSFGZVTRF9MU&lid=LSTCOMGYSFGZVTRF9MUA76FV9&marketplace=FLIPKART&q=laptops&store=6bo%2Fb5g&srno=s_9_209&otracker=search&fm=organic&iid=5b3350b4-5aca-470b-ad87-d9dd8883c590.COMGYSFGZVTRF9MU.SEARCH&ppt=None&ppn=None&ssid=qv3ggw6fcw0000001768228311661&qH=c06ea84a1e3dc3c6
DELL 15 AMD Ryzen 7 Octa Core 7730U - (16 GB/512 GB SSD/Windows 11 Home) DC15255 Thin and Light Laptop,"₹50,990",https://rukminim2.flixcart.com/image/312/312/xif0q/computer/i/b/a/-original-imahgx8wjevud6qr.jpeg?q=70,https://www.flipkart.com/dell-15-amd-ryzen-7-octa-core-7730u-16-gb-512-gb-ssd-windows-11-home-dc15255-thin-light-laptop/p/itm0225059e8adc4?pid=COMHDFYH4JXKKJZH&lid=LSTCOMHDFYH4JXKKJZHVG20OO&marketplace=FLIPKART&q=laptops&store=6bo%2Fb5g&srno=s_9_210&otracker=search&fm=organic&iid=5b3350b4-5aca-470b-ad87-d9dd8883c590.COMHDFYH4JXKKJZH.SEARCH&ppt=None&ppn=None&ssid=qv3ggw6fcw0000001768228311661&qH=c06ea84a1e3dc3c6
"ASUS Vivobook Go 15 OLED, with Backlit Keyboard, AMD Ryzen 5 Quad Core 7520U - (8 GB/512 GB SSD/Window...","₹40,990",https://rukminim2.flixcart.com/image/312/312/xif0q/computer/y/z/d/-original-imahg5fue8qmg6wk.jpeg?q=70,https://www.flipkart.com/asus-vivobook-go-15-oled-backlit-keyboard-amd-ryzen-5-quad-core-7520u-8-gb-512-gb-ssd-windows-11-home-e1504fa-lk521ws-thin-light-laptop/p/itm3de88f71e558b?pid=COMGMGXFT7WWNGYG&lid=LSTCOMGMGXFT7WWNGYGEMFTUI&marketplace=FLIPKART&q=laptops&store=6bo%2Fb5g&srno=s_9_211&otracker=search&fm=organic&iid=5b3350b4-5aca-470b-ad87-d9dd8883c590.COMGMGXFT7WWNGYG.SEARCH&ppt=None&ppn=None&ssid=qv3ggw6fcw0000001768228311661&qH=c06ea84a1e3dc3c6
DELL 3 Years Warranty Vostro 3530 (2025) Intel Core i5 13th Gen 1334U - (16 GB/512 GB SSD/Windows 11 H...,"₹54,990",https://rukminim2.flixcart.com/image/312/312/xif0q/computer/d/t/y/vostro-3530-thin-and-light-laptop-dell-original-imahhqy4s4waexzm.jpeg?q=70,https://www.flipkart.com/dell-3-years-warranty-vostro-3530-2025-intel-core-i5-13th-gen-1334u-16-gb-512-gb-ssd-windows-11-home-thin-light-laptop/p/itme2b49092541f0?pid=COMHHQY4Z7WUGZGW&lid=LSTCOMHHQY4Z7WUGZGWHR1TKO&marketplace=FLIPKART&q=laptops&store=6bo%2Fb5g&srno=s_9_212&otracker=search&fm=organic&iid=5b3350b4-5aca-470b-ad87-d9dd8883c590.COMHHQY4Z7WUGZGW.SEARCH&ppt=None&ppn=None&ssid=qv3ggw6fcw0000001768228311661&qH=c06ea84a1e3dc3c6
Acer Aspire 7 Intel Core i5 13th Gen 13420H - (16 GB/512 GB SSD/Windows 11 Home/6 GB Graphics/NVIDIA G...,"₹62,990",https://rukminim2.flixcart.com/image/312/312/xif0q/computer/h/2/j/-original-imahg5fuyyb56yhw.jpeg?q=70,https://www.flipkart.com/acer-aspire-7-intel-core-i5-13th-gen-13420h-16-gb-512-gb-ssd-windows-11-home-6-graphics-nvidia-geforce-rtx-3050-a715-79g-gaming-laptop/p/itm8208102c97f99?pid=COMH3G96MYGWSGTF&lid=LSTCOMH3G96MYGWSGTFGZ7TLO&marketplace=FLIPKART&q=laptops&store=6bo%2Fb5g&srno=s_9_213&otracker=search&fm=organic&iid=5b3350b4-5aca-470b-ad87-d9dd8883c590.COMH3G96MYGWSGTF.SEARCH&ppt=None&ppn=None&ssid=qv3ggw6fcw0000001768228311661&qH=c06ea84a1e3dc3c6
HP 15 (2025) AMD Ryzen 3 Quad Core 7320U - (8 GB/512 GB SSD/Windows 11 Pro) 15 Thin and Light Laptop,"₹35,400",https://rukminim2.flixcart.com/image/312/312/xif0q/computer/y/y/3/15-thin-and-light-laptop-hp-original-imahdpmugz3dsftc.jpeg?q=70,https://www.flipkart.com/hp-15-2025-amd-ryzen-3-quad-core-7320u-8-gb-512-gb-ssd-windows-11-pro-thin-light-laptop/p/itmabb2025b1c74a?pid=COMHDPMUNPRNF9XJ&lid=LSTCOMHDPMUNPRNF9XJCXEKSG&marketplace=FLIPKART&q=laptops&store=6bo%2Fb5g&srno=s_9_214&otracker=search&fm=organic&iid=5b3350b4-5aca-470b-ad87-d9dd8883c590.COMHDPMUNPRNF9XJ.SEARCH&ppt=None&ppn=None&ssid=qv3ggw6fcw0000001768228311661&qH=c06ea84a1e3dc3c6
ASUS Vivobook Go 14 (2025) with Office 2024 + M365 Basic* AMD Ryzen 3 Quad Core 7320U - (8 GB/512 GB S...,"₹32,579",https://rukminim2.flixcart.com/image/312/312/xif0q/computer/u/9/6/-original-imagpxgq3wcnwpwv.jpeg?q=70,https://www.flipkart.com/asus-vivobook-go-14-2025-office-2024-m365-basic-amd-ryzen-3-quad-core-7320u-8-gb-512-gb-ssd-windows-11-home-e1404fa-nk3325ws-e1404fa-eb2322ws-e1404fa-eb901ws-thin-light-laptop/p/itm7939cfb8266f7?pid=COMH9SJ9JFGNNUMH&lid=LSTCOMH9SJ9JFGNNUMHJPACFJ&marketplace=FLIPKART&q=laptops&store=6bo%2Fb5g&srno=s_9_215&otracker=search&fm=organic&iid=5b3350b4-5aca-470b-ad87-d9dd8883c590.COMH9SJ9JFGNNUMH.SEARCH&ppt=None&ppn=None&ssid=qv3ggw6fcw0000001768228311661&qH=c06ea84a1e3dc3c6
MOTOROLA Motobook 60 Full Metal OLED (i7 14th Gen) Intel Core 7 (Series 2) 240H - (16 GB/1 TB SSD/Wind...,"₹64,990",https://rukminim2.flixcart.com/image/312/312/xif0q/computer/r/n/a/-original-imahg5fxjexyhuge.jpeg?q=70,https://www.flipkart.com/motorola-motobook-60-full-metal-oled-i7-14th-gen-intel-core-7-series-2-240h-16-gb-1-tb-ssd-windows-11-home-14irh10r-thin-light-laptop/p/itme38d212ff500c?pid=COMHAUZWZGRD8HHC&lid=LSTCOMHAUZWZGRD8HHCQXWCOA&marketplace=FLIPKART&q=laptops&store=6bo%2Fb5g&srno=s_9_216&otracker=search&fm=organic&iid=5b3350b4-5aca-470b-ad87-d9dd8883c590.COMHAUZWZGRD8HHC.SEARCH&ppt=None&ppn=None&ssid=qv3ggw6fcw0000001768228311661&qH=c06ea84a1e3dc3c6
Acer Aspire 7 Intel Core i5 13th Gen 13420H - (16 GB/512 GB SSD/Windows 11 Home/4 GB Graphics/NVIDIA G...,"₹60,990",https://rukminim2.flixcart.com/image/312/312/xif0q/computer/q/r/y/-original-imahg53uzqygvzdc.jpeg?q=70,https://www.flipkart.com/acer-aspire-7-intel-core-i5-13th-gen-13420h-16-gb-512-gb-ssd-windows-11-home-4-graphics-nvidia-geforce-rtx-2050-a715-79g-gaming-laptop/p/itm8208102c97f99?pid=COMH3G96J7CE6ZPH&lid=LSTCOMH3G96J7CE6ZPHSFRCM4&marketplace=FLIPKART&q=laptops&store=6bo%2Fb5g&srno=s_10_217&otracker=search&fm=organic&iid=4d2c327f-d2f4-40dc-9b17-b41251f2a5c3.COMH3G96J7CE6ZPH.SEARCH&ppt=None&ppn=None&ssid=d2rvwsd0og0000001768228322962&qH=c06ea84a1e3dc3c6
Acer Aspire 7 Intel Core i5 13th Gen 13420H - (8 GB/512 GB SSD/Windows 11 Home/4 GB Graphics/NVIDIA Ge...,"₹52,990",https://rukminim2.flixcart.com/image/312/312/xif0q/computer/q/r/y/-original-imahg53uzqygvzdc.jpeg?q=70,https://www.flipkart.com/acer-aspire-7-intel-core-i5-13th-gen-13420h-8-gb-512-gb-ssd-windows-11-home-4-graphics-nvidia-geforce-rtx-2050-a715-79g-gaming-laptop/p/itm8208102c97f99?pid=COMH3G96CZNHARJZ&lid=LSTCOMH3G96CZNHARJZXFO1SF&marketplace=FLIPKART&q=laptops&store=6bo%2Fb5g&srno=s_10_218&otracker=search&fm=organic&iid=4d2c327f-d2f4-40dc-9b17-b41251f2a5c3.COMH3G96CZNHARJZ.SEARCH&ppt=None&ppn=None&ssid=d2rvwsd0og0000001768228322962&qH=c06ea84a1e3dc3c6
HP Professional Intel Core i5 13th Gen -1334U Turbo Boost with Finger Print - (16 GB/1 TB SSD/Windows ...,"₹59,990",https://rukminim2.flixcart.com/image/312/312/xif0q/computer/y/b/c/240-g10-notebook-hp-original-imahbyhdhzxynsnj.jpeg?q=70,https://www.flipkart.com/hp-professional-intel-core-i5-13th-gen-1334u-turbo-boost-finger-print-16-gb-1-tb-ssd-windows-11-pro-240-g10-notebook/p/itmf5438070b97db?pid=COMHBYHE6H3ZZXPR&lid=LSTCOMHBYHE6H3ZZXPRMFOVDX&marketplace=FLIPKART&q=laptops&store=6bo%2Fb5g&srno=s_10_219&otracker=search&fm=organic&iid=4d2c327f-d2f4-40dc-9b17-b41251f2a5c3.COMHBYHE6H3ZZXPR.SEARCH&ppt=None&ppn=None&ssid=d2rvwsd0og0000001768228322962&qH=c06ea84a1e3dc3c6
Acer Aspire Intel Core i5 12th Gen 12450H - (12 GB/512 GB SSD/Windows 11 Home) AL15-52H Thin and Light...,"₹46,731",https://rukminim2.flixcart.com/image/312/312/xif0q/computer/a/a/o/-original-imah7tknwg7brmfv.jpeg?q=70,https://www.flipkart.com/acer-aspire-intel-core-i5-12th-gen-12450h-12-gb-512-gb-ssd-windows-11-home-al15-52h-thin-light-laptop/p/itmc262e2fa338ce?pid=COMH59E4MRQZEJEH&lid=LSTCOMH59E4MRQZEJEH5MEIDF&marketplace=FLIPKART&q=laptops&store=6bo%2Fb5g&srno=s_10_220&otracker=search&fm=organic&iid=4d2c327f-d2f4-40dc-9b17-b41251f2a5c3.COMH59E4MRQZEJEH.SEARCH&ppt=None&ppn=None&ssid=d2rvwsd0og0000001768228322962&qH=c06ea84a1e3dc3c6
ASUS Expertbook P1 High-performance processor Intel Core i5 13th Gen 13420H - (32 GB/512 GB SSD/Window...,"₹62,990",https://rukminim2.flixcart.com/image/312/312/xif0q/computer/s/z/d/-original-imahg53uy9f3wzkn.jpeg?q=70,https://www.flipkart.com/asus-expertbook-p1-high-performance-processor-intel-core-i5-13th-gen-13420h-32-gb-512-gb-ssd-windows-11-home-p1403cva-s60939ws-thin-light-laptop/p/itm50988c1fc56e6?pid=COMH8Z2QGRVBX4AF&lid=LSTCOMH8Z2QGRVBX4AFLFKSOZ&marketplace=FLIPKART&q=laptops&store=6bo%2Fb5g&srno=s_10_221&otracker=search&fm=organic&iid=4d2c327f-d2f4-40dc-9b17-b41251f2a5c3.COMH8Z2QGRVBX4AF.SEARCH&ppt=None&ppn=None&ssid=d2rvwsd0og0000001768228322962&qH=c06ea84a1e3dc3c6
Lenovo IdeaPad Slim 5 WUXGA IPS Office 2024 Full Metal Body AMD Ryzen 7 Octa Core 7735HS - (16 GB/512 ...,"₹64,990",https://rukminim2.flixcart.com/image/312/312/xif0q/computer/k/d/o/-original-imahfkh3hurxyvtf.jpeg?q=70,https://www.flipkart.com/lenovo-ideapad-slim-5-wuxga-ips-office-2024-full-metal-body-amd-ryzen-7-octa-core-7735hs-16-gb-512-gb-ssd-windows-11-home-13arp10-thin-light-laptop/p/itmce73e91ed2bfc?pid=COMH8ZYXDKUYTDW9&lid=LSTCOMH8ZYXDKUYTDW9OQ5RDT&marketplace=FLIPKART&q=laptops&store=6bo%2Fb5g&srno=s_10_222&otracker=search&fm=organic&iid=4d2c327f-d2f4-40dc-9b17-b41251f2a5c3.COMH8ZYXDKUYTDW9.SEARCH&ppt=None&ppn=None&ssid=d2rvwsd0og0000001768228322962&qH=c06ea84a1e3dc3c6
"ASUS Vivobook 15 (2025)(i5 14th Gen)with MSO 2024 + M365 Basic, Backlit Keyboard, Intel Core 5 120U - ...","₹58,990",https://rukminim2.flixcart.com/image/312/312/xif0q/computer/y/y/i/-original-imahfnyvfz7zdkh8.jpeg?q=70,https://www.flipkart.com/asus-vivobook-15-2025-i5-14th-gen-with-mso-2024-m365-basic-backlit-keyboard-intel-core-5-120u-16-gb-512-gb-ssd-windows-11-home-x1504vap-bq543ws-thin-light-laptop/p/itmf2db819e1b048?pid=COMHEZZTXFYMTKUF&lid=LSTCOMHEZZTXFYMTKUFUNOOJC&marketplace=FLIPKART&q=laptops&store=6bo%2Fb5g&srno=s_10_223&otracker=search&fm=organic&iid=4d2c327f-d2f4-40dc-9b17-b41251f2a5c3.COMHEZZTXFYMTKUF.SEARCH&ppt=None&ppn=None&ssid=d2rvwsd0og0000001768228322962&qH=c06ea84a1e3dc3c6
MSI Thin 15 Intel Core i5 13th Gen 13420H - (16 GB/512 GB SSD/Windows 11 Home/4 GB Graphics/NVIDIA GeF...,"₹66,990",https://rukminim2.flixcart.com/image/312/312/xif0q/computer/l/s/i/-original-imahg4pq9cq28wq2.jpeg?q=70,https://www.flipkart.com/msi-thin-15-intel-core-i5-13th-gen-13420h-16-gb-512-gb-ssd-windows-11-home-4-graphics-nvidia-geforce-rtx-3050-144-hz-b13uc-125in-gaming-laptop/p/itmc1581367ea4e2?pid=COMGYSFGEQM6MTYE&lid=LSTCOMGYSFGEQM6MTYEEQ4PKZ&marketplace=FLIPKART&q=laptops&store=6bo%2Fb5g&srno=s_10_224&otracker=search&fm=organic&iid=4d2c327f-d2f4-40dc-9b17-b41251f2a5c3.COMGYSFGEQM6MTYE.SEARCH&ppt=None&ppn=None&ssid=d2rvwsd0og0000001768228322962&qH=c06ea84a1e3dc3c6
Prittec Intel Celeron Dual Core N4200 - (8 GB/256 GB SSD/Windows 11 Home) N140P01 Laptop,"₹18,000",https://rukminim2.flixcart.com/image/312/312/xif0q/computer/x/f/5/maxbook-laptop-prittec-original-imahhh6mu2drjswx.jpeg?q=70,https://www.flipkart.com/prittec-intel-celeron-dual-core-n4200-8-gb-256-gb-ssd-windows-11-home-n140p01-laptop/p/itm3686054b75fc9?pid=COMHHH84HZWHMYKX&lid=LSTCOMHHH84HZWHMYKXMFJ80C&marketplace=FLIPKART&q=laptops&store=6bo%2Fb5g&srno=s_10_225&otracker=search&fm=organic&iid=4d2c327f-d2f4-40dc-9b17-b41251f2a5c3.COMHHH84HZWHMYKX.SEARCH&ppt=None&ppn=None&ssid=d2rvwsd0og0000001768228322962&qH=c06ea84a1e3dc3c6
Samsung Galaxy Book4 Intel Core 5 120U - (16 GB/512 GB SSD/Linux) NP754XGQ-LS1IN Thin and Light Laptop,"₹49,290",https://rukminim2.flixcart.com/image/312/312/xif0q/computer/a/i/q/galaxy-book4-thin-and-light-laptop-samsung-original-imahgfpzfzxznyvb.jpeg?q=70,https://www.flipkart.com/samsung-galaxy-book4-intel-core-5-120u-16-gb-512-gb-ssd-linux-np754xgq-ls1in-thin-light-laptop/p/itm3f1756a78138e?pid=COMHGFPZUMHMK9GJ&lid=LSTCOMHGFPZUMHMK9GJIPETAY&marketplace=FLIPKART&q=laptops&store=6bo%2Fb5g&srno=s_10_226&otracker=search&fm=organic&iid=4d2c327f-d2f4-40dc-9b17-b41251f2a5c3.COMHGFPZUMHMK9GJ.SEARCH&ppt=None&ppn=None&ssid=d2rvwsd0og0000001768228322962&qH=c06ea84a1e3dc3c6
HP 250R G10 (2025) Intel Core 3 14th Gen 100U - (16 GB/512 GB SSD/Windows 11 Home) 250R G10 Thin and L...,"₹42,790",https://rukminim2.flixcart.com/image/312/312/xif0q/computer/o/9/k/250r-g10-thin-and-light-laptop-hp-original-imahg6xuujb3zbb6.jpeg?q=70,https://www.flipkart.com/hp-250r-g10-2025-intel-core-3-14th-gen-100u-16-gb-512-gb-ssd-windows-11-home-thin-light-laptop/p/itm4ca8e54360991?pid=COMHG6XUHTQZ9Y8J&lid=LSTCOMHG6XUHTQZ9Y8JPCVMHL&marketplace=FLIPKART&q=laptops&store=6bo%2Fb5g&srno=s_10_227&otracker=search&fm=organic&iid=4d2c327f-d2f4-40dc-9b17-b41251f2a5c3.COMHG6XUHTQZ9Y8J.SEARCH&ppt=None&ppn=None&ssid=d2rvwsd0og0000001768228322962&qH=c06ea84a1e3dc3c6
Acer Nitro V AMD Ryzen 5 Hexa Core 7535HS - (16 GB/512 GB SSD/Windows 11 Home/6 GB Graphics/NVIDIA GeF...,"₹63,990",https://rukminim2.flixcart.com/image/312/312/xif0q/computer/0/t/j/-original-imahg5fuftuugm6n.jpeg?q=70,https://www.flipkart.com/acer-nitro-v-amd-ryzen-5-hexa-core-7535hs-16-gb-512-gb-ssd-windows-11-home-6-graphics-nvidia-geforce-rtx-3050-anv15-41-gaming-laptop/p/itm6491e522f1157?pid=COMGZN7ZYP8MDPHR&lid=LSTCOMGZN7ZYP8MDPHRDVIR0H&marketplace=FLIPKART&q=laptops&store=6bo%2Fb5g&srno=s_10_228&otracker=search&fm=organic&iid=4d2c327f-d2f4-40dc-9b17-b41251f2a5c3.COMGZN7ZYP8MDPHR.SEARCH&ppt=None&ppn=None&ssid=d2rvwsd0og0000001768228322962&qH=c06ea84a1e3dc3c6
Acer Aspire AMD Ryzen 5 Hexa Core 7430U - (16 GB/1 TB SSD/Windows 11 Home) AS15-42 Thin and Light Lapt...,"₹44,990",https://rukminim2.flixcart.com/image/312/312/xif0q/computer/s/b/n/aspire-thin-and-light-laptop-acer-original-imahc56whmfgauzg.jpeg?q=70,https://www.flipkart.com/acer-aspire-amd-ryzen-5-hexa-core-7430u-16-gb-1-tb-ssd-windows-11-home-as15-42-thin-light-laptop/p/itm6b3261e51baf5?pid=COMHBYH3ZQMZKTSA&lid=LSTCOMHBYH3ZQMZKTSAMGDFHN&marketplace=FLIPKART&q=laptops&store=6bo%2Fb5g&srno=s_10_229&otracker=search&fm=organic&iid=4d2c327f-d2f4-40dc-9b17-b41251f2a5c3.COMHBYH3ZQMZKTSA.SEARCH&ppt=None&ppn=None&ssid=d2rvwsd0og0000001768228322962&qH=c06ea84a1e3dc3c6
Lenovo IdeaPad Slim 1 AMD Ryzen 3 Quad Core 7320U - (8 GB/512 GB SSD/Windows 11 Home) 15AMN7 Thin and ...,"₹34,800",https://rukminim2.flixcart.com/image/312/312/xif0q/computer/w/6/f/-original-imahg5fxxhzr5azh.jpeg?q=70,https://www.flipkart.com/lenovo-ideapad-slim-1-amd-ryzen-3-quad-core-7320u-8-gb-512-gb-ssd-windows-11-home-15amn7-thin-light-laptop/p/itm76f0e5d975817?pid=COMGNY3BTHRQ8MJG&lid=LSTCOMGNY3BTHRQ8MJG8D7LJV&marketplace=FLIPKART&q=laptops&store=6bo%2Fb5g&srno=s_10_230&otracker=search&fm=organic&iid=4d2c327f-d2f4-40dc-9b17-b41251f2a5c3.COMGNY3BTHRQ8MJG.SEARCH&ppt=None&ppn=None&ssid=d2rvwsd0og0000001768228322962&qH=c06ea84a1e3dc3c6
Lenovo LOQ AMD Ryzen 5 Quad Core 7235HS - (24 GB/512 GB SSD/Windows 11 Home/6 GB Graphics/NVIDIA GeFor...,"₹71,990",https://rukminim2.flixcart.com/image/312/312/xif0q/computer/7/y/w/-original-imahg52nucyn68sk.jpeg?q=70,https://www.flipkart.com/lenovo-loq-amd-ryzen-5-quad-core-7235hs-24-gb-512-gb-ssd-windows-11-home-6-graphics-nvidia-geforce-rtx-3050-15arp9-gaming-laptop/p/itmd3fbbdced2d6b?pid=COMHFYZ3FDVNVJU7&lid=LSTCOMHFYZ3FDVNVJU7YACMNL&marketplace=FLIPKART&q=laptops&store=6bo%2Fb5g&srno=s_10_231&otracker=search&fm=organic&iid=4d2c327f-d2f4-40dc-9b17-b41251f2a5c3.COMHFYZ3FDVNVJU7.SEARCH&ppt=None&ppn=None&ssid=d2rvwsd0og0000001768228322962&qH=c06ea84a1e3dc3c6
HP Chromebook MediaTek MT8183 - (4 GB/32 GB EMMC Storage/Chrome OS) 11MK G9 EE Chromebook,"₹11,990",https://rukminim2.flixcart.com/image/312/312/xif0q/computer/u/a/e/11mk-g9-chromebook-hp-original-imah3behyxsb4auh.jpeg?q=70,https://www.flipkart.com/hp-chromebook-mediatek-mt8183-4-gb-32-gb-emmc-storage-chrome-os-11mk-g9-ee/p/itmbcfcbc0ab424f?pid=COMGZFFXXHNVC5A5&lid=LSTCOMGZFFXXHNVC5A5R113PX&marketplace=FLIPKART&q=laptops&store=6bo%2Fb5g&srno=s_10_232&otracker=search&fm=organic&iid=4d2c327f-d2f4-40dc-9b17-b41251f2a5c3.COMGZFFXXHNVC5A5.SEARCH&ppt=None&ppn=None&ssid=d2rvwsd0og0000001768228322962&qH=c06ea84a1e3dc3c6
Infinix Inbook Y2 Plus Intel Core i7 11th Gen 1195G7 - (16 GB/512 GB SSD/Windows 11 Home) XL29 Thin an...,"₹44,990",https://rukminim2.flixcart.com/image/312/312/xif0q/computer/5/7/o/-original-imagw4gqwjvm6ds6.jpeg?q=70,https://www.flipkart.com/infinix-inbook-y2-plus-intel-core-i7-11th-gen-1195g7-16-gb-512-gb-ssd-windows-11-home-xl29-thin-light-laptop/p/itmcf13c7e0b0c78?pid=COMGVJ7HHGHFNMGN&lid=LSTCOMGVJ7HHGHFNMGNCYA3SM&marketplace=FLIPKART&q=laptops&store=6bo%2Fb5g&srno=s_10_233&otracker=search&fm=organic&iid=4d2c327f-d2f4-40dc-9b17-b41251f2a5c3.COMGVJ7HHGHFNMGN.SEARCH&ppt=None&ppn=None&ssid=d2rvwsd0og0000001768228322962&qH=c06ea84a1e3dc3c6
ASUS Vivobook Go 15 AMD Ryzen 3 Quad Core 7320U - (8 GB/512 GB SSD/Windows 11 Home) E1504FA-NJ321WS Th...,"₹32,990",https://rukminim2.flixcart.com/image/312/312/xif0q/computer/j/n/w/-original-imahg5fur7csf5kn.jpeg?q=70,https://www.flipkart.com/asus-vivobook-go-15-amd-ryzen-3-quad-core-7320u-8-gb-512-gb-ssd-windows-11-home-e1504fa-nj321ws-thin-light-laptop/p/itmf2da9c7085e1b?pid=COMGNRNUUGYRB96A&lid=LSTCOMGNRNUUGYRB96AXULOGS&marketplace=FLIPKART&q=laptops&store=6bo%2Fb5g&srno=s_10_234&otracker=search&fm=organic&iid=4d2c327f-d2f4-40dc-9b17-b41251f2a5c3.COMGNRNUUGYRB96A.SEARCH&ppt=None&ppn=None&ssid=d2rvwsd0og0000001768228322962&qH=c06ea84a1e3dc3c6
HP Pavilion AMD Ryzen 5 Dual Core 5500U - (8 GB/512 GB SSD/Windows 11 Home) 15-eh1137AU Thin and Light...,"₹51,990",https://rukminim2.flixcart.com/image/312/312/xif0q/computer/i/c/t/-original-imahg52jxwyy48hy.jpeg?q=70,https://www.flipkart.com/hp-pavilion-amd-ryzen-5-dual-core-5500u-8-gb-512-gb-ssd-windows-11-home-15-eh1137au-thin-light-laptop/p/itme2327928ac401?pid=COMHY8KVSJHQUACX&lid=LSTCOMHY8KVSJHQUACXS7JBSJ&marketplace=FLIPKART&q=laptops&store=6bo%2Fb5g&srno=s_10_235&otracker=search&fm=organic&iid=4d2c327f-d2f4-40dc-9b17-b41251f2a5c3.COMHY8KVSJHQUACX.SEARCH&ppt=None&ppn=None&ssid=d2rvwsd0og0000001768228322962&qH=c06ea84a1e3dc3c6
ASUS Expertbook P1 Intel Core i3 13th Gen 1315U - (8 GB/512 GB SSD/Windows 11 Home) P1403CVA-S60343WS ...,"₹37,990",https://rukminim2.flixcart.com/image/312/312/xif0q/computer/p/i/a/-original-imahg53uwgmhzfcd.jpeg?q=70,https://www.flipkart.com/asus-expertbook-p1-intel-core-i3-13th-gen-1315u-8-gb-512-gb-ssd-windows-11-home-p1403cva-s60343ws-thin-light-laptop/p/itm275e21a6deac0?pid=COMH8Z2QRWQQZTCJ&lid=LSTCOMH8Z2QRWQQZTCJ7QVQUG&marketplace=FLIPKART&q=laptops&store=6bo%2Fb5g&srno=s_10_236&otracker=search&fm=organic&iid=4d2c327f-d2f4-40dc-9b17-b41251f2a5c3.COMH8Z2QRWQQZTCJ.SEARCH&ppt=None&ppn=None&ssid=d2rvwsd0og0000001768228322962&qH=c06ea84a1e3dc3c6
Acer Aspire Go 14 Intel Core Ultra 5 125H - (16 GB/512 GB SSD/Windows 11 Home) AG14-71M Thin and Light...,"₹54,990",https://rukminim2.flixcart.com/image/312/312/xif0q/computer/y/v/a/ag14-71m-thin-and-light-laptop-acer-original-imahf57ak4zjkhsc.jpeg?q=70,https://www.flipkart.com/acer-aspire-go-14-intel-core-ultra-5-125h-16-gb-512-gb-ssd-windows-11-home-ag14-71m-thin-light-laptop/p/itm94e8b888dbabd?pid=COMHF4WYKS836EBK&lid=LSTCOMHF4WYKS836EBKIGRMCM&marketplace=FLIPKART&q=laptops&store=6bo%2Fb5g&srno=s_10_237&otracker=search&fm=organic&iid=4d2c327f-d2f4-40dc-9b17-b41251f2a5c3.COMHF4WYKS836EBK.SEARCH&ppt=None&ppn=None&ssid=d2rvwsd0og0000001768228322962&qH=c06ea84a1e3dc3c6
"ASUS Vivobook Go 15 OLED, with Backlit Keyboard, AMD Ryzen 3 Quad Core 7320U - (8 GB/512 GB SSD/Window...","₹41,990",https://rukminim2.flixcart.com/image/312/312/xif0q/computer/y/z/d/-original-imahg5fue8qmg6wk.jpeg?q=70,https://www.flipkart.com/asus-vivobook-go-15-oled-backlit-keyboard-amd-ryzen-3-quad-core-7320u-8-gb-512-gb-ssd-windows-11-home-e1504fa-lk321ws-thin-light-laptop/p/itm3de88f71e558b?pid=COMGMGXFB2KYFGZN&lid=LSTCOMGMGXFB2KYFGZN0SV9BA&marketplace=FLIPKART&q=laptops&store=6bo%2Fb5g&srno=s_10_238&otracker=search&fm=organic&iid=4d2c327f-d2f4-40dc-9b17-b41251f2a5c3.COMGMGXFB2KYFGZN.SEARCH&ppt=None&ppn=None&ssid=d2rvwsd0og0000001768228322962&qH=c06ea84a1e3dc3c6
HP 15s AMD Ryzen 3 Quad Core 5300U - (8 GB/512 GB SSD/Windows 11 Home) 15s-eq2143au Thin and Light Lap...,"₹36,900",https://rukminim2.flixcart.com/image/312/312/xif0q/computer/p/r/h/-original-imahg5fwhzmp2qnh.jpeg?q=70,https://www.flipkart.com/hp-15s-amd-ryzen-3-quad-core-5300u-8-gb-512-gb-ssd-windows-11-home-15s-eq2143au-thin-light-laptop/p/itm59e288d010cef?pid=COMGAX8EEYFKCESS&lid=LSTCOMGAX8EEYFKCESS0LBJAN&marketplace=FLIPKART&q=laptops&store=6bo%2Fb5g&srno=s_10_239&otracker=search&fm=organic&iid=4d2c327f-d2f4-40dc-9b17-b41251f2a5c3.COMGAX8EEYFKCESS.SEARCH&ppt=None&ppn=None&ssid=d2rvwsd0og0000001768228322962&qH=c06ea84a1e3dc3c6
ASUS TUF Gaming A15 (2025) AMD Ryzen 7 Hexa Core 7445HS - (16 GB/1 TB SSD/Windows 11 Home/4 GB Graphic...,"₹76,490",https://rukminim2.flixcart.com/image/312/312/xif0q/computer/n/j/3/-original-imahgfdf4vqsaaxf.jpeg?q=70,https://www.flipkart.com/asus-tuf-gaming-a15-2025-amd-ryzen-7-hexa-core-7445hs-16-gb-1-tb-ssd-windows-11-home-4-gb-graphics-nvidia-geforce-rtx-3050-144-hz-fa506ncg-hn249w-laptop/p/itma80161587da66?pid=COMHEDHR94YX4FNR&lid=LSTCOMHEDHR94YX4FNRUSKXTK&marketplace=FLIPKART&q=laptops&store=6bo%2Fb5g&srno=s_10_240&otracker=search&fm=organic&iid=4d2c327f-d2f4-40dc-9b17-b41251f2a5c3.COMHEDHR94YX4FNR.SEARCH&ppt=None&ppn=None&ssid=d2rvwsd0og0000001768228322962&qH=c06ea84a1e3dc3c6
ASUS TUF Gaming A15 (2025) AMD Ryzen 7 Hexa Core 7445HS - (16 GB/1 TB SSD/Windows 11 Home/4 GB Graphic...,"₹76,490",https://rukminim2.flixcart.com/image/312/312/xif0q/computer/n/j/3/-original-imahgfdf4vqsaaxf.jpeg?q=70,https://www.flipkart.com/asus-tuf-gaming-a15-2025-amd-ryzen-7-hexa-core-7445hs-16-gb-1-tb-ssd-windows-11-home-4-gb-graphics-nvidia-geforce-rtx-3050-144-hz-fa506ncg-hn249w-laptop/p/itma80161587da66?pid=COMHEDHR94YX4FNR&lid=LSTCOMHEDHR94YX4FNRUSKXTK&marketplace=FLIPKART&q=laptops&store=6bo%2Fb5g&srno=s_11_241&otracker=search&fm=organic&iid=c0531171-cccf-45ca-9162-ba5faeed450c.COMHEDHR94YX4FNR.SEARCH&ppt=None&ppn=None&ssid=rz9l8m23280000001768228360020&qH=c06ea84a1e3dc3c6
HP Victus Intel Core i5 14th Gen 14450HX - (24 GB/512 GB SSD/Windows 11 Home/6 GB Graphics/NVIDIA GeFo...,"₹89,990",https://rukminim2.flixcart.com/image/312/312/xif0q/computer/z/5/l/-original-imahgfdfnfev2bzr.jpeg?q=70,https://www.flipkart.com/hp-victus-intel-core-i5-14th-gen-14450hx-24-gb-512-gb-ssd-windows-11-home-6-graphics-nvidia-geforce-rtx-4050-15-fa2382tx-gaming-laptop/p/itm0c192bc70f78a?pid=COMHDHGHR2PMJYHT&lid=LSTCOMHDHGHR2PMJYHT4NZQNU&marketplace=FLIPKART&q=laptops&store=6bo%2Fb5g&srno=s_11_242&otracker=search&fm=organic&iid=c0531171-cccf-45ca-9162-ba5faeed450c.COMHDHGHR2PMJYHT.SEARCH&ppt=None&ppn=None&ssid=rz9l8m23280000001768228360020&qH=c06ea84a1e3dc3c6
ASUS Vivobook Go 15 AMD Ryzen 5 Quad Core 7520U - (8 GB/512 GB SSD/Windows 11 Home) E1504FA-NJ132WS | ...,"₹37,990",https://rukminim2.flixcart.com/image/312/312/xif0q/computer/j/n/w/-original-imahg5fur7csf5kn.jpeg?q=70,https://www.flipkart.com/asus-vivobook-go-15-amd-ryzen-5-quad-core-7520u-8-gb-512-gb-ssd-windows-11-home-e1504fa-nj132ws-e1504fa-nj521ws-thin-light-laptop/p/itmf2da9c7085e1b?pid=COMGNRNUKRMMXNZQ&lid=LSTCOMGNRNUKRMMXNZQVXUCYQ&marketplace=FLIPKART&q=laptops&store=6bo%2Fb5g&srno=s_11_243&otracker=search&fm=organic&iid=c0531171-cccf-45ca-9162-ba5faeed450c.COMGNRNUKRMMXNZQ.SEARCH&ppt=None&ppn=None&ssid=rz9l8m23280000001768228360020&qH=c06ea84a1e3dc3c6
"ASUS Vivobook Go 15 OLED, with Backlit Keyboard, AMD Ryzen 3 Quad Core 7320U - (8 GB/512 GB SSD/Window...","₹41,990",https://rukminim2.flixcart.com/image/312/312/xif0q/computer/p/k/v/-original-imahg5fxjzyadcht.jpeg?q=70,https://www.flipkart.com/asus-vivobook-go-15-oled-backlit-keyboard-amd-ryzen-3-quad-core-7320u-8-gb-512-gb-ssd-windows-11-home-e1504fa-lk323ws-thin-light-laptop/p/itm3de88f71e558b?pid=COMGMGXFGF7ZTKHF&lid=LSTCOMGMGXFGF7ZTKHFBG8NVU&marketplace=FLIPKART&q=laptops&store=6bo%2Fb5g&srno=s_11_244&otracker=search&fm=organic&iid=c0531171-cccf-45ca-9162-ba5faeed450c.COMGMGXFGF7ZTKHF.SEARCH&ppt=None&ppn=None&ssid=rz9l8m23280000001768228360020&qH=c06ea84a1e3dc3c6
"ASUS Vivobook S14 Flip (2025) with Office 2024 + M365 Basic*, Metallic Design, Intel Core i5 13th Gen ...","₹63,990",https://rukminim2.flixcart.com/image/312/312/xif0q/computer/4/5/e/-original-imahgfdypkndramu.jpeg?q=70,https://www.flipkart.com/asus-vivobook-s14-flip-2025-office-2024-m365-basic-metallic-design-intel-core-i5-13th-gen-13420h-16-gb-512-gb-ssd-windows-11-home-tp3402vao-lz619ws-2-1-laptop/p/itm1f8488dce4bb0?pid=COMHEGTK9FWGGZ6Q&lid=LSTCOMHEGTK9FWGGZ6QVYSDIY&marketplace=FLIPKART&q=laptops&store=6bo%2Fb5g&srno=s_11_245&otracker=search&fm=organic&iid=c0531171-cccf-45ca-9162-ba5faeed450c.COMHEGTK9FWGGZ6Q.SEARCH&ppt=None&ppn=None&ssid=rz9l8m23280000001768228360020&qH=c06ea84a1e3dc3c6
HP Victus AMD Ryzen 7 Hexa Core 7445HS - (16 GB/512 GB SSD/Windows 11 Home/6 GB Graphics/NVIDIA GeForc...,"₹81,990",https://rukminim2.flixcart.com/image/312/312/xif0q/computer/6/r/u/-original-imahgfdfqn7t6seg.jpeg?q=70,https://www.flipkart.com/hp-victus-amd-ryzen-7-hexa-core-7445hs-16-gb-512-gb-ssd-windows-11-home-6-graphics-nvidia-geforce-rtx-4050-15-fb3130ax-gaming-laptop/p/itm037266eca3004?pid=COMHEAR2JPTVHQAH&lid=LSTCOMHEAR2JPTVHQAHKGZ8GR&marketplace=FLIPKART&q=laptops&store=6bo%2Fb5g&srno=s_11_246&otracker=search&fm=organic&iid=c0531171-cccf-45ca-9162-ba5faeed450c.COMHEAR2JPTVHQAH.SEARCH&ppt=None&ppn=None&ssid=rz9l8m23280000001768228360020&qH=c06ea84a1e3dc3c6
ASUS Chromebook Intel Celeron Dual Core N4500 - (4 GB/64 GB EMMC Storage/Chrome OS) CX1500CKA-NJ0393 C...,"₹21,990",https://rukminim2.flixcart.com/image/312/312/xif0q/computer/t/n/3/cx1500cka-ej0275-chromebook-asus-original-imah2mw8nykenzdx.jpeg?q=70,https://www.flipkart.com/asus-chromebook-intel-celeron-dual-core-n4500-4-gb-64-gb-emmc-storage-chrome-os-cx1500cka-nj0393/p/itmc1d20ec9ce589?pid=COMGSHM3XESWZ6AT&lid=LSTCOMGSHM3XESWZ6ATVEMMNA&marketplace=FLIPKART&q=laptops&store=6bo%2Fb5g&srno=s_11_247&otracker=search&fm=organic&iid=c0531171-cccf-45ca-9162-ba5faeed450c.COMGSHM3XESWZ6AT.SEARCH&ppt=None&ppn=None&ssid=rz9l8m23280000001768228360020&qH=c06ea84a1e3dc3c6
Lenovo V 14 (2025) Intel Core i5 13th Gen 13420H - (16 GB/512 GB SSD/Windows 11 Pro) V14 Thin and Ligh...,"₹52,990",https://rukminim2.flixcart.com/image/312/312/xif0q/computer/y/u/q/v-14-thin-and-light-laptop-lenovo-original-imahg53taznfgpxh.jpeg?q=70,https://www.flipkart.com/lenovo-v-14-2025-intel-core-i5-13th-gen-13420h-16-gb-512-gb-ssd-windows-11-pro-v14-thin-light-laptop/p/itmf3959e5e434a0?pid=COMHG53TCFYBGBPK&lid=LSTCOMHG53TCFYBGBPKYUGOLB&marketplace=FLIPKART&q=laptops&store=6bo%2Fb5g&srno=s_11_248&otracker=search&fm=organic&iid=c0531171-cccf-45ca-9162-ba5faeed450c.COMHG53TCFYBGBPK.SEARCH&ppt=None&ppn=None&ssid=rz9l8m23280000001768228360020&qH=c06ea84a1e3dc3c6
"ASUS Vivobook S14 Flip (2025) with Office 2024 + M365 Basic*, Backlit Keyboard, Intel Core i5 13th Gen...","₹63,990",https://rukminim2.flixcart.com/image/312/312/xif0q/computer/a/s/e/-original-imahg4ut9hnhkwhg.jpeg?q=70,https://www.flipkart.com/asus-vivobook-s14-flip-2025-office-2024-m365-basic-backlit-keyboard-intel-core-i5-13th-gen-13420h-16-gb-512-gb-ssd-windows-11-home-tp3402vao-lz612ws-2-1-laptop/p/itme494b3629a714?pid=COMH9SJ9VAJ7ZD99&lid=LSTCOMH9SJ9VAJ7ZD99IELH30&marketplace=FLIPKART&q=laptops&store=6bo%2Fb5g&srno=s_11_249&otracker=search&fm=organic&iid=c0531171-cccf-45ca-9162-ba5faeed450c.COMH9SJ9VAJ7ZD99.SEARCH&ppt=None&ppn=None&ssid=rz9l8m23280000001768228360020&qH=c06ea84a1e3dc3c6
DELL Inspiron 15 With MSO'2024 & Backlit KB Intel Core i5 13th Gen 1334U - (16 GB/1 TB SSD/Windows 11 ...,"₹60,472",https://rukminim2.flixcart.com/image/312/312/xif0q/computer/y/h/w/-original-imaghzahgukpkyfu.jpeg?q=70,https://www.flipkart.com/dell-inspiron-15-mso-2024-backlit-kb-intel-core-i5-13th-gen-1334u-16-gb-1-tb-ssd-windows-11-home-dc15250-thin-light-laptop/p/itm23d84e15561c4?pid=COMGTQXEPE3ZKHN8&lid=LSTCOMGTQXEPE3ZKHN8X1KQRV&marketplace=FLIPKART&q=laptops&store=6bo%2Fb5g&srno=s_11_250&otracker=search&fm=organic&iid=c0531171-cccf-45ca-9162-ba5faeed450c.COMGTQXEPE3ZKHN8.SEARCH&ppt=None&ppn=None&ssid=rz9l8m23280000001768228360020&qH=c06ea84a1e3dc3c6
DELL Inspiron 15 MSO'24 with Backlit KB Intel Core i5 13th Gen 1334U - (16 GB/1 TB SSD/Windows 11 Home...,"₹58,490",https://rukminim2.flixcart.com/image/312/312/xif0q/computer/x/i/b/-original-imahgx8xfjr3aah3.jpeg?q=70,https://www.flipkart.com/dell-inspiron-15-mso-24-backlit-kb-intel-core-i5-13th-gen-1334u-16-gb-1-tb-ssd-windows-11-home-dc15250-thin-light-laptop/p/itm2f6e458597bec?pid=COMHCTVGYWUCYSHA&lid=LSTCOMHCTVGYWUCYSHAQU3HKR&marketplace=FLIPKART&q=laptops&store=6bo%2Fb5g&srno=s_11_251&otracker=search&fm=organic&iid=c0531171-cccf-45ca-9162-ba5faeed450c.COMHCTVGYWUCYSHA.SEARCH&ppt=None&ppn=None&ssid=rz9l8m23280000001768228360020&qH=c06ea84a1e3dc3c6
MSI Intel Core i5 12th Gen 1235U - (8 GB/512 GB SSD/Windows 11 Home) Modern 15 B12MO-1051IN Business L...,"₹44,990",https://rukminim2.flixcart.com/image/312/312/xif0q/computer/e/c/2/-original-imahg4usyz5hqfga.jpeg?q=70,https://www.flipkart.com/msi-intel-core-i5-12th-gen-1235u-8-gb-512-gb-ssd-windows-11-home-modern-15-b12mo-1051in-business-laptop/p/itm21f8007ef0cd1?pid=COMH3YTFERG7TRET&lid=LSTCOMH3YTFERG7TRET0EWIZW&marketplace=FLIPKART&q=laptops&store=6bo%2Fb5g&srno=s_11_252&otracker=search&fm=organic&iid=c0531171-cccf-45ca-9162-ba5faeed450c.COMH3YTFERG7TRET.SEARCH&ppt=None&ppn=None&ssid=rz9l8m23280000001768228360020&qH=c06ea84a1e3dc3c6
HP Intel Core 3 13th Gen 1315U - (8 GB/512 GB SSD/Windows 11 Home) 15-fd0186TU Thin and Light Laptop,"₹38,990",https://rukminim2.flixcart.com/image/312/312/xif0q/computer/2/o/p/15-fd0186tu-thin-and-light-laptop-hp-original-imah8vefzuwuwak7.jpeg?q=70,https://www.flipkart.com/hp-intel-core-3-13th-gen-1315u-8-gb-512-gb-ssd-windows-11-home-15-fd0186tu-thin-light-laptop/p/itm4fc6159aa1303?pid=COMH8SJZJZDFKZTP&lid=LSTCOMH8SJZJZDFKZTP8GXQ00&marketplace=FLIPKART&q=laptops&store=6bo%2Fb5g&srno=s_11_253&otracker=search&fm=organic&iid=c0531171-cccf-45ca-9162-ba5faeed450c.COMH8SJZJZDFKZTP.SEARCH&ppt=None&ppn=None&ssid=rz9l8m23280000001768228360020&qH=c06ea84a1e3dc3c6
Acer Swift Neo OLED Intel Core Ultra 5 115U - (16 GB/512 GB SSD/Windows 11 Home) SFN14-54H Thin and Li...,"₹54,990",https://rukminim2.flixcart.com/image/312/312/xif0q/computer/b/k/g/-original-imahgx8wgjy8ayth.jpeg?q=70,https://www.flipkart.com/acer-swift-neo-oled-intel-core-ultra-5-115u-16-gb-512-gb-ssd-windows-11-home-sfn14-54h-thin-light-laptop/p/itm336e8b0523178?pid=COMHFCR6Z9FAXPDG&lid=LSTCOMHFCR6Z9FAXPDG4ZSXU8&marketplace=FLIPKART&q=laptops&store=6bo%2Fb5g&srno=s_11_254&otracker=search&fm=organic&iid=c0531171-cccf-45ca-9162-ba5faeed450c.COMHFCR6Z9FAXPDG.SEARCH&ppt=None&ppn=None&ssid=rz9l8m23280000001768228360020&qH=c06ea84a1e3dc3c6
HP Laptop Intel Core i3 13th Gen 1315U - (8 GB/512 GB SSD/Windows 11 Home) 15-fd0186TU Thin and Light ...,"₹38,980",https://rukminim2.flixcart.com/image/312/312/xif0q/computer/f/a/q/-original-imahg5fxk33xpfc3.jpeg?q=70,https://www.flipkart.com/hp-laptop-intel-core-i3-13th-gen-1315u-8-gb-512-gb-ssd-windows-11-home-15-fd0186tu-thin-light/p/itm4fc6159aa1303?pid=COMHY9G672HKDZHB&lid=LSTCOMHY9G672HKDZHB8KGFPT&marketplace=FLIPKART&q=laptops&store=6bo%2Fb5g&srno=s_11_255&otracker=search&fm=organic&iid=c0531171-cccf-45ca-9162-ba5faeed450c.COMHY9G672HKDZHB.SEARCH&ppt=None&ppn=None&ssid=rz9l8m23280000001768228360020&qH=c06ea84a1e3dc3c6
Acer TravelMate P2 Intel Core i7 11th Gen 1165G7 - (16 GB/1 TB SSD/Windows 11 Home) TMP214-53 Thin and...,"₹49,990",https://rukminim2.flixcart.com/image/312/312/xif0q/computer/7/p/p/-original-imahg4usfhbrcj8m.jpeg?q=70,https://www.flipkart.com/acer-travelmate-p2-intel-core-i7-11th-gen-1165g7-16-gb-1-tb-ssd-windows-11-home-tmp214-53-thin-light-laptop/p/itmbf3cfadd715a8?pid=COMGTAFMJUQGHHKC&lid=LSTCOMGTAFMJUQGHHKC1TFESL&marketplace=FLIPKART&q=laptops&store=6bo%2Fb5g&srno=s_11_256&otracker=search&fm=organic&iid=c0531171-cccf-45ca-9162-ba5faeed450c.COMGTAFMJUQGHHKC.SEARCH&ppt=None&ppn=None&ssid=rz9l8m23280000001768228360020&qH=c06ea84a1e3dc3c6
ASUS TUF Gaming A16 (2025) AMD Ryzen 7 Hexa Core 7445HS - (16 GB/1 TB SSD/Windows 11 Home/6 GB Graphic...,"₹1,11,990",https://rukminim2.flixcart.com/image/312/312/xif0q/computer/4/t/w/-original-imahgf67zen2t4wn.jpeg?q=70,https://www.flipkart.com/asus-tuf-gaming-a16-2025-amd-ryzen-7-hexa-core-7445hs-16-gb-1-tb-ssd-windows-11-home-6-gb-graphics-nvidia-geforce-rtx-4050-144-hz-fa607nug-rl189ws-laptop/p/itmef1df61b648a5?pid=COMHEDHRJYPP8TWD&lid=LSTCOMHEDHRJYPP8TWDEPICGW&marketplace=FLIPKART&q=laptops&store=6bo%2Fb5g&srno=s_11_257&otracker=search&fm=organic&iid=c0531171-cccf-45ca-9162-ba5faeed450c.COMHEDHRJYPP8TWD.SEARCH&ppt=None&ppn=None&ssid=rz9l8m23280000001768228360020&qH=c06ea84a1e3dc3c6
ASUS Vivobook Go 15 (2025) with Office 2024 + M365 Basic* Intel Core i3 N305 - (8 GB/512 GB SSD/Window...,"₹39,990",https://rukminim2.flixcart.com/image/312/312/xif0q/computer/o/f/m/-original-imahbqpbwkdwc733.jpeg?q=70,https://www.flipkart.com/asus-vivobook-go-15-2025-office-2024-m365-basic-intel-core-i3-n305-8-gb-512-gb-ssd-windows-11-home-e1504ga-nj3322ws-e1504ga-bq1225ws-thin-light-laptop/p/itm4bbb136e0a623?pid=COMH9SJ9ZVTH69GM&lid=LSTCOMH9SJ9ZVTH69GMCONYQO&marketplace=FLIPKART&q=laptops&store=6bo%2Fb5g&srno=s_11_258&otracker=search&fm=organic&iid=c0531171-cccf-45ca-9162-ba5faeed450c.COMH9SJ9ZVTH69GM.SEARCH&ppt=None&ppn=None&ssid=rz9l8m23280000001768228360020&qH=c06ea84a1e3dc3c6
Apple MacBook Air M4 - (16 GB/512 GB SSD/macOS Sequoia) MC7C4HN/A,"₹1,38,990",https://rukminim2.flixcart.com/image/312/312/xif0q/computer/c/o/7/-original-imahayjpsngfg4uf.jpeg?q=70,https://www.flipkart.com/apple-macbook-air-m4-16-gb-512-gb-ssd-macos-sequoia-mc7c4hn-a/p/itmdb7ee0ce0e128?pid=COMH9ZWQ389TVPJG&lid=LSTCOMH9ZWQ389TVPJGO1QM12&marketplace=FLIPKART&q=laptops&store=6bo%2Fb5g&srno=s_11_259&otracker=search&fm=organic&iid=c0531171-cccf-45ca-9162-ba5faeed450c.COMH9ZWQ389TVPJG.SEARCH&ppt=None&ppn=None&ssid=rz9l8m23280000001768228360020&qH=c06ea84a1e3dc3c6
ASUS Vivobook Go 14 AMD Ryzen 3 Quad Core 7320U - (8 GB/512 GB SSD/Windows 11 Home) E1404FA-NK321WS Th...,"₹34,599",https://rukminim2.flixcart.com/image/312/312/xif0q/computer/r/k/i/vivobook-go-14-laptop-asus-original-imagzmvfu8yzbcud.jpeg?q=70,https://www.flipkart.com/asus-vivobook-go-14-amd-ryzen-3-quad-core-7320u-8-gb-512-gb-ssd-windows-11-home-e1404fa-nk321ws-thin-light-laptop/p/itmc5f8cb8e52c33?pid=COMGSHS5YSKJ7GQP&lid=LSTCOMGSHS5YSKJ7GQPL9SJZY&marketplace=FLIPKART&q=laptops&store=6bo%2Fb5g&srno=s_11_260&otracker=search&fm=organic&iid=c0531171-cccf-45ca-9162-ba5faeed450c.COMGSHS5YSKJ7GQP.SEARCH&ppt=None&ppn=None&ssid=rz9l8m23280000001768228360020&qH=c06ea84a1e3dc3c6
MSI Intel Core i3 12th Gen 1215U - (16 GB/512 GB SSD/Windows 11 Home) Modern 15 B12MO-1049IN Business ...,"₹38,990",https://rukminim2.flixcart.com/image/312/312/xif0q/computer/l/5/f/-original-imahg5fuzftbmyqv.jpeg?q=70,https://www.flipkart.com/msi-intel-core-i3-12th-gen-1215u-16-gb-512-gb-ssd-windows-11-home-modern-15-b12mo-1049in-business-laptop/p/itm21f8007ef0cd1?pid=COMH3YTFTHCB4RY5&lid=LSTCOMH3YTFTHCB4RY510UPWN&marketplace=FLIPKART&q=laptops&store=6bo%2Fb5g&srno=s_11_261&otracker=search&fm=organic&iid=c0531171-cccf-45ca-9162-ba5faeed450c.COMH3YTFTHCB4RY5.SEARCH&ppt=None&ppn=None&ssid=rz9l8m23280000001768228360020&qH=c06ea84a1e3dc3c6
Acer Swift Neo OLED AI PC Intel Core Ultra 5 115U - (16 GB/512 GB SSD/Windows 11 Home) SFN14-54H Thin ...,"₹54,900",https://rukminim2.flixcart.com/image/312/312/xif0q/computer/e/8/9/-original-imahgx8w63f8shx4.jpeg?q=70,https://www.flipkart.com/acer-swift-neo-oled-ai-pc-intel-core-ultra-5-115u-16-gb-512-gb-ssd-windows-11-home-sfn14-54h-thin-light-laptop/p/itm7e110040e3132?pid=COMHDF2CEWYVC82H&lid=LSTCOMHDF2CEWYVC82HAEZATK&marketplace=FLIPKART&q=laptops&store=6bo%2Fb5g&srno=s_11_262&otracker=search&fm=organic&iid=c0531171-cccf-45ca-9162-ba5faeed450c.COMHDF2CEWYVC82H.SEARCH&ppt=None&ppn=None&ssid=rz9l8m23280000001768228360020&qH=c06ea84a1e3dc3c6
Lenovo MSO'2024 Intel Core i5 12th Gen 12450H - (16 GB/512 GB SSD/Windows 11 Home) 15IAH8 Thin and Lig...,"₹50,490",https://rukminim2.flixcart.com/image/312/312/xif0q/computer/f/l/k/-original-imahex3tmhgjrjyj.jpeg?q=70,https://www.flipkart.com/lenovo-mso-2024-intel-core-i5-12th-gen-12450h-16-gb-512-gb-ssd-windows-11-home-15iah8-thin-light-laptop/p/itm08ece08ff4d54?pid=COMH7XF9ZVAUHCD8&lid=LSTCOMH7XF9ZVAUHCD8ZOIQIE&marketplace=FLIPKART&q=laptops&store=6bo%2Fb5g&srno=s_11_263&otracker=search&fm=organic&iid=c0531171-cccf-45ca-9162-ba5faeed450c.COMH7XF9ZVAUHCD8.SEARCH&ppt=None&ppn=None&ssid=rz9l8m23280000001768228360020&qH=c06ea84a1e3dc3c6
"Acer Aspire Lite with Backlit Keyboard, Intel Core i7 12th Gen 1255U - (16 GB/512 GB SSD/Windows 11 Ho...","₹53,990",https://rukminim2.flixcart.com/image/312/312/xif0q/computer/u/p/m/-original-imah2pf2u98xefzx.jpeg?q=70,https://www.flipkart.com/acer-aspire-lite-backlit-keyboard-intel-core-i7-12th-gen-1255u-16-gb-512-gb-ssd-windows-11-home-al15-52-thin-light-laptop/p/itm1bc0bcb4598e7?pid=COMH2TPS6EYHZMHF&lid=LSTCOMH2TPS6EYHZMHFXO24HM&marketplace=FLIPKART&q=laptops&store=6bo%2Fb5g&srno=s_11_264&otracker=search&fm=organic&iid=c0531171-cccf-45ca-9162-ba5faeed450c.COMH2TPS6EYHZMHF.SEARCH&ppt=None&ppn=None&ssid=rz9l8m23280000001768228360020&qH=c06ea84a1e3dc3c6
ASUS TUF Gaming A15 AMD Ryzen 5 Hexa Core 7535HS - (16 GB/512 GB SSD/Windows 11 Home/4 GB Graphics/NVI...,,https://rukminim2.flixcart.com/image/312/312/xif0q/computer/e/g/e/-original-imahg52mjevfjatr.jpeg?q=70,https://www.flipkart.com/asus-tuf-gaming-a15-amd-ryzen-5-hexa-core-7535hs-16-gb-512-gb-ssd-windows-11-home-4-graphics-nvidia-geforce-rtx-3050-fa506nc-hn083w-laptop/p/itm10514ecd2a794?pid=COMHFK2T3KCHKAFU&q=laptops&store=6bo%2Fb5g&srno=s_12_265&otracker=search&fm=organic&iid=b5dd6f8d-b862-4b22-8ea6-1e056705fa4e.COMHFK2T3KCHKAFU.SEARCH&ppt=None&ppn=None&ssid=7g648vdd0g0000001768228374314&qH=c06ea84a1e3dc3c6
Thomson NEO Core Series Intel Core i5 12th Gen 1235U - (16 GB/512 GB SSD/Windows 11 Home) IN-N15I Thin...,,https://rukminim2.flixcart.com/image/312/312/xif0q/computer/i/p/u/-original-imahg53uekg4kbvj.jpeg?q=70,https://www.flipkart.com/thomson-neo-core-series-intel-i5-12th-gen-1235u-16-gb-512-gb-ssd-windows-11-home-in-n15i-thin-light-laptop/p/itmbc383ca17b77c?pid=COMGXXF2HG7CCYBR&q=laptops&store=6bo%2Fb5g&srno=s_12_266&otracker=search&fm=organic&iid=b5dd6f8d-b862-4b22-8ea6-1e056705fa4e.COMGXXF2HG7CCYBR.SEARCH&ppt=None&ppn=None&ssid=7g648vdd0g0000001768228374314&qH=c06ea84a1e3dc3c6
HP 14R (2025) Intel Core i3 13th Gen 1315U - (16 GB/512 GB SSD/Windows 11 Home) 14R G9 Thin and Light ...,,https://rukminim2.flixcart.com/image/312/312/xif0q/computer/m/n/h/14r-g9-thin-and-light-laptop-hp-original-imah9h2nuak3qfk5.jpeg?q=70,https://www.flipkart.com/hp-14r-2025-intel-core-i3-13th-gen-1315u-16-gb-512-gb-ssd-windows-11-home-g9-thin-light-laptop/p/itm590fc87e57789?pid=COMH9H2NSRNMBH9C&q=laptops&store=6bo%2Fb5g&srno=s_12_267&otracker=search&fm=organic&iid=b5dd6f8d-b862-4b22-8ea6-1e056705fa4e.COMH9H2NSRNMBH9C.SEARCH&ppt=None&ppn=None&ssid=7g648vdd0g0000001768228374314&qH=c06ea84a1e3dc3c6
ASUS Chromebook Intel Celeron Dual Core N4500 - (8 GB/128 GB EMMC Storage/Chrome OS) CX1500CKA-NJ0395 ...,,https://rukminim2.flixcart.com/image/312/312/xif0q/computer/t/n/3/cx1500cka-ej0275-chromebook-asus-original-imah2mw8nykenzdx.jpeg?q=70,https://www.flipkart.com/asus-chromebook-intel-celeron-dual-core-n4500-8-gb-128-gb-emmc-storage-chrome-os-cx1500cka-nj0395/p/itmc1d20ec9ce589?pid=COMGSHM3TFHNHXEU&q=laptops&store=6bo%2Fb5g&srno=s_12_268&otracker=search&fm=organic&iid=b5dd6f8d-b862-4b22-8ea6-1e056705fa4e.COMGSHM3TFHNHXEU.SEARCH&ppt=None&ppn=None&ssid=7g648vdd0g0000001768228374314&qH=c06ea84a1e3dc3c6
HP 15 (2025) AMD Ryzen 3 Quad Core 7320U - (16 GB/512 GB SSD/Windows 11 Home) 15 Thin and Light Laptop,,https://rukminim2.flixcart.com/image/312/312/xif0q/computer/y/y/3/15-thin-and-light-laptop-hp-original-imahdpmugz3dsftc.jpeg?q=70,https://www.flipkart.com/hp-15-2025-amd-ryzen-3-quad-core-7320u-16-gb-512-gb-ssd-windows-11-home-thin-light-laptop/p/itm21a0e5d4cf930?pid=COMHFAGV48GAS4DV&q=laptops&store=6bo%2Fb5g&srno=s_12_269&otracker=search&fm=organic&iid=b5dd6f8d-b862-4b22-8ea6-1e056705fa4e.COMHFAGV48GAS4DV.SEARCH&ppt=None&ppn=None&ssid=7g648vdd0g0000001768228374314&qH=c06ea84a1e3dc3c6
DELL 15 Intel Core i3 12th Gen 1215U - (8 GB/512 GB SSD/Windows 11 Home) 3520 Thin and Light Laptop,,https://rukminim2.flixcart.com/image/312/312/xif0q/computer/8/q/s/-original-imahg5fxg5bungkq.jpeg?q=70,https://www.flipkart.com/dell-15-intel-core-i3-12th-gen-1215u-8-gb-512-gb-ssd-windows-11-home-3520-thin-light-laptop/p/itmf0fc8e8bdc072?pid=COMH2F22XWP7DQFM&q=laptops&store=6bo%2Fb5g&srno=s_12_270&otracker=search&fm=organic&iid=b5dd6f8d-b862-4b22-8ea6-1e056705fa4e.COMH2F22XWP7DQFM.SEARCH&ppt=None&ppn=None&ssid=7g648vdd0g0000001768228374314&qH=c06ea84a1e3dc3c6
HP 250 G9 (2025) Intel Celeron Dual Core N4500 - (8 GB/256 GB SSD/Windows 11 Home) 250 G9 Thin and Lig...,,https://rukminim2.flixcart.com/image/312/312/xif0q/computer/f/a/m/15-thin-and-light-laptop-hp-original-imahfhtmjpnt2axj.jpeg?q=70,https://www.flipkart.com/hp-250-g9-2025-intel-celeron-dual-core-n4500-8-gb-256-gb-ssd-windows-11-home-thin-light-laptop/p/itmd2f780e38dd67?pid=COMHFHTNYRVHVTZJ&q=laptops&store=6bo%2Fb5g&srno=s_12_271&otracker=search&fm=organic&iid=b5dd6f8d-b862-4b22-8ea6-1e056705fa4e.COMHFHTNYRVHVTZJ.SEARCH&ppt=None&ppn=None&ssid=7g648vdd0g0000001768228374314&qH=c06ea84a1e3dc3c6
Acer Swift Neo OLED Intel Core Ultra 5 115U - (16 GB/1 TB SSD/Windows 11 Home) SFN14-54H Thin and Ligh...,,https://rukminim2.flixcart.com/image/312/312/xif0q/computer/s/b/k/-original-imahgx8wgfmtt9ky.jpeg?q=70,https://www.flipkart.com/acer-swift-neo-oled-intel-core-ultra-5-115u-16-gb-1-tb-ssd-windows-11-home-sfn14-54h-thin-light-laptop/p/itm6985fa8acc1b8?pid=COMHFCR6SKGHBN4V&q=laptops&store=6bo%2Fb5g&srno=s_12_272&otracker=search&fm=organic&iid=b5dd6f8d-b862-4b22-8ea6-1e056705fa4e.COMHFCR6SKGHBN4V.SEARCH&ppt=None&ppn=None&ssid=7g648vdd0g0000001768228374314&qH=c06ea84a1e3dc3c6
ASUS Vivobook 15 Intel Core i3 12th Gen 1215U - (8 GB/512 GB SSD/Windows 11 Home) X1502ZA-EJ953WS Thin...,,https://rukminim2.flixcart.com/image/312/312/xif0q/computer/m/f/5/-original-imahg53uzmw8kka5.jpeg?q=70,https://www.flipkart.com/asus-vivobook-15-intel-core-i3-12th-gen-1215u-8-gb-512-gb-ssd-windows-11-home-x1502za-ej953ws-thin-light-laptop/p/itm3b11f9400fcd8?pid=COMGZKHQ8BXZFBUT&q=laptops&store=6bo%2Fb5g&srno=s_12_273&otracker=search&fm=organic&iid=b5dd6f8d-b862-4b22-8ea6-1e056705fa4e.COMGZKHQ8BXZFBUT.SEARCH&ppt=None&ppn=None&ssid=7g648vdd0g0000001768228374314&qH=c06ea84a1e3dc3c6
MSI Cyborg 15 Intel Core i5 12th Gen 12450H - (16 GB/512 GB SSD/Windows 11 Home/6 GB Graphics/NVIDIA G...,,https://rukminim2.flixcart.com/image/312/312/xif0q/computer/h/p/4/-original-imahg4paavnhymnu.jpeg?q=70,https://www.flipkart.com/msi-cyborg-15-intel-core-i5-12th-gen-12450h-16-gb-512-gb-ssd-windows-11-home-6-graphics-nvidia-geforce-rtx-3050-144-hz-a12udx-1468in-gaming-laptop/p/itme528726b3eb8b?pid=COMGYSGND5R5J6GH&q=laptops&store=6bo%2Fb5g&srno=s_12_274&otracker=search&fm=organic&iid=b5dd6f8d-b862-4b22-8ea6-1e056705fa4e.COMGYSGND5R5J6GH.SEARCH&ppt=None&ppn=None&ssid=7g648vdd0g0000001768228374314&qH=c06ea84a1e3dc3c6
Lenovo Chromebook 11IJL9 Intel Celeron Dual Core N4500 - (4 GB/64 GB EMMC Storage/Chrome OS) Chromeboo...,,https://rukminim2.flixcart.com/image/312/312/xif0q/computer/s/d/p/chromebook-11ijl9-chromebook-lenovo-original-imahczggpnn6tgge.jpeg?q=70,https://www.flipkart.com/lenovo-chromebook-11ijl9-intel-celeron-dual-core-n4500-4-gb-64-gb-emmc-storage-chrome-os/p/itmd2a376187074e?pid=COMHCYMG83BGNQHH&q=laptops&store=6bo%2Fb5g&srno=s_12_275&otracker=search&fm=organic&iid=b5dd6f8d-b862-4b22-8ea6-1e056705fa4e.COMHCYMG83BGNQHH.SEARCH&ppt=None&ppn=None&ssid=7g648vdd0g0000001768228374314&qH=c06ea84a1e3dc3c6
HP 255R G10 (2025) Professional AMD Ryzen 3 Quad Core 7335U - (8 GB/512 GB SSD/Windows 11 Pro) 255R G1...,,https://rukminim2.flixcart.com/image/312/312/xif0q/computer/o/9/k/250r-g10-thin-and-light-laptop-hp-original-imahg6xuujb3zbb6.jpeg?q=70,https://www.flipkart.com/hp-255r-g10-2025-professional-amd-ryzen-3-quad-core-7335u-8-gb-512-gb-ssd-windows-11-pro-thin-light-laptop/p/itm39e4d67697ce2?pid=COMHG78SF8JKEVQZ&q=laptops&store=6bo%2Fb5g&srno=s_12_276&otracker=search&fm=organic&iid=b5dd6f8d-b862-4b22-8ea6-1e056705fa4e.COMHG78SF8JKEVQZ.SEARCH&ppt=None&ppn=None&ssid=7g648vdd0g0000001768228374314&qH=c06ea84a1e3dc3c6
ASUS Vivobook 14 (2025) with Office 2024 + M365 Basic* Intel Core i3 13th Gen 1315U - (8 GB/512 GB SSD...,,https://rukminim2.flixcart.com/image/312/312/xif0q/computer/n/m/u/-original-imagpxgqbef23gbq.jpeg?q=70,https://www.flipkart.com/asus-vivobook-14-2025-office-2024-m365-basic-intel-core-i3-13th-gen-1315u-8-gb-512-gb-ssd-windows-11-home-x1404va-nk760ws-thin-light-laptop/p/itmee8bfbc3093d9?pid=COMH9SJ9SYZHXCWH&q=laptops&store=6bo%2Fb5g&srno=s_12_277&otracker=search&fm=organic&iid=b5dd6f8d-b862-4b22-8ea6-1e056705fa4e.COMH9SJ9SYZHXCWH.SEARCH&ppt=None&ppn=None&ssid=7g648vdd0g0000001768228374314&qH=c06ea84a1e3dc3c6
MSI Cyborg 15 Intel Core i5 12th Gen 12450H - (16 GB/512 GB SSD/Windows 11 Home/4 GB Graphics/NVIDIA G...,,https://rukminim2.flixcart.com/image/312/312/xif0q/computer/u/k/c/-original-imahg53uzasdfe3y.jpeg?q=70,https://www.flipkart.com/msi-cyborg-15-intel-core-i5-12th-gen-12450h-16-gb-512-gb-ssd-windows-11-home-4-graphics-nvidia-geforce-rtx-2050-144-hz-a12ucx-264in-gaming-laptop/p/itme528726b3eb8b?pid=COMGZW35W3DSJADN&q=laptops&store=6bo%2Fb5g&srno=s_12_278&otracker=search&fm=organic&iid=b5dd6f8d-b862-4b22-8ea6-1e056705fa4e.COMGZW35W3DSJADN.SEARCH&ppt=None&ppn=None&ssid=7g648vdd0g0000001768228374314&qH=c06ea84a1e3dc3c6
Acer Predator Neo Intel Core i7 13th Gen 13700HX - (16 GB/1 TB SSD/Windows 11 Home/6 GB Graphics/NVIDI...,,https://rukminim2.flixcart.com/image/312/312/xif0q/computer/t/y/4/-original-imahg5fxfzumjkgw.jpeg?q=70,https://www.flipkart.com/acer-predator-neo-intel-core-i7-13th-gen-13700hx-16-gb-1-tb-ssd-windows-11-home-6-gb-graphics-nvidia-geforce-rtx-4050-phn16-71-757p-gaming-laptop/p/itm4295aa0d4297e?pid=COMGZS9GYMHMGDT6&q=laptops&store=6bo%2Fb5g&srno=s_12_279&otracker=search&fm=organic&iid=b5dd6f8d-b862-4b22-8ea6-1e056705fa4e.COMGZS9GYMHMGDT6.SEARCH&ppt=None&ppn=None&ssid=7g648vdd0g0000001768228374314&qH=c06ea84a1e3dc3c6
HP Intel Core i3 13th Gen 1315U - (8 GB/512 GB SSD/Windows 11 Home) 15-fd0568TU Thin and Light Laptop,,https://rukminim2.flixcart.com/image/312/312/xif0q/computer/q/b/y/-original-imahbpzxs7jyyvnh.jpeg?q=70,https://www.flipkart.com/hp-intel-core-i3-13th-gen-1315u-8-gb-512-gb-ssd-windows-11-home-15-fd0568tu-thin-light-laptop/p/itm033c840630887?pid=COMHBFRJZKHTQSKM&q=laptops&store=6bo%2Fb5g&srno=s_12_280&otracker=search&fm=organic&iid=b5dd6f8d-b862-4b22-8ea6-1e056705fa4e.COMHBFRJZKHTQSKM.SEARCH&ppt=None&ppn=None&ssid=7g648vdd0g0000001768228374314&qH=c06ea84a1e3dc3c6
Lenovo IdeaPad Flex 5 AMD Ryzen 5 Hexa Core 5625U - (16 GB/512 GB SSD/Windows 11 Home) IdeaPad Flex 5 ...,,https://rukminim2.flixcart.com/image/312/312/xif0q/computer/4/8/f/-original-imahex3ufnqdmnwt.jpeg?q=70,https://www.flipkart.com/lenovo-ideapad-flex-5-amd-ryzen-hexa-core-5625u-16-gb-512-gb-ssd-windows-11-home-14abr8-thin-light-laptop/p/itm57c73da7ea00c?pid=COMHCYMHFXBXMEZB&q=laptops&store=6bo%2Fb5g&srno=s_12_281&otracker=search&fm=organic&iid=b5dd6f8d-b862-4b22-8ea6-1e056705fa4e.COMHCYMHFXBXMEZB.SEARCH&ppt=None&ppn=None&ssid=7g648vdd0g0000001768228374314&qH=c06ea84a1e3dc3c6
"ASUS Vivobook Go 15 (2025) with Office 2024 + M365 Basic*, AMD Ryzen 5 Quad Core 7520U - (16 GB/512 GB...",,https://rukminim2.flixcart.com/image/312/312/xif0q/computer/o/f/m/-original-imahbqpbwkdwc733.jpeg?q=70,https://www.flipkart.com/asus-vivobook-go-15-2025-office-2024-m365-basic-amd-ryzen-5-quad-core-7520u-16-gb-512-gb-ssd-windows-11-home-e1504fa-bq2414ws-thin-light-laptop/p/itm188f1f3cdcab1?pid=COMHEZZTBVVYSFFF&q=laptops&store=6bo%2Fb5g&srno=s_12_282&otracker=search&fm=organic&iid=b5dd6f8d-b862-4b22-8ea6-1e056705fa4e.COMHEZZTBVVYSFFF.SEARCH&ppt=None&ppn=None&ssid=7g648vdd0g0000001768228374314&qH=c06ea84a1e3dc3c6
ASUS Chromebook Intel Celeron Dual Core N4500 - (4 GB/128 GB EMMC Storage/Chrome OS) CX1500CKA-NJ0413 ...,,https://rukminim2.flixcart.com/image/312/312/xif0q/computer/t/n/3/cx1500cka-ej0275-chromebook-asus-original-imah2mw8nykenzdx.jpeg?q=70,https://www.flipkart.com/asus-chromebook-intel-celeron-dual-core-n4500-4-gb-128-gb-emmc-storage-chrome-os-cx1500cka-nj0413/p/itmc1d20ec9ce589?pid=COMGSHM3XZGQ5MGT&q=laptops&store=6bo%2Fb5g&srno=s_12_283&otracker=search&fm=organic&iid=b5dd6f8d-b862-4b22-8ea6-1e056705fa4e.COMGSHM3XZGQ5MGT.SEARCH&ppt=None&ppn=None&ssid=7g648vdd0g0000001768228374314&qH=c06ea84a1e3dc3c6
Lenovo Legion Go AMD Ryzen Z1 Extreme - (16 GB/512 GB SSD/Windows 11 Home) 8APU1 Handheld Gaming PC,,https://rukminim2.flixcart.com/image/312/312/xif0q/computer/4/k/r/-original-imahg5fxay3sdura.jpeg?q=70,https://www.flipkart.com/lenovo-legion-go-amd-ryzen-z1-extreme-16-gb-512-gb-ssd-windows-11-home-8apu1-handheld-gaming-pc/p/itm91b8146551547?pid=COMHFR4THQXC2DGG&q=laptops&store=6bo%2Fb5g&srno=s_12_284&otracker=search&fm=organic&iid=b5dd6f8d-b862-4b22-8ea6-1e056705fa4e.COMHFR4THQXC2DGG.SEARCH&ppt=None&ppn=None&ssid=7g648vdd0g0000001768228374314&qH=c06ea84a1e3dc3c6
DELL G15 Intel Core i7 13th Gen 13650HX - (16 GB/1 TB SSD/Windows 11 Home/8 GB Graphics/NVIDIA GeForce...,,https://rukminim2.flixcart.com/image/312/312/xif0q/computer/y/z/v/-original-imahg5fttxt3pgcb.jpeg?q=70,https://www.flipkart.com/dell-g15-intel-core-i7-13th-gen-13650hx-16-gb-1-tb-ssd-windows-11-home-8-gb-graphics-nvidia-geforce-rtx-4060-165-hz-5530-gaming-laptop/p/itmd1b02da743465?pid=COMH8EPFWRZRB4AA&q=laptops&store=6bo%2Fb5g&srno=s_12_285&otracker=search&fm=organic&iid=b5dd6f8d-b862-4b22-8ea6-1e056705fa4e.COMH8EPFWRZRB4AA.SEARCH&ppt=None&ppn=None&ssid=7g648vdd0g0000001768228374314&qH=c06ea84a1e3dc3c6
"ASUS Vivobook 15 (2025) with Office 2024 + M365 Basic*, Backlit Keyboard, Intel Core i3 13th Gen 1315U...",,https://rukminim2.flixcart.com/image/312/312/xif0q/computer/w/h/g/-original-imahg5fuxuw5afvh.jpeg?q=70,https://www.flipkart.com/asus-vivobook-15-2025-office-2024-m365-basic-backlit-keyboard-intel-core-i3-13th-gen-1315u-16-gb-512-gb-ssd-windows-11-home-x1504va-nj2324ws-x1504va-bq341ws-thin-light-laptop/p/itmf0e6514a56cbf?pid=COMH9SJ95TXH5PYE&q=laptops&store=6bo%2Fb5g&srno=s_12_286&otracker=search&fm=organic&iid=b5dd6f8d-b862-4b22-8ea6-1e056705fa4e.COMH9SJ95TXH5PYE.SEARCH&ppt=None&ppn=None&ssid=7g648vdd0g0000001768228374314&qH=c06ea84a1e3dc3c6
"ASUS TUF Gaming F16 (2025) with Office 2024 + M365 Basic*, (i5 14th gen) Intel Core 5 210H - (16 GB/51...",,https://rukminim2.flixcart.com/image/312/312/xif0q/computer/k/s/g/-original-imahg5fyahhzzkmk.jpeg?q=70,https://www.flipkart.com/asus-tuf-gaming-f16-2025-office-2024-m365-basic-i5-14th-gen-intel-core-5-210h-16-gb-512-gb-ssd-windows-11-home-4-graphics-nvidia-geforce-rtx-3050a-144-hz-fx607vb-rl076ws-laptop/p/itm8e2ed6481d4cd?pid=COMH9EVVFYB6SXB8&q=laptops&store=6bo%2Fb5g&srno=s_12_287&otracker=search&fm=organic&iid=b5dd6f8d-b862-4b22-8ea6-1e056705fa4e.COMH9EVVFYB6SXB8.SEARCH&ppt=None&ppn=None&ssid=7g648vdd0g0000001768228374314&qH=c06ea84a1e3dc3c6
ASUS Chromebook CX15 Intel Celeron Dual Core N4500 - (8 GB/128 GB EMMC Storage/Chrome OS) CX1505CKA-S7...,,https://rukminim2.flixcart.com/image/312/312/xif0q/computer/l/l/g/-original-imahex6hdj7uacsd.jpeg?q=70,https://www.flipkart.com/asus-chromebook-cx15-intel-celeron-dual-core-n4500-8-gb-128-gb-emmc-storage-chrome-os-cx1505cka-s70182/p/itm53212abbc6de0?pid=COMHDPZGBMX8E49T&q=laptops&store=6bo%2Fb5g&srno=s_12_288&otracker=search&fm=organic&iid=b5dd6f8d-b862-4b22-8ea6-1e056705fa4e.COMHDPZGBMX8E49T.SEARCH&ppt=None&ppn=None&ssid=7g648vdd0g0000001768228374314&qH=c06ea84a1e3dc3c6
Acer Aspire 7 Intel Core i7 13th Gen 13620H - (16 GB/512 GB SSD/Windows 11 Home/6 GB Graphics/NVIDIA G...,"₹72,990",https://rukminim2.flixcart.com/image/312/312/xif0q/computer/m/i/m/-original-imahgfdfnayhh5h4.jpeg?q=70,https://www.flipkart.com/acer-aspire-7-intel-core-i7-13th-gen-13620h-16-gb-512-gb-ssd-windows-11-home-6-graphics-nvidia-geforce-rtx-3050-144-hz-a715-79g-gaming-laptop/p/itm0f412dd7943ad?pid=COMHD5WWFAGFXGN2&lid=LSTCOMHD5WWFAGFXGN2GWZ7AB&marketplace=FLIPKART&q=laptops&store=6bo%2Fb5g&srno=s_13_289&otracker=search&fm=organic&iid=c7b35091-e728-4be0-ba29-cf16ad7d0430.COMHD5WWFAGFXGN2.SEARCH&ppt=None&ppn=None&ssid=fotrl9n5sw0000001768228387734&qH=c06ea84a1e3dc3c6
Lenovo 100e Chromebook Gen 4 MediaTek Kompanio 520 - (8 GB/64 GB EMMC Storage/Chrome OS) 100e Chromebo...,"₹20,990",https://rukminim2.flixcart.com/image/312/312/xif0q/computer/c/g/4/-original-imahgfdyf6grkw9r.jpeg?q=70,https://www.flipkart.com/lenovo-100e-chromebook-gen-4-mediatek-kompanio-520-8-gb-64-gb-emmc-storage-chrome-os/p/itm10f2fa5775092?pid=COMHC5G9YPVUM34V&lid=LSTCOMHC5G9YPVUM34VPRK2AL&marketplace=FLIPKART&q=laptops&store=6bo%2Fb5g&srno=s_13_290&otracker=search&fm=organic&iid=c7b35091-e728-4be0-ba29-cf16ad7d0430.COMHC5G9YPVUM34V.SEARCH&ppt=None&ppn=None&ssid=fotrl9n5sw0000001768228387734&qH=c06ea84a1e3dc3c6
"ASUS Vivobook 15, with Backlit Keyboard, Intel Core i3 12th Gen 1215U - (8 GB/512 GB SSD/Windows 11 Ho...","₹35,990",https://rukminim2.flixcart.com/image/312/312/xif0q/computer/c/n/z/-original-imahg5fuhzzht5ct.jpeg?q=70,https://www.flipkart.com/asus-vivobook-15-backlit-keyboard-intel-core-i3-12th-gen-1215u-8-gb-512-gb-ssd-windows-11-home-x1504za-nj321ws-thin-light-laptop/p/itmbe5bbf6a5168b?pid=COMGT2ZXC24MFNFA&lid=LSTCOMGT2ZXC24MFNFAH8MFND&marketplace=FLIPKART&q=laptops&store=6bo%2Fb5g&srno=s_13_291&otracker=search&fm=organic&iid=c7b35091-e728-4be0-ba29-cf16ad7d0430.COMGT2ZXC24MFNFA.SEARCH&ppt=None&ppn=None&ssid=fotrl9n5sw0000001768228387734&qH=c06ea84a1e3dc3c6
Lenovo IdeaPad 3 Intel Core i3 12th Gen 1215U - (16 GB/512 GB SSD/Windows 11 Home) 14IAU7 Thin and Lig...,"₹39,490",https://rukminim2.flixcart.com/image/312/312/xif0q/computer/2/m/f/-original-imahg5fyfn2bnnmr.jpeg?q=70,https://www.flipkart.com/lenovo-ideapad-3-intel-core-i3-12th-gen-1215u-16-gb-512-gb-ssd-windows-11-home-14iau7-thin-light-laptop/p/itm6f32e928cf1c7?pid=COMHFYZ3GXFZKYNN&lid=LSTCOMHFYZ3GXFZKYNNGHX9ZY&marketplace=FLIPKART&q=laptops&store=6bo%2Fb5g&srno=s_13_292&otracker=search&fm=organic&iid=c7b35091-e728-4be0-ba29-cf16ad7d0430.COMHFYZ3GXFZKYNN.SEARCH&ppt=None&ppn=None&ssid=fotrl9n5sw0000001768228387734&qH=c06ea84a1e3dc3c6
Lenovo AMD Ryzen 3 Hexa Core 3rd Gen Ryzen 3 7320U - (8 GB/512 GB SSD/Windows 11 Home) 82VG00ERIN Lapt...,"₹34,289",https://rukminim2.flixcart.com/image/312/312/xif0q/computer/p/z/m/idea-pad-laptop-lenovo-original-imagrzfg8tjxznbk.jpeg?q=70,https://www.flipkart.com/lenovo-amd-ryzen-3-hexa-core-3rd-gen-7320u-8-gb-512-gb-ssd-windows-11-home-82vg00erin-laptop/p/itma0d0b42f502f7?pid=COMGRXH8GKZUZPHM&lid=LSTCOMGRXH8GKZUZPHMTFHZPA&marketplace=FLIPKART&q=laptops&store=6bo%2Fb5g&srno=s_13_293&otracker=search&fm=organic&iid=c7b35091-e728-4be0-ba29-cf16ad7d0430.COMGRXH8GKZUZPHM.SEARCH&ppt=None&ppn=None&ssid=fotrl9n5sw0000001768228387734&qH=c06ea84a1e3dc3c6
Acer Aspire 7 Intel Core i5 12th Gen 12450H - (16 GB/512 GB SSD/Windows 11 Home/4 GB Graphics/NVIDIA G...,"₹61,200",https://rukminim2.flixcart.com/image/312/312/xif0q/computer/0/0/2/-original-imahg5fxb7mgjemc.jpeg?q=70,https://www.flipkart.com/acer-aspire-7-intel-core-i5-12th-gen-12450h-16-gb-512-gb-ssd-windows-11-home-4-graphics-nvidia-geforce-rtx-3050-144-hz-a715-76g-548j-gaming-laptop/p/itm20708ce5793f7?pid=COMGP8QVTK3EQDXE&lid=LSTCOMGP8QVTK3EQDXEKW8XW5&marketplace=FLIPKART&q=laptops&store=6bo%2Fb5g&srno=s_13_294&otracker=search&fm=organic&iid=c7b35091-e728-4be0-ba29-cf16ad7d0430.COMGP8QVTK3EQDXE.SEARCH&ppt=None&ppn=None&ssid=fotrl9n5sw0000001768228387734&qH=c06ea84a1e3dc3c6
MSI Thin A15 AMD Ryzen 5 Hexa Core 7535HS - (16 GB/512 GB SSD/Windows 11 Home/4 GB Graphics/NVIDIA GeF...,"₹57,990",https://rukminim2.flixcart.com/image/312/312/xif0q/computer/h/2/m/-original-imahg4usxgumz4wx.jpeg?q=70,https://www.flipkart.com/msi-thin-a15-amd-ryzen-5-hexa-core-7535hs-16-gb-512-gb-ssd-windows-11-home-4-graphics-nvidia-geforce-rtx-3050-144-hz-b7uc-284in-b7uc-102in-gaming-laptop/p/itm61400c2ed6802?pid=COMGXMSXNZSJERHE&lid=LSTCOMGXMSXNZSJERHE3PFWTD&marketplace=FLIPKART&q=laptops&store=6bo%2Fb5g&srno=s_13_295&otracker=search&fm=organic&iid=c7b35091-e728-4be0-ba29-cf16ad7d0430.COMGXMSXNZSJERHE.SEARCH&ppt=None&ppn=None&ssid=fotrl9n5sw0000001768228387734&qH=c06ea84a1e3dc3c6
Lenovo Yoga Slim 7 WUXGA OLED AI PC Intel Core Ultra 7 155H - (32 GB/1 TB SSD/Windows 11 Home) 14IMH9 ...,"₹1,19,999",https://rukminim2.flixcart.com/image/312/312/xif0q/computer/x/t/z/-original-imahg5fxzjtg4szc.jpeg?q=70,https://www.flipkart.com/lenovo-yoga-slim-7-wuxga-oled-ai-pc-intel-core-ultra-155h-32-gb-1-tb-ssd-windows-11-home-14imh9-thin-light-laptop/p/itm77304edff3814?pid=COMGXMY5HUH8RERC&lid=LSTCOMGXMY5HUH8RERCZ4QD8N&marketplace=FLIPKART&q=laptops&store=6bo%2Fb5g&srno=s_13_296&otracker=search&fm=organic&iid=c7b35091-e728-4be0-ba29-cf16ad7d0430.COMGXMY5HUH8RERC.SEARCH&ppt=None&ppn=None&ssid=fotrl9n5sw0000001768228387734&qH=c06ea84a1e3dc3c6
MSI Modern 14 Intel Core i5 13th Gen 1334U - (16 GB/512 GB SSD/Windows 11 Home) Modern 14 C13M-116IN T...,"₹47,990",https://rukminim2.flixcart.com/image/312/312/xif0q/computer/t/p/b/-original-imahdabdtszs74x3.jpeg?q=70,https://www.flipkart.com/msi-modern-14-intel-core-i5-13th-gen-1334u-16-gb-512-gb-ssd-windows-11-home-c13m-116in-thin-light-laptop/p/itmc1e2cec962619?pid=COMHCRGWV8J2FZNH&lid=LSTCOMHCRGWV8J2FZNH9BYBFI&marketplace=FLIPKART&q=laptops&store=6bo%2Fb5g&srno=s_13_297&otracker=search&fm=organic&iid=c7b35091-e728-4be0-ba29-cf16ad7d0430.COMHCRGWV8J2FZNH.SEARCH&ppt=None&ppn=None&ssid=fotrl9n5sw0000001768228387734&qH=c06ea84a1e3dc3c6
Acer Aspire Lite Intel Core i5 12th Gen 1235U - (16 GB/512 GB SSD/Windows 11 Home) AL15-52 Thin and Li...,"₹48,990",https://rukminim2.flixcart.com/image/312/312/xif0q/computer/u/p/m/-original-imah2pf2u98xefzx.jpeg?q=70,https://www.flipkart.com/acer-aspire-lite-intel-core-i5-12th-gen-1235u-16-gb-512-gb-ssd-windows-11-home-al15-52-thin-light-laptop/p/itm1bc0bcb4598e7?pid=COMGX8GMZJRP6QRK&lid=LSTCOMGX8GMZJRP6QRK58GWC4&marketplace=FLIPKART&q=laptops&store=6bo%2Fb5g&srno=s_13_298&otracker=search&fm=organic&iid=c7b35091-e728-4be0-ba29-cf16ad7d0430.COMGX8GMZJRP6QRK.SEARCH&ppt=None&ppn=None&ssid=fotrl9n5sw0000001768228387734&qH=c06ea84a1e3dc3c6
Lenovo IdeaPad Slim 3 Backlit Keyboard with MSO'2024 Intel Core i5 13th Gen 13420H - (16 GB/512 GB SSD...,"₹60,990",https://rukminim2.flixcart.com/image/312/312/xif0q/computer/t/1/m/-original-imahfvqxqaxzhffg.jpeg?q=70,https://www.flipkart.com/lenovo-ideapad-slim-3-backlit-keyboard-mso-2024-intel-core-i5-13th-gen-13420h-16-gb-512-gb-ssd-windows-11-home-14irh10-thin-light-laptop/p/itm5527461395e13?pid=COMHDYG7VEQFGYGD&lid=LSTCOMHDYG7VEQFGYGDVGTXCF&marketplace=FLIPKART&q=laptops&store=6bo%2Fb5g&srno=s_13_299&otracker=search&fm=organic&iid=c7b35091-e728-4be0-ba29-cf16ad7d0430.COMHDYG7VEQFGYGD.SEARCH&ppt=None&ppn=None&ssid=fotrl9n5sw0000001768228387734&qH=c06ea84a1e3dc3c6
Lenovo LOQ Intel Core i7 13th Gen 13650HX - (24 GB/512 GB SSD/Windows 11 Home/6 GB Graphics/NVIDIA GeF...,"₹1,07,890",https://rukminim2.flixcart.com/image/312/312/xif0q/computer/m/w/w/-original-imahg4v6fy2geqdj.jpeg?q=70,https://www.flipkart.com/lenovo-loq-intel-core-i7-13th-gen-13650hx-24-gb-512-gb-ssd-windows-11-home-6-graphics-nvidia-geforce-rtx-4050-15irx9-gaming-laptop/p/itme3e94a3f73f71?pid=COMHYXV9XKAYQFB8&lid=LSTCOMHYXV9XKAYQFB8IRDC6H&marketplace=FLIPKART&q=laptops&store=6bo%2Fb5g&srno=s_13_300&otracker=search&fm=organic&iid=c7b35091-e728-4be0-ba29-cf16ad7d0430.COMHYXV9XKAYQFB8.SEARCH&ppt=None&ppn=None&ssid=fotrl9n5sw0000001768228387734&qH=c06ea84a1e3dc3c6
HP 15 (2025) Intel Celeron Dual Core N4500 - (8 GB/512 GB SSD/Windows 11 Home) 15 Thin and Light Lapto...,"₹32,990",https://rukminim2.flixcart.com/image/312/312/xif0q/computer/v/l/7/15-thin-and-light-laptop-hp-original-imahckeutfgeqphz.jpeg?q=70,https://www.flipkart.com/hp-15-2025-intel-celeron-dual-core-n4500-8-gb-512-gb-ssd-windows-11-home-thin-light-laptop/p/itmb3ffec5d55b8a?pid=COMHCKEUHEYKRETG&lid=LSTCOMHCKEUHEYKRETGVDFWK2&marketplace=FLIPKART&q=laptops&store=6bo%2Fb5g&srno=s_13_301&otracker=search&fm=organic&iid=c7b35091-e728-4be0-ba29-cf16ad7d0430.COMHCKEUHEYKRETG.SEARCH&ppt=None&ppn=None&ssid=fotrl9n5sw0000001768228387734&qH=c06ea84a1e3dc3c6
ASUS TUF Gaming A15 AMD Ryzen 7 Octa Core 7435HS - (16 GB/512 GB SSD/Windows 11 Home/4 GB Graphics/NVI...,"₹55,990",https://rukminim2.flixcart.com/image/312/312/xif0q/computer/e/g/e/-original-imahg52mjevfjatr.jpeg?q=70,https://www.flipkart.com/asus-tuf-gaming-a15-amd-ryzen-7-octa-core-7435hs-16-gb-512-gb-ssd-windows-11-home-4-graphics-nvidia-geforce-rtx-2050-fa566nfr-hn259w-laptop/p/itm10514ecd2a794?pid=COMHFT2NEWGYDWAV&lid=LSTCOMHFT2NEWGYDWAVPS8GCS&marketplace=FLIPKART&q=laptops&store=6bo%2Fb5g&srno=s_13_302&otracker=search&fm=organic&iid=c7b35091-e728-4be0-ba29-cf16ad7d0430.COMHFT2NEWGYDWAV.SEARCH&ppt=None&ppn=None&ssid=fotrl9n5sw0000001768228387734&qH=c06ea84a1e3dc3c6
"ASUS Vivobook 15 (2025) with Office 2024 + M365 Basic*, Backlit Keyboard, Intel Core i3 13th Gen 1315U...","₹42,990",https://rukminim2.flixcart.com/image/312/312/xif0q/computer/b/l/v/-original-imahgfdffszmurd7.jpeg?q=70,https://www.flipkart.com/asus-vivobook-15-2025-office-2024-m365-basic-backlit-keyboard-intel-core-i3-13th-gen-1315u-16-gb-512-gb-ssd-windows-11-home-x1504va-bq343ws-thin-light-laptop/p/itmdf2737816fe85?pid=COMHEZZTGEZXHS63&lid=LSTCOMHEZZTGEZXHS634YWGVB&marketplace=FLIPKART&q=laptops&store=6bo%2Fb5g&srno=s_13_303&otracker=search&fm=organic&iid=c7b35091-e728-4be0-ba29-cf16ad7d0430.COMHEZZTGEZXHS63.SEARCH&ppt=None&ppn=None&ssid=fotrl9n5sw0000001768228387734&qH=c06ea84a1e3dc3c6
Samsung Galaxy Book4 Intel Core 5 120U - (8 GB/512 GB SSD/Windows 11 Home) NP750XGK-KS1IN / NP750XGK-L...,"₹72,990",https://rukminim2.flixcart.com/image/312/312/xif0q/computer/h/w/1/-original-imahg4ut2ugbgra8.jpeg?q=70,https://www.flipkart.com/samsung-galaxy-book4-intel-core-5-120u-8-gb-512-gb-ssd-windows-11-home-np750xgk-ks1in-np750xgk-ls1in-thin-light-laptop/p/itm47b30d5de382e?pid=COMGYQ26ZKUWUQGS&lid=LSTCOMGYQ26ZKUWUQGS3P3PC3&marketplace=FLIPKART&q=laptops&store=6bo%2Fb5g&srno=s_13_304&otracker=search&fm=organic&iid=c7b35091-e728-4be0-ba29-cf16ad7d0430.COMGYQ26ZKUWUQGS.SEARCH&ppt=None&ppn=None&ssid=fotrl9n5sw0000001768228387734&qH=c06ea84a1e3dc3c6
ASUS Vivobook 16X (2025) with Office 2024 + M365 Basic* Intel Core i5 13th Gen 13420H - (16 GB/512 GB ...,"₹70,990",https://rukminim2.flixcart.com/image/312/312/xif0q/computer/k/1/o/-original-imahgfdf5f9uyzwh.jpeg?q=70,https://www.flipkart.com/asus-vivobook-16x-2025-office-2024-m365-basic-intel-core-i5-13th-gen-13420h-16-gb-512-gb-ssd-windows-11-home-4-graphics-nvidia-geforce-rtx-3050-144-hz-k3605vc-rp412ws-gaming-laptop/p/itm9e70454315f97?pid=COMH9SJ93FGQFGAW&lid=LSTCOMH9SJ93FGQFGAWMYUZNQ&marketplace=FLIPKART&q=laptops&store=6bo%2Fb5g&srno=s_13_305&otracker=search&fm=organic&iid=c7b35091-e728-4be0-ba29-cf16ad7d0430.COMH9SJ93FGQFGAW.SEARCH&ppt=None&ppn=None&ssid=fotrl9n5sw0000001768228387734&qH=c06ea84a1e3dc3c6
Lenovo IdeaPad Slim 3 Intel Core i5 12th Gen 12450H - (16 GB/512 GB SSD/Windows 11 Home) 83ER00KSIN Th...,"₹51,890",https://rukminim2.flixcart.com/image/312/312/xif0q/computer/m/y/s/-original-imahgfdy579hjvu8.jpeg?q=70,https://www.flipkart.com/lenovo-ideapad-slim-3-intel-core-i5-12th-gen-12450h-16-gb-512-gb-ssd-windows-11-home-83er00ksin-thin-light-laptop/p/itm88613b4717866?pid=COMHCYGTDF5GYHFX&lid=LSTCOMHCYGTDF5GYHFXDZNSXN&marketplace=FLIPKART&q=laptops&store=6bo%2Fb5g&srno=s_13_306&otracker=search&fm=organic&iid=c7b35091-e728-4be0-ba29-cf16ad7d0430.COMHCYGTDF5GYHFX.SEARCH&ppt=None&ppn=None&ssid=fotrl9n5sw0000001768228387734&qH=c06ea84a1e3dc3c6
HP EliteBook 845 G11 AMD Ryzen 5 8540U - (16 GB/512 GB SSD/Windows 11 Pro) EliteBook 845 G11 Business ...,"₹54,967",https://rukminim2.flixcart.com/image/312/312/xif0q/computer/c/a/f/elitebook-845-g11-business-laptop-hp-original-imahhqvjfgag2hw2.jpeg?q=70,https://www.flipkart.com/hp-elitebook-845-g11-amd-ryzen-5-8540u-16-gb-512-gb-ssd-windows-11-pro-business-laptop/p/itm97125393e1a51?pid=COMHHQVMPZCZDNXD&lid=LSTCOMHHQVMPZCZDNXD1FPCWR&marketplace=FLIPKART&q=laptops&store=6bo%2Fb5g&srno=s_13_307&otracker=search&fm=organic&iid=c7b35091-e728-4be0-ba29-cf16ad7d0430.COMHHQVMPZCZDNXD.SEARCH&ppt=None&ppn=None&ssid=fotrl9n5sw0000001768228387734&qH=c06ea84a1e3dc3c6
ASUS Vivobook Go 14 (2025) with Office 2024 + M365 Basic* AMD Ryzen 5 Quad Core 7520U - (8 GB/512 GB S...,"₹37,990",https://rukminim2.flixcart.com/image/312/312/xif0q/computer/d/n/3/-original-imah2y2teghzh7xe.jpeg?q=70,https://www.flipkart.com/asus-vivobook-go-14-2025-office-2024-m365-basic-amd-ryzen-5-quad-core-7520u-8-gb-512-gb-ssd-windows-11-home-e1404fa-nk5521ws-thin-light-laptop/p/itmcc509a4f00a9b?pid=COMH9SJ9WCNYE6HA&lid=LSTCOMH9SJ9WCNYE6HA9BSLUY&marketplace=FLIPKART&q=laptops&store=6bo%2Fb5g&srno=s_13_308&otracker=search&fm=organic&iid=c7b35091-e728-4be0-ba29-cf16ad7d0430.COMH9SJ9WCNYE6HA.SEARCH&ppt=None&ppn=None&ssid=fotrl9n5sw0000001768228387734&qH=c06ea84a1e3dc3c6
Acer TravelLite AMD Ryzen 5 7430U - (8 GB/512 GB SSD/Windows 11 Home) TL04-41M Notebook,"₹35,100",https://rukminim2.flixcart.com/image/312/312/xif0q/computer/i/p/d/-original-imahhcaqy5uq5fkc.jpeg?q=70,https://www.flipkart.com/acer-travellite-amd-ryzen-5-7430u-8-gb-512-gb-ssd-windows-11-home-tl04-41m-notebook/p/itma8bffe9bbc87d?pid=COMHGU7RPBNGG5ZK&lid=LSTCOMHGU7RPBNGG5ZKTMD0SY&marketplace=FLIPKART&q=laptops&store=6bo%2Fb5g&srno=s_13_309&otracker=search&fm=organic&iid=c7b35091-e728-4be0-ba29-cf16ad7d0430.COMHGU7RPBNGG5ZK.SEARCH&ppt=None&ppn=None&ssid=fotrl9n5sw0000001768228387734&qH=c06ea84a1e3dc3c6
Infinix Y4 Max Series Intel Core i5 13th Gen 1335U - (16 GB/512 GB SSD/Windows 11 Home) YL613 Thin and...,"₹45,990",https://rukminim2.flixcart.com/image/312/312/xif0q/computer/6/z/n/-original-imahg4utyq4zc2f6.jpeg?q=70,https://www.flipkart.com/infinix-y4-max-series-intel-core-i5-13th-gen-1335u-16-gb-512-gb-ssd-windows-11-home-yl613-thin-light-laptop/p/itmd28733993c713?pid=COMGWWBRSAFMWR3W&lid=LSTCOMGWWBRSAFMWR3WJIBRUX&marketplace=FLIPKART&q=laptops&store=6bo%2Fb5g&srno=s_13_310&otracker=search&fm=organic&iid=c7b35091-e728-4be0-ba29-cf16ad7d0430.COMGWWBRSAFMWR3W.SEARCH&ppt=None&ppn=None&ssid=fotrl9n5sw0000001768228387734&qH=c06ea84a1e3dc3c6
ASUS Vivobook Go 15 Intel Celeron Dual Core N4500 - (8 GB/512 GB SSD/Windows 11 Home) E510KA-EJ9011WS ...,"₹34,990",https://rukminim2.flixcart.com/image/312/312/xif0q/computer/l/q/r/-original-imahg4utyrwfkqve.jpeg?q=70,https://www.flipkart.com/asus-vivobook-go-15-intel-celeron-dual-core-n4500-8-gb-512-gb-ssd-windows-11-home-e510ka-ej9011ws-thin-light-laptop/p/itm1826f3fec8f97?pid=COMH9499YSMWDGTM&lid=LSTCOMH9499YSMWDGTMZIRHJA&marketplace=FLIPKART&q=laptops&store=6bo%2Fb5g&srno=s_13_311&otracker=search&fm=organic&iid=c7b35091-e728-4be0-ba29-cf16ad7d0430.COMH9499YSMWDGTM.SEARCH&ppt=None&ppn=None&ssid=fotrl9n5sw0000001768228387734&qH=c06ea84a1e3dc3c6
Lenovo LoQ Intel Core i5 13th Gen 13450HX - (16 GB/512 GB SSD/Windows 11 Home/4 GB Graphics/NVIDIA GeF...,"₹76,990",https://rukminim2.flixcart.com/image/312/312/xif0q/computer/k/e/a/-original-imahde5ygpchnjsc.jpeg?q=70,https://www.flipkart.com/lenovo-loq-intel-core-i5-13th-gen-13450hx-16-gb-512-gb-ssd-windows-11-home-4-graphics-nvidia-geforce-rtx-3050a-144-hz-15irx9-gaming-laptop/p/itm66c74c31dbd4c?pid=COMHEYV7U4CRVF33&lid=LSTCOMHEYV7U4CRVF33E9FCEV&marketplace=FLIPKART&q=laptops&store=6bo%2Fb5g&srno=s_13_312&otracker=search&fm=organic&iid=c7b35091-e728-4be0-ba29-cf16ad7d0430.COMHEYV7U4CRVF33.SEARCH&ppt=None&ppn=None&ssid=fotrl9n5sw0000001768228387734&qH=c06ea84a1e3dc3c6
Acer Aspire 15 AMD Ryzen 5 Hexa Core 7430U - (8 GB/512 GB SSD/Windows 11 Home) A325-42 Thin and Light ...,"₹39,938",https://rukminim2.flixcart.com/image/312/312/xif0q/computer/p/c/z/-original-imahg5fusry5atvm.jpeg?q=70,https://www.flipkart.com/acer-aspire-15-amd-ryzen-5-hexa-core-7430u-8-gb-512-gb-ssd-windows-11-home-a325-42-thin-light-laptop/p/itmdaf15e01a1d1a?pid=COMH397XVTZNMYGX&lid=LSTCOMH397XVTZNMYGXZNVAKW&marketplace=FLIPKART&q=laptops&store=6bo%2Fb5g&srno=s_14_313&otracker=search&fm=organic&iid=b7d8084f-651b-4c8a-8e1a-f0ea902ed345.COMH397XVTZNMYGX.SEARCH&ppt=None&ppn=None&ssid=lgeefqs80g0000001768228425991&qH=c06ea84a1e3dc3c6
ASUS Vivobook 15 Intel Core i3 12th Gen 1215U - (16 GB/512 GB SSD/Windows 11 Home) X1504ZA-NJ342WS Thi...,"₹40,290",https://rukminim2.flixcart.com/image/312/312/xif0q/computer/y/q/m/-original-imahg5fvnfaguzc6.jpeg?q=70,https://www.flipkart.com/asus-vivobook-15-intel-core-i3-12th-gen-1215u-16-gb-512-gb-ssd-windows-11-home-x1504za-nj342ws-thin-light-laptop/p/itm200184e4e0443?pid=COMH3BKW6EQAZAWC&lid=LSTCOMH3BKW6EQAZAWCEXWFKH&marketplace=FLIPKART&q=laptops&store=6bo%2Fb5g&srno=s_14_314&otracker=search&fm=organic&iid=b7d8084f-651b-4c8a-8e1a-f0ea902ed345.COMH3BKW6EQAZAWC.SEARCH&ppt=None&ppn=None&ssid=lgeefqs80g0000001768228425991&qH=c06ea84a1e3dc3c6
DELL 15 AMD Ryzen 5 Quad Core 7520U - (8 GB/512 GB SSD/Windows 11 Home) 3535 Thin and Light Laptop,"₹39,990",https://rukminim2.flixcart.com/image/312/312/xif0q/computer/d/u/h/-original-imahg5fypmav3dqy.jpeg?q=70,https://www.flipkart.com/dell-15-amd-ryzen-5-quad-core-7520u-8-gb-512-gb-ssd-windows-11-home-3535-thin-light-laptop/p/itm277d6cd7790c2?pid=COMH8EPFHZRD9YDC&lid=LSTCOMH8EPFHZRD9YDCNY8FQL&marketplace=FLIPKART&q=laptops&store=6bo%2Fb5g&srno=s_14_315&otracker=search&fm=organic&iid=b7d8084f-651b-4c8a-8e1a-f0ea902ed345.COMH8EPFHZRD9YDC.SEARCH&ppt=None&ppn=None&ssid=lgeefqs80g0000001768228425991&qH=c06ea84a1e3dc3c6
Samsung Galaxy Book4 Metal Intel Core i5 13th Gen 1335U - (16 GB/512 GB SSD/Windows 11 Home) NP750XGJ-...,"₹56,590",https://rukminim2.flixcart.com/image/312/312/xif0q/computer/k/t/y/-original-imahg53xspmfrsdd.jpeg?q=70,https://www.flipkart.com/samsung-galaxy-book4-metal-intel-core-i5-13th-gen-1335u-16-gb-512-gb-ssd-windows-11-home-np750xgj-kg2in-np750xgj-lg2in-thin-light-laptop/p/itm1df5212efb9fc?pid=COMGZUYDGFJGHZR4&lid=LSTCOMGZUYDGFJGHZR4X6E6L2&marketplace=FLIPKART&q=laptops&store=6bo%2Fb5g&srno=s_14_316&otracker=search&fm=organic&iid=b7d8084f-651b-4c8a-8e1a-f0ea902ed345.COMGZUYDGFJGHZR4.SEARCH&ppt=None&ppn=None&ssid=lgeefqs80g0000001768228425991&qH=c06ea84a1e3dc3c6
Acer Predator Neo Intel Core i5 13th Gen 13500HX - (16 GB/512 GB SSD/Windows 11 Home/6 GB Graphics/NVI...,"₹91,990",https://rukminim2.flixcart.com/image/312/312/xif0q/computer/6/a/r/-original-imahg5fymzmwu3h6.jpeg?q=70,https://www.flipkart.com/acer-predator-neo-intel-core-i5-13th-gen-13500hx-16-gb-512-gb-ssd-windows-11-home-6-graphics-nvidia-geforce-rtx-4050-phn16-71-59xw-phn16-71-553k-phn-16-71-gaming-laptop/p/itm4295aa0d4297e?pid=COMGZS9G8GX9YSRH&lid=LSTCOMGZS9G8GX9YSRHZZOW7Z&marketplace=FLIPKART&q=laptops&store=6bo%2Fb5g&srno=s_14_317&otracker=search&fm=organic&iid=b7d8084f-651b-4c8a-8e1a-f0ea902ed345.COMGZS9G8GX9YSRH.SEARCH&ppt=None&ppn=None&ssid=lgeefqs80g0000001768228425991&qH=c06ea84a1e3dc3c6
HP Pavilion 14 Intel Core 3 100H - (8 GB/512 GB SSD/Windows 11 Home) EK2033TU 2 in 1 Laptop,"₹56,490",https://rukminim2.flixcart.com/image/312/312/xif0q/computer/s/3/4/hp-pavilion-2-in-1-laptop-hp-original-imahavxy6p8ncw8d.jpeg?q=70,https://www.flipkart.com/hp-pavilion-14-intel-core-3-100h-8-gb-512-gb-ssd-windows-11-home-ek2033tu-2-1-laptop/p/itm17220cc0a6802?pid=COMHAWYRAPZGZEMY&lid=LSTCOMHAWYRAPZGZEMYJYMOCB&marketplace=FLIPKART&q=laptops&store=6bo%2Fb5g&srno=s_14_318&otracker=search&fm=organic&iid=b7d8084f-651b-4c8a-8e1a-f0ea902ed345.COMHAWYRAPZGZEMY.SEARCH&ppt=None&ppn=None&ssid=lgeefqs80g0000001768228425991&qH=c06ea84a1e3dc3c6
Lenovo IdeaPad Slim 3 Intel Core 5 120U - (16 GB/512 GB SSD/Windows 11 Home) 15IRU9 Thin and Light Lap...,"₹59,490",https://rukminim2.flixcart.com/image/312/312/xif0q/computer/w/k/u/-original-imahg5fx8ztwdz9f.jpeg?q=70,https://www.flipkart.com/lenovo-ideapad-slim-3-intel-core-5-120u-16-gb-512-gb-ssd-windows-11-home-15iru9-thin-light-laptop/p/itm726ac134d0530?pid=COMH44PGGJZMT3FE&lid=LSTCOMH44PGGJZMT3FEDD4ST8&marketplace=FLIPKART&q=laptops&store=6bo%2Fb5g&srno=s_14_319&otracker=search&fm=organic&iid=b7d8084f-651b-4c8a-8e1a-f0ea902ed345.COMH44PGGJZMT3FE.SEARCH&ppt=None&ppn=None&ssid=lgeefqs80g0000001768228425991&qH=c06ea84a1e3dc3c6
Acer AMD Ryzen 5 Hexa Core 5500U - (16 GB/1 TB SSD/Windows 11 Home) AL15-41 Thin and Light Laptop,"₹47,990",https://rukminim2.flixcart.com/image/312/312/xif0q/computer/u/p/m/-original-imah2pf2u98xefzx.jpeg?q=70,https://www.flipkart.com/acer-amd-ryzen-5-hexa-core-5500u-16-gb-1-tb-ssd-windows-11-home-al15-41-thin-light-laptop/p/itm1bc0bcb4598e7?pid=COMH28U4FGUG5458&lid=LSTCOMH28U4FGUG5458JWDUDE&marketplace=FLIPKART&q=laptops&store=6bo%2Fb5g&srno=s_14_320&otracker=search&fm=organic&iid=b7d8084f-651b-4c8a-8e1a-f0ea902ed345.COMH28U4FGUG5458.SEARCH&ppt=None&ppn=None&ssid=lgeefqs80g0000001768228425991&qH=c06ea84a1e3dc3c6
"ASUS Vivobook S14 (2025) with Office 2024 + M365 Basic*, Backlit Keyboard, Intel Core i5 13th Gen 1342...","₹58,990",https://rukminim2.flixcart.com/image/312/312/xif0q/computer/t/s/w/-original-imahg4utezsksjfh.jpeg?q=70,https://www.flipkart.com/asus-vivobook-s14-2025-office-2024-m365-basic-backlit-keyboard-intel-core-i5-13th-gen-13420h-16-gb-512-gb-ssd-windows-11-home-s3407va-ly033ws-thin-light-laptop/p/itm7da6134d4236a?pid=COMH9SJ9QHFMWRGM&lid=LSTCOMH9SJ9QHFMWRGMPKHG6W&marketplace=FLIPKART&q=laptops&store=6bo%2Fb5g&srno=s_14_321&otracker=search&fm=organic&iid=b7d8084f-651b-4c8a-8e1a-f0ea902ed345.COMH9SJ9QHFMWRGM.SEARCH&ppt=None&ppn=None&ssid=lgeefqs80g0000001768228425991&qH=c06ea84a1e3dc3c6
Acer Aspire 14 Intel Core 5 - (16 GB/512 GB SSD/Windows 11 Home) AS14H-53 Notebook,"₹59,990",https://rukminim2.flixcart.com/image/312/312/xif0q/computer/i/m/i/-original-imahgevsset9ymhh.jpeg?q=70,https://www.flipkart.com/acer-aspire-14-intel-core-5-16-gb-512-gb-ssd-windows-11-home-as14h-53-notebook/p/itm11ee2353aa374?pid=COMHHPF4D9FMHKXH&lid=LSTCOMHHPF4D9FMHKXHCGJWPE&marketplace=FLIPKART&q=laptops&store=6bo%2Fb5g&srno=s_14_322&otracker=search&fm=organic&iid=b7d8084f-651b-4c8a-8e1a-f0ea902ed345.COMHHPF4D9FMHKXH.SEARCH&ppt=None&ppn=None&ssid=lgeefqs80g0000001768228425991&qH=c06ea84a1e3dc3c6
Lenovo IdeaPad Slim 3 Intel Core i5 12th Gen 12450H - (16 GB/512 GB SSD/Windows 11 Home) 14IAH8 Thin a...,"₹51,490",https://rukminim2.flixcart.com/image/312/312/xif0q/computer/c/g/r/-original-imahg5fu4pgmgf6u.jpeg?q=70,https://www.flipkart.com/lenovo-ideapad-slim-3-intel-core-i5-12th-gen-12450h-16-gb-512-gb-ssd-windows-11-home-14iah8-thin-light-laptop/p/itm726ac134d0530?pid=COMGYHP5ZB4AGZH6&lid=LSTCOMGYHP5ZB4AGZH6FHRJ3V&marketplace=FLIPKART&q=laptops&store=6bo%2Fb5g&srno=s_14_323&otracker=search&fm=organic&iid=b7d8084f-651b-4c8a-8e1a-f0ea902ed345.COMGYHP5ZB4AGZH6.SEARCH&ppt=None&ppn=None&ssid=lgeefqs80g0000001768228425991&qH=c06ea84a1e3dc3c6
"ASUS Vivobook 15, with Backlit Keyboard, Intel Core i3 12th Gen 1215U - (8 GB/512 GB SSD/Windows 11 Ho...","₹37,390",https://rukminim2.flixcart.com/image/312/312/xif0q/computer/8/o/q/-original-imahg5ftx5zgpdhc.jpeg?q=70,https://www.flipkart.com/asus-vivobook-15-backlit-keyboard-intel-core-i3-12th-gen-1215u-8-gb-512-gb-ssd-windows-11-home-x1504za-nj322ws-thin-light-laptop/p/itm200184e4e0443?pid=COMH4Y6KT9ZMYXA6&lid=LSTCOMH4Y6KT9ZMYXA6OVXK6A&marketplace=FLIPKART&q=laptops&store=6bo%2Fb5g&srno=s_14_324&otracker=search&fm=organic&iid=b7d8084f-651b-4c8a-8e1a-f0ea902ed345.COMH4Y6KT9ZMYXA6.SEARCH&ppt=None&ppn=None&ssid=lgeefqs80g0000001768228425991&qH=c06ea84a1e3dc3c6
HP MS Office 2024 Intel Core i3 13th Gen 1315U - (8 GB/512 GB SSD/Windows 11 Home) fd0465TU Thin and L...,"₹39,778",https://rukminim2.flixcart.com/image/312/312/xif0q/computer/0/h/w/-original-imahg4ut6xbmzga5.jpeg?q=70,https://www.flipkart.com/hp-ms-office-2024-intel-core-i3-13th-gen-1315u-8-gb-512-gb-ssd-windows-11-home-fd0465tu-thin-light-laptop/p/itm4fc6159aa1303?pid=COMH8QXWZVWEDYMN&lid=LSTCOMH8QXWZVWEDYMN0B7SIH&marketplace=FLIPKART&q=laptops&store=6bo%2Fb5g&srno=s_14_325&otracker=search&fm=organic&iid=b7d8084f-651b-4c8a-8e1a-f0ea902ed345.COMH8QXWZVWEDYMN.SEARCH&ppt=None&ppn=None&ssid=lgeefqs80g0000001768228425991&qH=c06ea84a1e3dc3c6
Lenovo IdeaPad Slim 3 Intel Core i5 12th Gen 12450H - (8 GB/512 GB SSD/Windows 11 Home) 14IAH8 Thin an...,"₹48,490",https://rukminim2.flixcart.com/image/312/312/xif0q/computer/c/g/r/-original-imahg5fu4pgmgf6u.jpeg?q=70,https://www.flipkart.com/lenovo-ideapad-slim-3-intel-core-i5-12th-gen-12450h-8-gb-512-gb-ssd-windows-11-home-14iah8-thin-light-laptop/p/itm726ac134d0530?pid=COMHFYZ3GZVH37GY&lid=LSTCOMHFYZ3GZVH37GYBMASJU&marketplace=FLIPKART&q=laptops&store=6bo%2Fb5g&srno=s_14_326&otracker=search&fm=organic&iid=b7d8084f-651b-4c8a-8e1a-f0ea902ed345.COMHFYZ3GZVH37GY.SEARCH&ppt=None&ppn=None&ssid=lgeefqs80g0000001768228425991&qH=c06ea84a1e3dc3c6
Lenovo IdeaPad Slim 5 Co-Pilot Next Gen AI PC Full Metal Snapdragon X Plus - (16 GB/1 TB SSD/Windows 1...,"₹69,990",https://rukminim2.flixcart.com/image/312/312/xif0q/computer/6/l/r/-original-imahg5fxwyqndjhu.jpeg?q=70,https://www.flipkart.com/lenovo-ideapad-slim-5-co-pilot-next-gen-ai-pc-full-metal-snapdragon-x-plus-16-gb-1-tb-ssd-windows-11-home-14q8x9-thin-light-laptop/p/itm8a59041fc8c0f?pid=COMH4N9CZ7JKPQQC&lid=LSTCOMH4N9CZ7JKPQQCOFLXDU&marketplace=FLIPKART&q=laptops&store=6bo%2Fb5g&srno=s_14_327&otracker=search&fm=organic&iid=b7d8084f-651b-4c8a-8e1a-f0ea902ed345.COMH4N9CZ7JKPQQC.SEARCH&ppt=None&ppn=None&ssid=lgeefqs80g0000001768228425991&qH=c06ea84a1e3dc3c6
Lenovo IdeaPad 1 AMD Ryzen 3 Dual Core 3250U - (8 GB/512 GB SSD/Windows 11 Home) 15ADA7 Thin and Light...,"₹35,348",https://rukminim2.flixcart.com/image/312/312/xif0q/computer/n/x/e/-original-imahg4uu367ctf2j.jpeg?q=70,https://www.flipkart.com/lenovo-ideapad-1-amd-ryzen-3-dual-core-3250u-8-gb-512-gb-ssd-windows-11-home-15ada7-thin-light-laptop/p/itm3ee2f5da49d46?pid=COMGFM5BYHQPXCRZ&lid=LSTCOMGFM5BYHQPXCRZR0MHKN&marketplace=FLIPKART&q=laptops&store=6bo%2Fb5g&srno=s_14_328&otracker=search&fm=organic&iid=b7d8084f-651b-4c8a-8e1a-f0ea902ed345.COMGFM5BYHQPXCRZ.SEARCH&ppt=None&ppn=None&ssid=lgeefqs80g0000001768228425991&qH=c06ea84a1e3dc3c6
Acer Aspire Lite AMD Ryzen 7 Octa Core 7730U - (16 GB/512 GB SSD/Windows 11 Home) AL15-41 Thin and Lig...,"₹46,990",https://rukminim2.flixcart.com/image/312/312/xif0q/computer/b/k/d/-original-imahb2kbf2zdan3z.jpeg?q=70,https://www.flipkart.com/acer-aspire-lite-amd-ryzen-7-octa-core-7730u-16-gb-512-gb-ssd-windows-11-home-al15-41-thin-light-laptop/p/itm1bc0bcb4598e7?pid=COMHY74JVWWHKWKA&lid=LSTCOMHY74JVWWHKWKAWZDS3W&marketplace=FLIPKART&q=laptops&store=6bo%2Fb5g&srno=s_14_329&otracker=search&fm=organic&iid=b7d8084f-651b-4c8a-8e1a-f0ea902ed345.COMHY74JVWWHKWKA.SEARCH&ppt=None&ppn=None&ssid=lgeefqs80g0000001768228425991&qH=c06ea84a1e3dc3c6
MOTOROLA Motobook 60 Full Metal OLED (i7 14th Gen) Intel Core 7 (Series 2) 240H - (16 GB/512 GB SSD/Wi...,"₹60,990",https://rukminim2.flixcart.com/image/312/312/xif0q/computer/c/n/p/-original-imahg5fvzkgrh5ky.jpeg?q=70,https://www.flipkart.com/motorola-motobook-60-full-metal-oled-i7-14th-gen-intel-core-7-series-2-240h-16-gb-512-gb-ssd-windows-11-home-14irh10r-thin-light-laptop/p/itmf0b4d7c55543d?pid=COMHAUZWUZNATFET&lid=LSTCOMHAUZWUZNATFETMS2VMV&marketplace=FLIPKART&q=laptops&store=6bo%2Fb5g&srno=s_14_330&otracker=search&fm=organic&iid=b7d8084f-651b-4c8a-8e1a-f0ea902ed345.COMHAUZWUZNATFET.SEARCH&ppt=None&ppn=None&ssid=lgeefqs80g0000001768228425991&qH=c06ea84a1e3dc3c6
DELL Vostro Intel Core i5 12th Gen 1235U - (16 GB/512 GB SSD/Windows 11 Home) 3520 Thin and Light Lapt...,"₹58,900",https://rukminim2.flixcart.com/image/312/312/xif0q/computer/e/t/n/-original-imahgx8wgpshpfpx.jpeg?q=70,https://www.flipkart.com/dell-vostro-intel-core-i5-12th-gen-1235u-16-gb-512-gb-ssd-windows-11-home-3520-thin-light-laptop/p/itm51274425414c3?pid=COMHB4GUB2HKFJUT&lid=LSTCOMHB4GUB2HKFJUTCGE5VO&marketplace=FLIPKART&q=laptops&store=6bo%2Fb5g&srno=s_14_331&otracker=search&fm=organic&iid=b7d8084f-651b-4c8a-8e1a-f0ea902ed345.COMHB4GUB2HKFJUT.SEARCH&ppt=None&ppn=None&ssid=lgeefqs80g0000001768228425991&qH=c06ea84a1e3dc3c6
"ASUS Vivobook 15 (2025) (i5 14th Gen) with MSO 2024 + M365 Basic*, Backlit Keyboard, Intel Core 5 120U...","₹49,890",https://rukminim2.flixcart.com/image/312/312/xif0q/computer/q/y/3/-original-imahfcztmzr9wkhd.jpeg?q=70,https://www.flipkart.com/asus-vivobook-15-2025-i5-14th-gen-mso-2024-m365-basic-backlit-keyboard-intel-core-5-120u-8-gb-512-gb-ssd-windows-11-home-x1504vap-nj2861ws-thin-light-laptop/p/itm43bba8cb18dd3?pid=COMHDG7CKWDY2FP4&lid=LSTCOMHDG7CKWDY2FP40QR2CP&marketplace=FLIPKART&q=laptops&store=6bo%2Fb5g&srno=s_14_332&otracker=search&fm=organic&iid=b7d8084f-651b-4c8a-8e1a-f0ea902ed345.COMHDG7CKWDY2FP4.SEARCH&ppt=None&ppn=None&ssid=lgeefqs80g0000001768228425991&qH=c06ea84a1e3dc3c6
MSI Intel Core i5 12th Gen 1235U - (16 GB/512 GB SSD/Windows 11 Home) Modern 14 C12MO-1299IN Thin and ...,"₹46,150",https://rukminim2.flixcart.com/image/312/312/xif0q/computer/n/c/i/-original-imahg5fx2rn7pchf.jpeg?q=70,https://www.flipkart.com/msi-intel-core-i5-12th-gen-1235u-16-gb-512-gb-ssd-windows-11-home-modern-14-c12mo-1299in-thin-light-laptop/p/itm8820edd8b6c55?pid=COMH3YTFHZ3D6Y9S&lid=LSTCOMH3YTFHZ3D6Y9SQUQDYM&marketplace=FLIPKART&q=laptops&store=6bo%2Fb5g&srno=s_14_333&otracker=search&fm=organic&iid=b7d8084f-651b-4c8a-8e1a-f0ea902ed345.COMH3YTFHZ3D6Y9S.SEARCH&ppt=None&ppn=None&ssid=lgeefqs80g0000001768228425991&qH=c06ea84a1e3dc3c6
Apple MacBook Air M4 - (16 GB/512 GB SSD/macOS Sequoia) MW103HN/A,"₹1,14,990",https://rukminim2.flixcart.com/image/312/312/xif0q/computer/q/o/f/-original-imahayjprdnrga3v.jpeg?q=70,https://www.flipkart.com/apple-macbook-air-m4-16-gb-512-gb-ssd-macos-sequoia-mw103hn-a/p/itmc2cfaee6a7b6e?pid=COMH9ZWQKQ5D3ZED&lid=LSTCOMH9ZWQKQ5D3ZEDKELRCZ&marketplace=FLIPKART&q=laptops&store=6bo%2Fb5g&srno=s_14_334&otracker=search&fm=organic&iid=b7d8084f-651b-4c8a-8e1a-f0ea902ed345.COMH9ZWQKQ5D3ZED.SEARCH&ppt=None&ppn=None&ssid=lgeefqs80g0000001768228425991&qH=c06ea84a1e3dc3c6
HP G10 AMD Ryzen 5 Quad Core 7520U - (8 GB/512 GB SSD/Windows 11 Home) 245 G10 Thin and Light Laptop,"₹35,990",https://rukminim2.flixcart.com/image/312/312/xif0q/computer/8/i/7/245-g10-thin-and-light-laptop-hp-original-imahegz58sz6xums.jpeg?q=70,https://www.flipkart.com/hp-g10-amd-ryzen-5-quad-core-7520u-8-gb-512-gb-ssd-windows-11-home-245-thin-light-laptop/p/itm1d1f9e7e80c58?pid=COMHEJWDBYEZBWZW&lid=LSTCOMHEJWDBYEZBWZWHSATBI&marketplace=FLIPKART&q=laptops&store=6bo%2Fb5g&srno=s_14_335&otracker=search&fm=organic&iid=b7d8084f-651b-4c8a-8e1a-f0ea902ed345.COMHEJWDBYEZBWZW.SEARCH&ppt=None&ppn=None&ssid=lgeefqs80g0000001768228425991&qH=c06ea84a1e3dc3c6
Lenovo LOQ 2025 AMD Ryzen 7 Octa Core 250 - (24 GB/1 TB SSD/Windows 11 Home/8 GB Graphics/NVIDIA GeFor...,"₹1,15,990",https://rukminim2.flixcart.com/image/312/312/xif0q/computer/w/n/l/-original-imahfz2n2zhh3dky.jpeg?q=70,https://www.flipkart.com/lenovo-loq-2025-amd-ryzen-7-octa-core-250-24-gb-1-tb-ssd-windows-11-home-8-gb-graphics-nvidia-geforce-rtx-5050-15ahp10-gaming-laptop/p/itm2c8883c14f978?pid=COMHEWAJNV3FEZQ9&lid=LSTCOMHEWAJNV3FEZQ95PVFHZ&marketplace=FLIPKART&q=laptops&store=6bo%2Fb5g&srno=s_14_336&otracker=search&fm=organic&iid=b7d8084f-651b-4c8a-8e1a-f0ea902ed345.COMHEWAJNV3FEZQ9.SEARCH&ppt=None&ppn=None&ssid=lgeefqs80g0000001768228425991&qH=c06ea84a1e3dc3c6
"ASUS Vivobook Go 15, 12th Gen, Equivalent to Intel 12th Gen, Intel Core i3 N305 - (8 GB/512 GB SSD/Win...","₹34,990",https://rukminim2.flixcart.com/image/312/312/xif0q/computer/m/a/i/-original-imahg5fxam2t6ghd.jpeg?q=70,https://www.flipkart.com/asus-vivobook-go-15-12th-gen-equivalent-intel-core-i3-n305-8-gb-512-gb-ssd-windows-11-home-e1504ga-nj321ws-e1504ga-bq1224ws-thin-light-laptop/p/itm283c8ed983ac3?pid=COMGZDQJZXFNV7QD&lid=LSTCOMGZDQJZXFNV7QD9HW5VM&marketplace=FLIPKART&q=laptops&store=6bo%2Fb5g&srno=s_15_337&otracker=search&fm=organic&iid=df7d2b2e-a95c-47dd-bf1d-d54ad66f4e20.COMGZDQJZXFNV7QD.SEARCH&ppt=None&ppn=None&ssid=psrktfkpj40000001768228453862&qH=c06ea84a1e3dc3c6
HP AMD Ryzen 5 Hexa Core 7530U - (8 GB/512 GB SSD/Windows 11 Home) 15-fc0388AU Thin and Light Laptop,"₹45,800",https://rukminim2.flixcart.com/image/312/312/xif0q/computer/n/n/j/-original-imahc7gr7gvtdm4q.jpeg?q=70,https://www.flipkart.com/hp-amd-ryzen-5-hexa-core-7530u-8-gb-512-gb-ssd-windows-11-home-15-fc0388au-thin-light-laptop/p/itmb763294e17b16?pid=COMHBFRJGNVCV6MZ&lid=LSTCOMHBFRJGNVCV6MZX7SLVV&marketplace=FLIPKART&q=laptops&store=6bo%2Fb5g&srno=s_15_338&otracker=search&fm=organic&iid=df7d2b2e-a95c-47dd-bf1d-d54ad66f4e20.COMHBFRJGNVCV6MZ.SEARCH&ppt=None&ppn=None&ssid=psrktfkpj40000001768228453862&qH=c06ea84a1e3dc3c6
Lenovo IdeaPad 1 AMD Athlon Dual Core 7120U - (8 GB/512 GB SSD/Windows 11 Home) 15AMN7 Thin and Light ...,"₹35,990",https://rukminim2.flixcart.com/image/312/312/xif0q/computer/7/t/0/-original-imahg4us7rvfwcxf.jpeg?q=70,https://www.flipkart.com/lenovo-ideapad-1-amd-athlon-dual-core-7120u-8-gb-512-gb-ssd-windows-11-home-15amn7-thin-light-laptop/p/itm3ee2f5da49d46?pid=COMGSB23REP7G84N&lid=LSTCOMGSB23REP7G84NR2BD2P&marketplace=FLIPKART&q=laptops&store=6bo%2Fb5g&srno=s_15_339&otracker=search&fm=organic&iid=df7d2b2e-a95c-47dd-bf1d-d54ad66f4e20.COMGSB23REP7G84N.SEARCH&ppt=None&ppn=None&ssid=psrktfkpj40000001768228453862&qH=c06ea84a1e3dc3c6
Lenovo IdeaPad 3 Chrome Intel Celeron Dual Core N4500 - (8 GB/128 GB EMMC Storage/Chrome OS) 15IJL6 Ch...,"₹18,990",https://rukminim2.flixcart.com/image/312/312/xif0q/computer/c/q/e/-original-imah58wkmru6vp4r.jpeg?q=70,https://www.flipkart.com/lenovo-ideapad-3-chrome-intel-celeron-dual-core-n4500-8-gb-128-gb-emmc-storage-chrome-os-15ijl6-chromebook/p/itmc635c4106a281?pid=COMH23FAMNYAFXBY&lid=LSTCOMH23FAMNYAFXBYUIJM2F&marketplace=FLIPKART&q=laptops&store=6bo%2Fb5g&srno=s_15_340&otracker=search&fm=organic&iid=df7d2b2e-a95c-47dd-bf1d-d54ad66f4e20.COMH23FAMNYAFXBY.SEARCH&ppt=None&ppn=None&ssid=psrktfkpj40000001768228453862&qH=c06ea84a1e3dc3c6
DELL Inspiron 5440 (2025) Intel Core i3 13th Gen 1305U - (8 GB/512 GB SSD/Windows 11 Home) Inspiron 54...,"₹39,990",https://rukminim2.flixcart.com/image/312/312/xif0q/computer/e/x/8/inspiron-5440-thin-and-light-laptop-dell-original-imahergyhvuezy2g.jpeg?q=70,https://www.flipkart.com/dell-inspiron-5440-2025-intel-core-i3-13th-gen-1305u-8-gb-512-gb-ssd-windows-11-home-thin-light-laptop/p/itm1dc3eb60c7b18?pid=COMHERGYAJHHW4AN&lid=LSTCOMHERGYAJHHW4ANUTRYZH&marketplace=FLIPKART&q=laptops&store=6bo%2Fb5g&srno=s_15_341&otracker=search&fm=organic&iid=df7d2b2e-a95c-47dd-bf1d-d54ad66f4e20.COMHERGYAJHHW4AN.SEARCH&ppt=None&ppn=None&ssid=psrktfkpj40000001768228453862&qH=c06ea84a1e3dc3c6
Primebook Wifi MediaTek MT8183 - (4 GB/64 GB EMMC Storage/Prime OS) PB Wifi Thin and Light Laptop,"₹17,990",https://rukminim2.flixcart.com/image/312/312/xif0q/computer/5/c/5/-original-imagtrj27kprghgz.jpeg?q=70,https://www.flipkart.com/primebook-wifi-mediatek-mt8183-4-gb-64-gb-emmc-storage-prime-os-pb-thin-light-laptop/p/itmfd14d0fbf7736?pid=COMGT846VD2DQBG4&lid=LSTCOMGT846VD2DQBG4AX8NIY&marketplace=FLIPKART&q=laptops&store=6bo%2Fb5g&srno=s_15_342&otracker=search&fm=organic&iid=df7d2b2e-a95c-47dd-bf1d-d54ad66f4e20.COMGT846VD2DQBG4.SEARCH&ppt=None&ppn=None&ssid=psrktfkpj40000001768228453862&qH=c06ea84a1e3dc3c6
DELL Latitude 3540 (2025) Intel Core i3 12th Gen 1215U - (16 GB/512 GB SSD/Windows 11 Pro) Latitude 35...,"₹42,990",https://rukminim2.flixcart.com/image/312/312/xif0q/computer/z/r/g/latitude-3540-thin-and-light-laptop-dell-original-imahdhtym4tzn3w9.jpeg?q=70,https://www.flipkart.com/dell-latitude-3540-2025-intel-core-i3-12th-gen-1215u-16-gb-512-gb-ssd-windows-11-pro-thin-light-laptop/p/itmefb2f1bab571e?pid=COMHDHTYRPHJHXYF&lid=LSTCOMHDHTYRPHJHXYFWCXYGI&marketplace=FLIPKART&q=laptops&store=6bo%2Fb5g&srno=s_15_343&otracker=search&fm=organic&iid=df7d2b2e-a95c-47dd-bf1d-d54ad66f4e20.COMHDHTYRPHJHXYF.SEARCH&ppt=None&ppn=None&ssid=psrktfkpj40000001768228453862&qH=c06ea84a1e3dc3c6
Lenovo �IdeaPad Slim 5 WUXGA OLED Full Metal Body Intel Core i5 13th Gen 13420H - (16 GB/512 GB SSD/Wi...,"₹64,990",https://rukminim2.flixcart.com/image/312/312/xif0q/computer/o/v/3/-original-imahfkh32rjbqrhj.jpeg?q=70,https://www.flipkart.com/lenovo-ideapad-slim-5-wuxga-oled-full-metal-body-intel-core-i5-13th-gen-13420h-16-gb-512-gb-ssd-windows-11-home-ideapad-14irh10-thin-light-laptop/p/itm0b17c3ba291b5?pid=COMHC5GNMHRMZKHM&lid=LSTCOMHC5GNMHRMZKHMK3BMPK&marketplace=FLIPKART&q=laptops&store=6bo%2Fb5g&srno=s_15_344&otracker=search&fm=organic&iid=df7d2b2e-a95c-47dd-bf1d-d54ad66f4e20.COMHC5GNMHRMZKHM.SEARCH&ppt=None&ppn=None&ssid=psrktfkpj40000001768228453862&qH=c06ea84a1e3dc3c6
ASUS Vivobook Go 14 (2025) with Office 2024 + M365 Basic* AMD Ryzen 5 Quad Core 7520U - (16 GB/512 GB ...,"₹44,910",https://rukminim2.flixcart.com/image/312/312/xif0q/computer/d/n/3/-original-imah2y2teghzh7xe.jpeg?q=70,https://www.flipkart.com/asus-vivobook-go-14-2025-office-2024-m365-basic-amd-ryzen-5-quad-core-7520u-16-gb-512-gb-ssd-windows-11-home-e1404fa-nk5541ws-e1404fa-eb2541ws-thin-light-laptop/p/itmb7bbc704466cd?pid=COMH9SJ9G3HZFQS3&lid=LSTCOMH9SJ9G3HZFQS3PSDWQP&marketplace=FLIPKART&q=laptops&store=6bo%2Fb5g&srno=s_15_345&otracker=search&fm=organic&iid=df7d2b2e-a95c-47dd-bf1d-d54ad66f4e20.COMH9SJ9G3HZFQS3.SEARCH&ppt=None&ppn=None&ssid=psrktfkpj40000001768228453862&qH=c06ea84a1e3dc3c6
ASUS Vivobook 14 (2025) with Office 2024 + M365 Basic* Intel Core i3 13th Gen 1315U - (8 GB/512 GB SSD...,"₹35,990",https://rukminim2.flixcart.com/image/312/312/xif0q/computer/o/9/8/-original-imagpxgrmnnwrtzk.jpeg?q=70,https://www.flipkart.com/asus-vivobook-14-2025-office-2024-m365-basic-intel-core-i3-13th-gen-1315u-8-gb-512-gb-ssd-windows-11-home-x1404va-nk761ws-thin-light-laptop/p/itm186e70a005d8b?pid=COMH9SJ9HJCQQ6RH&lid=LSTCOMH9SJ9HJCQQ6RHR3JNC0&marketplace=FLIPKART&q=laptops&store=6bo%2Fb5g&srno=s_15_346&otracker=search&fm=organic&iid=df7d2b2e-a95c-47dd-bf1d-d54ad66f4e20.COMH9SJ9HJCQQ6RH.SEARCH&ppt=None&ppn=None&ssid=psrktfkpj40000001768228453862&qH=c06ea84a1e3dc3c6
Acer Aspire Intel Core i5 13th Gen 13420H - (16 GB/512 GB SSD/Windows 11 Home) AL15-52H Thin and Light...,"₹51,990",https://rukminim2.flixcart.com/image/312/312/xif0q/computer/0/6/k/aspire-lite-thin-and-light-laptop-acer-original-imahg6zgcgccmzah.jpeg?q=70,https://www.flipkart.com/acer-aspire-intel-core-i5-13th-gen-13420h-16-gb-512-gb-ssd-windows-11-home-al15-52h-thin-light-laptop/p/itm7d8c274d68fef?pid=COMHG6ZG28ZSCEAD&lid=LSTCOMHG6ZG28ZSCEADQRNNWT&marketplace=FLIPKART&q=laptops&store=6bo%2Fb5g&srno=s_15_347&otracker=search&fm=organic&iid=df7d2b2e-a95c-47dd-bf1d-d54ad66f4e20.COMHG6ZG28ZSCEAD.SEARCH&ppt=None&ppn=None&ssid=psrktfkpj40000001768228453862&qH=c06ea84a1e3dc3c6
Samsung Galaxy Book4 Intel Core 5 120U - (16 GB/512 GB SSD/Windows 11 Pro) NP750XGK-KS2IN / NP750XGK-L...,"₹54,990",https://rukminim2.flixcart.com/image/312/312/xif0q/computer/h/w/1/-original-imahg4ut2ugbgra8.jpeg?q=70,https://www.flipkart.com/samsung-galaxy-book4-intel-core-5-120u-16-gb-512-gb-ssd-windows-11-pro-np750xgk-ks2in-np750xgk-ls2in-np754xgk-ls2in-thin-light-laptop/p/itm47b30d5de382e?pid=COMGYQ265UHMGQB6&lid=LSTCOMGYQ265UHMGQB6X2WFGK&marketplace=FLIPKART&q=laptops&store=6bo%2Fb5g&srno=s_15_348&otracker=search&fm=organic&iid=df7d2b2e-a95c-47dd-bf1d-d54ad66f4e20.COMGYQ265UHMGQB6.SEARCH&ppt=None&ppn=None&ssid=psrktfkpj40000001768228453862&qH=c06ea84a1e3dc3c6
walker Intel Celeron Dual Core N4020 - (4 GB/128 GB SSD/Windows 11 Home) NU14A1 Thin and Light Laptop,"₹11,990",https://rukminim2.flixcart.com/image/312/312/xif0q/computer/u/z/e/-original-imahg5fyvzdwaqzj.jpeg?q=70,https://www.flipkart.com/walker-intel-celeron-dual-core-n4020-4-gb-128-gb-ssd-windows-11-home-nu14a1-thin-light-laptop/p/itm3d8c664ba317d?pid=COMGT4RVRZZKSHX3&lid=LSTCOMGT4RVRZZKSHX3QIYXNU&marketplace=FLIPKART&q=laptops&store=6bo%2Fb5g&srno=s_15_349&otracker=search&fm=organic&iid=df7d2b2e-a95c-47dd-bf1d-d54ad66f4e20.COMGT4RVRZZKSHX3.SEARCH&ppt=None&ppn=None&ssid=psrktfkpj40000001768228453862&qH=c06ea84a1e3dc3c6
"HP OmniBook 5 Backlit Keyboard & MSO'2024, Intel Core i5 13th Gen 1334U - (16 GB/512 GB SSD/Windows 11...","₹61,990",https://rukminim2.flixcart.com/image/312/312/xif0q/computer/j/t/1/-original-imahbsvmgge9vynk.jpeg?q=70,https://www.flipkart.com/hp-omnibook-5-backlit-keyboard-mso-2024-intel-core-i5-13th-gen-1334u-16-gb-512-gb-ssd-windows-11-home-16-ba1008tu-thin-light-laptop/p/itmb0751d07827ec?pid=COMHAWXY8QGRJ6YK&lid=LSTCOMHAWXY8QGRJ6YKV1VLXS&marketplace=FLIPKART&q=laptops&store=6bo%2Fb5g&srno=s_15_350&otracker=search&fm=organic&iid=df7d2b2e-a95c-47dd-bf1d-d54ad66f4e20.COMHAWXY8QGRJ6YK.SEARCH&ppt=None&ppn=None&ssid=psrktfkpj40000001768228453862&qH=c06ea84a1e3dc3c6
Lenovo IdeaPad Slim 3 AMD Ryzen 7 Octa Core - (16 GB/512 GB SSD/Windows 11 Home) IdeaPad Slim 3 15AHP1...,"₹67,490",https://rukminim2.flixcart.com/image/312/312/xif0q/computer/c/x/b/-original-imahgh9edgcunghp.jpeg?q=70,https://www.flipkart.com/lenovo-ideapad-slim-3-amd-ryzen-7-octa-core-16-gb-512-gb-ssd-windows-11-home-15ahp10-thin-light-laptop/p/itm5dd9ef3e7923a?pid=COMHGEQVBSNZHJTN&lid=LSTCOMHGEQVBSNZHJTNJHFX6I&marketplace=FLIPKART&q=laptops&store=6bo%2Fb5g&srno=s_15_351&otracker=search&fm=organic&iid=df7d2b2e-a95c-47dd-bf1d-d54ad66f4e20.COMHGEQVBSNZHJTN.SEARCH&ppt=None&ppn=None&ssid=psrktfkpj40000001768228453862&qH=c06ea84a1e3dc3c6
HP Laptop 15s Intel Celeron Dual Core Intel Celeron N4500 - (8 GB/512 GB SSD/Windows 11 Home) fq3071TU...,"₹29,990",https://rukminim2.flixcart.com/image/312/312/xif0q/computer/v/b/a/fq3071tu-thin-and-light-laptop-hp-original-imagtmvhqzwegxqh.jpeg?q=70,https://www.flipkart.com/hp-laptop-15s-intel-celeron-dual-core-n4500-8-gb-512-gb-ssd-windows-11-home-fq3071tu-thin-light/p/itm0401d7a79d36b?pid=COMGTMVZVEGHCTZV&lid=LSTCOMGTMVZVEGHCTZVB94N6A&marketplace=FLIPKART&q=laptops&store=6bo%2Fb5g&srno=s_15_352&otracker=search&fm=organic&iid=df7d2b2e-a95c-47dd-bf1d-d54ad66f4e20.COMGTMVZVEGHCTZV.SEARCH&ppt=None&ppn=None&ssid=psrktfkpj40000001768228453862&qH=c06ea84a1e3dc3c6
"ASUS Vivobook 15, with Backlit Keyboard, Intel Core i5 12th Gen 1235U - (8 GB/512 GB SSD/Windows 11 Ho...","₹46,990",https://rukminim2.flixcart.com/image/312/312/xif0q/computer/l/y/8/-original-imahg53x72vqbvwg.jpeg?q=70,https://www.flipkart.com/asus-vivobook-15-backlit-keyboard-intel-core-i5-12th-gen-1235u-8-gb-512-gb-ssd-windows-11-home-x1504za-nj521ws-x1504za-nj520ws-x1504za-nj528ws-thin-light-laptop/p/itmff0e170cb596e?pid=COMHYWSWMFQQBCG3&lid=LSTCOMHYWSWMFQQBCG33IOGBH&marketplace=FLIPKART&q=laptops&store=6bo%2Fb5g&srno=s_15_353&otracker=search&fm=organic&iid=df7d2b2e-a95c-47dd-bf1d-d54ad66f4e20.COMHYWSWMFQQBCG3.SEARCH&ppt=None&ppn=None&ssid=psrktfkpj40000001768228453862&qH=c06ea84a1e3dc3c6
HP AMD Ryzen 5 Quad Core - (8 GB/512 GB SSD/Windows 11 Home) 14-em0026AU Thin and Light Laptop,"₹42,063",https://rukminim2.flixcart.com/image/312/312/xif0q/computer/j/t/0/14-em0026au-thin-and-light-laptop-hp-original-imahaahfamcah8ax.jpeg?q=70,https://www.flipkart.com/hp-amd-ryzen-5-quad-core-8-gb-512-gb-ssd-windows-11-home-14-em0026au-thin-light-laptop/p/itmc485a79a5f861?pid=COMHA6D28QXGRWJS&lid=LSTCOMHA6D28QXGRWJSCMMNOI&marketplace=FLIPKART&q=laptops&store=6bo%2Fb5g&srno=s_15_354&otracker=search&fm=organic&iid=df7d2b2e-a95c-47dd-bf1d-d54ad66f4e20.COMHA6D28QXGRWJS.SEARCH&ppt=None&ppn=None&ssid=psrktfkpj40000001768228453862&qH=c06ea84a1e3dc3c6
ASUS VivoBook 15 AMD Ryzen 7 Octa Core 5800HS - (16 GB/512 GB SSD/Windows 11 Home) M1502QA-EJ741WS Thi...,"₹60,165",https://rukminim2.flixcart.com/image/312/312/xif0q/computer/t/l/3/-original-imahg5fyutwtycfz.jpeg?q=70,https://www.flipkart.com/asus-vivobook-15-amd-ryzen-7-octa-core-5800hs-16-gb-512-gb-ssd-windows-11-home-m1502qa-ej741ws-thin-light-laptop/p/itmbc825d8a33486?pid=COMGZKHQMRTUJH3J&lid=LSTCOMGZKHQMRTUJH3JPUX2LD&marketplace=FLIPKART&q=laptops&store=6bo%2Fb5g&srno=s_15_355&otracker=search&fm=organic&iid=df7d2b2e-a95c-47dd-bf1d-d54ad66f4e20.COMGZKHQMRTUJH3J.SEARCH&ppt=None&ppn=None&ssid=psrktfkpj40000001768228453862&qH=c06ea84a1e3dc3c6
ASUS Vivobook 15 Intel Core i5 12th Gen 1235U - (8 GB/512 GB SSD/Windows 11 Home) X1502ZA-EJ515WS Thin...,"₹47,990",https://rukminim2.flixcart.com/image/312/312/xif0q/computer/c/3/a/-original-imahg5fxdapjw9dk.jpeg?q=70,https://www.flipkart.com/asus-vivobook-15-intel-core-i5-12th-gen-1235u-8-gb-512-gb-ssd-windows-11-home-x1502za-ej515ws-thin-light-laptop/p/itm3b11f9400fcd8?pid=COMGZDZSVBBZAK3Z&lid=LSTCOMGZDZSVBBZAK3ZE57EHH&marketplace=FLIPKART&q=laptops&store=6bo%2Fb5g&srno=s_15_356&otracker=search&fm=organic&iid=df7d2b2e-a95c-47dd-bf1d-d54ad66f4e20.COMGZDZSVBBZAK3Z.SEARCH&ppt=None&ppn=None&ssid=psrktfkpj40000001768228453862&qH=c06ea84a1e3dc3c6
"ASUS Vivobook 15, with Backlit Keyboard, Intel Core i7 13th Gen 13620H - (16 GB/512 GB SSD/Windows 11 ...","₹73,989",https://rukminim2.flixcart.com/image/312/312/xif0q/computer/6/j/a/-original-imahg5fxdmyqpfpt.jpeg?q=70,https://www.flipkart.com/asus-vivobook-15-backlit-keyboard-intel-core-i7-13th-gen-13620h-16-gb-512-gb-ssd-windows-11-home-x1502va-bq838ws-thin-light-laptop/p/itm576883d3f6eb6?pid=COMH96FBAGNN8GPZ&lid=LSTCOMH96FBAGNN8GPZSNVRP1&marketplace=FLIPKART&q=laptops&store=6bo%2Fb5g&srno=s_15_357&otracker=search&fm=organic&iid=df7d2b2e-a95c-47dd-bf1d-d54ad66f4e20.COMH96FBAGNN8GPZ.SEARCH&ppt=None&ppn=None&ssid=psrktfkpj40000001768228453862&qH=c06ea84a1e3dc3c6
HP 250R G9 (2024) Intel Core i3 13th Gen Intel Core i3 - 1315U (13th Gen) - (8 GB/512 GB SSD/Windows 1...,"₹37,990",https://rukminim2.flixcart.com/image/312/312/xif0q/computer/q/t/o/250r-g9-thin-and-light-laptop-hp-original-imah77g3dbdcvy6p.jpeg?q=70,https://www.flipkart.com/hp-250r-g9-2024-intel-core-i3-13th-gen-1315u-13th-gen-8-gb-512-gb-ssd-windows-11-home-thin-light-laptop/p/itmff5abac6385ed?pid=COMH75KHRZHEHBNY&lid=LSTCOMH75KHRZHEHBNYTU45X8&marketplace=FLIPKART&q=laptops&store=6bo%2Fb5g&srno=s_15_358&otracker=search&fm=organic&iid=df7d2b2e-a95c-47dd-bf1d-d54ad66f4e20.COMH75KHRZHEHBNY.SEARCH&ppt=None&ppn=None&ssid=psrktfkpj40000001768228453862&qH=c06ea84a1e3dc3c6
DELL Vostro Intel Core i5 13th Gen 1334U - (8 GB/512 GB SSD/Windows 11 Home) 3440 Laptop,"₹53,490",https://rukminim2.flixcart.com/image/312/312/xif0q/computer/f/j/h/-original-imahgx8wk8exhfj2.jpeg?q=70,https://www.flipkart.com/dell-vostro-intel-core-i5-13th-gen-1334u-8-gb-512-gb-ssd-windows-11-home-3440-laptop/p/itm41ddaac4e2471?pid=COMHAUD4HGC9WREN&lid=LSTCOMHAUD4HGC9WRENFA6BU2&marketplace=FLIPKART&q=laptops&store=6bo%2Fb5g&srno=s_15_359&otracker=search&fm=organic&iid=df7d2b2e-a95c-47dd-bf1d-d54ad66f4e20.COMHAUD4HGC9WREN.SEARCH&ppt=None&ppn=None&ssid=psrktfkpj40000001768228453862&qH=c06ea84a1e3dc3c6
ASUS Vivobook Go 15 Intel Core i3 N305 - (8 GB/512 GB SSD/Windows 11 Home) E1504GA-NJ3321WS Thin and L...,"₹34,990",https://rukminim2.flixcart.com/image/312/312/xif0q/computer/f/v/9/-original-imahfcztrnpn8gb2.jpeg?q=70,https://www.flipkart.com/asus-vivobook-go-15-intel-core-i3-n305-8-gb-512-gb-ssd-windows-11-home-e1504ga-nj3321ws-thin-light-laptop/p/itm1d4f5aaf2e269?pid=COMH9499HBRDZCTZ&lid=LSTCOMH9499HBRDZCTZ8UG2JQ&marketplace=FLIPKART&q=laptops&store=6bo%2Fb5g&srno=s_15_360&otracker=search&fm=organic&iid=df7d2b2e-a95c-47dd-bf1d-d54ad66f4e20.COMH9499HBRDZCTZ.SEARCH&ppt=None&ppn=None&ssid=psrktfkpj40000001768228453862&qH=c06ea84a1e3dc3c6
HP HP OmniBook 5 (Previously Pavilion) Intel Core i5 13th Gen 1334U - (16 GB/512 GB SSD/Windows 11 Hom...,"₹66,990",https://rukminim2.flixcart.com/image/312/312/xif0q/computer/s/k/z/-original-imahbpjups5thzhh.jpeg?q=70,https://www.flipkart.com/hp-omnibook-5-previously-pavilion-intel-core-i5-13th-gen-1334u-16-gb-512-gb-ssd-windows-11-home-16-ba1123tu-thin-light-laptop/p/itm6647eb8e337a1?pid=COMHA9GUP3FPVRJ2&lid=LSTCOMHA9GUP3FPVRJ2SKNIPP&marketplace=FLIPKART&q=laptops&store=6bo%2Fb5g&srno=s_16_361&otracker=search&fm=organic&iid=0ca5a618-3d08-4831-b9d9-9a3ba52d03ae.COMHA9GUP3FPVRJ2.SEARCH&ppt=None&ppn=None&ssid=hudboy7c4g0000001768228465827&qH=c06ea84a1e3dc3c6
MSI Raider GE78 HX Intel Core i9 14th Gen 14900HX - (32 GB/2 TB SSD/Windows 11 Home/12 GB Graphics/NVI...,"₹2,92,990",https://rukminim2.flixcart.com/image/312/312/xif0q/computer/o/v/i/-original-imahg5fxwdn27cem.jpeg?q=70,https://www.flipkart.com/msi-raider-ge78-hx-intel-core-i9-14th-gen-14900hx-32-gb-2-tb-ssd-windows-11-home-12-gb-graphics-nvidia-geforce-rtx-4080-240-hz-14vhg-805in-gaming-laptop/p/itm2a51efb47770e?pid=COMH2ZA7SGHHCFS2&lid=LSTCOMH2ZA7SGHHCFS22WNELR&marketplace=FLIPKART&q=laptops&store=6bo%2Fb5g&srno=s_16_362&otracker=search&fm=organic&iid=0ca5a618-3d08-4831-b9d9-9a3ba52d03ae.COMH2ZA7SGHHCFS2.SEARCH&ppt=None&ppn=None&ssid=hudboy7c4g0000001768228465827&qH=c06ea84a1e3dc3c6
Lenovo Legion Pro 5 AMD Ryzen 9 16 Core 9955HX - (32 GB/1 TB SSD/Windows 11 Home/8 GB Graphics/NVIDIA ...,"₹1,94,990",https://rukminim2.flixcart.com/image/312/312/xif0q/computer/t/x/h/-original-imahhmfyhkjgb9qu.jpeg?q=70,https://www.flipkart.com/lenovo-legion-pro-5-amd-ryzen-9-16-core-9955hx-32-gb-1-tb-ssd-windows-11-home-8-gb-graphics-nvidia-geforce-rtx-5060-165-hz-16afr10-gaming-laptop/p/itmb4d4750c99ea5?pid=COMHHE2YEQVG8SDF&lid=LSTCOMHHE2YEQVG8SDFZMSVOY&marketplace=FLIPKART&q=laptops&store=6bo%2Fb5g&srno=s_16_363&otracker=search&fm=organic&iid=0ca5a618-3d08-4831-b9d9-9a3ba52d03ae.COMHHE2YEQVG8SDF.SEARCH&ppt=None&ppn=None&ssid=hudboy7c4g0000001768228465827&qH=c06ea84a1e3dc3c6
Acer Aspire 7 Intel Core i5 12th Gen 12450H - (16 GB/512 GB SSD/Windows 11 Home/4 GB Graphics/NVIDIA G...,"₹52,990",https://rukminim2.flixcart.com/image/312/312/xif0q/computer/c/i/q/-original-imahg5fxrxmyynwg.jpeg?q=70,https://www.flipkart.com/acer-aspire-7-intel-core-i5-12th-gen-12450h-16-gb-512-gb-ssd-windows-11-home-4-graphics-nvidia-geforce-rtx-2050-a715-76g-52h4-a715-76g-gaming-laptop/p/itm45fad0c290245?pid=COMGRHJUCYY63HAA&lid=LSTCOMGRHJUCYY63HAA42YLKV&marketplace=FLIPKART&q=laptops&store=6bo%2Fb5g&srno=s_16_364&otracker=search&fm=organic&iid=0ca5a618-3d08-4831-b9d9-9a3ba52d03ae.COMGRHJUCYY63HAA.SEARCH&ppt=None&ppn=None&ssid=hudboy7c4g0000001768228465827&qH=c06ea84a1e3dc3c6
Lenovo V14 Octa Core (2025) Intel Core i5 13th Gen 13420H - (16 GB/512 GB SSD/Windows 11 Home) V14 Thi...,"₹53,990",https://rukminim2.flixcart.com/image/312/312/xif0q/computer/3/r/c/v-14-thin-and-light-laptop-lenovo-original-imahf4ngzwzbe4xd.jpeg?q=70,https://www.flipkart.com/lenovo-v14-octa-core-2025-intel-i5-13th-gen-13420h-16-gb-512-gb-ssd-windows-11-home-thin-light-laptop/p/itm7732c1b23a5e1?pid=COMHHQ79K6CQU3YJ&lid=LSTCOMHHQ79K6CQU3YJOHEERY&marketplace=FLIPKART&q=laptops&store=6bo%2Fb5g&srno=s_16_365&otracker=search&fm=organic&iid=0ca5a618-3d08-4831-b9d9-9a3ba52d03ae.COMHHQ79K6CQU3YJ.SEARCH&ppt=None&ppn=None&ssid=hudboy7c4g0000001768228465827&qH=c06ea84a1e3dc3c6
"ASUS Vivobook S14 (2025) with Office 2024 + M365 Basic*, Backlit Keyboard, Intel Core i7 13th Gen 1362...","₹70,990",https://rukminim2.flixcart.com/image/312/312/xif0q/computer/s/l/f/-original-imahg4usxz7e9b4x.jpeg?q=70,https://www.flipkart.com/asus-vivobook-s14-2025-office-2024-m365-basic-backlit-keyboard-intel-core-i7-13th-gen-13620h-16-gb-512-gb-ssd-windows-11-home-s3407va-ly039ws-thin-light-laptop/p/itm7df68c0078f02?pid=COMH9SJ9YVG3KNTZ&lid=LSTCOMH9SJ9YVG3KNTZFTSXRN&marketplace=FLIPKART&q=laptops&store=6bo%2Fb5g&srno=s_16_366&otracker=search&fm=organic&iid=0ca5a618-3d08-4831-b9d9-9a3ba52d03ae.COMH9SJ9YVG3KNTZ.SEARCH&ppt=None&ppn=None&ssid=hudboy7c4g0000001768228465827&qH=c06ea84a1e3dc3c6
Samsung Galaxy Book5 360 Next Gen AI PC Full Metal Chasis Intel Core Ultra 5 226V - (16 GB/512 GB SSD/...,"₹1,14,290",https://rukminim2.flixcart.com/image/312/312/xif0q/computer/m/m/s/-original-imahg5fuwhshfdhk.jpeg?q=70,https://www.flipkart.com/samsung-galaxy-book5-360-next-gen-ai-pc-full-metal-chasis-intel-core-ultra-5-226v-16-gb-512-gb-ssd-windows-11-home-np750qha-2-1-laptop/p/itmc76ec3e8002b4?pid=COMH9PHPRY2KUCGG&lid=LSTCOMH9PHPRY2KUCGGLZSALD&marketplace=FLIPKART&q=laptops&store=6bo%2Fb5g&srno=s_16_367&otracker=search&fm=organic&iid=0ca5a618-3d08-4831-b9d9-9a3ba52d03ae.COMH9PHPRY2KUCGG.SEARCH&ppt=None&ppn=None&ssid=hudboy7c4g0000001768228465827&qH=c06ea84a1e3dc3c6
Lenovo V14 Octa Core (2025) Intel Core i5 13th Gen 13420H - (8 GB/512 GB SSD/Windows 11 Home) V14 Thin...,"₹48,490",https://rukminim2.flixcart.com/image/312/312/xif0q/computer/3/c/a/v-14-thin-and-light-laptop-lenovo-original-imahf4nn8rz9djr7.jpeg?q=70,https://www.flipkart.com/lenovo-v14-octa-core-2025-intel-i5-13th-gen-13420h-8-gb-512-gb-ssd-windows-11-home-thin-light-laptop/p/itm39e128cb69b08?pid=COMHHQ7BXYWMBEQR&lid=LSTCOMHHQ7BXYWMBEQRC0UEK0&marketplace=FLIPKART&q=laptops&store=6bo%2Fb5g&srno=s_16_368&otracker=search&fm=organic&iid=0ca5a618-3d08-4831-b9d9-9a3ba52d03ae.COMHHQ7BXYWMBEQR.SEARCH&ppt=None&ppn=None&ssid=hudboy7c4g0000001768228465827&qH=c06ea84a1e3dc3c6
Acer Nitro V 15 Intel Core 5 210H - (16 GB/512 GB SSD/Windows 11 Home/6 GB Graphics/NVIDIA GeForce RTX...,"₹79,990",https://rukminim2.flixcart.com/image/312/312/xif0q/computer/u/l/w/-original-imahg9gzrzqj2dzx.jpeg?q=70,https://www.flipkart.com/acer-nitro-v-15-intel-core-5-210h-16-gb-512-gb-ssd-windows-11-home-6-graphics-nvidia-geforce-rtx-4050-anv15-52-gaming-laptop/p/itmba7351a27b6a2?pid=COMHF8KZWUFYYPZK&lid=LSTCOMHF8KZWUFYYPZKMG3IVH&marketplace=FLIPKART&q=laptops&store=6bo%2Fb5g&srno=s_16_369&otracker=search&fm=organic&iid=0ca5a618-3d08-4831-b9d9-9a3ba52d03ae.COMHF8KZWUFYYPZK.SEARCH&ppt=None&ppn=None&ssid=hudboy7c4g0000001768228465827&qH=c06ea84a1e3dc3c6
Lenovo LOQ Essential Intel Core i5 12th Gen 12450HX - (12 GB/512 GB SSD/Windows 11 Home/4 GB Graphics/...,"₹59,999",https://rukminim2.flixcart.com/image/312/312/xif0q/computer/y/u/t/-original-imahfkh3czhsh63w.jpeg?q=70,https://www.flipkart.com/lenovo-loq-essential-intel-core-i5-12th-gen-12450hx-12-gb-512-gb-ssd-windows-11-home-4-graphics-nvidia-geforce-rtx-2050-83lk0032in-gaming-laptop/p/itmb98c915de0a7b?pid=COMHA9FKKVPVFRD5&lid=LSTCOMHA9FKKVPVFRD51YBG0V&marketplace=FLIPKART&q=laptops&store=6bo%2Fb5g&srno=s_16_370&otracker=search&fm=organic&iid=0ca5a618-3d08-4831-b9d9-9a3ba52d03ae.COMHA9FKKVPVFRD5.SEARCH&ppt=None&ppn=None&ssid=hudboy7c4g0000001768228465827&qH=c06ea84a1e3dc3c6
HP AMD Ryzen 5 Octa Core 8th Gen - (16 GB/512 GB SSD/Windows 11 Home/6 GB Graphics/NVIDIA GeForce RTX ...,"₹65,990",https://rukminim2.flixcart.com/image/312/312/xif0q/computer/5/o/h/victus-15-gaming-laptop-hp-original-imahc4b4vs5fkrf6.jpeg?q=70,https://www.flipkart.com/hp-amd-ryzen-5-octa-core-8th-gen-16-gb-512-gb-ssd-windows-11-home-6-graphics-nvidia-geforce-rtx-6gb-3050-15-fb3012ax-gaming-laptop/p/itm9ace437fa2f10?pid=COMHC4HVKQRGNUNU&lid=LSTCOMHC4HVKQRGNUNUTVRNFC&marketplace=FLIPKART&q=laptops&store=6bo%2Fb5g&srno=s_16_371&otracker=search&fm=organic&iid=0ca5a618-3d08-4831-b9d9-9a3ba52d03ae.COMHC4HVKQRGNUNU.SEARCH&ppt=None&ppn=None&ssid=hudboy7c4g0000001768228465827&qH=c06ea84a1e3dc3c6
Acer Nitro V AMD Ryzen 7 Octa Core 7735HS - (16 GB/512 GB SSD/Windows 11 Home/6 GB Graphics/NVIDIA GeF...,"₹86,225",https://rukminim2.flixcart.com/image/312/312/xif0q/computer/0/t/j/-original-imahg5fuftuugm6n.jpeg?q=70,https://www.flipkart.com/acer-nitro-v-amd-ryzen-7-octa-core-7735hs-16-gb-512-gb-ssd-windows-11-home-6-graphics-nvidia-geforce-rtx-4050-anv15-41-gaming-laptop/p/itm6491e522f1157?pid=COMGZN7Z7FZFAEZF&lid=LSTCOMGZN7Z7FZFAEZF2EZGIZ&marketplace=FLIPKART&q=laptops&store=6bo%2Fb5g&srno=s_16_372&otracker=search&fm=organic&iid=0ca5a618-3d08-4831-b9d9-9a3ba52d03ae.COMGZN7Z7FZFAEZF.SEARCH&ppt=None&ppn=None&ssid=hudboy7c4g0000001768228465827&qH=c06ea84a1e3dc3c6
HP 15 (2025) AMD Ryzen 3 Quad Core 7320U - (16 GB/512 GB SSD/Windows 11 Home) 15 Thin and Light Laptop,"₹42,590",https://rukminim2.flixcart.com/image/312/312/xif0q/computer/n/a/f/15-thin-and-light-laptop-hp-original-imahdpzkrhem7h7g.jpeg?q=70,https://www.flipkart.com/hp-15-2025-amd-ryzen-3-quad-core-7320u-16-gb-512-gb-ssd-windows-11-home-thin-light-laptop/p/itmb73d8938f21b4?pid=COMHFAGTXRQNHEAG&lid=LSTCOMHFAGTXRQNHEAGM4IBXN&marketplace=FLIPKART&q=laptops&store=6bo%2Fb5g&srno=s_16_373&otracker=search&fm=organic&iid=0ca5a618-3d08-4831-b9d9-9a3ba52d03ae.COMHFAGTXRQNHEAG.SEARCH&ppt=None&ppn=None&ssid=hudboy7c4g0000001768228465827&qH=c06ea84a1e3dc3c6
"DELL Inspiron 15 with Backlit Keyboard, Intel Core i5 13th Gen 1334U - (8 GB/512 GB SSD/Windows 11 Hom...","₹56,990",https://rukminim2.flixcart.com/image/312/312/xif0q/computer/l/y/r/inspiron-3530-thin-and-light-laptop-dell-original-imahyjjhdgjafest.jpeg?q=70,https://www.flipkart.com/dell-inspiron-15-backlit-keyboard-intel-core-i5-13th-gen-1334u-8-gb-512-gb-ssd-windows-11-home-3530-thin-light-laptop/p/itm23d84e15561c4?pid=COMHYGBZZNWXZXZE&lid=LSTCOMHYGBZZNWXZXZENJ3WQN&marketplace=FLIPKART&q=laptops&store=6bo%2Fb5g&srno=s_16_374&otracker=search&fm=organic&iid=0ca5a618-3d08-4831-b9d9-9a3ba52d03ae.COMHYGBZZNWXZXZE.SEARCH&ppt=None&ppn=None&ssid=hudboy7c4g0000001768228465827&qH=c06ea84a1e3dc3c6
"DELL Inspiron 15 with Backlit Keyboard, Intel Core i5 13th Gen 1334U - (16 GB/512 GB SSD/Windows 11 Ho...","₹59,500",https://rukminim2.flixcart.com/image/312/312/xif0q/computer/i/4/s/inspiron-3530-thin-and-light-laptop-dell-original-imahyg9grkcfbnmm.jpeg?q=70,https://www.flipkart.com/dell-inspiron-15-backlit-keyboard-intel-core-i5-13th-gen-1334u-16-gb-512-gb-ssd-windows-11-home-dc15250-thin-light-laptop/p/itm23d84e15561c4?pid=COMHYGBZY5R8UDWQ&lid=LSTCOMHYGBZY5R8UDWQWDXL2Z&marketplace=FLIPKART&q=laptops&store=6bo%2Fb5g&srno=s_16_375&otracker=search&fm=organic&iid=0ca5a618-3d08-4831-b9d9-9a3ba52d03ae.COMHYGBZY5R8UDWQ.SEARCH&ppt=None&ppn=None&ssid=hudboy7c4g0000001768228465827&qH=c06ea84a1e3dc3c6
Samsung Galaxy Book4 Edge Series Copilot AI-PC Full Metal Chasis Qualcomm Snapdragon X - (16 GB/512 GB...,"₹57,499",https://rukminim2.flixcart.com/image/312/312/xif0q/computer/a/g/p/-original-imahgwkqughzkwt3.jpeg?q=70,https://www.flipkart.com/samsung-galaxy-book4-edge-series-copilot-ai-pc-full-metal-chasis-qualcomm-snapdragon-x-16-gb-512-gb-ssd-windows-11-home-np750xqb-ka1in-thin-light-laptop/p/itm1d61ec8d90cc7?pid=COMHE4ATFWNVHXHS&lid=LSTCOMHE4ATFWNVHXHSY7I7SE&marketplace=FLIPKART&q=laptops&store=6bo%2Fb5g&srno=s_16_376&otracker=search&fm=organic&iid=0ca5a618-3d08-4831-b9d9-9a3ba52d03ae.COMHE4ATFWNVHXHS.SEARCH&ppt=None&ppn=None&ssid=hudboy7c4g0000001768228465827&qH=c06ea84a1e3dc3c6
ASUS Vivobook Go 15 AMD Ryzen 5 Quad Core 7520U - (16 GB/512 GB SSD/Windows 11 Home) E1504FA-NJ542WS T...,"₹45,990",https://rukminim2.flixcart.com/image/312/312/xif0q/computer/i/u/p/-original-imagpxgrxrqsmdqz.jpeg?q=70,https://www.flipkart.com/asus-vivobook-go-15-amd-ryzen-5-quad-core-7520u-16-gb-512-gb-ssd-windows-11-home-e1504fa-nj542ws-thin-light-laptop/p/itm968db504ada5b?pid=COMGMGXFDVGHQJA7&lid=LSTCOMGMGXFDVGHQJA7PEQPPG&marketplace=FLIPKART&q=laptops&store=6bo%2Fb5g&srno=s_16_377&otracker=search&fm=organic&iid=0ca5a618-3d08-4831-b9d9-9a3ba52d03ae.COMGMGXFDVGHQJA7.SEARCH&ppt=None&ppn=None&ssid=hudboy7c4g0000001768228465827&qH=c06ea84a1e3dc3c6
HP AMD Ryzen 5 Hexa Core 5500U - (16 GB/512 GB SSD/Windows 11 Home) 15s- eq2182AU Thin and Light Lapto...,"₹47,900",https://rukminim2.flixcart.com/image/312/312/xif0q/computer/a/l/k/-original-imahg52kkdm6ebrx.jpeg?q=70,https://www.flipkart.com/hp-amd-ryzen-5-hexa-core-5500u-16-gb-512-gb-ssd-windows-11-home-15s-eq2182au-thin-light-laptop/p/itm2f070129053ed?pid=COMGFRHGDB9G3Z9C&lid=LSTCOMGFRHGDB9G3Z9CCVRTTA&marketplace=FLIPKART&q=laptops&store=6bo%2Fb5g&srno=s_16_378&otracker=search&fm=organic&iid=0ca5a618-3d08-4831-b9d9-9a3ba52d03ae.COMGFRHGDB9G3Z9C.SEARCH&ppt=None&ppn=None&ssid=hudboy7c4g0000001768228465827&qH=c06ea84a1e3dc3c6
Lenovo IdeaPad Slim 3 AMD Ryzen 5 Hexa Core 7530U - (8 GB/512 GB SSD/Windows 11 Home) 15ABR8 Thin and ...,"₹38,899",https://rukminim2.flixcart.com/image/312/312/xif0q/computer/v/s/f/-original-imahcd9da9pnhmwg.jpeg?q=70,https://www.flipkart.com/lenovo-ideapad-slim-3-amd-ryzen-5-hexa-core-7530u-8-gb-512-gb-ssd-windows-11-home-15abr8-thin-light-laptop/p/itm76f0e5d975817?pid=COMH44PGWMD8UKVV&lid=LSTCOMH44PGWMD8UKVVIW0SBV&marketplace=FLIPKART&q=laptops&store=6bo%2Fb5g&srno=s_16_379&otracker=search&fm=organic&iid=0ca5a618-3d08-4831-b9d9-9a3ba52d03ae.COMH44PGWMD8UKVV.SEARCH&ppt=None&ppn=None&ssid=hudboy7c4g0000001768228465827&qH=c06ea84a1e3dc3c6
ASUS Chromebook CX1 Intel Celeron Dual Core N4500 - (8 GB/64 GB EMMC Storage/Chrome OS) CX1500FKA-E800...,"₹28,990",https://rukminim2.flixcart.com/image/312/312/xif0q/computer/q/w/e/cx1400cka-ek0266-thin-and-light-laptop-asus-original-imagszag4uykrb6x.jpeg?q=70,https://www.flipkart.com/asus-chromebook-cx1-intel-celeron-dual-core-n4500-8-gb-64-gb-emmc-storage-chrome-os-cx1500fka-e80077/p/itmc3a427ff85ecc?pid=COMH96FBYAZVGHST&lid=LSTCOMH96FBYAZVGHSTRBQWWM&marketplace=FLIPKART&q=laptops&store=6bo%2Fb5g&srno=s_16_380&otracker=search&fm=organic&iid=0ca5a618-3d08-4831-b9d9-9a3ba52d03ae.COMH96FBYAZVGHST.SEARCH&ppt=None&ppn=None&ssid=hudboy7c4g0000001768228465827&qH=c06ea84a1e3dc3c6
Lenovo LOQ Intel Core i5 13th Gen 13450HX - (24 GB/512 GB SSD/Windows 11 Home/4 GB Graphics/NVIDIA GeF...,"₹78,990",https://rukminim2.flixcart.com/image/312/312/xif0q/computer/e/u/a/-original-imahfkh3shpaftkh.jpeg?q=70,https://www.flipkart.com/lenovo-loq-intel-core-i5-13th-gen-13450hx-24-gb-512-gb-ssd-windows-11-home-4-graphics-nvidia-geforce-rtx-3050a-15irx9-gaming-laptop/p/itm8b15bba732922?pid=COMHBZVGZTZKVHBR&lid=LSTCOMHBZVGZTZKVHBRZQXWRV&marketplace=FLIPKART&q=laptops&store=6bo%2Fb5g&srno=s_16_381&otracker=search&fm=organic&iid=0ca5a618-3d08-4831-b9d9-9a3ba52d03ae.COMHBZVGZTZKVHBR.SEARCH&ppt=None&ppn=None&ssid=hudboy7c4g0000001768228465827&qH=c06ea84a1e3dc3c6
Acer Aspire Lite Intel Core i3 12th Gen 1215U - (8 GB/512 GB SSD/Windows 11 Home) AL15-52 Thin and Lig...,"₹33,500",https://rukminim2.flixcart.com/image/312/312/xif0q/computer/w/d/x/aspire-lite-thin-and-light-laptop-acer-original-imah4jdyzhzwytb3.jpeg?q=70,https://www.flipkart.com/acer-aspire-lite-intel-core-i3-12th-gen-1215u-8-gb-512-gb-ssd-windows-11-home-al15-52-thin-light-laptop/p/itm2f1be04e21a00?pid=COMGX7PJJJZ9CHET&lid=LSTCOMGX7PJJJZ9CHETBSONN4&marketplace=FLIPKART&q=laptops&store=6bo%2Fb5g&srno=s_16_382&otracker=search&fm=organic&iid=0ca5a618-3d08-4831-b9d9-9a3ba52d03ae.COMGX7PJJJZ9CHET.SEARCH&ppt=None&ppn=None&ssid=hudboy7c4g0000001768228465827&qH=c06ea84a1e3dc3c6
"ASUS Vivobook 15, with Backlit Keyboard, Intel Core i3 13th Gen 1315U - (8 GB/512 GB SSD/Windows 11 Ho...","₹39,740",https://rukminim2.flixcart.com/image/312/312/xif0q/computer/w/h/g/-original-imahg5fuxuw5afvh.jpeg?q=70,https://www.flipkart.com/asus-vivobook-15-backlit-keyboard-intel-core-i3-13th-gen-1315u-8-gb-512-gb-ssd-windows-11-home-x1504va-nj320ws-x1504va-bq321ws-thin-light-laptop/p/itm200184e4e0443?pid=COMGYSFGRDEFFPY6&lid=LSTCOMGYSFGRDEFFPY6W2IQA0&marketplace=FLIPKART&q=laptops&store=6bo%2Fb5g&srno=s_16_383&otracker=search&fm=organic&iid=0ca5a618-3d08-4831-b9d9-9a3ba52d03ae.COMGYSFGRDEFFPY6.SEARCH&ppt=None&ppn=None&ssid=hudboy7c4g0000001768228465827&qH=c06ea84a1e3dc3c6
Apple MacBook Air M4 - (16 GB/512 GB SSD/macOS Sequoia) MW1K3HN/A,"₹1,35,990",https://rukminim2.flixcart.com/image/312/312/xif0q/computer/k/q/x/-original-imahayjpt7gjdfhs.jpeg?q=70,https://www.flipkart.com/apple-macbook-air-m4-16-gb-512-gb-ssd-macos-sequoia-mw1k3hn-a/p/itm7974f4e1029b2?pid=COMH9ZWQZRKBYJYM&lid=LSTCOMH9ZWQZRKBYJYMYS649Q&marketplace=FLIPKART&q=laptops&store=6bo%2Fb5g&srno=s_16_384&otracker=search&fm=organic&iid=0ca5a618-3d08-4831-b9d9-9a3ba52d03ae.COMH9ZWQZRKBYJYM.SEARCH&ppt=None&ppn=None&ssid=hudboy7c4g0000001768228465827&qH=c06ea84a1e3dc3c6
Acer Intel Core i3 12th Gen 1215U - (16 GB/512 GB SSD/Windows 11 Home) A324-51 Thin and Light Laptop,"₹37,091",https://rukminim2.flixcart.com/image/312/312/xif0q/computer/j/l/s/-original-imahg5fxuwkvnbmr.jpeg?q=70,https://www.flipkart.com/acer-intel-core-i3-12th-gen-1215u-16-gb-512-gb-ssd-windows-11-home-a324-51-thin-light-laptop/p/itm7dda0a4d1d62a?pid=COMH28U4QHJGSTV5&lid=LSTCOMH28U4QHJGSTV53AFWBD&marketplace=FLIPKART&q=laptops&store=6bo%2Fb5g&srno=s_17_385&otracker=search&fm=organic&iid=fb826918-145c-4ccc-90a0-8a295968b7eb.COMH28U4QHJGSTV5.SEARCH&ppt=None&ppn=None&ssid=7dfqp7qqgg0000001768228486839&qH=c06ea84a1e3dc3c6
"DELL Inspiron 15 with Backlit Keyboard, Intel Core i5 12th Gen 1235U - (8 GB/512 GB SSD/Windows 11 Hom...","₹57,990",https://rukminim2.flixcart.com/image/312/312/xif0q/computer/y/h/w/-original-imaghzahgukpkyfu.jpeg?q=70,https://www.flipkart.com/dell-inspiron-15-backlit-keyboard-intel-core-i5-12th-gen-1235u-8-gb-512-gb-ssd-windows-11-home-new-laptop-thin-light/p/itm23d84e15561c4?pid=COMGJ75HN66KHZYB&lid=LSTCOMGJ75HN66KHZYBRUEGSI&marketplace=FLIPKART&q=laptops&store=6bo%2Fb5g&srno=s_17_386&otracker=search&fm=organic&iid=fb826918-145c-4ccc-90a0-8a295968b7eb.COMGJ75HN66KHZYB.SEARCH&ppt=None&ppn=None&ssid=7dfqp7qqgg0000001768228486839&qH=c06ea84a1e3dc3c6
HP 240R G9 (2025) Intel Core 5 14th Gen 120U - (8 GB/512 GB SSD/Windows 11 Home) 240R G9 Thin and Ligh...,"₹51,990",https://rukminim2.flixcart.com/image/312/312/xif0q/computer/h/t/d/240r-g9-thin-and-light-laptop-hp-original-imahgcem4jqd6j6e.jpeg?q=70,https://www.flipkart.com/hp-240r-g9-2025-intel-core-5-14th-gen-120u-8-gb-512-gb-ssd-windows-11-home-thin-light-laptop/p/itm65948d44dfc1c?pid=COMHGDY8WHXTBGHV&lid=LSTCOMHGDY8WHXTBGHV78NH1T&marketplace=FLIPKART&q=laptops&store=6bo%2Fb5g&srno=s_17_387&otracker=search&fm=organic&iid=fb826918-145c-4ccc-90a0-8a295968b7eb.COMHGDY8WHXTBGHV.SEARCH&ppt=None&ppn=None&ssid=7dfqp7qqgg0000001768228486839&qH=c06ea84a1e3dc3c6
DELL Inspiron 5430 Intel Core i5 13th Gen - (8 GB/512 GB SSD/Windows 11 Home) IN5430YXVW9M01ORS1 Lapto...,"₹57,990",https://rukminim2.flixcart.com/image/312/312/xif0q/computer/o/d/q/inspiron-5430-laptop-dell-original-imagqtg45p3hzjaj.jpeg?q=70,https://www.flipkart.com/dell-inspiron-5430-intel-core-i5-13th-gen-8-gb-512-gb-ssd-windows-11-home-in5430yxvw9m01ors1-laptop/p/itm6efbb8570caef?pid=COMGQRCGGJD2TYXH&lid=LSTCOMGQRCGGJD2TYXH0RFMCG&marketplace=FLIPKART&q=laptops&store=6bo%2Fb5g&srno=s_17_388&otracker=search&fm=organic&iid=fb826918-145c-4ccc-90a0-8a295968b7eb.COMGQRCGGJD2TYXH.SEARCH&ppt=None&ppn=None&ssid=7dfqp7qqgg0000001768228486839&qH=c06ea84a1e3dc3c6
HP Intel Core i3 12th Gen 1215U - (16 GB/512 GB SSD/Windows 11 Home) 15s-fy5004TU Thin and Light Lapto...,"₹45,890",https://rukminim2.flixcart.com/image/312/312/xif0q/computer/0/k/c/-original-imahg5fxefz25auk.jpeg?q=70,https://www.flipkart.com/hp-intel-core-i3-12th-gen-1215u-16-gb-512-gb-ssd-windows-11-home-15s-fy5004tu-thin-light-laptop/p/itm2977a9ca00317?pid=COMGQY48KGHRAF3B&lid=LSTCOMGQY48KGHRAF3BJERIVV&marketplace=FLIPKART&q=laptops&store=6bo%2Fb5g&srno=s_17_389&otracker=search&fm=organic&iid=fb826918-145c-4ccc-90a0-8a295968b7eb.COMGQY48KGHRAF3B.SEARCH&ppt=None&ppn=None&ssid=7dfqp7qqgg0000001768228486839&qH=c06ea84a1e3dc3c6
"ASUS Vivobook S14 (2025) with Office 2024 + M365 Basic*, AI PC, Backlit Keyboard, Qualcomm Snapdragon ...","₹71,990",https://rukminim2.flixcart.com/image/312/312/xif0q/computer/t/6/f/-original-imahgfdfugp7zsbf.jpeg?q=70,https://www.flipkart.com/asus-vivobook-s14-2025-office-2024-m365-basic-ai-pc-backlit-keyboard-qualcomm-snapdragon-x-16-gb-512-gb-ssd-windows-11-home-s3407qa-kp020ws-thin-light-laptop/p/itm4be832c0c07b8?pid=COMH9SJ9VPQXUK6T&lid=LSTCOMH9SJ9VPQXUK6TMHCHDN&marketplace=FLIPKART&q=laptops&store=6bo%2Fb5g&srno=s_17_390&otracker=search&fm=organic&iid=fb826918-145c-4ccc-90a0-8a295968b7eb.COMH9SJ9VPQXUK6T.SEARCH&ppt=None&ppn=None&ssid=7dfqp7qqgg0000001768228486839&qH=c06ea84a1e3dc3c6
Lenovo LOQ Intel Core i7 12th Gen Core i7-12650HX - (16 GB/512 GB SSD/Windows 11 Home/6 GB Graphics/NV...,"₹83,990",https://rukminim2.flixcart.com/image/312/312/xif0q/computer/b/s/e/lenovo-loq-laptop-2-in-1-gaming-laptop-lenovo-original-imahgakegaapzxtw.jpeg?q=70,https://www.flipkart.com/lenovo-loq-intel-core-i7-12th-gen-i7-12650hx-16-gb-512-gb-ssd-windows-11-home-6-graphics-nvidia-geforce-rtx-4050-6gb-gddr6-144-hz-15iax9e-gaming-laptop/p/itm3c923dd73a353?pid=COMHGAKFDXE92HUG&lid=LSTCOMHGAKFDXE92HUGLQM0V7&marketplace=FLIPKART&q=laptops&store=6bo%2Fb5g&srno=s_17_391&otracker=search&fm=organic&iid=fb826918-145c-4ccc-90a0-8a295968b7eb.COMHGAKFDXE92HUG.SEARCH&ppt=None&ppn=None&ssid=7dfqp7qqgg0000001768228486839&qH=c06ea84a1e3dc3c6
DELL Intel Core i3 13th Gen 1305U - (8 GB/512 GB SSD/Windows 11 Home) Inspiron 3530 Thin and Light Lap...,"₹39,890",https://rukminim2.flixcart.com/image/312/312/xif0q/computer/h/s/9/inspiron-3520-thin-and-light-laptop-dell-original-imahfys2qpfbdwgp.jpeg?q=70,https://www.flipkart.com/dell-intel-core-i3-13th-gen-1305u-8-gb-512-gb-ssd-windows-11-home-inspiron-3530-thin-light-laptop/p/itm23d84e15561c4?pid=COMGWFY5XBAQKMGP&lid=LSTCOMGWFY5XBAQKMGPVXUEGT&marketplace=FLIPKART&q=laptops&store=6bo%2Fb5g&srno=s_17_392&otracker=search&fm=organic&iid=fb826918-145c-4ccc-90a0-8a295968b7eb.COMGWFY5XBAQKMGP.SEARCH&ppt=None&ppn=None&ssid=7dfqp7qqgg0000001768228486839&qH=c06ea84a1e3dc3c6
Lenovo IdeaPad Slim 5 WUXGA IPS AMD Ryzen 5 Hexa Core 7535HS - (16 GB/512 GB SSD/Windows 11 Home) 13AR...,"₹59,990",https://rukminim2.flixcart.com/image/312/312/xif0q/computer/6/b/p/-original-imahfkh3vybshghg.jpeg?q=70,https://www.flipkart.com/lenovo-ideapad-slim-5-wuxga-ips-amd-ryzen-hexa-core-7535hs-16-gb-512-gb-ssd-windows-11-home-13arp10-thin-light-laptop/p/itm8c97af7b5af2d?pid=COMHDFWWGDMFDNJY&lid=LSTCOMHDFWWGDMFDNJYELAEPL&marketplace=FLIPKART&q=laptops&store=6bo%2Fb5g&srno=s_17_393&otracker=search&fm=organic&iid=fb826918-145c-4ccc-90a0-8a295968b7eb.COMHDFWWGDMFDNJY.SEARCH&ppt=None&ppn=None&ssid=7dfqp7qqgg0000001768228486839&qH=c06ea84a1e3dc3c6
MSI Intel Core i7 12th Gen 1255U - (16 GB/1 TB SSD/Windows 11 Home) Modern 15 B12MO-1050IN Business La...,"₹53,990",https://rukminim2.flixcart.com/image/312/312/xif0q/computer/f/z/q/modern-15-b7m-071in-thin-and-light-laptop-msi-original-imagqxy5usdrtzye.jpeg?q=70,https://www.flipkart.com/msi-intel-core-i7-12th-gen-1255u-16-gb-1-tb-ssd-windows-11-home-modern-15-b12mo-1050in-business-laptop/p/itm21f8007ef0cd1?pid=COMH3YTFHZQQRCZP&lid=LSTCOMH3YTFHZQQRCZPO02CQO&marketplace=FLIPKART&q=laptops&store=6bo%2Fb5g&srno=s_17_394&otracker=search&fm=organic&iid=fb826918-145c-4ccc-90a0-8a295968b7eb.COMH3YTFHZQQRCZP.SEARCH&ppt=None&ppn=None&ssid=7dfqp7qqgg0000001768228486839&qH=c06ea84a1e3dc3c6
Lenovo IdeaPad Slim 5 WUXGA OLED Full metal Intel Core i7 13th Gen 13620H - (16 GB/512 GB SSD/Windows ...,"₹79,990",https://rukminim2.flixcart.com/image/312/312/xif0q/computer/y/f/x/-original-imahfkh3hwkuhzhg.jpeg?q=70,https://www.flipkart.com/lenovo-ideapad-slim-5-wuxga-oled-full-metal-intel-core-i7-13th-gen-13620h-16-gb-512-gb-ssd-windows-11-home-14irh10-thin-light-laptop/p/itm949c2ade2fc8e?pid=COMHCYMHJKBANBQC&lid=LSTCOMHCYMHJKBANBQCOMBFAI&marketplace=FLIPKART&q=laptops&store=6bo%2Fb5g&srno=s_17_395&otracker=search&fm=organic&iid=fb826918-145c-4ccc-90a0-8a295968b7eb.COMHCYMHJKBANBQC.SEARCH&ppt=None&ppn=None&ssid=7dfqp7qqgg0000001768228486839&qH=c06ea84a1e3dc3c6
ASUS Expertbook P3 Metal High-performance processor Intel Core i5 13th Gen 13420H - (16 GB/512 GB SSD/...,"₹61,548",https://rukminim2.flixcart.com/image/312/312/xif0q/computer/8/v/f/-original-imahg52nyvh4qnzt.jpeg?q=70,https://www.flipkart.com/asus-expertbook-p3-metal-high-performance-processor-intel-core-i5-13th-gen-13420h-16-gb-512-gb-ssd-windows-11-home-p3405cva-ly0015ws-thin-light-laptop/p/itm09459c3a8fab7?pid=COMHB7VNHHRQYPFJ&lid=LSTCOMHB7VNHHRQYPFJTKCJBI&marketplace=FLIPKART&q=laptops&store=6bo%2Fb5g&srno=s_17_396&otracker=search&fm=organic&iid=fb826918-145c-4ccc-90a0-8a295968b7eb.COMHB7VNHHRQYPFJ.SEARCH&ppt=None&ppn=None&ssid=7dfqp7qqgg0000001768228486839&qH=c06ea84a1e3dc3c6
"DELL Inspiron 15 with Backlit Keyboard, Intel Core i5 12th Gen 1235U - (8 GB/512 GB SSD/Windows 11 Hom...","₹54,990",https://rukminim2.flixcart.com/image/312/312/xif0q/computer/y/h/w/-original-imaghzahgukpkyfu.jpeg?q=70,https://www.flipkart.com/dell-inspiron-15-backlit-keyboard-intel-core-i5-12th-gen-1235u-8-gb-512-gb-ssd-windows-11-home-new-laptop-thin-light/p/itm23d84e15561c4?pid=COMGJ75HKASCXKBH&lid=LSTCOMGJ75HKASCXKBHZEOJ77&marketplace=FLIPKART&q=laptops&store=6bo%2Fb5g&srno=s_17_397&otracker=search&fm=organic&iid=fb826918-145c-4ccc-90a0-8a295968b7eb.COMGJ75HKASCXKBH.SEARCH&ppt=None&ppn=None&ssid=7dfqp7qqgg0000001768228486839&qH=c06ea84a1e3dc3c6
MSI Prestige 13 Evo AI PC Intel Core Ultra 7 155H - (16 GB/1 TB SSD/Windows 11 Home) Prestige 13 AI Ev...,"₹94,990",https://rukminim2.flixcart.com/image/312/312/xif0q/computer/x/q/n/-original-imahg533wpq3zgjn.jpeg?q=70,https://www.flipkart.com/msi-prestige-13-evo-ai-pc-intel-core-ultra-7-155h-16-gb-1-tb-ssd-windows-11-home-a1mg-thin-light-laptop/p/itm01c95e069735f?pid=COMGXMTAYJFEXVNZ&lid=LSTCOMGXMTAYJFEXVNZJTBAGM&marketplace=FLIPKART&q=laptops&store=6bo%2Fb5g&srno=s_17_398&otracker=search&fm=organic&iid=fb826918-145c-4ccc-90a0-8a295968b7eb.COMGXMTAYJFEXVNZ.SEARCH&ppt=None&ppn=None&ssid=7dfqp7qqgg0000001768228486839&qH=c06ea84a1e3dc3c6
DELL 15 Intel Core i3 12th Gen 1215U - (8 GB/512 GB SSD/Windows 11 Home) 3520 Thin and Light Laptop,"₹34,990",https://rukminim2.flixcart.com/image/312/312/xif0q/computer/6/g/g/dell-inspiron-3520-laptop-dell-original-imahe9wksxhvf6m4.jpeg?q=70,https://www.flipkart.com/dell-15-intel-core-i3-12th-gen-1215u-8-gb-512-gb-ssd-windows-11-home-3520-thin-light-laptop/p/itm9ea4d5e89be03?pid=COMHGTKMZHYG4D4F&lid=LSTCOMHGTKMZHYG4D4FQZ0YHE&marketplace=FLIPKART&q=laptops&store=6bo%2Fb5g&srno=s_17_399&otracker=search&fm=organic&iid=fb826918-145c-4ccc-90a0-8a295968b7eb.COMHGTKMZHYG4D4F.SEARCH&ppt=None&ppn=None&ssid=7dfqp7qqgg0000001768228486839&qH=c06ea84a1e3dc3c6
Lenovo LOQ Intel Core i5 13th Gen 13450HX - (16 GB/512 GB SSD/Windows 11 Home/6 GB Graphics/NVIDIA GeF...,"₹82,990",https://rukminim2.flixcart.com/image/312/312/xif0q/computer/c/2/s/-original-imahg5fx5hvbfbyz.jpeg?q=70,https://www.flipkart.com/lenovo-loq-intel-core-i5-13th-gen-13450hx-16-gb-512-gb-ssd-windows-11-home-6-graphics-nvidia-geforce-rtx-3050-15irx9d2-gaming-laptop/p/itm4a19730d181b4?pid=COMGYSFGHPSWGZSV&lid=LSTCOMGYSFGHPSWGZSV3LJ4MP&marketplace=FLIPKART&q=laptops&store=6bo%2Fb5g&srno=s_17_400&otracker=search&fm=organic&iid=fb826918-145c-4ccc-90a0-8a295968b7eb.COMGYSFGHPSWGZSV.SEARCH&ppt=None&ppn=None&ssid=7dfqp7qqgg0000001768228486839&qH=c06ea84a1e3dc3c6
Samsung Galaxy Book4 Intel Core 7 150U - (16 GB/512 GB SSD/Windows 11 Home) NP750XGK-KG3IN / NP750XGK-...,"₹92,199",https://rukminim2.flixcart.com/image/312/312/xif0q/computer/v/p/u/-original-imahg4v5rwkp9zsv.jpeg?q=70,https://www.flipkart.com/samsung-galaxy-book4-intel-core-7-150u-16-gb-512-gb-ssd-windows-11-home-np750xgk-kg3in-np750xgk-lg3in-thin-light-laptop/p/itm24f76252cd15f?pid=COMGYQ26WCTFKKQG&lid=LSTCOMGYQ26WCTFKKQGCWF7UO&marketplace=FLIPKART&q=laptops&store=6bo%2Fb5g&srno=s_17_401&otracker=search&fm=organic&iid=fb826918-145c-4ccc-90a0-8a295968b7eb.COMGYQ26WCTFKKQG.SEARCH&ppt=None&ppn=None&ssid=7dfqp7qqgg0000001768228486839&qH=c06ea84a1e3dc3c6
Lenovo IdeaPad 3 Intel Core i3 12th Gen 1215U - (8 GB/512 GB SSD/Windows 11 Home) 14IAU7 Thin and Ligh...,"₹35,990",https://rukminim2.flixcart.com/image/312/312/xif0q/computer/2/m/f/-original-imahg5fyfn2bnnmr.jpeg?q=70,https://www.flipkart.com/lenovo-ideapad-3-intel-core-i3-12th-gen-1215u-8-gb-512-gb-ssd-windows-11-home-14iau7-thin-light-laptop/p/itm726ac134d0530?pid=COMHFYZ3VJ36ZTJZ&lid=LSTCOMHFYZ3VJ36ZTJZGRHDNQ&marketplace=FLIPKART&q=laptops&store=6bo%2Fb5g&srno=s_17_402&otracker=search&fm=organic&iid=fb826918-145c-4ccc-90a0-8a295968b7eb.COMHFYZ3VJ36ZTJZ.SEARCH&ppt=None&ppn=None&ssid=7dfqp7qqgg0000001768228486839&qH=c06ea84a1e3dc3c6
Lenovo IdeaPad Slim 3 Intel Core i3 13th Gen 1305U - (8 GB/512 GB SSD/Windows 11 Home) 15IRU8 Thin and...,"₹42,990",https://rukminim2.flixcart.com/image/312/312/xif0q/computer/j/t/u/-original-imahg4utrbszghfz.jpeg?q=70,https://www.flipkart.com/lenovo-ideapad-slim-3-intel-core-i3-13th-gen-1305u-8-gb-512-gb-ssd-windows-11-home-15iru8-thin-light-laptop/p/itm726ac134d0530?pid=COMHFYZ3KZ7EAA97&lid=LSTCOMHFYZ3KZ7EAA97IKKFPZ&marketplace=FLIPKART&q=laptops&store=6bo%2Fb5g&srno=s_17_403&otracker=search&fm=organic&iid=fb826918-145c-4ccc-90a0-8a295968b7eb.COMHFYZ3KZ7EAA97.SEARCH&ppt=None&ppn=None&ssid=7dfqp7qqgg0000001768228486839&qH=c06ea84a1e3dc3c6
DELL Inspiron 15 MSO'24- Silver Intel Core i5 13th Gen 1334U - (16 GB/512 GB SSD/Windows 11 Home) 3530...,"₹54,990",https://rukminim2.flixcart.com/image/312/312/xif0q/computer/g/e/z/inspiron-3530-thin-and-light-laptop-dell-original-imahgu7wvrz7dec5.jpeg?q=70,https://www.flipkart.com/dell-inspiron-15-mso-24-silver-intel-core-i5-13th-gen-1334u-16-gb-512-gb-ssd-windows-11-home-3530-thin-light-laptop/p/itmd9735b628eb7e?pid=COMHGH7ANXSG9CFN&lid=LSTCOMHGH7ANXSG9CFN8CCYRY&marketplace=FLIPKART&q=laptops&store=6bo%2Fb5g&srno=s_17_404&otracker=search&fm=organic&iid=fb826918-145c-4ccc-90a0-8a295968b7eb.COMHGH7ANXSG9CFN.SEARCH&ppt=None&ppn=None&ssid=7dfqp7qqgg0000001768228486839&qH=c06ea84a1e3dc3c6
Lenovo IdeaPad Slim 3 AMD Ryzen 5 Quad Core 7520U - (8 GB/512 GB SSD/Windows 11 Home) 14AMN8 Thin and ...,"₹43,490",https://rukminim2.flixcart.com/image/312/312/xif0q/computer/f/8/k/-original-imahg52jgnkyfvpx.jpeg?q=70,https://www.flipkart.com/lenovo-ideapad-slim-3-amd-ryzen-5-quad-core-7520u-8-gb-512-gb-ssd-windows-11-home-14amn8-thin-light-laptop/p/itm726ac134d0530?pid=COMH44PGWYAKK7C4&lid=LSTCOMH44PGWYAKK7C4AXVM5A&marketplace=FLIPKART&q=laptops&store=6bo%2Fb5g&srno=s_17_405&otracker=search&fm=organic&iid=fb826918-145c-4ccc-90a0-8a295968b7eb.COMH44PGWYAKK7C4.SEARCH&ppt=None&ppn=None&ssid=7dfqp7qqgg0000001768228486839&qH=c06ea84a1e3dc3c6
MSI Thin A15 AMD Ryzen 7 Octa Core 7735HS - (16 GB/1 TB SSD/Windows 11 Home/4 GB Graphics/NVIDIA GeFor...,"₹77,990",https://rukminim2.flixcart.com/image/312/312/xif0q/computer/a/s/e/-original-imahgfdfeyhnycaj.jpeg?q=70,https://www.flipkart.com/msi-thin-a15-amd-ryzen-7-octa-core-7735hs-16-gb-1-tb-ssd-windows-11-home-4-gb-graphics-nvidia-geforce-rtx-3050-144-hz-b7uc-103in-gaming-laptop/p/itm8a4195d78d2e8?pid=COMHCRGWHZGFFNEU&lid=LSTCOMHCRGWHZGFFNEUQODUT7&marketplace=FLIPKART&q=laptops&store=6bo%2Fb5g&srno=s_17_406&otracker=search&fm=organic&iid=fb826918-145c-4ccc-90a0-8a295968b7eb.COMHCRGWHZGFFNEU.SEARCH&ppt=None&ppn=None&ssid=7dfqp7qqgg0000001768228486839&qH=c06ea84a1e3dc3c6
DELL Intel Core i7 13th Gen 1355U - (16 GB/512 GB SSD/Windows 11 Home) Inspiron 3530 Thin and Light La...,"₹70,990",https://rukminim2.flixcart.com/image/312/312/xif0q/computer/p/t/p/inspiron-3520-thin-and-light-laptop-dell-original-imaguzh2xuqjrctf.jpeg?q=70,https://www.flipkart.com/dell-intel-core-i7-13th-gen-1355u-16-gb-512-gb-ssd-windows-11-home-inspiron-3530-thin-light-laptop/p/itm23d84e15561c4?pid=COMGX36T56ANNNWG&lid=LSTCOMGX36T56ANNNWGQXVWCK&marketplace=FLIPKART&q=laptops&store=6bo%2Fb5g&srno=s_17_407&otracker=search&fm=organic&iid=fb826918-145c-4ccc-90a0-8a295968b7eb.COMGX36T56ANNNWG.SEARCH&ppt=None&ppn=None&ssid=7dfqp7qqgg0000001768228486839&qH=c06ea84a1e3dc3c6
HP Victus AMD Ryzen 7 Hexa Core 7445H - (16 GB/512 GB SSD/Windows 11 Home/4 GB Graphics/NVIDIA GeForce...,"₹61,990",https://rukminim2.flixcart.com/image/312/312/xif0q/computer/g/4/3/-original-imahjy5ayazwh6qh.jpeg?q=70,https://www.flipkart.com/hp-victus-amd-ryzen-7-hexa-core-7445h-16-gb-512-gb-ssd-windows-11-home-4-graphics-nvidia-geforce-rtx-rtx-144-hz-gaming-laptop-15-fb3123ax/p/itm4f0370c166800?pid=COMHJYF9FNBF3UEJ&lid=LSTCOMHJYF9FNBF3UEJZ0FCE2&marketplace=FLIPKART&q=laptops&store=6bo%2Fb5g&srno=s_17_408&otracker=search&fm=organic&iid=fb826918-145c-4ccc-90a0-8a295968b7eb.COMHJYF9FNBF3UEJ.SEARCH&ppt=None&ppn=None&ssid=7dfqp7qqgg0000001768228486839&qH=c06ea84a1e3dc3c6
ASUS Expertbook P1 High-performance processor Intel Core i7 13th Gen 13620H - (16 GB/512 GB SSD/Window...,"₹66,990",https://rukminim2.flixcart.com/image/312/312/xif0q/computer/m/g/3/-original-imahg53uzzmsyywa.jpeg?q=70,https://www.flipkart.com/asus-expertbook-p1-high-performance-processor-intel-core-i7-13th-gen-13620h-16-gb-512-gb-ssd-windows-11-home-p1503cva-s71042ws-thin-light-laptop/p/itmaaf79b8a24f17?pid=COMH8Z2QK37PNMFZ&lid=LSTCOMH8Z2QK37PNMFZSEPVRE&marketplace=FLIPKART&q=laptops&store=6bo%2Fb5g&srno=s_18_409&otracker=search&fm=organic&iid=14668f14-7d05-4cde-beca-091586e9fca8.COMH8Z2QK37PNMFZ.SEARCH&ppt=None&ppn=None&ssid=qeadcqco1s0000001768228512719&qH=c06ea84a1e3dc3c6
Lenovo V 15 (2025) AMD Ryzen 5 Quad Core 7520U - (16 GB/512 GB SSD/Windows 11 Pro) V 15 Thin and Light...,"₹41,990",https://rukminim2.flixcart.com/image/312/312/xif0q/computer/l/t/n/v-15-thin-and-light-laptop-lenovo-original-imahf4vnqjb5qvm2.jpeg?q=70,https://www.flipkart.com/lenovo-v-15-2025-amd-ryzen-5-quad-core-7520u-16-gb-512-gb-ssd-windows-11-pro-thin-light-laptop/p/itm1aa04132ef637?pid=COMHF4VNGSD6T3ZH&lid=LSTCOMHF4VNGSD6T3ZHKZBWQP&marketplace=FLIPKART&q=laptops&store=6bo%2Fb5g&srno=s_18_410&otracker=search&fm=organic&iid=14668f14-7d05-4cde-beca-091586e9fca8.COMHF4VNGSD6T3ZH.SEARCH&ppt=None&ppn=None&ssid=qeadcqco1s0000001768228512719&qH=c06ea84a1e3dc3c6
Samsung Galaxy Book3 360 EVO AMOLED Intel Core i7 13th Gen 1355U - (16 GB/1 TB SSD/Windows 11 Home) NP...,"₹1,29,990",https://rukminim2.flixcart.com/image/312/312/xif0q/computer/l/k/8/-original-imahg5fvtpf9vg2p.jpeg?q=70,https://www.flipkart.com/samsung-galaxy-book3-360-evo-amoled-intel-core-i7-13th-gen-1355u-16-gb-1-tb-ssd-windows-11-home-np730qfg-ka3in-thin-light-laptop/p/itm4442ba7ef854f?pid=COMGPXFFD8KSFJFR&lid=LSTCOMGPXFFD8KSFJFRTJUINW&marketplace=FLIPKART&q=laptops&store=6bo%2Fb5g&srno=s_18_411&otracker=search&fm=organic&iid=14668f14-7d05-4cde-beca-091586e9fca8.COMGPXFFD8KSFJFR.SEARCH&ppt=None&ppn=None&ssid=qeadcqco1s0000001768228512719&qH=c06ea84a1e3dc3c6
DELL 14 Intel Core i3 13th Gen 1305U - (8 GB/512 GB SSD/Windows 11 Home) OIN54403001F1RINU1O Thin and ...,"₹39,490",https://rukminim2.flixcart.com/image/312/312/xif0q/computer/g/x/7/-original-imahcn9ht9d2hvss.jpeg?q=70,https://www.flipkart.com/dell-14-intel-core-i3-13th-gen-1305u-8-gb-512-gb-ssd-windows-11-home-oin54403001f1rinu1o-thin-light-laptop/p/itm56bbf62ed4037?pid=COMHDWZ6ZGJZ84XM&lid=LSTCOMHDWZ6ZGJZ84XMHQ4JZK&marketplace=FLIPKART&q=laptops&store=6bo%2Fb5g&srno=s_18_412&otracker=search&fm=organic&iid=14668f14-7d05-4cde-beca-091586e9fca8.COMHDWZ6ZGJZ84XM.SEARCH&ppt=None&ppn=None&ssid=qeadcqco1s0000001768228512719&qH=c06ea84a1e3dc3c6
DELL Inspiron 15 Intel Core i5 13th Gen 1334U - (8 GB/512 GB SSD/Windows 11 Home) 3530 Thin and Light ...,"₹48,490",https://rukminim2.flixcart.com/image/312/312/xif0q/computer/a/e/w/-original-imahg5fuexxbwgvv.jpeg?q=70,https://www.flipkart.com/dell-inspiron-15-intel-core-i5-13th-gen-1334u-8-gb-512-gb-ssd-windows-11-home-3530-thin-light-laptop/p/itm2878edc74d8e4?pid=COMHYGBZSWASQK9B&lid=LSTCOMHYGBZSWASQK9B6SUB5Z&marketplace=FLIPKART&q=laptops&store=6bo%2Fb5g&srno=s_18_413&otracker=search&fm=organic&iid=14668f14-7d05-4cde-beca-091586e9fca8.COMHYGBZSWASQK9B.SEARCH&ppt=None&ppn=None&ssid=qeadcqco1s0000001768228512719&qH=c06ea84a1e3dc3c6
MSI Prestige 13 Evo AI PC Intel Core Ultra 5 125H - (16 GB/1 TB SSD/Windows 11 Home) Prestige 13 AI Ev...,"₹91,990",https://rukminim2.flixcart.com/image/312/312/xif0q/computer/u/9/m/-original-imahg5fukttaujhn.jpeg?q=70,https://www.flipkart.com/msi-prestige-13-evo-ai-pc-intel-core-ultra-5-125h-16-gb-1-tb-ssd-windows-11-home-a1mg-thin-light-laptop/p/itm01c95e069735f?pid=COMGXMTAWTNVZ7ZW&lid=LSTCOMGXMTAWTNVZ7ZWRMK0QJ&marketplace=FLIPKART&q=laptops&store=6bo%2Fb5g&srno=s_18_414&otracker=search&fm=organic&iid=14668f14-7d05-4cde-beca-091586e9fca8.COMGXMTAWTNVZ7ZW.SEARCH&ppt=None&ppn=None&ssid=qeadcqco1s0000001768228512719&qH=c06ea84a1e3dc3c6
HP Pavilion AMD Ryzen 5 Hexa Core 5500U - (16 GB/1 TB SSD/Windows 11 Home) 15-eh1047AU Thin and Light ...,"₹57,990",https://rukminim2.flixcart.com/image/312/312/xif0q/computer/1/q/j/-original-imahg5ftgefkd6gr.jpeg?q=70,https://www.flipkart.com/hp-pavilion-amd-ryzen-5-hexa-core-5500u-16-gb-1-tb-ssd-windows-11-home-15-eh1047au-thin-light-laptop/p/itmde20cd0a415cb?pid=COMGWSZEHA8Z3ZGS&lid=LSTCOMGWSZEHA8Z3ZGSHN0OEX&marketplace=FLIPKART&q=laptops&store=6bo%2Fb5g&srno=s_18_415&otracker=search&fm=organic&iid=14668f14-7d05-4cde-beca-091586e9fca8.COMGWSZEHA8Z3ZGS.SEARCH&ppt=None&ppn=None&ssid=qeadcqco1s0000001768228512719&qH=c06ea84a1e3dc3c6
Lenovo LOQ Essential Intel Core i5 12th Gen 12450HX - (12 GB/512 GB SSD/Windows 11 Home/4 GB Graphics/...,"₹58,499",https://rukminim2.flixcart.com/image/312/312/xif0q/computer/p/h/s/-original-imahdyp3mpgmghh3.jpeg?q=70,https://www.flipkart.com/lenovo-loq-essential-intel-core-i5-12th-gen-12450hx-12-gb-512-gb-ssd-windows-11-home-4-graphics-nvidia-geforce-rtx-2050-83lk0031in-gaming-laptop/p/itm1cdd4eae72dec?pid=COMHA9FKFNFRS7MC&lid=LSTCOMHA9FKFNFRS7MCV2OTSO&marketplace=FLIPKART&q=laptops&store=6bo%2Fb5g&srno=s_18_416&otracker=search&fm=organic&iid=14668f14-7d05-4cde-beca-091586e9fca8.COMHA9FKFNFRS7MC.SEARCH&ppt=None&ppn=None&ssid=qeadcqco1s0000001768228512719&qH=c06ea84a1e3dc3c6
Acer Intel Core i5 11th Gen - (16 GB/512 GB SSD/Windows 11 Home) AL15-51 Laptop,"₹45,490",https://rukminim2.flixcart.com/image/312/312/xif0q/computer/4/v/i/aspire-lite-laptop-acer-original-imagtq54ahaaazkx.jpeg?q=70,https://www.flipkart.com/acer-intel-core-i5-11th-gen-16-gb-512-gb-ssd-windows-11-home-al15-51-laptop/p/itm130746bcc0e38?pid=COMGTQ543NRKJ7ZN&lid=LSTCOMGTQ543NRKJ7ZNXGFW35&marketplace=FLIPKART&q=laptops&store=6bo%2Fb5g&srno=s_18_417&otracker=search&fm=organic&iid=14668f14-7d05-4cde-beca-091586e9fca8.COMGTQ543NRKJ7ZN.SEARCH&ppt=None&ppn=None&ssid=qeadcqco1s0000001768228512719&qH=c06ea84a1e3dc3c6
DELL Inspiron 15 3520 Intel Core i5 12th Gen Core i5 - (8 GB/512 GB SSD/Windows 11 Home) D560885WIN9S ...,"₹57,990",https://rukminim2.flixcart.com/image/312/312/xif0q/computer/m/4/q/inspiron-3520-laptop-dell-original-imagpefqt7hjqufh.jpeg?q=70,https://www.flipkart.com/dell-inspiron-15-3520-intel-core-i5-12th-gen-8-gb-512-gb-ssd-windows-11-home-d560885win9s-laptop/p/itm23d84e15561c4?pid=COMGPEFQ76N9GZ8F&lid=LSTCOMGPEFQ76N9GZ8FH9KCNX&marketplace=FLIPKART&q=laptops&store=6bo%2Fb5g&srno=s_18_418&otracker=search&fm=organic&iid=14668f14-7d05-4cde-beca-091586e9fca8.COMGPEFQ76N9GZ8F.SEARCH&ppt=None&ppn=None&ssid=qeadcqco1s0000001768228512719&qH=c06ea84a1e3dc3c6
Lenovo IdeaPad 1 15IGL7 Intel Celeron Dual Core 4th Gen N4020 - (8 GB/256 GB SSD/Windows 11 Home) 15IG...,"₹28,990",https://rukminim2.flixcart.com/image/312/312/xif0q/computer/4/u/i/15igl07-thin-and-light-laptop-lenovo-original-imagsrzhdmywk5fh.jpeg?q=70,https://www.flipkart.com/lenovo-ideapad-1-15igl7-intel-celeron-dual-core-4th-gen-n4020-8-gb-256-gb-ssd-windows-11-home-15igl07-thin-light-laptop/p/itmca2a1a828f59d?pid=COMGSRQBCAFFQHZD&lid=LSTCOMGSRQBCAFFQHZDBMI4RX&marketplace=FLIPKART&q=laptops&store=6bo%2Fb5g&srno=s_18_419&otracker=search&fm=organic&iid=14668f14-7d05-4cde-beca-091586e9fca8.COMGSRQBCAFFQHZD.SEARCH&ppt=None&ppn=None&ssid=qeadcqco1s0000001768228512719&qH=c06ea84a1e3dc3c6
Lenovo V15 AMD Ryzen 5 Quad Core 7520U - (16 GB/512 GB SSD/Windows 11 Home) V15 Thin and Light Laptop,"₹40,998",https://rukminim2.flixcart.com/image/312/312/xif0q/computer/o/p/v/v15-g4-thin-and-light-laptop-lenovo-original-imahasn4skjzwefy.jpeg?q=70,https://www.flipkart.com/lenovo-v15-amd-ryzen-5-quad-core-7520u-16-gb-512-gb-ssd-windows-11-home-thin-light-laptop/p/itmd7282dfaeb5de?pid=COMHATEAHZYGZ6KF&lid=LSTCOMHATEAHZYGZ6KFUZKNDF&marketplace=FLIPKART&q=laptops&store=6bo%2Fb5g&srno=s_18_420&otracker=search&fm=organic&iid=14668f14-7d05-4cde-beca-091586e9fca8.COMHATEAHZYGZ6KF.SEARCH&ppt=None&ppn=None&ssid=qeadcqco1s0000001768228512719&qH=c06ea84a1e3dc3c6
Lenovo LOQ 2025 Intel Core i7 14th Gen 14700HX - (32 GB/1 TB SSD/Windows 11 Home/8 GB Graphics/NVIDIA ...,"₹1,84,490",https://rukminim2.flixcart.com/image/312/312/xif0q/computer/k/n/n/-original-imahfdr2hbynjrxq.jpeg?q=70,https://www.flipkart.com/lenovo-loq-2025-intel-core-i7-14th-gen-14700hx-32-gb-1-tb-ssd-windows-11-home-8-gb-graphics-nvidia-geforce-rtx-5060-15irx10-gaming-laptop/p/itmc7a074e484ba8?pid=COMHEWAJCWTEFDAT&lid=LSTCOMHEWAJCWTEFDATLM5VTC&marketplace=FLIPKART&q=laptops&store=6bo%2Fb5g&srno=s_18_421&otracker=search&fm=organic&iid=14668f14-7d05-4cde-beca-091586e9fca8.COMHEWAJCWTEFDAT.SEARCH&ppt=None&ppn=None&ssid=qeadcqco1s0000001768228512719&qH=c06ea84a1e3dc3c6
Colorful Evol P15 Intel Core i7 13th Gen 13620H - (16 GB/512 GB SSD/Windows 11 Home/8 GB Graphics/NVID...,"₹89,990",https://rukminim2.flixcart.com/image/312/312/xif0q/computer/9/t/k/-original-imahg5fugas7dkad.jpeg?q=70,https://www.flipkart.com/colorful-evol-p15-intel-core-i7-13th-gen-13620h-16-gb-512-gb-ssd-windows-11-home-8-graphics-nvidia-geforce-rtx-4060-a10204900072-gaming-laptop/p/itm455aa5089322c?pid=COMHFBHQZJCXJYA7&lid=LSTCOMHFBHQZJCXJYA75BV0GM&marketplace=FLIPKART&q=laptops&store=6bo%2Fb5g&srno=s_18_422&otracker=search&fm=organic&iid=14668f14-7d05-4cde-beca-091586e9fca8.COMHFBHQZJCXJYA7.SEARCH&ppt=None&ppn=None&ssid=qeadcqco1s0000001768228512719&qH=c06ea84a1e3dc3c6
ASUS Vivobook Go 14 AMD Ryzen 3 Quad Core 7320U - (8 GB/512 GB SSD/Windows 11 Home) E1404FA-NK321WS Th...,"₹36,450",https://rukminim2.flixcart.com/image/312/312/xif0q/computer/r/k/i/vivobook-go-14-laptop-asus-original-imagzmvfu8yzbcud.jpeg?q=70,https://www.flipkart.com/asus-vivobook-go-14-amd-ryzen-3-quad-core-7320u-8-gb-512-gb-ssd-windows-11-home-e1404fa-nk321ws-thin-light-laptop/p/itmc5f8cb8e52c33?pid=COMGSHS5YSKJ7GQP&lid=LSTCOMGSHS5YSKJ7GQPOMG7FH&marketplace=FLIPKART&q=laptops&store=6bo%2Fb5g&srno=s_18_423&otracker=search&fm=organic&iid=14668f14-7d05-4cde-beca-091586e9fca8.COMGSHS5YSKJ7GQP.SEARCH&ppt=None&ppn=None&ssid=qeadcqco1s0000001768228512719&qH=c06ea84a1e3dc3c6
DELL Inspiron Intel Core i5 11th Gen 1135G7 - (8 GB/256 GB SSD/Windows 11 Home) Inspiron 3511 Thin and...,"₹55,990",https://rukminim2.flixcart.com/image/312/312/xif0q/computer/t/6/z/-original-imahg5fteqgu5yfe.jpeg?q=70,https://www.flipkart.com/dell-inspiron-intel-core-i5-11th-gen-1135g7-8-gb-256-gb-ssd-windows-11-home-3511-thin-light-laptop/p/itme2b21cbd8b228?pid=COMG6D9UG39SZZSH&lid=LSTCOMG6D9UG39SZZSHIMHHRC&marketplace=FLIPKART&q=laptops&store=6bo%2Fb5g&srno=s_18_424&otracker=search&fm=organic&iid=14668f14-7d05-4cde-beca-091586e9fca8.COMG6D9UG39SZZSH.SEARCH&ppt=None&ppn=None&ssid=qeadcqco1s0000001768228512719&qH=c06ea84a1e3dc3c6
DELL Inspiron 5440 Intel Core i3 (14th Gen) Intel Core 3 100U - (16 GB/512 GB SSD/Windows 11 Home) 544...,"₹43,990",https://rukminim2.flixcart.com/image/312/312/xif0q/computer/y/y/b/5440-laptop-dell-original-imahgzttfwytuvyj.jpeg?q=70,https://www.flipkart.com/dell-inspiron-5440-intel-core-i3-14th-gen-3-100u-16-gb-512-gb-ssd-windows-11-home-1-year-adp-warranty-laptop/p/itm19a9eda7be19f?pid=COMHGXZDWB95B5HW&lid=LSTCOMHGXZDWB95B5HWB4ZWEI&marketplace=FLIPKART&q=laptops&store=6bo%2Fb5g&srno=s_18_425&otracker=search&fm=organic&iid=14668f14-7d05-4cde-beca-091586e9fca8.COMHGXZDWB95B5HW.SEARCH&ppt=None&ppn=None&ssid=qeadcqco1s0000001768228512719&qH=c06ea84a1e3dc3c6
Samsung Galaxy Book3 360 EVO AMOLED Intel Core i5 13th Gen 1135G7 - (16 GB/512 GB SSD/Windows 11 Home)...,"₹1,07,990",https://rukminim2.flixcart.com/image/312/312/xif0q/computer/l/k/8/-original-imahg5fvtpf9vg2p.jpeg?q=70,https://www.flipkart.com/samsung-galaxy-book3-360-evo-amoled-intel-core-i5-13th-gen-1135g7-16-gb-512-gb-ssd-windows-11-home-np730qfg-ka2in-thin-light-laptop/p/itm4442ba7ef854f?pid=COMGPXFFRHZQHSAY&lid=LSTCOMGPXFFRHZQHSAYP4JCRO&marketplace=FLIPKART&q=laptops&store=6bo%2Fb5g&srno=s_18_426&otracker=search&fm=organic&iid=14668f14-7d05-4cde-beca-091586e9fca8.COMGPXFFRHZQHSAY.SEARCH&ppt=None&ppn=None&ssid=qeadcqco1s0000001768228512719&qH=c06ea84a1e3dc3c6
ASUS ROG Strix G16 Intel Core i9 14th Gen 14900HX - (16 GB/1 TB SSD/Windows 11 Home/8 GB Graphics/NVID...,"₹1,99,990",https://rukminim2.flixcart.com/image/312/312/xif0q/computer/r/k/d/-original-imahg5fw5h6vxz4z.jpeg?q=70,https://www.flipkart.com/asus-rog-strix-g16-intel-core-i9-14th-gen-14900hx-16-gb-1-tb-ssd-windows-11-home-8-gb-graphics-nvidia-geforce-rtx-4070-g614jir-n4062ws-gaming-laptop/p/itm8c3acca540452?pid=COMGZW3FDXRBC8FK&lid=LSTCOMGZW3FDXRBC8FK569WMI&marketplace=FLIPKART&q=laptops&store=6bo%2Fb5g&srno=s_18_427&otracker=search&fm=organic&iid=14668f14-7d05-4cde-beca-091586e9fca8.COMGZW3FDXRBC8FK.SEARCH&ppt=None&ppn=None&ssid=qeadcqco1s0000001768228512719&qH=c06ea84a1e3dc3c6
Lenovo V 14 (2025) Intel Core i5 13th Gen 13420H - (8 GB/512 GB SSD/Windows 11 Pro) V14 Thin and Light...,"₹48,990",https://rukminim2.flixcart.com/image/312/312/xif0q/computer/1/x/a/v-14-thin-and-light-laptop-lenovo-original-imahg542d2dtezxb.jpeg?q=70,https://www.flipkart.com/lenovo-v-14-2025-intel-core-i5-13th-gen-13420h-8-gb-512-gb-ssd-windows-11-pro-v14-thin-light-laptop/p/itm7c4c1958643f3?pid=COMHG542GW8C9368&lid=LSTCOMHG542GW8C9368LUUXLK&marketplace=FLIPKART&q=laptops&store=6bo%2Fb5g&srno=s_18_428&otracker=search&fm=organic&iid=14668f14-7d05-4cde-beca-091586e9fca8.COMHG542GW8C9368.SEARCH&ppt=None&ppn=None&ssid=qeadcqco1s0000001768228512719&qH=c06ea84a1e3dc3c6
MSI Vector 16 HX A Intel Core Ultra 7 255HX - (32 GB/1 TB SSD/Windows 11 Home/12 GB Graphics/NVIDIA Ge...,"₹2,26,990",https://rukminim2.flixcart.com/image/312/312/xif0q/computer/4/7/i/-original-imahb8zmrgseez5g.jpeg?q=70,https://www.flipkart.com/msi-vector-16-hx-intel-core-ultra-7-255hx-32-gb-1-tb-ssd-windows-11-home-12-gb-graphics-nvidia-geforce-rtx-5070-ti-240-hz-ai-a2xwhg-227in-gaming-laptop/p/itmd506f44b980fe?pid=COMH9EADH7HY4MD3&lid=LSTCOMH9EADH7HY4MD3KMSJLG&marketplace=FLIPKART&q=laptops&store=6bo%2Fb5g&srno=s_18_429&otracker=search&fm=organic&iid=14668f14-7d05-4cde-beca-091586e9fca8.COMH9EADH7HY4MD3.SEARCH&ppt=None&ppn=None&ssid=qeadcqco1s0000001768228512719&qH=c06ea84a1e3dc3c6
HP 250R G10 (2025) Intel Core 3 14th Gen 100U - (32 GB/512 GB SSD/Windows 11 Pro) 250R G10 Thin and Li...,"₹45,990",https://rukminim2.flixcart.com/image/312/312/xif0q/computer/p/j/4/250r-g10-thin-and-light-laptop-hp-original-imahg6xvurz66atf.jpeg?q=70,https://www.flipkart.com/hp-250r-g10-2025-intel-core-3-14th-gen-100u-32-gb-512-gb-ssd-windows-11-pro-thin-light-laptop/p/itm421775198aae9?pid=COMHG6XVHVRHWBGG&lid=LSTCOMHG6XVHVRHWBGGE5WHAJ&marketplace=FLIPKART&q=laptops&store=6bo%2Fb5g&srno=s_18_430&otracker=search&fm=organic&iid=14668f14-7d05-4cde-beca-091586e9fca8.COMHG6XVHVRHWBGG.SEARCH&ppt=None&ppn=None&ssid=qeadcqco1s0000001768228512719&qH=c06ea84a1e3dc3c6
CHUWI Intel Core i5 12th Gen 12450H - (16 GB/512 GB SSD/Windows 11 Home) CoreBook X_Pro Laptop,"₹41,990",https://rukminim2.flixcart.com/image/312/312/xif0q/computer/m/f/e/corebook-x-pro-laptop-chuwi-original-imah4gr9vag3hpsy.jpeg?q=70,https://www.flipkart.com/chuwi-intel-core-i5-12th-gen-12450h-16-gb-512-gb-ssd-windows-11-home-corebook-x-pro-laptop/p/itmff8ba5b17a5b7?pid=COMH46KUJCNYSXVF&lid=LSTCOMH46KUJCNYSXVFBUSKVB&marketplace=FLIPKART&q=laptops&store=6bo%2Fb5g&srno=s_18_431&otracker=search&fm=organic&iid=14668f14-7d05-4cde-beca-091586e9fca8.COMH46KUJCNYSXVF.SEARCH&ppt=None&ppn=None&ssid=qeadcqco1s0000001768228512719&qH=c06ea84a1e3dc3c6
HP Victus Intel Core i5 13th Gen 13420H - (16 GB/512 GB SSD/Windows 11 Home/4 GB Graphics/NVIDIA GeFor...,"₹72,990",https://rukminim2.flixcart.com/image/312/312/xif0q/computer/s/n/c/-original-imahgfdfprbuyhmp.jpeg?q=70,https://www.flipkart.com/hp-victus-intel-core-i5-13th-gen-13420h-16-gb-512-gb-ssd-windows-11-home-4-graphics-nvidia-geforce-rtx-3050-a-15-fa2191tx-gaming-laptop/p/itmced48723a6140?pid=COMHEHHXEGMAFYCK&lid=LSTCOMHEHHXEGMAFYCKBEVMBC&marketplace=FLIPKART&q=laptops&store=6bo%2Fb5g&srno=s_18_432&otracker=search&fm=organic&iid=14668f14-7d05-4cde-beca-091586e9fca8.COMHEHHXEGMAFYCK.SEARCH&ppt=None&ppn=None&ssid=qeadcqco1s0000001768228512719&qH=c06ea84a1e3dc3c6
"Jio - JioBook 11 (JioOS) with Lifetime Office, MediaTek MT8788 - (4 GB/64 GB EMMC Storage/Android 11) ...","₹12,900",https://rukminim2.flixcart.com/image/312/312/xif0q/computer/v/e/2/jiobook-nb1112mm-thin-and-light-laptop-jio-original-imah6dgfrhtvh3j7.jpeg?q=70,https://www.flipkart.com/jio-jiobook-11-jioos-lifetime-office-mediatek-mt8788-4-gb-64-gb-emmc-storage-android-11-nb1112mmblu-thin-light-laptop-inbuilt-4g-lte/p/itm5e242fe9ed52d?pid=COMH6DGFMGKZ2SDS&lid=LSTCOMH6DGFMGKZ2SDSFWDWO7&marketplace=FLIPKART&q=laptops&store=6bo%2Fb5g&srno=s_19_433&otracker=search&fm=organic&iid=85922b6a-8e23-4719-aad3-19b5ab2ce4d3.COMH6DGFMGKZ2SDS.SEARCH&ppt=None&ppn=None&ssid=wfajifo3m80000001768228537385&qH=c06ea84a1e3dc3c6
HP MS Office 2024 Intel Core i5 13th Gen 1334U - (8 GB/512 GB SSD/Windows 11 Home) fd0466TU Thin and L...,"₹55,990",https://rukminim2.flixcart.com/image/312/312/xif0q/computer/l/b/b/-original-imahgx8wueq7t5ua.jpeg?q=70,https://www.flipkart.com/hp-ms-office-2024-intel-core-i5-13th-gen-1334u-8-gb-512-gb-ssd-windows-11-home-fd0466tu-thin-light-laptop/p/itm6eff3fc8ce4eb?pid=COMH8QXWZPH2HVV9&lid=LSTCOMH8QXWZPH2HVV9BYFI10&marketplace=FLIPKART&q=laptops&store=6bo%2Fb5g&srno=s_19_434&otracker=search&fm=organic&iid=85922b6a-8e23-4719-aad3-19b5ab2ce4d3.COMH8QXWZPH2HVV9.SEARCH&ppt=None&ppn=None&ssid=wfajifo3m80000001768228537385&qH=c06ea84a1e3dc3c6
Lenovo Intel Core i5 12th Gen - (16 GB/512 GB SSD/Windows 11 Home) 83EQ005VIN Thin and Light Laptop,"₹52,850",https://rukminim2.flixcart.com/image/312/312/xif0q/computer/6/a/v/83eq005vin-thin-and-light-laptop-lenovo-original-imah7p8q6azgy58c.jpeg?q=70,https://www.flipkart.com/lenovo-intel-core-i5-12th-gen-16-gb-512-gb-ssd-windows-11-home-83eq005vin-thin-light-laptop/p/itm08ece08ff4d54?pid=COMH7P8QAVVGGMGW&lid=LSTCOMH7P8QAVVGGMGW1EDVLU&marketplace=FLIPKART&q=laptops&store=6bo%2Fb5g&srno=s_19_435&otracker=search&fm=organic&iid=85922b6a-8e23-4719-aad3-19b5ab2ce4d3.COMH7P8QAVVGGMGW.SEARCH&ppt=None&ppn=None&ssid=wfajifo3m80000001768228537385&qH=c06ea84a1e3dc3c6
Lenovo LOQ 2025 Intel Core i7 13th Gen 13700HX - (16 GB/1 TB SSD/Windows 11 Home/8 GB Graphics/NVIDIA ...,"₹1,18,990",https://rukminim2.flixcart.com/image/312/312/xif0q/computer/v/i/i/-original-imahfdr2fqzt9d9z.jpeg?q=70,https://www.flipkart.com/lenovo-loq-2025-intel-core-i7-13th-gen-13700hx-16-gb-1-tb-ssd-windows-11-home-8-gb-graphics-nvidia-geforce-rtx-5050-15irx10-gaming-laptop/p/itmb8196b6d3b8d4?pid=COMHEWAJZBBN7UP4&lid=LSTCOMHEWAJZBBN7UP4PZBSC8&marketplace=FLIPKART&q=laptops&store=6bo%2Fb5g&srno=s_19_436&otracker=search&fm=organic&iid=85922b6a-8e23-4719-aad3-19b5ab2ce4d3.COMHEWAJZBBN7UP4.SEARCH&ppt=None&ppn=None&ssid=wfajifo3m80000001768228537385&qH=c06ea84a1e3dc3c6
"ASUS Vivobook S14 OLED (2025), AI PC, Metal Body, Backlit Keyboard, Intel Core Ultra 7 256V - (16 GB/5...","₹1,06,990",https://rukminim2.flixcart.com/image/312/312/xif0q/computer/v/j/s/-original-imahg5fuqcwakny9.jpeg?q=70,https://www.flipkart.com/asus-vivobook-s14-oled-2025-ai-pc-metal-body-backlit-keyboard-intel-core-ultra-7-256v-16-gb-512-gb-ssd-windows-11-home-s5406sa-qd094ws-thin-light-laptop/p/itmdbf3ebc3114d9?pid=COMH89EBVHHSCD5Z&lid=LSTCOMH89EBVHHSCD5ZFA1VUA&marketplace=FLIPKART&q=laptops&store=6bo%2Fb5g&srno=s_19_437&otracker=search&fm=organic&iid=85922b6a-8e23-4719-aad3-19b5ab2ce4d3.COMH89EBVHHSCD5Z.SEARCH&ppt=None&ppn=None&ssid=wfajifo3m80000001768228537385&qH=c06ea84a1e3dc3c6
MSI Katana 15 Intel Core i5 13th Gen 13420H - (16 GB/1 TB SSD/Windows 11 Home/6 GB Graphics/NVIDIA GeF...,"₹79,990",https://rukminim2.flixcart.com/image/312/312/xif0q/computer/u/z/z/-original-imahgfdfhgfddc5j.jpeg?q=70,https://www.flipkart.com/msi-katana-15-intel-core-i5-13th-gen-13420h-16-gb-1-tb-ssd-windows-11-home-6-gb-graphics-nvidia-geforce-rtx-3050-144-hz-75-w-b13udxk-gaming-laptop/p/itm86728ff6afc36?pid=COMHCQ4TNZJDSNGQ&lid=LSTCOMHCQ4TNZJDSNGQUOIJ9G&marketplace=FLIPKART&q=laptops&store=6bo%2Fb5g&srno=s_19_438&otracker=search&fm=organic&iid=85922b6a-8e23-4719-aad3-19b5ab2ce4d3.COMHCQ4TNZJDSNGQ.SEARCH&ppt=None&ppn=None&ssid=wfajifo3m80000001768228537385&qH=c06ea84a1e3dc3c6
"ASUS Vivobook 15, with Backlit Keyboard, Intel Core i5 13th Gen 1334U - (16 GB/512 GB SSD/Windows 11 H...","₹55,990",https://rukminim2.flixcart.com/image/312/312/xif0q/computer/v/x/8/-original-imahg4uv5kqwn9dw.jpeg?q=70,https://www.flipkart.com/asus-vivobook-15-backlit-keyboard-intel-core-i5-13th-gen-1334u-16-gb-512-gb-ssd-windows-11-home-x1504va-nj2217ws-thin-light-laptop/p/itm8ba52afde2da1?pid=COMH9499ZCPMHFFC&lid=LSTCOMH9499ZCPMHFFCLJXLL7&marketplace=FLIPKART&q=laptops&store=6bo%2Fb5g&srno=s_19_439&otracker=search&fm=organic&iid=85922b6a-8e23-4719-aad3-19b5ab2ce4d3.COMH9499ZCPMHFFC.SEARCH&ppt=None&ppn=None&ssid=wfajifo3m80000001768228537385&qH=c06ea84a1e3dc3c6
Acer Aspire Lite Intel Core i7 13th Gen 13620H - (16 GB/512 GB SSD/Windows 11 Home) AL15-52H Thin and ...,"₹59,990",https://rukminim2.flixcart.com/image/312/312/xif0q/computer/0/6/b/al15-52h-thin-and-light-laptop-acer-original-imahduacyhfvb8m8.jpeg?q=70,https://www.flipkart.com/acer-aspire-lite-intel-core-i7-13th-gen-13620h-16-gb-512-gb-ssd-windows-11-home-al15-52h-thin-light-laptop/p/itmca7fe5d3a4b0e?pid=COMHDTEFTKBNYNYE&lid=LSTCOMHDTEFTKBNYNYEYM2D4F&marketplace=FLIPKART&q=laptops&store=6bo%2Fb5g&srno=s_19_440&otracker=search&fm=organic&iid=85922b6a-8e23-4719-aad3-19b5ab2ce4d3.COMHDTEFTKBNYNYE.SEARCH&ppt=None&ppn=None&ssid=wfajifo3m80000001768228537385&qH=c06ea84a1e3dc3c6
DELL 15 Intel Core i5 13th Gen 1334U - (8 GB/512 GB SSD/Windows 11 Home) 3530 Thin and Light Laptop,"₹48,990",https://rukminim2.flixcart.com/image/312/312/xif0q/computer/e/i/r/-original-imahg5fyvyjfqsfp.jpeg?q=70,https://www.flipkart.com/dell-15-intel-core-i5-13th-gen-1334u-8-gb-512-gb-ssd-windows-11-home-3530-thin-light-laptop/p/itm6dc9ecde3e961?pid=COMH8EPFCJSVGCYQ&lid=LSTCOMH8EPFCJSVGCYQMIUDCD&marketplace=FLIPKART&q=laptops&store=6bo%2Fb5g&srno=s_19_441&otracker=search&fm=organic&iid=85922b6a-8e23-4719-aad3-19b5ab2ce4d3.COMH8EPFCJSVGCYQ.SEARCH&ppt=None&ppn=None&ssid=wfajifo3m80000001768228537385&qH=c06ea84a1e3dc3c6
HP 250R G10 (2025) Intel Core 3 14th Gen 100U - (32 GB/512 GB SSD/Windows 11 Home) 250R G10 Thin and L...,"₹45,990",https://rukminim2.flixcart.com/image/312/312/xif0q/computer/n/d/d/250r-g10-thin-and-light-laptop-hp-original-imahg6xxztqbwgzk.jpeg?q=70,https://www.flipkart.com/hp-250r-g10-2025-intel-core-3-14th-gen-100u-32-gb-512-gb-ssd-windows-11-home-thin-light-laptop/p/itmec2de84a4e801?pid=COMHG6XXNURTPVMN&lid=LSTCOMHG6XXNURTPVMNFUNJM9&marketplace=FLIPKART&q=laptops&store=6bo%2Fb5g&srno=s_19_442&otracker=search&fm=organic&iid=85922b6a-8e23-4719-aad3-19b5ab2ce4d3.COMHG6XXNURTPVMN.SEARCH&ppt=None&ppn=None&ssid=wfajifo3m80000001768228537385&qH=c06ea84a1e3dc3c6
Lenovo Yoga Slim 7 AI PC Intel Core Ultra 5 125H - (16 GB/512 GB SSD/Windows 11 Home) 14IMH9 Thin and ...,"₹76,368",https://rukminim2.flixcart.com/image/312/312/xif0q/computer/g/s/c/-original-imahg5ftxzgg8864.jpeg?q=70,https://www.flipkart.com/lenovo-yoga-slim-7-ai-pc-intel-core-ultra-5-125h-16-gb-512-gb-ssd-windows-11-home-14imh9-thin-light-laptop/p/itm77304edff3814?pid=COMH3FFPG5KG2XZJ&lid=LSTCOMH3FFPG5KG2XZJJBPQKM&marketplace=FLIPKART&q=laptops&store=6bo%2Fb5g&srno=s_19_443&otracker=search&fm=organic&iid=85922b6a-8e23-4719-aad3-19b5ab2ce4d3.COMH3FFPG5KG2XZJ.SEARCH&ppt=None&ppn=None&ssid=wfajifo3m80000001768228537385&qH=c06ea84a1e3dc3c6
Lenovo IdeaPad 1 AMD Ryzen 5 Hexa Core 5500U - (8 GB/512 GB SSD/Windows 11 Home) IdeaPad 1 15ALC7 Thin...,"₹36,999",https://rukminim2.flixcart.com/image/312/312/xif0q/computer/n/e/r/-original-imah2h5h5zs2gjej.jpeg?q=70,https://www.flipkart.com/lenovo-ideapad-1-amd-ryzen-5-hexa-core-5500u-8-gb-512-gb-ssd-windows-11-home-15alc7-thin-light-laptop/p/itm24ef45be190fa?pid=COMHEWAJQ2SZUGGM&lid=LSTCOMHEWAJQ2SZUGGMBTCRCS&marketplace=FLIPKART&q=laptops&store=6bo%2Fb5g&srno=s_19_444&otracker=search&fm=organic&iid=85922b6a-8e23-4719-aad3-19b5ab2ce4d3.COMHEWAJQ2SZUGGM.SEARCH&ppt=None&ppn=None&ssid=wfajifo3m80000001768228537385&qH=c06ea84a1e3dc3c6
ASUS Vivobook Go 15 Intel Celeron Dual Core N4020 - (8 GB/512 GB SSD/Windows 11 Home) E510MA-EJ021WS T...,"₹33,800",https://rukminim2.flixcart.com/image/312/312/xif0q/computer/k/k/w/-original-imahg53xbt9vfzdp.jpeg?q=70,https://www.flipkart.com/asus-vivobook-go-15-intel-celeron-dual-core-n4020-8-gb-512-gb-ssd-windows-11-home-e510ma-ej021ws-thin-light-laptop/p/itmb3ef24bd3345c?pid=COMGZKHQVQ8S8KQM&lid=LSTCOMGZKHQVQ8S8KQM04HKEF&marketplace=FLIPKART&q=laptops&store=6bo%2Fb5g&srno=s_19_445&otracker=search&fm=organic&iid=85922b6a-8e23-4719-aad3-19b5ab2ce4d3.COMGZKHQVQ8S8KQM.SEARCH&ppt=None&ppn=None&ssid=wfajifo3m80000001768228537385&qH=c06ea84a1e3dc3c6
Lenovo IdeaPad Slim 1 AMD Ryzen 5 Quad Core 7520U - (8 GB/512 GB SSD/Windows 11 Home) 15AMN7 Thin and ...,"₹39,990",https://rukminim2.flixcart.com/image/312/312/xif0q/computer/t/p/8/-original-imahcd9rm4ykcpag.jpeg?q=70,https://www.flipkart.com/lenovo-ideapad-slim-1-amd-ryzen-5-quad-core-7520u-8-gb-512-gb-ssd-windows-11-home-15amn7-thin-light-laptop/p/itm7ecd736658657?pid=COMHYUNJGKSJGPGN&lid=LSTCOMHYUNJGKSJGPGN9NWWHA&marketplace=FLIPKART&q=laptops&store=6bo%2Fb5g&srno=s_19_446&otracker=search&fm=organic&iid=85922b6a-8e23-4719-aad3-19b5ab2ce4d3.COMHYUNJGKSJGPGN.SEARCH&ppt=None&ppn=None&ssid=wfajifo3m80000001768228537385&qH=c06ea84a1e3dc3c6
"ASUS Vivobook 16X (2025) for Creator with Office 2024 + M365 Basic, Intel Core i5 13th Gen 13420H - (1...","₹69,999",https://rukminim2.flixcart.com/image/312/312/xif0q/computer/1/x/h/-original-imahg5fudzbhgdh4.jpeg?q=70,https://www.flipkart.com/asus-vivobook-16x-2025-creator-office-2024-m365-basic-intel-core-i5-13th-gen-13420h-16-gb-512-gb-ssd-windows-11-home-4-graphics-nvidia-geforce-rtx-3050-144-hz-k3605vc-rp413ws-gaming-laptop/p/itmec40249e8fe47?pid=COMH9499MNGSKSBV&lid=LSTCOMH9499MNGSKSBVF2JPJJ&marketplace=FLIPKART&q=laptops&store=6bo%2Fb5g&srno=s_19_447&otracker=search&fm=organic&iid=85922b6a-8e23-4719-aad3-19b5ab2ce4d3.COMH9499MNGSKSBV.SEARCH&ppt=None&ppn=None&ssid=wfajifo3m80000001768228537385&qH=c06ea84a1e3dc3c6
HP 15 Intel Celeron Dual Core 12th Gen -N4500 - (8 GB/256 GB SSD/Windows 11 Pro) 250 G9 Thin and Light...,"₹34,990",https://rukminim2.flixcart.com/image/312/312/xif0q/computer/c/z/o/250-g9-laptop-hp-original-imahczfnxwzvecxj.jpeg?q=70,https://www.flipkart.com/hp-15-intel-celeron-dual-core-12th-gen-n4500-8-gb-256-gb-ssd-windows-11-pro-250-g9-thin-light-laptop/p/itm6929dbff87f98?pid=COMHCZFNKPRFHKHN&lid=LSTCOMHCZFNKPRFHKHNRB4TW8&marketplace=FLIPKART&q=laptops&store=6bo%2Fb5g&srno=s_19_448&otracker=search&fm=organic&iid=85922b6a-8e23-4719-aad3-19b5ab2ce4d3.COMHCZFNKPRFHKHN.SEARCH&ppt=None&ppn=None&ssid=wfajifo3m80000001768228537385&qH=c06ea84a1e3dc3c6
HP Intel Core i5 13th Gen 13420H - (16 GB/1 TB SSD/Windows 11 Home/6 GB Graphics/NVIDIA GeForce RTX 40...,,https://rukminim2.flixcart.com/image/312/312/xif0q/computer/r/b/b/hp-victus-15-laptop-hp-original-imahdp4qgzfehtnb.jpeg?q=70,https://www.flipkart.com/hp-intel-core-i5-13th-gen-13420h-16-gb-1-tb-ssd-windows-11-home-6-gb-graphics-nvidia-geforce-rtx-4050-15-fa1317tx-gaming-laptop/p/itmbd763de5d79b5?pid=COMHEYFPB9JR4HWS&q=laptops&store=6bo%2Fb5g&srno=s_19_449&otracker=search&fm=organic&iid=85922b6a-8e23-4719-aad3-19b5ab2ce4d3.COMHEYFPB9JR4HWS.SEARCH&ppt=None&ppn=None&ssid=wfajifo3m80000001768228537385&qH=c06ea84a1e3dc3c6
DELL Inspiron Intel Core i5 13th Gen 1334U - (8 GB/512 GB SSD/Windows 11 Home) 3530 Thin and Light Lap...,"₹48,490",https://rukminim2.flixcart.com/image/312/312/xif0q/computer/e/x/p/-original-imahg4uukzrmh8dm.jpeg?q=70,https://www.flipkart.com/dell-inspiron-intel-core-i5-13th-gen-1334u-8-gb-512-gb-ssd-windows-11-home-3530-thin-light-laptop/p/itm3d8252f6a031d?pid=COMHAUD42V4FNQPW&lid=LSTCOMHAUD42V4FNQPWG7CB0U&marketplace=FLIPKART&q=laptops&store=6bo%2Fb5g&srno=s_19_450&otracker=search&fm=organic&iid=85922b6a-8e23-4719-aad3-19b5ab2ce4d3.COMHAUD42V4FNQPW.SEARCH&ppt=None&ppn=None&ssid=wfajifo3m80000001768228537385&qH=c06ea84a1e3dc3c6
ASUS Vivobook Go 15 AMD Ryzen 5 Quad Core 7520U - (8 GB/512 GB SSD/Windows 11 Home) E1504FA-NJ132WS | ...,"₹37,990",https://rukminim2.flixcart.com/image/312/312/xif0q/computer/k/b/i/-original-imahg53xeuxqm6bv.jpeg?q=70,https://www.flipkart.com/asus-vivobook-go-15-amd-ryzen-5-quad-core-7520u-8-gb-512-gb-ssd-windows-11-home-e1504fa-nj132ws-e1504fa-nj521ws-thin-light-laptop/p/itm657eb80ea799a?pid=COMH9499JNGDGTZ5&lid=LSTCOMH9499JNGDGTZ5EQ3SXQ&marketplace=FLIPKART&q=laptops&store=6bo%2Fb5g&srno=s_19_451&otracker=search&fm=organic&iid=85922b6a-8e23-4719-aad3-19b5ab2ce4d3.COMH9499JNGDGTZ5.SEARCH&ppt=None&ppn=None&ssid=wfajifo3m80000001768228537385&qH=c06ea84a1e3dc3c6
HP 255 G10 (2025) AMD Ryzen 7 Octa Core 7730U - (16 GB/512 GB SSD/Windows 11 Home) 255 G10 Thin and Li...,"₹54,990",https://rukminim2.flixcart.com/image/312/312/xif0q/computer/6/j/d/255-g10-thin-and-light-laptop-hp-original-imahfbzaghyxz8xh.jpeg?q=70,https://www.flipkart.com/hp-255-g10-2025-amd-ryzen-7-octa-core-7730u-16-gb-512-gb-ssd-windows-11-home-thin-light-laptop/p/itmf172b414a55c6?pid=COMHFBNTHHWGNG37&lid=LSTCOMHFBNTHHWGNG37PSETM2&marketplace=FLIPKART&q=laptops&store=6bo%2Fb5g&srno=s_19_452&otracker=search&fm=organic&iid=85922b6a-8e23-4719-aad3-19b5ab2ce4d3.COMHFBNTHHWGNG37.SEARCH&ppt=None&ppn=None&ssid=wfajifo3m80000001768228537385&qH=c06ea84a1e3dc3c6
DELL Inspiron Intel Core Ultra 5 125H - (16 GB/512 GB SSD/Windows 11 Home) Inspiron 16 Plus Laptop,"₹82,990",https://rukminim2.flixcart.com/image/312/312/xif0q/computer/e/1/o/-original-imahfwz9j5sghtkz.jpeg?q=70,https://www.flipkart.com/dell-inspiron-intel-core-ultra-5-125h-16-gb-512-gb-ssd-windows-11-home-16-plus-laptop/p/itme54cc52ddf1ac?pid=COMHAZY5ZNZUBGRA&lid=LSTCOMHAZY5ZNZUBGRAJXPXAA&marketplace=FLIPKART&q=laptops&store=6bo%2Fb5g&srno=s_19_453&otracker=search&fm=organic&iid=85922b6a-8e23-4719-aad3-19b5ab2ce4d3.COMHAZY5ZNZUBGRA.SEARCH&ppt=None&ppn=None&ssid=wfajifo3m80000001768228537385&qH=c06ea84a1e3dc3c6
ASUS TUF Gaming A16 (2025) with Office 2024 + M365 Basic* AMD Ryzen 9 16 Core 8940HX - (16 GB/1 TB SSD...,"₹1,89,990",https://rukminim2.flixcart.com/image/312/312/xif0q/computer/a/s/v/-original-imahcz6cesdtxa3q.jpeg?q=70,https://www.flipkart.com/asus-tuf-gaming-a16-2025-office-2024-m365-basic-amd-ryzen-9-16-core-8940hx-16-gb-1-tb-ssd-windows-11-home-8-gb-graphics-nvidia-geforce-rtx-5070-165-hz-fa608pp-qt014ws-laptop/p/itm6438f9a1e531a?pid=COMHCQ4K7VASTYHG&lid=LSTCOMHCQ4K7VASTYHGOKNK64&marketplace=FLIPKART&q=laptops&store=6bo%2Fb5g&srno=s_19_454&otracker=search&fm=organic&iid=85922b6a-8e23-4719-aad3-19b5ab2ce4d3.COMHCQ4K7VASTYHG.SEARCH&ppt=None&ppn=None&ssid=wfajifo3m80000001768228537385&qH=c06ea84a1e3dc3c6
DELL Inspiron MSO 2024 Intel Core i5 13th Gen 1334U - (16 GB/512 GB SSD/Windows 11 Home) Inspiron 3530...,"₹57,990",https://rukminim2.flixcart.com/image/312/312/xif0q/computer/e/y/p/inspiron-3530-thin-and-light-laptop-dell-original-imah89qd2acsdzwg.jpeg?q=70,https://www.flipkart.com/dell-inspiron-mso-2024-intel-core-i5-13th-gen-1334u-16-gb-512-gb-ssd-windows-11-home-3530-thin-light-laptop/p/itm56b02a3274b1b?pid=COMH88MJXJTQSN8B&lid=LSTCOMH88MJXJTQSN8BGPWY1O&marketplace=FLIPKART&q=laptops&store=6bo%2Fb5g&srno=s_19_455&otracker=search&fm=organic&iid=85922b6a-8e23-4719-aad3-19b5ab2ce4d3.COMH88MJXJTQSN8B.SEARCH&ppt=None&ppn=None&ssid=wfajifo3m80000001768228537385&qH=c06ea84a1e3dc3c6
ASUS TUF Gaming A15 (2025) AMD Ryzen 7 Octa Core 7435HS - (16 GB/1 TB SSD/Windows 11 Home/4 GB Graphic...,"₹71,990",https://rukminim2.flixcart.com/image/312/312/xif0q/computer/h/w/b/-original-imagtzvhxxuhzr4g.jpeg?q=70,https://www.flipkart.com/asus-tuf-gaming-a15-2025-amd-ryzen-7-octa-core-7435hs-16-gb-1-tb-ssd-windows-11-home-4-gb-graphics-nvidia-geforce-rtx-3050-fa566ncr-hn117w-laptop/p/itm942c7eef39b0e?pid=COMHBK5YX6HCGDYB&lid=LSTCOMHBK5YX6HCGDYBHNIJBO&marketplace=FLIPKART&q=laptops&store=6bo%2Fb5g&srno=s_19_456&otracker=search&fm=organic&iid=85922b6a-8e23-4719-aad3-19b5ab2ce4d3.COMHBK5YX6HCGDYB.SEARCH&ppt=None&ppn=None&ssid=wfajifo3m80000001768228537385&qH=c06ea84a1e3dc3c6
"ASUS Vivobook S14 OLED (2025), Copilot + PC, AI PC, Metal Body, Backlit Keyboard, Intel Core Ultra 5 2...","₹91,990",https://rukminim2.flixcart.com/image/312/312/xif0q/computer/v/m/2/-original-imahg4urcvjjzmwp.jpeg?q=70,https://www.flipkart.com/asus-vivobook-s14-oled-2025-copilot-pc-ai-metal-body-backlit-keyboard-intel-core-ultra-5-226v-16-gb-512-gb-ssd-windows-11-home-s5406sa-qd098ws-thin-light-laptop/p/itmef4e485c66819?pid=COMH89EBSS8VRUNH&lid=LSTCOMH89EBSS8VRUNHJU9JJ6&marketplace=FLIPKART&q=laptops&store=6bo%2Fb5g&srno=s_20_457&otracker=search&fm=organic&iid=4cc1e6e8-fb9d-4339-9515-ea9e457a32b5.COMH89EBSS8VRUNH.SEARCH&ppt=None&ppn=None&ssid=kv0r4qxx400000001768228587721&qH=c06ea84a1e3dc3c6
Lenovo THINKBOOK 16 AMD Ryzen 5 Hexa Core 7th Gen RYZEN 5 7535HS - (8 GB/512 GB SSD/Windows 11 Home) 2...,"₹48,990",https://rukminim2.flixcart.com/image/312/312/xif0q/computer/0/5/e/thinbook-16-laptop-lenovo-original-imahgfzvcwvdy2zk.jpeg?q=70,https://www.flipkart.com/lenovo-thinkbook-16-amd-ryzen-5-hexa-core-7th-gen-7535hs-8-gb-512-gb-ssd-windows-11-home-21mwa0ajin-laptop/p/itmcbce731f301ec?pid=COMHGFZVG8YBFFYP&lid=LSTCOMHGFZVG8YBFFYP3QYM5Z&marketplace=FLIPKART&q=laptops&store=6bo%2Fb5g&srno=s_20_458&otracker=search&fm=organic&iid=4cc1e6e8-fb9d-4339-9515-ea9e457a32b5.COMHGFZVG8YBFFYP.SEARCH&ppt=None&ppn=None&ssid=kv0r4qxx400000001768228587721&qH=c06ea84a1e3dc3c6
MSI Thin 15 Intel Core i7 13th Gen 13620H - (16 GB/512 GB SSD/Windows 11 Home/6 GB Graphics/NVIDIA GeF...,"₹84,990",https://rukminim2.flixcart.com/image/312/312/xif0q/computer/w/e/h/-original-imah3acv4wgg29mh.jpeg?q=70,https://www.flipkart.com/msi-thin-15-intel-core-i7-13th-gen-13620h-16-gb-512-gb-ssd-windows-11-home-6-graphics-nvidia-geforce-rtx-4050-144-hz-45-w-b13ve-gaming-laptop/p/itm8084b0b7961d4?pid=COMHCQ4TFPZPJKMY&lid=LSTCOMHCQ4TFPZPJKMYC4TKBI&marketplace=FLIPKART&q=laptops&store=6bo%2Fb5g&srno=s_20_459&otracker=search&fm=organic&iid=4cc1e6e8-fb9d-4339-9515-ea9e457a32b5.COMHCQ4TFPZPJKMY.SEARCH&ppt=None&ppn=None&ssid=kv0r4qxx400000001768228587721&qH=c06ea84a1e3dc3c6
ASUS TUF Gaming A15 (2025) AMD Ryzen 7 Hexa Core 7445HS - (16 GB/512 GB SSD/Windows 11 Home/4 GB Graph...,"₹74,250",https://rukminim2.flixcart.com/image/312/312/xif0q/computer/y/t/y/-original-imahgfdfmfhfsqy8.jpeg?q=70,https://www.flipkart.com/asus-tuf-gaming-a15-2025-amd-ryzen-7-hexa-core-7445hs-16-gb-512-gb-ssd-windows-11-home-4-graphics-nvidia-geforce-rtx-3050-144-hz-fa506ncg-hn199w-laptop/p/itmca7ce1e457d2f?pid=COMHEDHRYUAEEEJG&lid=LSTCOMHEDHRYUAEEEJG05VE5J&marketplace=FLIPKART&q=laptops&store=6bo%2Fb5g&srno=s_20_460&otracker=search&fm=organic&iid=4cc1e6e8-fb9d-4339-9515-ea9e457a32b5.COMHEDHRYUAEEEJG.SEARCH&ppt=None&ppn=None&ssid=kv0r4qxx400000001768228587721&qH=c06ea84a1e3dc3c6
HP OMEN Intel Core i9 14th Gen 14900HX - (24 GB/1 TB SSD/Windows 11 Home/8 GB Graphics/NVIDIA GeForce ...,"₹1,58,990",https://rukminim2.flixcart.com/image/312/312/xif0q/computer/i/d/c/16-am0279tx-gaming-laptop-hp-original-imahf5985z7zfucx.jpeg?q=70,https://www.flipkart.com/hp-omen-intel-core-i9-14th-gen-14900hx-24-gb-1-tb-ssd-windows-11-home-8-gb-graphics-nvidia-geforce-rtx-5060-16-am0279tx-gaming-laptop/p/itmf97d6ed30c030?pid=COMHF4WYYFJ94HYF&lid=LSTCOMHF4WYYFJ94HYFWLTJHS&marketplace=FLIPKART&q=laptops&store=6bo%2Fb5g&srno=s_20_461&otracker=search&fm=organic&iid=4cc1e6e8-fb9d-4339-9515-ea9e457a32b5.COMHF4WYYFJ94HYF.SEARCH&ppt=None&ppn=None&ssid=kv0r4qxx400000001768228587721&qH=c06ea84a1e3dc3c6
ASUS Vivobook 15 Intel Core i5 12th Gen - (16 GB/512 GB SSD/Windows 11 Home) X1504ZA-NJ542WS Thin and ...,"₹46,990",https://rukminim2.flixcart.com/image/312/312/xif0q/computer/q/1/h/-original-imah3sa8fyhccuss.jpeg?q=70,https://www.flipkart.com/asus-vivobook-15-intel-core-i5-12th-gen-16-gb-512-gb-ssd-windows-11-home-x1504za-nj542ws-thin-light-laptop/p/itm33c64ceccdada?pid=COMGT4W8ESG2PDW8&lid=LSTCOMGT4W8ESG2PDW8SFV1YF&marketplace=FLIPKART&q=laptops&store=6bo%2Fb5g&srno=s_20_462&otracker=search&fm=organic&iid=4cc1e6e8-fb9d-4339-9515-ea9e457a32b5.COMGT4W8ESG2PDW8.SEARCH&ppt=None&ppn=None&ssid=kv0r4qxx400000001768228587721&qH=c06ea84a1e3dc3c6
"DELL 14 Plus Next Gen AI PC Backlit Keyboard, Fingerprint reader Intel Core Ultra 5 226V - (16 GB/512 ...","₹75,990",https://rukminim2.flixcart.com/image/312/312/xif0q/computer/u/1/g/-original-imahgx8wvxu23ypv.jpeg?q=70,https://www.flipkart.com/dell-14-plus-next-gen-ai-pc-backlit-keyboard-fingerprint-reader-intel-core-ultra-5-226v-16-gb-512-gb-ssd-windows-11-home-db14250-thin-light-laptop/p/itm35f6fc2e7327a?pid=COMHEARK9EASHAA9&lid=LSTCOMHEARK9EASHAA9VDQUIH&marketplace=FLIPKART&q=laptops&store=6bo%2Fb5g&srno=s_20_463&otracker=search&fm=organic&iid=4cc1e6e8-fb9d-4339-9515-ea9e457a32b5.COMHEARK9EASHAA9.SEARCH&ppt=None&ppn=None&ssid=kv0r4qxx400000001768228587721&qH=c06ea84a1e3dc3c6
ASUS Vivobook 15 Intel Core 5 120U - (16 GB/512 GB SSD/Windows 11 Home) X1504VAP-NJ541WS Thin and Ligh...,"₹55,950",https://rukminim2.flixcart.com/image/312/312/xif0q/computer/h/p/x/-original-imah2ger8fwg9raw.jpeg?q=70,https://www.flipkart.com/asus-vivobook-15-intel-core-5-120u-16-gb-512-gb-ssd-windows-11-home-x1504vap-nj541ws-thin-light-laptop/p/itm200184e4e0443?pid=COMGYSFGKTA2WBCR&lid=LSTCOMGYSFGKTA2WBCRXLAVIY&marketplace=FLIPKART&q=laptops&store=6bo%2Fb5g&srno=s_20_464&otracker=search&fm=organic&iid=4cc1e6e8-fb9d-4339-9515-ea9e457a32b5.COMGYSFGKTA2WBCR.SEARCH&ppt=None&ppn=None&ssid=kv0r4qxx400000001768228587721&qH=c06ea84a1e3dc3c6
HP 245 G10 (2025) AMD Ryzen 5 Quad Core 7520U - (8 GB/512 GB SSD/Windows 11 Pro) 245 G10 Thin and Ligh...,"₹35,990",https://rukminim2.flixcart.com/image/312/312/xif0q/computer/e/e/i/245-g10-thin-and-light-laptop-hp-original-imahg5grcshpx3yg.jpeg?q=70,https://www.flipkart.com/hp-245-g10-2025-amd-ryzen-5-quad-core-7520u-8-gb-512-gb-ssd-windows-11-pro-thin-light-laptop/p/itm75376b3175576?pid=COMHG5GREX6JJMVZ&lid=LSTCOMHG5GREX6JJMVZEX3XWZ&marketplace=FLIPKART&q=laptops&store=6bo%2Fb5g&srno=s_20_465&otracker=search&fm=organic&iid=4cc1e6e8-fb9d-4339-9515-ea9e457a32b5.COMHG5GREX6JJMVZ.SEARCH&ppt=None&ppn=None&ssid=kv0r4qxx400000001768228587721&qH=c06ea84a1e3dc3c6
HP G10 AMD Ryzen 3 Quad Core 7320U - (16 GB/512 GB SSD/Windows 11 Home) 255 G10 Thin and Light Laptop,"₹37,990",https://rukminim2.flixcart.com/image/312/312/xif0q/computer/q/u/i/255-g10-thin-and-light-laptop-hp-original-imahedczvnkvym6v.jpeg?q=70,https://www.flipkart.com/hp-g10-amd-ryzen-3-quad-core-7320u-16-gb-512-gb-ssd-windows-11-home-255-thin-light-laptop/p/itm894f74dac8f0c?pid=COMHEGJWZG8F5FGP&lid=LSTCOMHEGJWZG8F5FGP7UGR2B&marketplace=FLIPKART&q=laptops&store=6bo%2Fb5g&srno=s_20_466&otracker=search&fm=organic&iid=4cc1e6e8-fb9d-4339-9515-ea9e457a32b5.COMHEGJWZG8F5FGP.SEARCH&ppt=None&ppn=None&ssid=kv0r4qxx400000001768228587721&qH=c06ea84a1e3dc3c6
Samsung Galaxy Book3 360 EVO AMOLED Intel Core i7 13th Gen 1360P - (16 GB/512 GB SSD/Windows 11 Home) ...,"₹1,22,199",https://rukminim2.flixcart.com/image/312/312/xif0q/computer/f/n/l/-original-imahfu5nx74uecqr.jpeg?q=70,https://www.flipkart.com/samsung-galaxy-book3-360-evo-amoled-intel-core-i7-13th-gen-1360p-16-gb-512-gb-ssd-windows-11-home-np750qfg-ka1in-thin-light-laptop/p/itm4442ba7ef854f?pid=COMGPXF2AU59RN4B&lid=LSTCOMGPXF2AU59RN4BXKHYK2&marketplace=FLIPKART&q=laptops&store=6bo%2Fb5g&srno=s_20_467&otracker=search&fm=organic&iid=4cc1e6e8-fb9d-4339-9515-ea9e457a32b5.COMGPXF2AU59RN4B.SEARCH&ppt=None&ppn=None&ssid=kv0r4qxx400000001768228587721&qH=c06ea84a1e3dc3c6
"ASUS Vivobook 15, with Backlit Keyboard, Intel Core i5 12th Gen 1235U - (16 GB/512 GB SSD/Windows 11 H...","₹55,990",https://rukminim2.flixcart.com/image/312/312/xif0q/computer/h/l/r/-original-imahg5fwwbcpyeu5.jpeg?q=70,https://www.flipkart.com/asus-vivobook-15-backlit-keyboard-intel-core-i5-12th-gen-1235u-16-gb-512-gb-ssd-windows-11-home-x1504za-nj542ws-thin-light-laptop/p/itm200184e4e0443?pid=COMH2TPS7NR6BDYW&lid=LSTCOMH2TPS7NR6BDYW4ZYZ2A&marketplace=FLIPKART&q=laptops&store=6bo%2Fb5g&srno=s_20_468&otracker=search&fm=organic&iid=4cc1e6e8-fb9d-4339-9515-ea9e457a32b5.COMH2TPS7NR6BDYW.SEARCH&ppt=None&ppn=None&ssid=kv0r4qxx400000001768228587721&qH=c06ea84a1e3dc3c6
"HP Professional 14, Intel Core i5 13th Gen 1334U Turbo Boost, Finger Print and Backlite Keyboard - (16...","₹64,990",https://rukminim2.flixcart.com/image/312/312/xif0q/computer/m/6/x/professional-14-thin-and-light-laptop-hp-original-imahdms7b5garv5q.jpeg?q=70,https://www.flipkart.com/hp-professional-14-intel-core-i5-13th-gen-1334u-turbo-boost-finger-print-backlite-keyboard-16-gb-512-gb-ssd-windows-11-pro-240-g10-thin-light-laptop/p/itm84e8fe2d61b08?pid=COMHF8AFGVQEABHR&lid=LSTCOMHF8AFGVQEABHRBDRXSQ&marketplace=FLIPKART&q=laptops&store=6bo%2Fb5g&srno=s_20_469&otracker=search&fm=organic&iid=4cc1e6e8-fb9d-4339-9515-ea9e457a32b5.COMHF8AFGVQEABHR.SEARCH&ppt=None&ppn=None&ssid=kv0r4qxx400000001768228587721&qH=c06ea84a1e3dc3c6
DELL 15 Intel Core i3 13th Gen 1305U - (8 GB/512 GB SSD/Windows 11 Home) 3530 Thin and Light Laptop,"₹38,990",https://rukminim2.flixcart.com/image/312/312/xif0q/computer/k/f/z/-original-imahg5fyzkgv8hau.jpeg?q=70,https://www.flipkart.com/dell-15-intel-core-i3-13th-gen-1305u-8-gb-512-gb-ssd-windows-11-home-3530-thin-light-laptop/p/itm018b0b5b23b91?pid=COMH8EPFESDFEHTG&lid=LSTCOMH8EPFESDFEHTGTIIZFZ&marketplace=FLIPKART&q=laptops&store=6bo%2Fb5g&srno=s_20_470&otracker=search&fm=organic&iid=4cc1e6e8-fb9d-4339-9515-ea9e457a32b5.COMH8EPFESDFEHTG.SEARCH&ppt=None&ppn=None&ssid=kv0r4qxx400000001768228587721&qH=c06ea84a1e3dc3c6
HP 15s AMD Ryzen 5 Quad Core 7520U - (16 GB/512 GB SSD/Windows 11 Home) 15-fc0030AU | 15-fc0690AU Thin...,"₹46,999",https://rukminim2.flixcart.com/image/312/312/xif0q/computer/5/t/5/-original-imahjy5hggcxnttg.jpeg?q=70,https://www.flipkart.com/hp-15s-amd-ryzen-5-quad-core-7520u-16-gb-512-gb-ssd-windows-11-home-15-fc0030au-15-fc0690au-thin-light-laptop/p/itm6ce58d3e95838?pid=COMGZNSBGP8AGWVF&lid=LSTCOMGZNSBGP8AGWVFQO8JTK&marketplace=FLIPKART&q=laptops&store=6bo%2Fb5g&srno=s_20_471&otracker=search&fm=organic&iid=4cc1e6e8-fb9d-4339-9515-ea9e457a32b5.COMGZNSBGP8AGWVF.SEARCH&ppt=None&ppn=None&ssid=kv0r4qxx400000001768228587721&qH=c06ea84a1e3dc3c6
Acer Aspire 3 Intel Celeron Dual Core - (8 GB/256 GB SSD/Windows 11 Home) A311-45 Thin and Light Lapto...,"₹32,990",https://rukminim2.flixcart.com/image/312/312/xif0q/computer/r/l/s/-original-imahgfdfmwps9ncc.jpeg?q=70,https://www.flipkart.com/acer-aspire-3-intel-celeron-dual-core-8-gb-256-gb-ssd-windows-11-home-a311-45-thin-light-laptop/p/itm9ea054b1d1c63?pid=COMHCC7ANBE9PFYG&lid=LSTCOMHCC7ANBE9PFYGDHKQMC&marketplace=FLIPKART&q=laptops&store=6bo%2Fb5g&srno=s_20_472&otracker=search&fm=organic&iid=4cc1e6e8-fb9d-4339-9515-ea9e457a32b5.COMHCC7ANBE9PFYG.SEARCH&ppt=None&ppn=None&ssid=kv0r4qxx400000001768228587721&qH=c06ea84a1e3dc3c6
"ASUS Vivobook 15, with Backlit Keyboard, Intel Core i5 13th Gen 1335U - (8 GB/512 GB SSD/Windows 11 Ho...","₹56,990",https://rukminim2.flixcart.com/image/312/312/xif0q/computer/l/q/4/-original-imahg4pamwhstxhn.jpeg?q=70,https://www.flipkart.com/asus-vivobook-15-backlit-keyboard-intel-core-i5-13th-gen-1335u-8-gb-512-gb-ssd-windows-11-home-x1504va-nj521ws-thin-light-laptop/p/itmff0e170cb596e?pid=COMGZDQJ8RVSQZE8&lid=LSTCOMGZDQJ8RVSQZE8JNSQQN&marketplace=FLIPKART&q=laptops&store=6bo%2Fb5g&srno=s_20_473&otracker=search&fm=organic&iid=4cc1e6e8-fb9d-4339-9515-ea9e457a32b5.COMGZDQJ8RVSQZE8.SEARCH&ppt=None&ppn=None&ssid=kv0r4qxx400000001768228587721&qH=c06ea84a1e3dc3c6
HP 255 G10 Backlit + FingerPrint (2025) AMD Ryzen 5 Quad Core 7520U - (16 GB/512 GB SSD/Windows 11 Pro...,"₹46,990",https://rukminim2.flixcart.com/image/312/312/xif0q/computer/m/g/b/255-g10-thin-and-light-laptop-hp-original-imahgqqspa2ehvjk.jpeg?q=70,https://www.flipkart.com/hp-255-g10-backlit-fingerprint-2025-amd-ryzen-5-quad-core-7520u-16-gb-512-gb-ssd-windows-11-pro-thin-light-laptop/p/itm7caf1e8dc4ecc?pid=COMHGQQS66M23GMR&lid=LSTCOMHGQQS66M23GMRNT1IXS&marketplace=FLIPKART&q=laptops&store=6bo%2Fb5g&srno=s_20_474&otracker=search&fm=organic&iid=4cc1e6e8-fb9d-4339-9515-ea9e457a32b5.COMHGQQS66M23GMR.SEARCH&ppt=None&ppn=None&ssid=kv0r4qxx400000001768228587721&qH=c06ea84a1e3dc3c6
"ASUS Vivobook 15, with Backlit Keyboard, Intel Core i5 12th Gen 1235U - (8 GB/512 GB SSD/Windows 11 Ho...","₹57,339",https://rukminim2.flixcart.com/image/312/312/xif0q/computer/s/n/e/-original-imahg5fudk6zhjfc.jpeg?q=70,https://www.flipkart.com/asus-vivobook-15-backlit-keyboard-intel-core-i5-12th-gen-1235u-8-gb-512-gb-ssd-windows-11-home-x1504za-nj527ws-x1504za-nj522ws-thin-light-laptop/p/itm200184e4e0443?pid=COMH4Y6KZGGKYCGP&lid=LSTCOMH4Y6KZGGKYCGPPDFO3H&marketplace=FLIPKART&q=laptops&store=6bo%2Fb5g&srno=s_20_475&otracker=search&fm=organic&iid=4cc1e6e8-fb9d-4339-9515-ea9e457a32b5.COMH4Y6KZGGKYCGP.SEARCH&ppt=None&ppn=None&ssid=kv0r4qxx400000001768228587721&qH=c06ea84a1e3dc3c6
ASUS Vivobook Go 15 AMD Ryzen 3 Quad Core 7320U - (8 GB/512 GB SSD/Windows 11 Home) E1504FA-NJ321WS Th...,"₹38,524",https://rukminim2.flixcart.com/image/312/312/xif0q/computer/g/h/w/e1504fa-nj321ws-thin-and-light-laptop-asus-original-imahgycghgjw5ay2.jpeg?q=70,https://www.flipkart.com/asus-vivobook-go-15-amd-ryzen-3-quad-core-7320u-8-gb-512-gb-ssd-windows-11-home-e1504fa-nj321ws-thin-light-laptop/p/itmf2da9c7085e1b?pid=COMHHX3PREBVCV7P&lid=LSTCOMHHX3PREBVCV7PSECX2E&marketplace=FLIPKART&q=laptops&store=6bo%2Fb5g&srno=s_20_476&otracker=search&fm=organic&iid=4cc1e6e8-fb9d-4339-9515-ea9e457a32b5.COMHHX3PREBVCV7P.SEARCH&ppt=None&ppn=None&ssid=kv0r4qxx400000001768228587721&qH=c06ea84a1e3dc3c6
HP 250R G9 (2025) Intel Core i3 13th Gen 1315U - (16 GB/512 GB SSD/Windows 11 Pro) 250R G9 Thin and Li...,"₹39,990",https://rukminim2.flixcart.com/image/312/312/xif0q/computer/o/h/n/15r-thin-and-light-laptop-hp-original-imahfhwgcmfvvq24.jpeg?q=70,https://www.flipkart.com/hp-250r-g9-2025-intel-core-i3-13th-gen-1315u-16-gb-512-gb-ssd-windows-11-pro-thin-light-laptop/p/itm4287430e97b65?pid=COMHFHWGPFENUATZ&lid=LSTCOMHFHWGPFENUATZFJRQEW&marketplace=FLIPKART&q=laptops&store=6bo%2Fb5g&srno=s_20_477&otracker=search&fm=organic&iid=4cc1e6e8-fb9d-4339-9515-ea9e457a32b5.COMHFHWGPFENUATZ.SEARCH&ppt=None&ppn=None&ssid=kv0r4qxx400000001768228587721&qH=c06ea84a1e3dc3c6
Acer Nitro V Intel Core i5 13th Gen 13420H - (16 GB/1 TB SSD/Windows 11 Home/6 GB Graphics/NVIDIA GeFo...,"₹85,990",https://rukminim2.flixcart.com/image/312/312/xif0q/computer/j/m/v/-original-imahg5fxyskmgegr.jpeg?q=70,https://www.flipkart.com/acer-nitro-v-intel-core-i5-13th-gen-13420h-16-gb-1-tb-ssd-windows-11-home-6-gb-graphics-nvidia-geforce-rtx-4050-anv15-51-gaming-laptop/p/itm771bcbdbde25c?pid=COMHYWT6UHUWHPRH&lid=LSTCOMHYWT6UHUWHPRHLQNOQM&marketplace=FLIPKART&q=laptops&store=6bo%2Fb5g&srno=s_20_478&otracker=search&fm=organic&iid=4cc1e6e8-fb9d-4339-9515-ea9e457a32b5.COMHYWT6UHUWHPRH.SEARCH&ppt=None&ppn=None&ssid=kv0r4qxx400000001768228587721&qH=c06ea84a1e3dc3c6
HP 15 (2025) Intel Core i3 12th Gen 1215U - (16 GB/512 GB SSD/Windows 11 Home) 15 Thin and Light Lapto...,"₹41,990",https://rukminim2.flixcart.com/image/312/312/xif0q/computer/f/n/z/15-thin-and-light-laptop-hp-original-imahckh9upzs79pt.jpeg?q=70,https://www.flipkart.com/hp-15-2025-intel-core-i3-12th-gen-1215u-16-gb-512-gb-ssd-windows-11-home-thin-light-laptop/p/itma1dce4a3c31a0?pid=COMHCKH9CZTJ8AEG&lid=LSTCOMHCKH9CZTJ8AEGJFBN7R&marketplace=FLIPKART&q=laptops&store=6bo%2Fb5g&srno=s_20_479&otracker=search&fm=organic&iid=4cc1e6e8-fb9d-4339-9515-ea9e457a32b5.COMHCKH9CZTJ8AEG.SEARCH&ppt=None&ppn=None&ssid=kv0r4qxx400000001768228587721&qH=c06ea84a1e3dc3c6
HP 15 G9 (2025) AMD Ryzen 3 Dual Core 3250U - (16 GB/512 GB SSD/Windows 11 Pro) 15 G9 Thin and Light L...,"₹38,990",https://rukminim2.flixcart.com/image/312/312/xif0q/computer/y/2/q/15-g9-thin-and-light-laptop-hp-original-imah9h2hecydjh2c.jpeg?q=70,https://www.flipkart.com/hp-15-g9-2025-amd-ryzen-3-dual-core-3250u-16-gb-512-gb-ssd-windows-11-pro-thin-light-laptop/p/itma7df4d7d70080?pid=COMH9DVYSUGVCXZV&lid=LSTCOMH9DVYSUGVCXZVPVDYKB&marketplace=FLIPKART&q=laptops&store=6bo%2Fb5g&srno=s_20_480&otracker=search&fm=organic&iid=4cc1e6e8-fb9d-4339-9515-ea9e457a32b5.COMH9DVYSUGVCXZV.SEARCH&ppt=None&ppn=None&ssid=kv0r4qxx400000001768228587721&qH=c06ea84a1e3dc3c6
Lenovo Lenovo Yoga Slim 6 WUXGA OLED Intel Core i5 13th Gen 13500H - (16 GB/1 TB SSD/Windows 11 Home) ...,"₹85,990",https://rukminim2.flixcart.com/image/312/312/xif0q/computer/o/p/9/-original-imahg5fxazystwds.jpeg?q=70,https://www.flipkart.com/lenovo-yoga-slim-6-wuxga-oled-intel-core-i5-13th-gen-13500h-16-gb-1-tb-ssd-windows-11-home-83e00012in-thin-light-laptop/p/itmae04103d75ff9?pid=COMGVKM6Z4U6WMZG&lid=LSTCOMGVKM6Z4U6WMZGEOZXAI&marketplace=FLIPKART&q=laptops&store=6bo%2Fb5g&srno=s_21_481&otracker=search&fm=organic&iid=9a4b9d7c-65e0-4bef-93ef-e0fd747ffff5.COMGVKM6Z4U6WMZG.SEARCH&ppt=None&ppn=None&ssid=1ytb7i8o1c0000001768228604895&qH=c06ea84a1e3dc3c6
MSI Katana 15 HX Intel Core i7 14th Gen 14650HX - (16 GB/1 TB SSD/Windows 11 Home/8 GB Graphics/NVIDIA...,"₹1,34,990",https://rukminim2.flixcart.com/image/312/312/xif0q/computer/6/n/g/-original-imahgcwwxvgrgf6q.jpeg?q=70,https://www.flipkart.com/msi-katana-15-hx-intel-core-i7-14th-gen-14650hx-16-gb-1-tb-ssd-windows-11-home-8-gb-graphics-nvidia-geforce-rtx-5060-165-hz-115-w-b14wfk-gaming-laptop/p/itm16dc3710b614f?pid=COMHCQ4TFBZYYZNB&lid=LSTCOMHCQ4TFBZYYZNB0WR8JC&marketplace=FLIPKART&q=laptops&store=6bo%2Fb5g&srno=s_21_482&otracker=search&fm=organic&iid=9a4b9d7c-65e0-4bef-93ef-e0fd747ffff5.COMHCQ4TFBZYYZNB.SEARCH&ppt=None&ppn=None&ssid=1ytb7i8o1c0000001768228604895&qH=c06ea84a1e3dc3c6
ASUS Vivobook Go 15 AMD Ryzen 5 Quad Core 7520U - (8 GB/512 GB SSD/Windows 11 Home) E1504FA-NJ133WS | ...,"₹37,990",https://rukminim2.flixcart.com/image/312/312/xif0q/computer/f/6/r/-original-imahg53uvtcffmvf.jpeg?q=70,https://www.flipkart.com/asus-vivobook-go-15-amd-ryzen-5-quad-core-7520u-8-gb-512-gb-ssd-windows-11-home-e1504fa-nj133ws-e1504fa-nj522ws-thin-light-laptop/p/itm45fbf62c111f5?pid=COMH9499ZGGSBUHQ&lid=LSTCOMH9499ZGGSBUHQNDCH7U&marketplace=FLIPKART&q=laptops&store=6bo%2Fb5g&srno=s_21_483&otracker=search&fm=organic&iid=9a4b9d7c-65e0-4bef-93ef-e0fd747ffff5.COMH9499ZGGSBUHQ.SEARCH&ppt=None&ppn=None&ssid=1ytb7i8o1c0000001768228604895&qH=c06ea84a1e3dc3c6
ASUS X1504ZA Intel Core i3 12th Gen 12th Gen Intel Core i3-1215U - (8 GB/512 GB SSD/Windows 11 Home) X...,"₹37,500",https://rukminim2.flixcart.com/image/312/312/xif0q/computer/y/q/m/-original-imahg5fvnfaguzc6.jpeg?q=70,https://www.flipkart.com/asus-x1504za-intel-core-i3-12th-gen-i3-1215u-8-gb-512-gb-ssd-windows-11-home-x1504za-nj322ws-thin-light-laptop/p/itm200184e4e0443?pid=COMGT2RFWFYDGZJQ&lid=LSTCOMGT2RFWFYDGZJQCOQDCJ&marketplace=FLIPKART&q=laptops&store=6bo%2Fb5g&srno=s_21_484&otracker=search&fm=organic&iid=9a4b9d7c-65e0-4bef-93ef-e0fd747ffff5.COMGT2RFWFYDGZJQ.SEARCH&ppt=None&ppn=None&ssid=1ytb7i8o1c0000001768228604895&qH=c06ea84a1e3dc3c6
Lenovo IdeaPad Slim 3 Intel Core i5 12th Gen 12450H - (16 GB/512 GB SSD/Windows 11 Home) 15IAH8 Thin a...,"₹50,690",https://rukminim2.flixcart.com/image/312/312/xif0q/computer/w/e/i/-original-imah8anb8kvnzpnm.jpeg?q=70,https://www.flipkart.com/lenovo-ideapad-slim-3-intel-core-i5-12th-gen-12450h-16-gb-512-gb-ssd-windows-11-home-15iah8-thin-light-laptop/p/itm8dd83f96f8d79?pid=COMHEARFBRJHJCA4&lid=LSTCOMHEARFBRJHJCA4FT2WQ9&marketplace=FLIPKART&q=laptops&store=6bo%2Fb5g&srno=s_21_485&otracker=search&fm=organic&iid=9a4b9d7c-65e0-4bef-93ef-e0fd747ffff5.COMHEARFBRJHJCA4.SEARCH&ppt=None&ppn=None&ssid=1ytb7i8o1c0000001768228604895&qH=c06ea84a1e3dc3c6
DELL Inspiron Intel Core i5 13th Gen 1335U - (8 GB/512 GB SSD/Windows 11 Home) Inspiron 5430 Thin and ...,"₹56,990",https://rukminim2.flixcart.com/image/312/312/xif0q/computer/8/p/q/inspiron-5430-thin-and-light-laptop-dell-original-imagueh3hwuj7cgk.jpeg?q=70,https://www.flipkart.com/dell-inspiron-intel-core-i5-13th-gen-1335u-8-gb-512-gb-ssd-windows-11-home-5430-thin-light-laptop/p/itmd36b744a13d70?pid=COMGZMKFQTJZQZRW&lid=LSTCOMGZMKFQTJZQZRWYMZCBI&marketplace=FLIPKART&q=laptops&store=6bo%2Fb5g&srno=s_21_486&otracker=search&fm=organic&iid=9a4b9d7c-65e0-4bef-93ef-e0fd747ffff5.COMGZMKFQTJZQZRW.SEARCH&ppt=None&ppn=None&ssid=1ytb7i8o1c0000001768228604895&qH=c06ea84a1e3dc3c6
HP 255 G10 Backlit Keyboard (2025) AMD Ryzen 3 Quad Core 7330U - (16 GB/512 GB SSD/Windows 11 Home) 25...,"₹35,990",https://rukminim2.flixcart.com/image/312/312/xif0q/computer/g/y/p/255-g10-thin-and-light-laptop-hp-original-imahgqpfnpyrwyhh.jpeg?q=70,https://www.flipkart.com/hp-255-g10-backlit-keyboard-2025-amd-ryzen-3-quad-core-7330u-16-gb-512-gb-ssd-windows-11-home-thin-light-laptop/p/itmbf277d5c61ac3?pid=COMHGQPFYFWZKCYG&lid=LSTCOMHGQPFYFWZKCYGMPAQBL&marketplace=FLIPKART&q=laptops&store=6bo%2Fb5g&srno=s_21_487&otracker=search&fm=organic&iid=9a4b9d7c-65e0-4bef-93ef-e0fd747ffff5.COMHGQPFYFWZKCYG.SEARCH&ppt=None&ppn=None&ssid=1ytb7i8o1c0000001768228604895&qH=c06ea84a1e3dc3c6
CHUWI Intel Core i3 12th Gen Intel Core i3-1215U - (12 GB/512 GB SSD/Windows 11 Home) FreeBook 2 in 1 ...,"₹37,990",https://rukminim2.flixcart.com/image/312/312/xif0q/computer/b/m/q/freebook-2-in-1-laptop-chuwi-original-imagtywsu2c6ngn2.jpeg?q=70,https://www.flipkart.com/chuwi-intel-core-i3-12th-gen-i3-1215u-12-gb-512-gb-ssd-windows-11-home-freebook-2-1-laptop/p/itmc5e3f409e7e39?pid=COMGQJZPSGFFF7V7&lid=LSTCOMGQJZPSGFFF7V7T2BU4F&marketplace=FLIPKART&q=laptops&store=6bo%2Fb5g&srno=s_21_488&otracker=search&fm=organic&iid=9a4b9d7c-65e0-4bef-93ef-e0fd747ffff5.COMGQJZPSGFFF7V7.SEARCH&ppt=None&ppn=None&ssid=1ytb7i8o1c0000001768228604895&qH=c06ea84a1e3dc3c6
Acer Aspire 3 Spin 14 Intel Core i3 13th Gen N305 - (8 GB/512 GB SSD/Windows 11 Home) A3SP14-31PT-3554...,"₹55,990",https://rukminim2.flixcart.com/image/312/312/xif0q/computer/w/r/7/-original-imahg5fxtmkvfv5g.jpeg?q=70,https://www.flipkart.com/acer-aspire-3-spin-14-intel-core-i3-13th-gen-n305-8-gb-512-gb-ssd-windows-11-home-a3sp14-31pt-3554-thin-light-laptop/p/itm3adc9b4b7ed0d?pid=COMGTG7YFSFDZHH9&lid=LSTCOMGTG7YFSFDZHH95EWADU&marketplace=FLIPKART&q=laptops&store=6bo%2Fb5g&srno=s_21_489&otracker=search&fm=organic&iid=9a4b9d7c-65e0-4bef-93ef-e0fd747ffff5.COMGTG7YFSFDZHH9.SEARCH&ppt=None&ppn=None&ssid=1ytb7i8o1c0000001768228604895&qH=c06ea84a1e3dc3c6
HP 15R (2025) Intel Core i3 13th Gen 1315U - (8 GB/512 GB SSD/Windows 11 Pro) 15R G9 Thin and Light La...,"₹38,990",https://rukminim2.flixcart.com/image/312/312/xif0q/computer/3/s/2/15r-g9-thin-and-light-laptop-hp-original-imah8zwjtgxdtbxw.jpeg?q=70,https://www.flipkart.com/hp-15r-2025-intel-core-i3-13th-gen-1315u-8-gb-512-gb-ssd-windows-11-pro-g9-thin-light-laptop/p/itmff5abac6385ed?pid=COMH8PDNRYZH6QHW&lid=LSTCOMH8PDNRYZH6QHWCKBJ0S&marketplace=FLIPKART&q=laptops&store=6bo%2Fb5g&srno=s_21_490&otracker=search&fm=organic&iid=9a4b9d7c-65e0-4bef-93ef-e0fd747ffff5.COMH8PDNRYZH6QHW.SEARCH&ppt=None&ppn=None&ssid=1ytb7i8o1c0000001768228604895&qH=c06ea84a1e3dc3c6
MSI Thin 15 Intel Core i7 13th Gen 13620H - (16 GB/512 GB SSD/Windows 11 Home/4 GB Graphics/NVIDIA GeF...,"₹75,400",https://rukminim2.flixcart.com/image/312/312/xif0q/computer/r/h/a/-original-imahg4usfcpvaazu.jpeg?q=70,https://www.flipkart.com/msi-thin-15-intel-core-i7-13th-gen-13620h-16-gb-512-gb-ssd-windows-11-home-4-graphics-nvidia-geforce-rtx-2050-144-hz-b13ucx-1806in-gaming-laptop/p/itmc1581367ea4e2?pid=COMGYSFGFES68YNZ&lid=LSTCOMGYSFGFES68YNZUWCAAD&marketplace=FLIPKART&q=laptops&store=6bo%2Fb5g&srno=s_21_491&otracker=search&fm=organic&iid=9a4b9d7c-65e0-4bef-93ef-e0fd747ffff5.COMGYSFGFES68YNZ.SEARCH&ppt=None&ppn=None&ssid=1ytb7i8o1c0000001768228604895&qH=c06ea84a1e3dc3c6
HP 250R G10 (2025) Intel Core 3 14th Gen 100U - (16 GB/512 GB SSD/Windows 11 Pro) 250R G10 Thin and Li...,"₹42,990",https://rukminim2.flixcart.com/image/312/312/xif0q/computer/q/p/q/250r-g10-thin-and-light-laptop-hp-original-imahg6xrytmuyfnx.jpeg?q=70,https://www.flipkart.com/hp-250r-g10-2025-intel-core-3-14th-gen-100u-16-gb-512-gb-ssd-windows-11-pro-thin-light-laptop/p/itm8a5bda045beed?pid=COMHG6XRWZFCBWD6&lid=LSTCOMHG6XRWZFCBWD6SLYGH9&marketplace=FLIPKART&q=laptops&store=6bo%2Fb5g&srno=s_21_492&otracker=search&fm=organic&iid=9a4b9d7c-65e0-4bef-93ef-e0fd747ffff5.COMHG6XRWZFCBWD6.SEARCH&ppt=None&ppn=None&ssid=1ytb7i8o1c0000001768228604895&qH=c06ea84a1e3dc3c6
HP AMD Ryzen 7 Octa Core 5700U - (16 GB/512 GB SSD/Windows 11 Home) 15s- ey2001au Thin and Light Lapto...,"₹49,999",https://rukminim2.flixcart.com/image/312/312/xif0q/computer/n/r/w/-original-imahg4usg4cujz4h.jpeg?q=70,https://www.flipkart.com/hp-amd-ryzen-7-octa-core-5700u-16-gb-512-gb-ssd-windows-11-home-15s-ey2001au-thin-light-laptop/p/itm0115cd7cec20e?pid=COMGQY48UH6RHN5M&lid=LSTCOMGQY48UH6RHN5MMAXQOT&marketplace=FLIPKART&q=laptops&store=6bo%2Fb5g&srno=s_21_493&otracker=search&fm=organic&iid=9a4b9d7c-65e0-4bef-93ef-e0fd747ffff5.COMGQY48UH6RHN5M.SEARCH&ppt=None&ppn=None&ssid=1ytb7i8o1c0000001768228604895&qH=c06ea84a1e3dc3c6
HP Intel Core i5 13th Gen - (16 GB/512 GB SSD/Windows 11 Home/Intel Integrated intel hd) 14-ek1074TU 2...,"₹76,100",https://rukminim2.flixcart.com/image/312/312/xif0q/computer/f/z/a/14-ek1010tu-thin-and-light-laptop-hp-original-imagnksxpampc2fe.jpeg?q=70,https://www.flipkart.com/hp-intel-core-i5-13th-gen-16-gb-512-gb-ssd-windows-11-home-intel-integrated-hd-14-ek1074tu-2-1-gaming-laptop/p/itm52734005494bf?pid=COMGU4EGRV4S6EAM&lid=LSTCOMGU4EGRV4S6EAMZDPLN8&marketplace=FLIPKART&q=laptops&store=6bo%2Fb5g&srno=s_21_494&otracker=search&fm=organic&iid=9a4b9d7c-65e0-4bef-93ef-e0fd747ffff5.COMGU4EGRV4S6EAM.SEARCH&ppt=None&ppn=None&ssid=1ytb7i8o1c0000001768228604895&qH=c06ea84a1e3dc3c6
HP 14 AI PC Intel Core Ultra 7 155H - (16 GB/512 GB SSD/Windows 11 Home) 14-gr1036TU Thin and Light La...,"₹72,990",https://rukminim2.flixcart.com/image/312/312/xif0q/computer/o/9/k/-original-imahgry8nwkejmae.jpeg?q=70,https://www.flipkart.com/hp-14-ai-pc-intel-core-ultra-7-155h-16-gb-512-gb-ssd-windows-11-home-14-gr1036tu-thin-light-laptop/p/itm3940c6281caa9?pid=COMHF8G932EYZAJF&lid=LSTCOMHF8G932EYZAJFOUI9CA&marketplace=FLIPKART&q=laptops&store=6bo%2Fb5g&srno=s_21_495&otracker=search&fm=organic&iid=9a4b9d7c-65e0-4bef-93ef-e0fd747ffff5.COMHF8G932EYZAJF.SEARCH&ppt=None&ppn=None&ssid=1ytb7i8o1c0000001768228604895&qH=c06ea84a1e3dc3c6
HP 15 (2025) Intel Core i3 13th Gen 1315U - (16 GB/512 GB SSD/Windows 11 Home) 15 Thin and Light Lapto...,"₹43,899",https://rukminim2.flixcart.com/image/312/312/xif0q/computer/4/s/v/15-thin-and-light-laptop-hp-original-imahcpkrcmf773zb.jpeg?q=70,https://www.flipkart.com/hp-15-2025-intel-core-i3-13th-gen-1315u-16-gb-512-gb-ssd-windows-11-home-thin-light-laptop/p/itm1c46e5a33b36d?pid=COMHCPKRGTA5Z7H2&lid=LSTCOMHCPKRGTA5Z7H2O2241L&marketplace=FLIPKART&q=laptops&store=6bo%2Fb5g&srno=s_21_496&otracker=search&fm=organic&iid=9a4b9d7c-65e0-4bef-93ef-e0fd747ffff5.COMHCPKRGTA5Z7H2.SEARCH&ppt=None&ppn=None&ssid=1ytb7i8o1c0000001768228604895&qH=c06ea84a1e3dc3c6
Infinix Y4 Max Series Intel Core i3 13th Gen 1315U - (16 GB/512 GB SSD/Windows 11 Home) YL613 Thin and...,"₹39,990",https://rukminim2.flixcart.com/image/312/312/xif0q/computer/w/g/l/-original-imahg53u2zpvvpgh.jpeg?q=70,https://www.flipkart.com/infinix-y4-max-series-intel-core-i3-13th-gen-1315u-16-gb-512-gb-ssd-windows-11-home-yl613-thin-light-laptop/p/itmf0f9170b3ca9f?pid=COMGWWDH9WGCHHEG&lid=LSTCOMGWWDH9WGCHHEGAO3TIN&marketplace=FLIPKART&q=laptops&store=6bo%2Fb5g&srno=s_21_497&otracker=search&fm=organic&iid=9a4b9d7c-65e0-4bef-93ef-e0fd747ffff5.COMGWWDH9WGCHHEG.SEARCH&ppt=None&ppn=None&ssid=1ytb7i8o1c0000001768228604895&qH=c06ea84a1e3dc3c6
Acer Aspire 3 Backlit Intel Core i5 12th Gen 1235U - (16 GB/512 GB SSD/Windows 11 Home) A324-51 Thin a...,"₹42,990",https://rukminim2.flixcart.com/image/312/312/xif0q/computer/a/j/t/-original-imahg5fuh3kgzfnp.jpeg?q=70,https://www.flipkart.com/acer-aspire-3-backlit-intel-core-i5-12th-gen-1235u-16-gb-512-gb-ssd-windows-11-home-a324-51-thin-light-laptop/p/itm4fa0fcf0e2e15?pid=COMHY24RMZ8PUDTT&lid=LSTCOMHY24RMZ8PUDTT6GAEHA&marketplace=FLIPKART&q=laptops&store=6bo%2Fb5g&srno=s_21_498&otracker=search&fm=organic&iid=9a4b9d7c-65e0-4bef-93ef-e0fd747ffff5.COMHY24RMZ8PUDTT.SEARCH&ppt=None&ppn=None&ssid=1ytb7i8o1c0000001768228604895&qH=c06ea84a1e3dc3c6
ASUS Vivobook 15 Intel Core 5 120U - (16 GB/512 GB SSD/Windows 11 Home) X1504VAP-NJ542WS Thin and Ligh...,"₹55,992",https://rukminim2.flixcart.com/image/312/312/xif0q/computer/3/2/s/-original-imah2ger8qjev3sj.jpeg?q=70,https://www.flipkart.com/asus-vivobook-15-intel-core-5-120u-16-gb-512-gb-ssd-windows-11-home-x1504vap-nj542ws-thin-light-laptop/p/itmff0e170cb596e?pid=COMGYSFGZFBUPKEB&lid=LSTCOMGYSFGZFBUPKEBLVKPJN&marketplace=FLIPKART&q=laptops&store=6bo%2Fb5g&srno=s_21_499&otracker=search&fm=organic&iid=9a4b9d7c-65e0-4bef-93ef-e0fd747ffff5.COMGYSFGZFBUPKEB.SEARCH&ppt=None&ppn=None&ssid=1ytb7i8o1c0000001768228604895&qH=c06ea84a1e3dc3c6
DELL Intel Core i3 13th Gen 1305U - (8 GB/512 GB SSD/Windows 11 Home) VN3530XR6N1002ORG1O Thin and Lig...,"₹43,500",https://rukminim2.flixcart.com/image/312/312/xif0q/computer/z/m/r/-original-imahfbxznyjqfseg.jpeg?q=70,https://www.flipkart.com/dell-intel-core-i3-13th-gen-1305u-8-gb-512-gb-ssd-windows-11-home-vn3530xr6n1002org1o-thin-light-laptop/p/itm75c77174f31e5?pid=COMH4CGG5VEEXNNQ&lid=LSTCOMH4CGG5VEEXNNQAXHIZZ&marketplace=FLIPKART&q=laptops&store=6bo%2Fb5g&srno=s_21_500&otracker=search&fm=organic&iid=9a4b9d7c-65e0-4bef-93ef-e0fd747ffff5.COMH4CGG5VEEXNNQ.SEARCH&ppt=None&ppn=None&ssid=1ytb7i8o1c0000001768228604895&qH=c06ea84a1e3dc3c6
"ASUS Vivobook 14 (2025) with Office 2024 + M365 Basic*, AI PC, Backlit Keyboard, Intel Core Ultra 5 22...","₹73,990",https://rukminim2.flixcart.com/image/312/312/xif0q/computer/d/3/f/-original-imahg53xftgnzucy.jpeg?q=70,https://www.flipkart.com/asus-vivobook-14-2025-office-2024-m365-basic-ai-pc-backlit-keyboard-intel-core-ultra-5-225h-16-gb-512-gb-ssd-windows-11-home-x1407ca-ly102ws-thin-light-laptop/p/itm46931df73e192?pid=COMH89EBSHZAG9ZE&lid=LSTCOMH89EBSHZAG9ZEFVUQUB&marketplace=FLIPKART&q=laptops&store=6bo%2Fb5g&srno=s_21_501&otracker=search&fm=organic&iid=9a4b9d7c-65e0-4bef-93ef-e0fd747ffff5.COMH89EBSHZAG9ZE.SEARCH&ppt=None&ppn=None&ssid=1ytb7i8o1c0000001768228604895&qH=c06ea84a1e3dc3c6
HP Victus Intel Core i5 14th Gen 14450HX - (16 GB/512 GB SSD/Windows 11 Home/6 GB Graphics/NVIDIA GeFo...,"₹75,000",https://rukminim2.flixcart.com/image/312/312/xif0q/computer/j/m/p/-original-imahgpw3bq4h8yky.jpeg?q=70,https://www.flipkart.com/hp-victus-intel-core-i5-14th-gen-14450hx-16-gb-512-gb-ssd-windows-11-home-6-graphics-nvidia-geforce-rtx-3050-144-hz-16-r1707tx-gaming-laptop/p/itmfa4e9542d446d?pid=COMHBZT389VW3CYA&lid=LSTCOMHBZT389VW3CYAGERNWH&marketplace=FLIPKART&q=laptops&store=6bo%2Fb5g&srno=s_21_502&otracker=search&fm=organic&iid=9a4b9d7c-65e0-4bef-93ef-e0fd747ffff5.COMHBZT389VW3CYA.SEARCH&ppt=None&ppn=None&ssid=1ytb7i8o1c0000001768228604895&qH=c06ea84a1e3dc3c6
MSI Modern 14 Intel Core i7 13th Gen 1355U - (16 GB/512 GB SSD/Windows 11 Home) Modern 14 C13M-435IN T...,"₹58,990",https://rukminim2.flixcart.com/image/312/312/xif0q/computer/a/m/f/-original-imahg5fusgpe73st.jpeg?q=70,https://www.flipkart.com/msi-modern-14-intel-core-i7-13th-gen-1355u-16-gb-512-gb-ssd-windows-11-home-c13m-435in-thin-light-laptop/p/itm369c13c116a09?pid=COMGMV6VGGGHGU5T&lid=LSTCOMGMV6VGGGHGU5T1BQNCS&marketplace=FLIPKART&q=laptops&store=6bo%2Fb5g&srno=s_21_503&otracker=search&fm=organic&iid=9a4b9d7c-65e0-4bef-93ef-e0fd747ffff5.COMGMV6VGGGHGU5T.SEARCH&ppt=None&ppn=None&ssid=1ytb7i8o1c0000001768228604895&qH=c06ea84a1e3dc3c6
Acer NITRO V 16S Intel Core 5 - (16 GB/512 GB SSD/Windows 11 Home/8 GB Graphics/NVIDIA GeForce RTX NVI...,"₹94,990",https://rukminim2.flixcart.com/image/312/312/xif0q/computer/n/m/x/-original-imahg8fgc3m3fzgr.jpeg?q=70,https://www.flipkart.com/acer-nitro-v-16s-intel-core-5-16-gb-512-gb-ssd-windows-11-home-8-graphics-nvidia-geforce-rtx-nvidia-5050-180-hz-anv16s-71-gaming-laptop/p/itm3b37af3ef698e?pid=COMHHP7KE5B8QNR9&lid=LSTCOMHHP7KE5B8QNR9IEVZFK&marketplace=FLIPKART&q=laptops&store=6bo%2Fb5g&srno=s_21_504&otracker=search&fm=organic&iid=9a4b9d7c-65e0-4bef-93ef-e0fd747ffff5.COMHHP7KE5B8QNR9.SEARCH&ppt=None&ppn=None&ssid=1ytb7i8o1c0000001768228604895&qH=c06ea84a1e3dc3c6
Acer Nitro V AMD Ryzen 7 Octa Core 7735HS - (16 GB/512 GB SSD/Windows 11 Home/6 GB Graphics/NVIDIA GeF...,"₹69,750",https://rukminim2.flixcart.com/image/312/312/xif0q/computer/0/t/j/-original-imahg5fuftuugm6n.jpeg?q=70,https://www.flipkart.com/acer-nitro-v-amd-ryzen-7-octa-core-7735hs-16-gb-512-gb-ssd-windows-11-home-6-graphics-nvidia-geforce-rtx-3050-anv15-41-gaming-laptop/p/itm6491e522f1157?pid=COMGZN7Z8V7AGTAD&lid=LSTCOMGZN7Z8V7AGTADDODOWN&marketplace=FLIPKART&q=laptops&store=6bo%2Fb5g&srno=s_22_505&otracker=search&fm=organic&iid=1f4a8d74-73f9-4d5b-babd-ad59538b1152.COMGZN7Z8V7AGTAD.SEARCH&ppt=None&ppn=None&ssid=lkx995a9o00000001768228618986&qH=c06ea84a1e3dc3c6
DELL Latitude 3540 (2025) Intel Core i3 12th Gen 1215U - (16 GB/512 GB SSD/Windows 11 Home) Latitude 3...,"₹42,490",https://rukminim2.flixcart.com/image/312/312/xif0q/computer/d/s/o/latitude-3540-thin-and-light-laptop-dell-original-imah9fhmbxbaevgj.jpeg?q=70,https://www.flipkart.com/dell-latitude-3540-2025-intel-core-i3-12th-gen-1215u-16-gb-512-gb-ssd-windows-11-home-thin-light-laptop/p/itm7f265faf0871e?pid=COMH96VZAERCSPPP&lid=LSTCOMH96VZAERCSPPPTA5CWR&marketplace=FLIPKART&q=laptops&store=6bo%2Fb5g&srno=s_22_506&otracker=search&fm=organic&iid=1f4a8d74-73f9-4d5b-babd-ad59538b1152.COMH96VZAERCSPPP.SEARCH&ppt=None&ppn=None&ssid=lkx995a9o00000001768228618986&qH=c06ea84a1e3dc3c6
HP 15s Intel Core i3 11th Gen 1115G4 - (8 GB/512 GB SSD/Windows 10 Home) 15s-FQ2072TU Thin and Light L...,"₹36,990",https://rukminim2.flixcart.com/image/312/312/kl5hh8w0/computer/c/j/8/hp-original-imagyckn3hqfgp4y.jpeg?q=70,https://www.flipkart.com/hp-15s-intel-core-i3-11th-gen-1115g4-8-gb-512-gb-ssd-windows-10-home-15s-fq2072tu-thin-light-laptop/p/itmdce6afa2e1b0d?pid=COMGYCG8P7MCYQWH&lid=LSTCOMGYCG8P7MCYQWHTGLX8P&marketplace=FLIPKART&q=laptops&store=6bo%2Fb5g&srno=s_22_507&otracker=search&fm=organic&iid=1f4a8d74-73f9-4d5b-babd-ad59538b1152.COMGYCG8P7MCYQWH.SEARCH&ppt=None&ppn=None&ssid=lkx995a9o00000001768228618986&qH=c06ea84a1e3dc3c6
MSI Modern 14 Intel Core i5 13th Gen 1335U - (8 GB/512 GB SSD/Windows 11 Home) Modern 14 C13M-437IN Th...,"₹49,990",https://rukminim2.flixcart.com/image/312/312/xif0q/computer/a/9/y/-original-imahg53uszr5tcwy.jpeg?q=70,https://www.flipkart.com/msi-modern-14-intel-core-i5-13th-gen-1335u-8-gb-512-gb-ssd-windows-11-home-c13m-437in-thin-light-laptop/p/itm369c13c116a09?pid=COMGMV6VYGAAAHYT&lid=LSTCOMGMV6VYGAAAHYT294L6U&marketplace=FLIPKART&q=laptops&store=6bo%2Fb5g&srno=s_22_508&otracker=search&fm=organic&iid=1f4a8d74-73f9-4d5b-babd-ad59538b1152.COMGMV6VYGAAAHYT.SEARCH&ppt=None&ppn=None&ssid=lkx995a9o00000001768228618986&qH=c06ea84a1e3dc3c6
Lenovo LOQ Intel Core i5 12th Gen 12450HX - (16 GB/512 GB SSD/Windows 11 Home/6 GB Graphics/NVIDIA GeF...,"₹92,990",https://rukminim2.flixcart.com/image/312/312/xif0q/computer/o/r/0/-original-imahfkh3hhupb5wh.jpeg?q=70,https://www.flipkart.com/lenovo-loq-intel-core-i5-12th-gen-12450hx-16-gb-512-gb-ssd-windows-11-home-6-graphics-nvidia-geforce-rtx-3050-15iax9-gaming-laptop/p/itme3e94a3f73f71?pid=COMH2GVVSDNEMK33&lid=LSTCOMH2GVVSDNEMK33V3RWSC&marketplace=FLIPKART&q=laptops&store=6bo%2Fb5g&srno=s_22_509&otracker=search&fm=organic&iid=1f4a8d74-73f9-4d5b-babd-ad59538b1152.COMH2GVVSDNEMK33.SEARCH&ppt=None&ppn=None&ssid=lkx995a9o00000001768228618986&qH=c06ea84a1e3dc3c6
HP 255 G10 AMD Ryzen 5 Quad Core 7520U UPTO 4.3Ghz - (8 GB/512 GB SSD/Windows 11 Home) 255 G10 Thin an...,"₹39,500",https://rukminim2.flixcart.com/image/312/312/xif0q/computer/z/o/f/255-g10-laptop-hp-original-imah7uqjtueghjgu.jpeg?q=70,https://www.flipkart.com/hp-255-g10-amd-ryzen-5-quad-core-7520u-upto-4-3ghz-8-gb-512-gb-ssd-windows-11-home-thin-light-laptop/p/itm41b702fc585a3?pid=COMH7Z9YJWFZYRE5&lid=LSTCOMH7Z9YJWFZYRE5MXLHHD&marketplace=FLIPKART&q=laptops&store=6bo%2Fb5g&srno=s_22_510&otracker=search&fm=organic&iid=1f4a8d74-73f9-4d5b-babd-ad59538b1152.COMH7Z9YJWFZYRE5.SEARCH&ppt=None&ppn=None&ssid=lkx995a9o00000001768228618986&qH=c06ea84a1e3dc3c6
HP MSO 2024 AMD Ryzen 5 Hexa Core 7430U - (16 GB/512 GB SSD/Windows 11 Home) 15-fc0389AU Thin and Ligh...,"₹47,900",https://rukminim2.flixcart.com/image/312/312/xif0q/computer/5/q/4/-original-imahgqtupdnbw97a.jpeg?q=70,https://www.flipkart.com/hp-mso-2024-amd-ryzen-5-hexa-core-7430u-16-gb-512-gb-ssd-windows-11-home-15-fc0389au-thin-light-laptop/p/itmd1de3bf78d327?pid=COMHBFRJZWGGRMZ9&lid=LSTCOMHBFRJZWGGRMZ9Q43YR3&marketplace=FLIPKART&q=laptops&store=6bo%2Fb5g&srno=s_22_511&otracker=search&fm=organic&iid=1f4a8d74-73f9-4d5b-babd-ad59538b1152.COMHBFRJZWGGRMZ9.SEARCH&ppt=None&ppn=None&ssid=lkx995a9o00000001768228618986&qH=c06ea84a1e3dc3c6
MSI Modern 15 AMD Ryzen 5 Hexa Core 7530U - (8 GB/512 GB SSD/Windows 11 Home) Modern 15 B7M-072IN Thin...,"₹40,890",https://rukminim2.flixcart.com/image/312/312/xif0q/computer/i/6/l/-original-imahg4v4zh9bedbg.jpeg?q=70,https://www.flipkart.com/msi-modern-15-amd-ryzen-5-hexa-core-7530u-8-gb-512-gb-ssd-windows-11-home-b7m-072in-thin-light-laptop/p/itm21f8007ef0cd1?pid=COMGQPZHVV8NVEFA&lid=LSTCOMGQPZHVV8NVEFA4NVUE2&marketplace=FLIPKART&q=laptops&store=6bo%2Fb5g&srno=s_22_512&otracker=search&fm=organic&iid=1f4a8d74-73f9-4d5b-babd-ad59538b1152.COMGQPZHVV8NVEFA.SEARCH&ppt=None&ppn=None&ssid=lkx995a9o00000001768228618986&qH=c06ea84a1e3dc3c6
Apple MacBook Pro M3 Max - (48 GB/1 TB SSD/macOS Sonoma) MUW63HN/A,"₹3,72,990",https://rukminim2.flixcart.com/image/312/312/xif0q/computer/7/r/w/-original-imaguw3hpuzcwvdp.jpeg?q=70,https://www.flipkart.com/apple-macbook-pro-m3-max-48-gb-1-tb-ssd-macos-sonoma-muw63hn-a/p/itmcd041a34ee857?pid=COMGUTX74JZBFZK9&lid=LSTCOMGUTX74JZBFZK9949Y4L&marketplace=FLIPKART&q=laptops&store=6bo%2Fb5g&srno=s_22_513&otracker=search&fm=organic&iid=1f4a8d74-73f9-4d5b-babd-ad59538b1152.COMGUTX74JZBFZK9.SEARCH&ppt=None&ppn=None&ssid=lkx995a9o00000001768228618986&qH=c06ea84a1e3dc3c6
Acer TravelLite (2025) Intel Core i5 13th Gen 1334U - (16 GB/512 GB SSD/Windows 11 Home) TL04-51M Thin...,"₹47,600",https://rukminim2.flixcart.com/image/312/312/xif0q/computer/8/b/4/tl04-51m-thin-and-light-laptop-acer-original-imahhtgbf3rckfud.jpeg?q=70,https://www.flipkart.com/acer-travellite-2025-intel-core-i5-13th-gen-1334u-16-gb-512-gb-ssd-windows-11-home-tl04-51m-thin-light-laptop/p/itm5195940ec1f6d?pid=COMHHTGC5HN6SWUF&lid=LSTCOMHHTGC5HN6SWUFULQPUA&marketplace=FLIPKART&q=laptops&store=6bo%2Fb5g&srno=s_22_514&otracker=search&fm=organic&iid=1f4a8d74-73f9-4d5b-babd-ad59538b1152.COMHHTGC5HN6SWUF.SEARCH&ppt=None&ppn=None&ssid=lkx995a9o00000001768228618986&qH=c06ea84a1e3dc3c6
Lenovo Yoga 6 AMD Ryzen 7 Octa Core 7730U - (16 GB/1 TB SSD/Windows 11 Home) 13ABR8 2 in 1 Laptop,"₹82,190",https://rukminim2.flixcart.com/image/312/312/xif0q/computer/w/y/m/-original-imahg5fydy9gnhkt.jpeg?q=70,https://www.flipkart.com/lenovo-yoga-6-amd-ryzen-7-octa-core-7730u-16-gb-1-tb-ssd-windows-11-home-13abr8-2-1-laptop/p/itm0a5d2a15938e8?pid=COMGSVFES2XSYQYY&lid=LSTCOMGSVFES2XSYQYYYK27H0&marketplace=FLIPKART&q=laptops&store=6bo%2Fb5g&srno=s_22_515&otracker=search&fm=organic&iid=1f4a8d74-73f9-4d5b-babd-ad59538b1152.COMGSVFES2XSYQYY.SEARCH&ppt=None&ppn=None&ssid=lkx995a9o00000001768228618986&qH=c06ea84a1e3dc3c6
Lenovo Yoga Pro 7 3K OLED AI PC Full Metal Body Intel Core Ultra 9 285H - (32 GB/1 TB SSD/Windows 11 H...,"₹1,39,990",https://rukminim2.flixcart.com/image/312/312/xif0q/computer/n/5/l/-original-imahfkh37sg7gqw7.jpeg?q=70,https://www.flipkart.com/lenovo-yoga-pro-7-3k-oled-ai-pc-full-metal-body-intel-core-ultra-9-285h-32-gb-1-tb-ssd-windows-11-home-14iah10-thin-light-laptop/p/itm52e2485daf6fd?pid=COMHCRZZW7G7GCCH&lid=LSTCOMHCRZZW7G7GCCHGQNKDL&marketplace=FLIPKART&q=laptops&store=6bo%2Fb5g&srno=s_22_516&otracker=search&fm=organic&iid=1f4a8d74-73f9-4d5b-babd-ad59538b1152.COMHCRZZW7G7GCCH.SEARCH&ppt=None&ppn=None&ssid=lkx995a9o00000001768228618986&qH=c06ea84a1e3dc3c6
DELL 15 Intel Core i5 13th Gen 1334U - (16 GB/512 GB SSD/Windows 11 Home) DC15250 / DB15250 Thin and L...,"₹57,990",https://rukminim2.flixcart.com/image/312/312/xif0q/computer/h/d/x/db15250-thin-and-light-laptop-dell-original-imaheb5hzqtsqfxs.jpeg?q=70,https://www.flipkart.com/dell-15-intel-core-i5-13th-gen-1334u-16-gb-512-gb-ssd-windows-11-home-dc15250-db15250-thin-light-laptop/p/itm1e2ed725033ec?pid=COMHDXXUUWHHAY26&lid=LSTCOMHDXXUUWHHAY26JZWHQM&marketplace=FLIPKART&q=laptops&store=6bo%2Fb5g&srno=s_22_517&otracker=search&fm=organic&iid=1f4a8d74-73f9-4d5b-babd-ad59538b1152.COMHDXXUUWHHAY26.SEARCH&ppt=None&ppn=None&ssid=lkx995a9o00000001768228618986&qH=c06ea84a1e3dc3c6
HP 15 (2025) Intel Celeron Dual Core N4500 - (8 GB/512 GB SSD/Windows 11 Pro) 15 Thin and Light Laptop,"₹32,990",https://rukminim2.flixcart.com/image/312/312/xif0q/computer/1/o/x/15-thin-and-light-laptop-hp-original-imahckf42tfjzgfz.jpeg?q=70,https://www.flipkart.com/hp-15-2025-intel-celeron-dual-core-n4500-8-gb-512-gb-ssd-windows-11-pro-thin-light-laptop/p/itm2374f018d97ea?pid=COMHCKF4YXDQYZWY&lid=LSTCOMHCKF4YXDQYZWYGQOBGO&marketplace=FLIPKART&q=laptops&store=6bo%2Fb5g&srno=s_22_518&otracker=search&fm=organic&iid=1f4a8d74-73f9-4d5b-babd-ad59538b1152.COMHCKF4YXDQYZWY.SEARCH&ppt=None&ppn=None&ssid=lkx995a9o00000001768228618986&qH=c06ea84a1e3dc3c6
Acer 3 Years Warranty Aspire 3 (2025) Intel Core i3 13th Gen 1305U - (16 GB/512 GB SSD/Windows 11 Home...,"₹38,590",https://rukminim2.flixcart.com/image/312/312/xif0q/computer/b/c/6/aspire-3-a325-53-thin-and-light-laptop-acer-original-imahg4t48x6tbbsx.jpeg?q=70,https://www.flipkart.com/acer-3-years-warranty-aspire-2025-intel-core-i3-13th-gen-1305u-16-gb-512-gb-ssd-windows-11-home-a325-53-thin-light-laptop/p/itm07dcd421d9bcb?pid=COMHG4T4XWKNGBQH&lid=LSTCOMHG4T4XWKNGBQH3AUYMC&marketplace=FLIPKART&q=laptops&store=6bo%2Fb5g&srno=s_22_519&otracker=search&fm=organic&iid=1f4a8d74-73f9-4d5b-babd-ad59538b1152.COMHG4T4XWKNGBQH.SEARCH&ppt=None&ppn=None&ssid=lkx995a9o00000001768228618986&qH=c06ea84a1e3dc3c6
HP AMD Ryzen 5 Quad Core 7th Gen - (8 GB/512 GB SSD/Windows 11 Home) 245 G10 Laptop,"₹36,555",https://rukminim2.flixcart.com/image/312/312/xif0q/computer/h/m/2/245-g10-laptop-hp-original-imah65zrfrgpfdjs.jpeg?q=70,https://www.flipkart.com/hp-amd-ryzen-5-quad-core-7th-gen-8-gb-512-gb-ssd-windows-11-home-245-g10-laptop/p/itmb5cef80feed7b?pid=COMH65ZRMV7GBVHQ&lid=LSTCOMH65ZRMV7GBVHQDGVXS3&marketplace=FLIPKART&q=laptops&store=6bo%2Fb5g&srno=s_22_520&otracker=search&fm=organic&iid=1f4a8d74-73f9-4d5b-babd-ad59538b1152.COMH65ZRMV7GBVHQ.SEARCH&ppt=None&ppn=None&ssid=lkx995a9o00000001768228618986&qH=c06ea84a1e3dc3c6
ASUS Vivobook 15 Intel Core i3 13th Gen 1315U - (8 GB/512 GB SSD/Windows 11 Home) X1504VA-NJ324WS Thin...,"₹46,597",https://rukminim2.flixcart.com/image/312/312/xif0q/computer/5/y/u/-original-imahg5fxbzq5wzwa.jpeg?q=70,https://www.flipkart.com/asus-vivobook-15-intel-core-i3-13th-gen-1315u-8-gb-512-gb-ssd-windows-11-home-x1504va-nj324ws-thin-light-laptop/p/itm200184e4e0443?pid=COMGZDQJ4BZDZRXP&lid=LSTCOMGZDQJ4BZDZRXPCIQKXW&marketplace=FLIPKART&q=laptops&store=6bo%2Fb5g&srno=s_22_521&otracker=search&fm=organic&iid=1f4a8d74-73f9-4d5b-babd-ad59538b1152.COMGZDQJ4BZDZRXP.SEARCH&ppt=None&ppn=None&ssid=lkx995a9o00000001768228618986&qH=c06ea84a1e3dc3c6
Colorful P15 Intel Core i7 13th Gen 13620H - (16 GB/512 GB SSD/Windows 11 Home/8 GB Graphics/NVIDIA Ge...,"₹1,39,990",https://rukminim2.flixcart.com/image/312/312/xif0q/computer/t/8/9/-original-imahg5fxnvhwh3aq.jpeg?q=70,https://www.flipkart.com/colorful-p15-intel-core-i7-13th-gen-13620h-16-gb-512-gb-ssd-windows-11-home-8-graphics-nvidia-geforce-rtx-4060-23-hj76b16512e-g-ind-gaming-laptop/p/itm5378e14af26f5?pid=COMGZKFBWKZFDDYR&lid=LSTCOMGZKFBWKZFDDYRKJXPLR&marketplace=FLIPKART&q=laptops&store=6bo%2Fb5g&srno=s_22_522&otracker=search&fm=organic&iid=1f4a8d74-73f9-4d5b-babd-ad59538b1152.COMGZKFBWKZFDDYR.SEARCH&ppt=None&ppn=None&ssid=lkx995a9o00000001768228618986&qH=c06ea84a1e3dc3c6
HP OMEN Intel Core i7 14th Gen 14650HX - (16 GB/1 TB SSD/Windows 11 Home/8 GB Graphics/NVIDIA GeForce ...,"₹1,16,990",https://rukminim2.flixcart.com/image/312/312/xif0q/computer/u/y/k/-original-imahg53xak9havxh.jpeg?q=70,https://www.flipkart.com/hp-omen-intel-core-i7-14th-gen-14650hx-16-gb-1-tb-ssd-windows-11-home-8-gb-graphics-nvidia-geforce-rtx-4060-16-wf1096tx-ae0002tx-gaming-laptop/p/itm98841df0cbbc6?pid=COMHFCEENHGMPUDC&lid=LSTCOMHFCEENHGMPUDCWGK9LR&marketplace=FLIPKART&q=laptops&store=6bo%2Fb5g&srno=s_22_523&otracker=search&fm=organic&iid=1f4a8d74-73f9-4d5b-babd-ad59538b1152.COMHFCEENHGMPUDC.SEARCH&ppt=None&ppn=None&ssid=lkx995a9o00000001768228618986&qH=c06ea84a1e3dc3c6
"ASUS Vivobook 16X (2025) for Creator with Office 2024 + M365 Basic, Intel Core i5 13th Gen 13420H - (1...","₹66,117",https://rukminim2.flixcart.com/image/312/312/xif0q/computer/d/e/7/k3605zc-rp587ws-gaming-laptop-asus-original-imahg2hhuzkgcpzp.jpeg?q=70,https://www.flipkart.com/asus-vivobook-16x-2025-creator-office-2024-m365-basic-intel-core-i5-13th-gen-13420h-16-gb-512-gb-ssd-windows-11-home-4-graphics-nvidia-geforce-rtx-3050-144-hz-k3605vc-rp413ws-gaming-laptop/p/itmec40249e8fe47?pid=COMHG2W2H6YQKJEQ&lid=LSTCOMHG2W2H6YQKJEQS90EBC&marketplace=FLIPKART&q=laptops&store=6bo%2Fb5g&srno=s_22_524&otracker=search&fm=organic&iid=1f4a8d74-73f9-4d5b-babd-ad59538b1152.COMHG2W2H6YQKJEQ.SEARCH&ppt=None&ppn=None&ssid=lkx995a9o00000001768228618986&qH=c06ea84a1e3dc3c6
"Dell Intel Core i3 13th Gen 1305U - (8 GB/512 GB SSD/Windows 11 Home) Vostro 3530,Vostro 3530 RPL Thin...","₹36,990",https://rukminim2.flixcart.com/image/312/312/xif0q/computer/o/v/k/-original-imahg5fxg9athecd.jpeg?q=70,https://www.flipkart.com/dell-intel-core-i3-13th-gen-1305u-8-gb-512-gb-ssd-windows-11-home-vostro-3530-vostro-3530-rpl-thin-light-laptop/p/itm79bd3633b64b4?pid=COMGZ8NDUXGPXTVZ&lid=LSTCOMGZ8NDUXGPXTVZ7PXILK&marketplace=FLIPKART&q=laptops&store=6bo%2Fb5g&srno=s_22_525&otracker=search&fm=organic&iid=1f4a8d74-73f9-4d5b-babd-ad59538b1152.COMGZ8NDUXGPXTVZ.SEARCH&ppt=None&ppn=None&ssid=lkx995a9o00000001768228618986&qH=c06ea84a1e3dc3c6
Acer Swift Go 14 TouchScreen AI PC Intel Core Ultra 7 155H - (16 GB/1 TB SSD/Windows 11 Home) SFG14-73...,"₹90,990",https://rukminim2.flixcart.com/image/312/312/xif0q/computer/z/y/z/-original-imahg5fxcyf3nxh9.jpeg?q=70,https://www.flipkart.com/acer-swift-go-14-touchscreen-ai-pc-intel-core-ultra-7-155h-16-gb-1-tb-ssd-windows-11-home-sfg14-73t-70n9-thin-light-laptop/p/itm174fc1bfd505f?pid=COMGZH2UFKEB5PP4&lid=LSTCOMGZH2UFKEB5PP4WJZYHH&marketplace=FLIPKART&q=laptops&store=6bo%2Fb5g&srno=s_22_526&otracker=search&fm=organic&iid=1f4a8d74-73f9-4d5b-babd-ad59538b1152.COMGZH2UFKEB5PP4.SEARCH&ppt=None&ppn=None&ssid=lkx995a9o00000001768228618986&qH=c06ea84a1e3dc3c6
"ASUS Vivobook 15, with Backlit Keyboard, Intel Core i5 12th Gen 1235U - (16 GB/512 GB SSD/Windows 11 H...","₹57,790",https://rukminim2.flixcart.com/image/312/312/xif0q/computer/2/6/h/-original-imahg4usthf9rpgh.jpeg?q=70,https://www.flipkart.com/asus-vivobook-15-backlit-keyboard-intel-core-i5-12th-gen-1235u-16-gb-512-gb-ssd-windows-11-home-x1504za-nj541ws-thin-light-laptop/p/itmff0e170cb596e?pid=COMGYSFGGGHDK27Q&lid=LSTCOMGYSFGGGHDK27QZIJTV5&marketplace=FLIPKART&q=laptops&store=6bo%2Fb5g&srno=s_22_527&otracker=search&fm=organic&iid=1f4a8d74-73f9-4d5b-babd-ad59538b1152.COMGYSFGGGHDK27Q.SEARCH&ppt=None&ppn=None&ssid=lkx995a9o00000001768228618986&qH=c06ea84a1e3dc3c6
MSI Intel Core i5 12th Gen 1235U - (8 GB/512 GB SSD/Windows 11 Home) Modern 14 C12MO-1400IN Business L...,"₹41,990",https://rukminim2.flixcart.com/image/312/312/xif0q/computer/m/g/4/-original-imah3gduhas82fu6.jpeg?q=70,https://www.flipkart.com/msi-intel-core-i5-12th-gen-1235u-8-gb-512-gb-ssd-windows-11-home-modern-14-c12mo-1400in-business-laptop/p/itm8820edd8b6c55?pid=COMH3YTFFCHYKHAK&lid=LSTCOMH3YTFFCHYKHAKLZQLTS&marketplace=FLIPKART&q=laptops&store=6bo%2Fb5g&srno=s_22_528&otracker=search&fm=organic&iid=1f4a8d74-73f9-4d5b-babd-ad59538b1152.COMH3YTFFCHYKHAK.SEARCH&ppt=None&ppn=None&ssid=lkx995a9o00000001768228618986&qH=c06ea84a1e3dc3c6
DELL Intel Core i5 12th Gen 1235U - (16 GB/512 GB SSD/Windows 11 Home) Inspiron 3520 Thin and Light La...,"₹59,447",https://rukminim2.flixcart.com/image/312/312/xif0q/computer/h/s/9/inspiron-3520-thin-and-light-laptop-dell-original-imahfys2qpfbdwgp.jpeg?q=70,https://www.flipkart.com/dell-intel-core-i5-12th-gen-1235u-16-gb-512-gb-ssd-windows-11-home-inspiron-3520-thin-light-laptop/p/itm23d84e15561c4?pid=COMGWFY5FAPTFVVQ&lid=LSTCOMGWFY5FAPTFVVQ39LEZR&marketplace=FLIPKART&q=laptops&store=6bo%2Fb5g&srno=s_23_529&otracker=search&fm=organic&iid=fd281dab-fe0b-44c0-a57e-e4ed0e4d6866.COMGWFY5FAPTFVVQ.SEARCH&ppt=None&ppn=None&ssid=ecbleivxkg0000001768228646055&qH=c06ea84a1e3dc3c6
Samsung Galaxy Book5 AI Metal Intel Core Ultra 7 255U - (16 GB/512 GB SSD/Windows 11 Home) NP750XHD Th...,"₹87,990",https://rukminim2.flixcart.com/image/312/312/xif0q/computer/i/n/q/-original-imahgwkqrdsdqfqz.jpeg?q=70,https://www.flipkart.com/samsung-galaxy-book5-ai-metal-intel-core-ultra-7-255u-16-gb-512-gb-ssd-windows-11-home-np750xhd-thin-light-laptop/p/itma9c081cdbe95d?pid=COMHE4ATBCUTGUYT&lid=LSTCOMHE4ATBCUTGUYTJZ7NHN&marketplace=FLIPKART&q=laptops&store=6bo%2Fb5g&srno=s_23_530&otracker=search&fm=organic&iid=fd281dab-fe0b-44c0-a57e-e4ed0e4d6866.COMHE4ATBCUTGUYT.SEARCH&ppt=None&ppn=None&ssid=ecbleivxkg0000001768228646055&qH=c06ea84a1e3dc3c6
Lenovo LOQ Intel Core i5 12th Gen 12450HX - (16 GB/512 GB SSD/Windows 11 Home/6 GB Graphics/NVIDIA GeF...,"₹81,990",https://rukminim2.flixcart.com/image/312/312/xif0q/computer/6/l/x/-original-imahywvc3htmaxaq.jpeg?q=70,https://www.flipkart.com/lenovo-loq-intel-core-i5-12th-gen-12450hx-16-gb-512-gb-ssd-windows-11-home-6-graphics-nvidia-geforce-rtx-3050-15iax9-gaming-laptop/p/itme3e94a3f73f71?pid=COMGYSFGZYMGFJ4A&lid=LSTCOMGYSFGZYMGFJ4AJTJC9K&marketplace=FLIPKART&q=laptops&store=6bo%2Fb5g&srno=s_23_531&otracker=search&fm=organic&iid=fd281dab-fe0b-44c0-a57e-e4ed0e4d6866.COMGYSFGZYMGFJ4A.SEARCH&ppt=None&ppn=None&ssid=ecbleivxkg0000001768228646055&qH=c06ea84a1e3dc3c6
Apple MacBook Pro M4 Max - (36 GB/1 TB SSD/macOS Sequoia) MX2K3HN/A,"₹3,19,900",https://rukminim2.flixcart.com/image/312/312/xif0q/computer/p/f/l/-original-imah697na9bjbnsx.jpeg?q=70,https://www.flipkart.com/apple-macbook-pro-m4-max-36-gb-1-tb-ssd-macos-sequoia-mx2k3hn-a/p/itmcd041a34ee857?pid=COMH64PYE5ZGGYQV&lid=LSTCOMH64PYE5ZGGYQVHS64H7&marketplace=FLIPKART&q=laptops&store=6bo%2Fb5g&srno=s_23_532&otracker=search&fm=organic&iid=fd281dab-fe0b-44c0-a57e-e4ed0e4d6866.COMH64PYE5ZGGYQV.SEARCH&ppt=None&ppn=None&ssid=ecbleivxkg0000001768228646055&qH=c06ea84a1e3dc3c6
Lenovo IdeaPad Slim 3 Intel Core i3 13th Gen 1305U - (8 GB/512 GB SSD/Windows 11 Home) 14IRU8 Thin and...,"₹41,460",https://rukminim2.flixcart.com/image/312/312/xif0q/computer/g/h/0/-original-imahg5fwczvhyhft.jpeg?q=70,https://www.flipkart.com/lenovo-ideapad-slim-3-intel-core-i3-13th-gen-1305u-8-gb-512-gb-ssd-windows-11-home-14iru8-thin-light-laptop/p/itm726ac134d0530?pid=COMHFYZ33ADFSZXS&lid=LSTCOMHFYZ33ADFSZXSUA6NVJ&marketplace=FLIPKART&q=laptops&store=6bo%2Fb5g&srno=s_23_533&otracker=search&fm=organic&iid=fd281dab-fe0b-44c0-a57e-e4ed0e4d6866.COMHFYZ33ADFSZXS.SEARCH&ppt=None&ppn=None&ssid=ecbleivxkg0000001768228646055&qH=c06ea84a1e3dc3c6
HP Intel Pentium Quad Core N6000 - (8 GB/512 GB SSD/Windows 11 Home) 15s-fq3073TU Thin and Light Lapto...,"₹32,990",https://rukminim2.flixcart.com/image/312/312/xif0q/computer/2/m/g/-original-imahg4utp8yv7hc9.jpeg?q=70,https://www.flipkart.com/hp-intel-pentium-quad-core-n6000-8-gb-512-gb-ssd-windows-11-home-15s-fq3073tu-thin-light-laptop/p/itm966e0e0712129?pid=COMGYCPJVZC7DF5G&lid=LSTCOMGYCPJVZC7DF5GVFCF4H&marketplace=FLIPKART&q=laptops&store=6bo%2Fb5g&srno=s_23_534&otracker=search&fm=organic&iid=fd281dab-fe0b-44c0-a57e-e4ed0e4d6866.COMGYCPJVZC7DF5G.SEARCH&ppt=None&ppn=None&ssid=ecbleivxkg0000001768228646055&qH=c06ea84a1e3dc3c6
HP 15R (2025) Intel Core i3 13th Gen 1315U - (8 GB/512 GB SSD/Windows 11 Home) 15R G9 Thin and Light L...,"₹39,421",https://rukminim2.flixcart.com/image/312/312/xif0q/computer/1/w/w/15r-g9-thin-and-light-laptop-hp-original-imah9m58gwabuze5.jpeg?q=70,https://www.flipkart.com/hp-15r-2025-intel-core-i3-13th-gen-1315u-8-gb-512-gb-ssd-windows-11-home-g9-thin-light-laptop/p/itm8b3f045df43be?pid=COMH9MTAXPHXKQTW&lid=LSTCOMH9MTAXPHXKQTWMYDNZS&marketplace=FLIPKART&q=laptops&store=6bo%2Fb5g&srno=s_23_535&otracker=search&fm=organic&iid=fd281dab-fe0b-44c0-a57e-e4ed0e4d6866.COMH9MTAXPHXKQTW.SEARCH&ppt=None&ppn=None&ssid=ecbleivxkg0000001768228646055&qH=c06ea84a1e3dc3c6
ASUS Vivobook Go 15 AMD Ryzen 5 Quad Core 7520U - (16 GB/512 GB SSD/Windows 11 Home) E1504FA-NJ5541WS ...,"₹42,990",https://rukminim2.flixcart.com/image/312/312/xif0q/computer/k/b/i/-original-imahg53xeuxqm6bv.jpeg?q=70,https://www.flipkart.com/asus-vivobook-go-15-amd-ryzen-5-quad-core-7520u-16-gb-512-gb-ssd-windows-11-home-e1504fa-nj5541ws-e1504fa-bq2541ws-thin-light-laptop/p/itm165dba821513f?pid=COMH8VXVGEPMSHGC&lid=LSTCOMH8VXVGEPMSHGCQHUQX6&marketplace=FLIPKART&q=laptops&store=6bo%2Fb5g&srno=s_23_536&otracker=search&fm=organic&iid=fd281dab-fe0b-44c0-a57e-e4ed0e4d6866.COMH8VXVGEPMSHGC.SEARCH&ppt=None&ppn=None&ssid=ecbleivxkg0000001768228646055&qH=c06ea84a1e3dc3c6
Acer Aspire 7 Intel Core i5 12th Gen 12450H - (8 GB/512 GB SSD/Windows 11 Home/4 GB Graphics/NVIDIA Ge...,"₹51,990",https://rukminim2.flixcart.com/image/312/312/xif0q/computer/c/i/q/-original-imahg5fxrxmyynwg.jpeg?q=70,https://www.flipkart.com/acer-aspire-7-intel-core-i5-12th-gen-12450h-8-gb-512-gb-ssd-windows-11-home-4-graphics-nvidia-geforce-rtx-2050-a715-76g-59wg-gaming-laptop/p/itm45fad0c290245?pid=COMGRHJUAHMRWTHH&lid=LSTCOMGRHJUAHMRWTHHCS64PV&marketplace=FLIPKART&q=laptops&store=6bo%2Fb5g&srno=s_23_537&otracker=search&fm=organic&iid=fd281dab-fe0b-44c0-a57e-e4ed0e4d6866.COMGRHJUAHMRWTHH.SEARCH&ppt=None&ppn=None&ssid=ecbleivxkg0000001768228646055&qH=c06ea84a1e3dc3c6
"ASUS Vivobook 15 (2025) with Office 2024 + M365 Basic*, Backlit Keyboard, Intel Core i5 13th Gen 1335U...","₹58,950",https://rukminim2.flixcart.com/image/312/312/xif0q/computer/l/2/f/-original-imahg53uspk4gg4j.jpeg?q=70,https://www.flipkart.com/asus-vivobook-15-2025-office-2024-m365-basic-backlit-keyboard-intel-core-i5-13th-gen-1335u-16-gb-512-gb-ssd-windows-11-home-x1504va-nj540ws-x1504va-nj546ws-thin-light-laptop/p/itm200184e4e0443?pid=COMH4CHFK2PUPVBS&lid=LSTCOMH4CHFK2PUPVBSBHXAFE&marketplace=FLIPKART&q=laptops&store=6bo%2Fb5g&srno=s_23_538&otracker=search&fm=organic&iid=fd281dab-fe0b-44c0-a57e-e4ed0e4d6866.COMH4CHFK2PUPVBS.SEARCH&ppt=None&ppn=None&ssid=ecbleivxkg0000001768228646055&qH=c06ea84a1e3dc3c6
Lenovo LOQ Intel Core i7 13th Gen 13650HX - (16 GB/512 GB SSD/Windows 11 Home/6 GB Graphics/NVIDIA GeF...,"₹1,09,990",https://rukminim2.flixcart.com/image/312/312/xif0q/computer/c/l/c/-original-imahg5fx6fypjpyu.jpeg?q=70,https://www.flipkart.com/lenovo-loq-intel-core-i7-13th-gen-13650hx-16-gb-512-gb-ssd-windows-11-home-6-graphics-nvidia-geforce-rtx-3050-15irx9-gaming-laptop/p/itme3e94a3f73f71?pid=COMGYSFG7JNFXNM9&lid=LSTCOMGYSFG7JNFXNM9RMFVY1&marketplace=FLIPKART&q=laptops&store=6bo%2Fb5g&srno=s_23_539&otracker=search&fm=organic&iid=fd281dab-fe0b-44c0-a57e-e4ed0e4d6866.COMGYSFG7JNFXNM9.SEARCH&ppt=None&ppn=None&ssid=ecbleivxkg0000001768228646055&qH=c06ea84a1e3dc3c6
Apple MacBook Pro M3 Max - (48 GB/1 TB SSD/macOS Sonoma) MUW73HN/A,"₹3,72,990",https://rukminim2.flixcart.com/image/312/312/xif0q/computer/r/v/r/-original-imaguw3hfnudhqym.jpeg?q=70,https://www.flipkart.com/apple-macbook-pro-m3-max-48-gb-1-tb-ssd-macos-sonoma-muw73hn-a/p/itmcd041a34ee857?pid=COMGUTX76ZZ9QVES&lid=LSTCOMGUTX76ZZ9QVESQS2GHX&marketplace=FLIPKART&q=laptops&store=6bo%2Fb5g&srno=s_23_540&otracker=search&fm=organic&iid=fd281dab-fe0b-44c0-a57e-e4ed0e4d6866.COMGUTX76ZZ9QVES.SEARCH&ppt=None&ppn=None&ssid=ecbleivxkg0000001768228646055&qH=c06ea84a1e3dc3c6
"ASUS Vivobook Go 15 OLED, with Backlit Keyboard, AMD Ryzen 5 Quad Core 7520U - (8 GB/512 GB SSD/Window...","₹62,990",https://rukminim2.flixcart.com/image/312/312/xif0q/computer/p/k/v/-original-imahg5fxjzyadcht.jpeg?q=70,https://www.flipkart.com/asus-vivobook-go-15-oled-backlit-keyboard-amd-ryzen-5-quad-core-7520u-8-gb-512-gb-ssd-windows-11-home-e1504fa-lk523ws-thin-light-laptop/p/itm3de88f71e558b?pid=COMGMGXFTYZZUJYW&lid=LSTCOMGMGXFTYZZUJYWF8JQLH&marketplace=FLIPKART&q=laptops&store=6bo%2Fb5g&srno=s_23_541&otracker=search&fm=organic&iid=fd281dab-fe0b-44c0-a57e-e4ed0e4d6866.COMGMGXFTYZZUJYW.SEARCH&ppt=None&ppn=None&ssid=ecbleivxkg0000001768228646055&qH=c06ea84a1e3dc3c6
HP Victus Intel Core i5 13th Gen 13420H - (16 GB/512 GB SSD/Windows 11 Home/4 GB Graphics/NVIDIA GeFor...,"₹71,799",https://rukminim2.flixcart.com/image/312/312/xif0q/computer/s/g/n/-original-imahg5fyqcan8qrh.jpeg?q=70,https://www.flipkart.com/hp-victus-intel-core-i5-13th-gen-13420h-16-gb-512-gb-ssd-windows-11-home-4-graphics-nvidia-geforce-rtx-2050-144-hz-15-fa2703tx-gaming-laptop/p/itm280d703c08614?pid=COMH8VXV7FW2SDAX&lid=LSTCOMH8VXV7FW2SDAXR13SKU&marketplace=FLIPKART&q=laptops&store=6bo%2Fb5g&srno=s_23_542&otracker=search&fm=organic&iid=fd281dab-fe0b-44c0-a57e-e4ed0e4d6866.COMH8VXV7FW2SDAX.SEARCH&ppt=None&ppn=None&ssid=ecbleivxkg0000001768228646055&qH=c06ea84a1e3dc3c6
MSI Pulse GL66 Intel Core i7 11th Gen 11800H - (16 GB/1 TB SSD/Windows 10 Home/6 GB Graphics/NVIDIA Ge...,"₹1,22,990",https://rukminim2.flixcart.com/image/312/312/kr3tj0w0/computer/b/p/r/na-notebook-msi-original-imag4z5zs2xkvmwh.jpeg?q=70,https://www.flipkart.com/msi-pulse-gl66-intel-core-i7-11th-gen-11800h-16-gb-1-tb-ssd-windows-10-home-6-gb-graphics-nvidia-geforce-rtx-3060-144-hz-85-w-11uek-248in-gaming-laptop/p/itm84ee26d300993?pid=COMG4S3GDEHZ9SAT&lid=LSTCOMG4S3GDEHZ9SATNORZAS&marketplace=FLIPKART&q=laptops&store=6bo%2Fb5g&srno=s_23_543&otracker=search&fm=organic&iid=fd281dab-fe0b-44c0-a57e-e4ed0e4d6866.COMG4S3GDEHZ9SAT.SEARCH&ppt=None&ppn=None&ssid=ecbleivxkg0000001768228646055&qH=c06ea84a1e3dc3c6
Acer Aspire go 14 (2025) WUXGA IPS Intel Core Ultra 5 125H - (16 GB/512 GB SSD/Windows 11 Home) AG14-7...,"₹59,990",https://rukminim2.flixcart.com/image/312/312/xif0q/computer/v/a/2/aspire-go-14-thin-and-light-laptop-acer-original-imahet9ve2gtr9fy.jpeg?q=70,https://www.flipkart.com/acer-aspire-go-14-2025-wuxga-ips-intel-core-ultra-5-125h-16-gb-512-gb-ssd-windows-11-home-ag14-71m-thin-light-laptop/p/itm94e8b888dbabd?pid=COMHED4YY7YTTXTP&lid=LSTCOMHED4YY7YTTXTPCHK9R7&marketplace=FLIPKART&q=laptops&store=6bo%2Fb5g&srno=s_23_544&otracker=search&fm=organic&iid=fd281dab-fe0b-44c0-a57e-e4ed0e4d6866.COMHED4YY7YTTXTP.SEARCH&ppt=None&ppn=None&ssid=ecbleivxkg0000001768228646055&qH=c06ea84a1e3dc3c6
DELL 14 (2025) (1 Year Accidental Damage Protection Warranty) Intel Core i3 13th Gen 1305U - (16 GB/51...,"₹43,990",https://rukminim2.flixcart.com/image/312/312/xif0q/computer/n/f/v/14-thin-and-light-laptop-dell-original-imahhpv6c4shpf7c.jpeg?q=70,https://www.flipkart.com/dell-14-2025-1-year-accidental-damage-protection-warranty-intel-core-i3-13th-gen-1305u-16-gb-512-gb-ssd-windows-11-home-thin-light-laptop/p/itmecf91026bd974?pid=COMHHPV6ZZPZYYTX&lid=LSTCOMHHPV6ZZPZYYTXMIWC4N&marketplace=FLIPKART&q=laptops&store=6bo%2Fb5g&srno=s_23_545&otracker=search&fm=organic&iid=fd281dab-fe0b-44c0-a57e-e4ed0e4d6866.COMHHPV6ZZPZYYTX.SEARCH&ppt=None&ppn=None&ssid=ecbleivxkg0000001768228646055&qH=c06ea84a1e3dc3c6
Acer Aspire 14 AI Qualcomm Snapdragon X - (16 GB/512 GB SSD/Windows 11 Home) A14-11M Thin and Light La...,"₹59,990",https://rukminim2.flixcart.com/image/312/312/xif0q/computer/c/p/l/-original-imahg4wgbhqj5teq.jpeg?q=70,https://www.flipkart.com/acer-aspire-14-ai-qualcomm-snapdragon-x-16-gb-512-gb-ssd-windows-11-home-a14-11m-thin-light-laptop/p/itm08730687919bb?pid=COMHFSHUTDFXBZKR&lid=LSTCOMHFSHUTDFXBZKRBKC09Q&marketplace=FLIPKART&q=laptops&store=6bo%2Fb5g&srno=s_23_546&otracker=search&fm=organic&iid=fd281dab-fe0b-44c0-a57e-e4ed0e4d6866.COMHFSHUTDFXBZKR.SEARCH&ppt=None&ppn=None&ssid=ecbleivxkg0000001768228646055&qH=c06ea84a1e3dc3c6
ASUS Vivobook 15 Intel Core i3 13th Gen 1315U - (8 GB/512 GB SSD/Windows 11 Home) X1504VA-NJ323WS Thin...,"₹45,990",https://rukminim2.flixcart.com/image/312/312/xif0q/computer/2/d/d/-original-imahg5fx7gjc7heb.jpeg?q=70,https://www.flipkart.com/asus-vivobook-15-intel-core-i3-13th-gen-1315u-8-gb-512-gb-ssd-windows-11-home-x1504va-nj323ws-thin-light-laptop/p/itmff0e170cb596e?pid=COMGZDQJ7WBQQ7AR&lid=LSTCOMGZDQJ7WBQQ7ARE19AM0&marketplace=FLIPKART&q=laptops&store=6bo%2Fb5g&srno=s_23_547&otracker=search&fm=organic&iid=fd281dab-fe0b-44c0-a57e-e4ed0e4d6866.COMGZDQJ7WBQQ7AR.SEARCH&ppt=None&ppn=None&ssid=ecbleivxkg0000001768228646055&qH=c06ea84a1e3dc3c6
DELL Latitude 3540 (2024) Intel Core i3 12th Gen 1215U - (16 GB/512 GB SSD/Windows 11 Pro) Latitude 35...,"₹42,490",https://rukminim2.flixcart.com/image/312/312/xif0q/computer/a/g/v/latitude-3540-business-laptop-dell-original-imah5g78h57cfzy4.jpeg?q=70,https://www.flipkart.com/dell-latitude-3540-2024-intel-core-i3-12th-gen-1215u-16-gb-512-gb-ssd-windows-11-pro-business-laptop/p/itm7f265faf0871e?pid=COMH5G7HHNGBDEDF&lid=LSTCOMH5G7HHNGBDEDFU3DQPW&marketplace=FLIPKART&q=laptops&store=6bo%2Fb5g&srno=s_23_548&otracker=search&fm=organic&iid=fd281dab-fe0b-44c0-a57e-e4ed0e4d6866.COMH5G7HHNGBDEDF.SEARCH&ppt=None&ppn=None&ssid=ecbleivxkg0000001768228646055&qH=c06ea84a1e3dc3c6
Apple MacBook Pro M3 Max - (36 GB/1 TB SSD/macOS Sonoma) MRW73HN/A,"₹3,26,990",https://rukminim2.flixcart.com/image/312/312/xif0q/computer/r/v/r/-original-imaguw3hfnudhqym.jpeg?q=70,https://www.flipkart.com/apple-macbook-pro-m3-max-36-gb-1-tb-ssd-macos-sonoma-mrw73hn-a/p/itmcd041a34ee857?pid=COMGUTX7HPPAHTJH&lid=LSTCOMGUTX7HPPAHTJHBULXTG&marketplace=FLIPKART&q=laptops&store=6bo%2Fb5g&srno=s_23_549&otracker=search&fm=organic&iid=fd281dab-fe0b-44c0-a57e-e4ed0e4d6866.COMGUTX7HPPAHTJH.SEARCH&ppt=None&ppn=None&ssid=ecbleivxkg0000001768228646055&qH=c06ea84a1e3dc3c6
HP Intel Core Ultra 5 125H - (8 GB/512 GB SSD/Windows 11 Home) 15-fd1098TU Thin and Light Laptop,"₹67,990",https://rukminim2.flixcart.com/image/312/312/xif0q/computer/m/s/z/-original-imahg5fyy7zvdyru.jpeg?q=70,https://www.flipkart.com/hp-intel-core-ultra-5-125h-8-gb-512-gb-ssd-windows-11-home-15-fd1098tu-thin-light-laptop/p/itm35cf27b2d5160?pid=COMHY9ZVHNSEUSNZ&lid=LSTCOMHY9ZVHNSEUSNZI2FU3B&marketplace=FLIPKART&q=laptops&store=6bo%2Fb5g&srno=s_23_550&otracker=search&fm=organic&iid=fd281dab-fe0b-44c0-a57e-e4ed0e4d6866.COMHY9ZVHNSEUSNZ.SEARCH&ppt=None&ppn=None&ssid=ecbleivxkg0000001768228646055&qH=c06ea84a1e3dc3c6
ASUS Vivobook 14 Intel Core i3 13th Gen 1315U - (8 GB/512 GB SSD/Windows 11 Home) X1404VA-NK322WS Thin...,"₹38,990",https://rukminim2.flixcart.com/image/312/312/xif0q/computer/z/5/x/-original-imahg5fxvgjwxvkr.jpeg?q=70,https://www.flipkart.com/asus-vivobook-14-intel-core-i3-13th-gen-1315u-8-gb-512-gb-ssd-windows-11-home-x1404va-nk322ws-thin-light-laptop/p/itm49c0450d9ee9d?pid=COMGZDQJ3UKYENYR&lid=LSTCOMGZDQJ3UKYENYRGCB3DM&marketplace=FLIPKART&q=laptops&store=6bo%2Fb5g&srno=s_23_551&otracker=search&fm=organic&iid=fd281dab-fe0b-44c0-a57e-e4ed0e4d6866.COMGZDQJ3UKYENYR.SEARCH&ppt=None&ppn=None&ssid=ecbleivxkg0000001768228646055&qH=c06ea84a1e3dc3c6
Lenovo LOQ 2025 AMD Ryzen 7 Octa Core 250 - (24 GB/1 TB SSD/Windows 11 Home/8 GB Graphics/NVIDIA GeFor...,"₹1,25,990",https://rukminim2.flixcart.com/image/312/312/xif0q/computer/e/v/o/-original-imahfustt8hwcnkb.jpeg?q=70,https://www.flipkart.com/lenovo-loq-2025-amd-ryzen-7-octa-core-250-24-gb-1-tb-ssd-windows-11-home-8-gb-graphics-nvidia-geforce-rtx-5060-15ahp10-gaming-laptop/p/itma6142241c632d?pid=COMHEWAJYYBWBSKF&lid=LSTCOMHEWAJYYBWBSKFVFYRRC&marketplace=FLIPKART&q=laptops&store=6bo%2Fb5g&srno=s_23_552&otracker=search&fm=organic&iid=fd281dab-fe0b-44c0-a57e-e4ed0e4d6866.COMHEWAJYYBWBSKF.SEARCH&ppt=None&ppn=None&ssid=ecbleivxkg0000001768228646055&qH=c06ea84a1e3dc3c6
HP 245 G9 AMD Ryzen 3 Quad Core AMD Ryzen™ 3 processor 3250U - (8 GB/512 GB SSD/DOS) 245 G9 Thin and L...,"₹32,990",https://rukminim2.flixcart.com/image/312/312/xif0q/computer/f/o/l/247-g9-notebook-hp-original-imagwj85hmyqrjwh.jpeg?q=70,https://www.flipkart.com/hp-245-g9-amd-ryzen-3-quad-core-ryzen-processor-3250u-8-gb-512-gb-ssd-dos-thin-light-laptop/p/itm44aa451058e60?pid=COMGVJGWSGANCJ5K&lid=LSTCOMGVJGWSGANCJ5KDCP4UZ&marketplace=FLIPKART&q=laptops&store=6bo%2Fb5g&srno=s_24_553&otracker=search&fm=organic&iid=65440a37-218f-4ffb-8de8-1aed724d02cb.COMGVJGWSGANCJ5K.SEARCH&ppt=None&ppn=None&ssid=am2ots8b000000001768228672100&qH=c06ea84a1e3dc3c6
"Nayajaisa (Refurbished)Thinkpad L490 14"" FHD Laptop Intel Core i5 8265U - (8 GB/256 GB SSD/Windows 11 ...","₹23,999",https://rukminim2.flixcart.com/image/312/312/xif0q/computer/h/l/j/thinkpad-x390-i5-8th-gen-8gb-ram-256gb-ssd-13-3-fhd-laptop-original-imahgtfjjyzpqsdg.jpeg?q=70,https://www.flipkart.com/nayajaisa-refurbished-thinkpad-l490-14-fhd-laptop-intel-core-i5-8265u-8-gb-256-gb-ssd-windows-11-pro-refurbished-thinkpad-business/p/itm911437c349df4?pid=COMHGTFJ6FSUQRWE&lid=LSTCOMHGTFJ6FSUQRWEBXCL7S&marketplace=FLIPKART&q=laptops&store=6bo%2Fb5g&srno=s_24_554&otracker=search&fm=organic&iid=65440a37-218f-4ffb-8de8-1aed724d02cb.COMHGTFJ6FSUQRWE.SEARCH&ppt=None&ppn=None&ssid=am2ots8b000000001768228672100&qH=c06ea84a1e3dc3c6
HP 250R Intel Core i3 13th Gen 1315U - (8 GB/512 GB SSD/DOS) 250R Notebook Laptop,"₹38,990",https://rukminim2.flixcart.com/image/312/312/xif0q/computer/g/x/k/notebook-laptop-hp-original-imahg5qjzjafgnbs.jpeg?q=70,https://www.flipkart.com/hp-250r-intel-core-i3-13th-gen-1315u-8-gb-512-gb-ssd-dos-notebook-laptop/p/itm5ca5a08fc5b0c?pid=COMHG5QJFR8MKFMF&lid=LSTCOMHG5QJFR8MKFMFAKOK6O&marketplace=FLIPKART&q=laptops&store=6bo%2Fb5g&srno=s_24_555&otracker=search&fm=organic&iid=65440a37-218f-4ffb-8de8-1aed724d02cb.COMHG5QJFR8MKFMF.SEARCH&ppt=None&ppn=None&ssid=am2ots8b000000001768228672100&qH=c06ea84a1e3dc3c6
HP 250R G10 (2025) Intel Core 3 14th Gen 100U - (8 GB/512 GB SSD/Windows 11 Pro) 250R G10 Thin and Lig...,"₹38,690",https://rukminim2.flixcart.com/image/312/312/xif0q/computer/x/4/t/250r-g10-thin-and-light-laptop-hp-original-imahg6xznz7yfxwy.jpeg?q=70,https://www.flipkart.com/hp-250r-g10-2025-intel-core-3-14th-gen-100u-8-gb-512-gb-ssd-windows-11-pro-thin-light-laptop/p/itmd5c1ce605db95?pid=COMHG6XZUYV6UGSK&lid=LSTCOMHG6XZUYV6UGSKZEDUKZ&marketplace=FLIPKART&q=laptops&store=6bo%2Fb5g&srno=s_24_556&otracker=search&fm=organic&iid=65440a37-218f-4ffb-8de8-1aed724d02cb.COMHG6XZUYV6UGSK.SEARCH&ppt=None&ppn=None&ssid=am2ots8b000000001768228672100&qH=c06ea84a1e3dc3c6
ASUS Chromebook Intel Celeron Dual Core N4500 - (4 GB/64 GB EMMC Storage/Chrome OS) CX1400CKA-NK0453 C...,"₹22,049",https://rukminim2.flixcart.com/image/312/312/xif0q/computer/e/r/b/cx1400cka-ek0335-chromebook-asus-original-imah2f9ch5u9enbq.jpeg?q=70,https://www.flipkart.com/asus-chromebook-intel-celeron-dual-core-n4500-4-gb-64-gb-emmc-storage-chrome-os-cx1400cka-nk0453/p/itm3cc0cadd59faf?pid=COMGSHM3RGXQ6ZVX&lid=LSTCOMGSHM3RGXQ6ZVX8Z8RGH&marketplace=FLIPKART&q=laptops&store=6bo%2Fb5g&srno=s_24_557&otracker=search&fm=organic&iid=65440a37-218f-4ffb-8de8-1aed724d02cb.COMGSHM3RGXQ6ZVX.SEARCH&ppt=None&ppn=None&ssid=am2ots8b000000001768228672100&qH=c06ea84a1e3dc3c6
HP Spectre x360 OLED Eyesafe Evo Intel Core i7 13th Gen 1355U - (16 GB/1 TB SSD/Windows 11 Home) 14-ef...,"₹1,39,990",https://rukminim2.flixcart.com/image/312/312/xif0q/computer/p/o/f/-original-imahg5fuutptxygf.jpeg?q=70,https://www.flipkart.com/hp-spectre-x360-oled-eyesafe-evo-intel-core-i7-13th-gen-1355u-16-gb-1-tb-ssd-windows-11-home-14-ef2033tu-thin-light-laptop/p/itm41b4b90a8513b?pid=COMGZ3S6HKVCSWJQ&lid=LSTCOMGZ3S6HKVCSWJQRRE16B&marketplace=FLIPKART&q=laptops&store=6bo%2Fb5g&srno=s_24_558&otracker=search&fm=organic&iid=65440a37-218f-4ffb-8de8-1aed724d02cb.COMGZ3S6HKVCSWJQ.SEARCH&ppt=None&ppn=None&ssid=am2ots8b000000001768228672100&qH=c06ea84a1e3dc3c6
"ASUS Gaming V16 (2025) for Creator with Office 2024 + M365 Basic*,AI PC((i5 14th gen) Intel Core 5 210...","₹82,990",https://rukminim2.flixcart.com/image/312/312/xif0q/computer/b/j/t/-original-imahg5fycfffeu2h.jpeg?q=70,https://www.flipkart.com/asus-gaming-v16-2025-creator-office-2024-m365-basic-ai-pc-i5-14th-gen-intel-core-5-210h-16-gb-512-gb-ssd-windows-11-home-6-graphics-nvidia-geforce-rtx-4050-144-hz-v3607vu-rp550ws-laptop/p/itm098aec3c37243?pid=COMH89EB4YHB2R5U&lid=LSTCOMH89EB4YHB2R5U5ZRYVL&marketplace=FLIPKART&q=laptops&store=6bo%2Fb5g&srno=s_24_559&otracker=search&fm=organic&iid=65440a37-218f-4ffb-8de8-1aed724d02cb.COMH89EB4YHB2R5U.SEARCH&ppt=None&ppn=None&ssid=am2ots8b000000001768228672100&qH=c06ea84a1e3dc3c6
"ASUS Vivobook S14 (2025) with Office 2024 + M365 Basic*, AI PC, Backlit Keyboard, Intel Core Ultra 5 2...","₹80,990",https://rukminim2.flixcart.com/image/312/312/xif0q/computer/k/1/4/-original-imahehkgrwfhkjtq.jpeg?q=70,https://www.flipkart.com/asus-vivobook-s14-2025-office-2024-m365-basic-ai-pc-backlit-keyboard-intel-core-ultra-5-225h-16-gb-512-gb-ssd-windows-11-home-s3407ca-ly057ws-thin-light-laptop/p/itma23ab93a3f665?pid=COMH9SJ9DFFGUEHU&lid=LSTCOMH9SJ9DFFGUEHUIENBGB&marketplace=FLIPKART&q=laptops&store=6bo%2Fb5g&srno=s_24_560&otracker=search&fm=organic&iid=65440a37-218f-4ffb-8de8-1aed724d02cb.COMH9SJ9DFFGUEHU.SEARCH&ppt=None&ppn=None&ssid=am2ots8b000000001768228672100&qH=c06ea84a1e3dc3c6
HP 15 (2025) AMD Athlon Dual Core 7120U - (8 GB/256 GB SSD/Windows 11 Home) 15 Thin and Light Laptop,"₹35,990",https://rukminim2.flixcart.com/image/312/312/xif0q/computer/5/q/y/15-thin-and-light-laptop-hp-original-imahcphgezhfhts2.jpeg?q=70,https://www.flipkart.com/hp-15-2025-amd-athlon-dual-core-7120u-8-gb-256-gb-ssd-windows-11-home-thin-light-laptop/p/itm356259fbc5fcb?pid=COMHCPHGZXJWVNX2&lid=LSTCOMHCPHGZXJWVNX2I0KFUZ&marketplace=FLIPKART&q=laptops&store=6bo%2Fb5g&srno=s_24_561&otracker=search&fm=organic&iid=65440a37-218f-4ffb-8de8-1aed724d02cb.COMHCPHGZXJWVNX2.SEARCH&ppt=None&ppn=None&ssid=am2ots8b000000001768228672100&qH=c06ea84a1e3dc3c6
Apple MacBook Pro M4 Max - (36 GB/1 TB SSD/macOS Sequoia) MX303HN/A,"₹3,49,900",https://rukminim2.flixcart.com/image/312/312/xif0q/computer/u/8/s/-original-imah697nhy4zeyyh.jpeg?q=70,https://www.flipkart.com/apple-macbook-pro-m4-max-36-gb-1-tb-ssd-macos-sequoia-mx303hn-a/p/itmcd041a34ee857?pid=COMH64PYWW273SRT&lid=LSTCOMH64PYWW273SRTHFDUMR&marketplace=FLIPKART&q=laptops&store=6bo%2Fb5g&srno=s_24_562&otracker=search&fm=organic&iid=65440a37-218f-4ffb-8de8-1aed724d02cb.COMH64PYWW273SRT.SEARCH&ppt=None&ppn=None&ssid=am2ots8b000000001768228672100&qH=c06ea84a1e3dc3c6
Apple MacBook Pro M3 Max - (36 GB/1 TB SSD/macOS Sonoma) MRX83HN/A,"₹2,98,990",https://rukminim2.flixcart.com/image/312/312/xif0q/computer/u/v/n/-original-imaguw3hhw9ce9ry.jpeg?q=70,https://www.flipkart.com/apple-macbook-pro-m3-max-36-gb-1-tb-ssd-macos-sonoma-mrx83hn-a/p/itmcd041a34ee857?pid=COMGUTX7JQY3BTB2&lid=LSTCOMGUTX7JQY3BTB2JBV4TS&marketplace=FLIPKART&q=laptops&store=6bo%2Fb5g&srno=s_24_563&otracker=search&fm=organic&iid=65440a37-218f-4ffb-8de8-1aed724d02cb.COMGUTX7JQY3BTB2.SEARCH&ppt=None&ppn=None&ssid=am2ots8b000000001768228672100&qH=c06ea84a1e3dc3c6
HP 15s Backlit Keyboard AMD Ryzen 3 Quad Core 7320U - (8 GB/512 GB SSD/Windows 11 Home) 15-fc0026AU Th...,"₹38,890",https://rukminim2.flixcart.com/image/312/312/xif0q/computer/q/y/z/-original-imahg533yzjdhgas.jpeg?q=70,https://www.flipkart.com/hp-15s-backlit-keyboard-amd-ryzen-3-quad-core-7320u-8-gb-512-gb-ssd-windows-11-home-15-fc0026au-thin-light-laptop/p/itm4e6d85f618393?pid=COMGZNSBMUR7S8WY&lid=LSTCOMGZNSBMUR7S8WYEVMJYE&marketplace=FLIPKART&q=laptops&store=6bo%2Fb5g&srno=s_24_564&otracker=search&fm=organic&iid=65440a37-218f-4ffb-8de8-1aed724d02cb.COMGZNSBMUR7S8WY.SEARCH&ppt=None&ppn=None&ssid=am2ots8b000000001768228672100&qH=c06ea84a1e3dc3c6
"Nayajaisa (Refurbished)Thinkpad L490 14"" FHD Laptop 8GB DDR4 - 512GB SSD Intel Core i5 8265U - (8 GB/5...","₹25,999",https://rukminim2.flixcart.com/image/312/312/xif0q/computer/y/l/l/thinkpad-t490-i5-8th-gen-16gb-ram-256gb-ssd-14-fhd-laptop-original-imahgterhn2rs9qt.jpeg?q=70,https://www.flipkart.com/nayajaisa-refurbished-thinkpad-l490-14-fhd-laptop-8gb-ddr4-512gb-ssd-intel-core-i5-8265u-8-gb-512-gb-ssd-windows-11-pro-refurbished-thinkpad-business/p/itm911437c349df4?pid=COMHGXF7KXCNZYKA&lid=LSTCOMHGXF7KXCNZYKAIMDR0S&marketplace=FLIPKART&q=laptops&store=6bo%2Fb5g&srno=s_24_565&otracker=search&fm=organic&iid=65440a37-218f-4ffb-8de8-1aed724d02cb.COMHGXF7KXCNZYKA.SEARCH&ppt=None&ppn=None&ssid=am2ots8b000000001768228672100&qH=c06ea84a1e3dc3c6
DELL Latitude 3440 (2024) Intel Core i3 12th Gen 1215U - (8 GB/512 GB SSD/Windows 11 Pro) Latitude 344...,"₹38,990",https://rukminim2.flixcart.com/image/312/312/xif0q/computer/u/q/n/latitude-3440-business-laptop-dell-original-imah5g3fnzybuu6b.jpeg?q=70,https://www.flipkart.com/dell-latitude-3440-2024-intel-core-i3-12th-gen-1215u-8-gb-512-gb-ssd-windows-11-pro-business-laptop/p/itm7f265faf0871e?pid=COMH5G3F8BGPNY9N&lid=LSTCOMH5G3F8BGPNY9NRQFMGH&marketplace=FLIPKART&q=laptops&store=6bo%2Fb5g&srno=s_24_566&otracker=search&fm=organic&iid=65440a37-218f-4ffb-8de8-1aed724d02cb.COMH5G3F8BGPNY9N.SEARCH&ppt=None&ppn=None&ssid=am2ots8b000000001768228672100&qH=c06ea84a1e3dc3c6
Apple MacBook Air M4 - (16 GB/256 GB SSD/macOS Sequoia) MW1L3HN/A,"₹1,19,990",https://rukminim2.flixcart.com/image/312/312/xif0q/computer/r/b/8/-original-imahayjp9agdpfhz.jpeg?q=70,https://www.flipkart.com/apple-macbook-air-m4-16-gb-256-gb-ssd-macos-sequoia-mw1l3hn-a/p/itmb9ec5b746c763?pid=COMH9ZWQMCME2ZEN&lid=LSTCOMH9ZWQMCME2ZENK6V3N1&marketplace=FLIPKART&q=laptops&store=6bo%2Fb5g&srno=s_24_567&otracker=search&fm=organic&iid=65440a37-218f-4ffb-8de8-1aed724d02cb.COMH9ZWQMCME2ZEN.SEARCH&ppt=None&ppn=None&ssid=am2ots8b000000001768228672100&qH=c06ea84a1e3dc3c6
HP Pavilion Plus MSO 2024 Intel Core Ultra 5 125H - (16 GB/512 GB SSD/Windows 11 Home) 14-ew1112TU Thi...,"₹79,990",https://rukminim2.flixcart.com/image/312/312/xif0q/computer/g/y/q/14-ew1112tu-thin-and-light-laptop-hp-original-imah8ughdgzzcy9w.jpeg?q=70,https://www.flipkart.com/hp-pavilion-plus-mso-2024-intel-core-ultra-5-125h-16-gb-512-gb-ssd-windows-11-home-14-ew1112tu-thin-light-laptop/p/itm5395bbf577ec7?pid=COMH8U9RYHJPJQNW&lid=LSTCOMH8U9RYHJPJQNWRALOAE&marketplace=FLIPKART&q=laptops&store=6bo%2Fb5g&srno=s_24_568&otracker=search&fm=organic&iid=65440a37-218f-4ffb-8de8-1aed724d02cb.COMH8U9RYHJPJQNW.SEARCH&ppt=None&ppn=None&ssid=am2ots8b000000001768228672100&qH=c06ea84a1e3dc3c6
"DELL Inspiron 15 with Backlit Keyboard, Intel Core i3 12th Gen 1215U - (8 GB/512 GB SSD/Windows 11 Hom...","₹46,868",https://rukminim2.flixcart.com/image/312/312/xif0q/computer/p/t/p/inspiron-3520-thin-and-light-laptop-dell-original-imaguzh2xuqjrctf.jpeg?q=70,https://www.flipkart.com/dell-inspiron-15-backlit-keyboard-intel-core-i3-12th-gen-1215u-8-gb-512-gb-ssd-windows-11-home-3520-thin-light-laptop/p/itm23d84e15561c4?pid=COMGUN78P6XGZRTU&lid=LSTCOMGUN78P6XGZRTU4NMP1X&marketplace=FLIPKART&q=laptops&store=6bo%2Fb5g&srno=s_24_569&otracker=search&fm=organic&iid=65440a37-218f-4ffb-8de8-1aed724d02cb.COMGUN78P6XGZRTU.SEARCH&ppt=None&ppn=None&ssid=am2ots8b000000001768228672100&qH=c06ea84a1e3dc3c6
Apple M4 - (24 GB/1 TB SSD/macOS Sequoia) MCX04HN/A,"₹1,95,990",https://rukminim2.flixcart.com/image/312/312/xif0q/computer/p/f/l/-original-imah697na9bjbnsx.jpeg?q=70,https://www.flipkart.com/apple-m4-24-gb-1-tb-ssd-macos-sequoia-mcx04hn-a/p/itmcd041a34ee857?pid=COMH64PYW2ZRQGRU&lid=LSTCOMH64PYW2ZRQGRUQRQR37&marketplace=FLIPKART&q=laptops&store=6bo%2Fb5g&srno=s_24_570&otracker=search&fm=organic&iid=65440a37-218f-4ffb-8de8-1aed724d02cb.COMH64PYW2ZRQGRU.SEARCH&ppt=None&ppn=None&ssid=am2ots8b000000001768228672100&qH=c06ea84a1e3dc3c6
Acer Swift Go 14 AMD Ryzen 7 Octa Core 7730U - (16 GB/1 TB SSD/Windows 11 Home) SFG14-41 Thin and Ligh...,"₹56,990",https://rukminim2.flixcart.com/image/312/312/xif0q/computer/8/0/a/-original-imahg5fvggu5vxad.jpeg?q=70,https://www.flipkart.com/acer-swift-go-14-amd-ryzen-7-octa-core-7730u-16-gb-1-tb-ssd-windows-11-home-sfg14-41-thin-light-laptop/p/itm52551833a1d42?pid=COMH3GFNEFQMQJHV&lid=LSTCOMH3GFNEFQMQJHV6F4QTI&marketplace=FLIPKART&q=laptops&store=6bo%2Fb5g&srno=s_24_571&otracker=search&fm=organic&iid=65440a37-218f-4ffb-8de8-1aed724d02cb.COMH3GFNEFQMQJHV.SEARCH&ppt=None&ppn=None&ssid=am2ots8b000000001768228672100&qH=c06ea84a1e3dc3c6
Apple MacBook Pro M4 Max - (36 GB/1 TB SSD/macOS Sequoia) MX2G3HN/A,"₹3,19,900",https://rukminim2.flixcart.com/image/312/312/xif0q/computer/c/n/d/-original-imah697n9dharp9z.jpeg?q=70,https://www.flipkart.com/apple-macbook-pro-m4-max-36-gb-1-tb-ssd-macos-sequoia-mx2g3hn-a/p/itmcd041a34ee857?pid=COMH64PYQ4NTPBUH&lid=LSTCOMH64PYQ4NTPBUHS8T11S&marketplace=FLIPKART&q=laptops&store=6bo%2Fb5g&srno=s_24_572&otracker=search&fm=organic&iid=65440a37-218f-4ffb-8de8-1aed724d02cb.COMH64PYQ4NTPBUH.SEARCH&ppt=None&ppn=None&ssid=am2ots8b000000001768228672100&qH=c06ea84a1e3dc3c6
HP 250R G9 (2025) Intel Core i3 13th Gen 1315U - (16 GB/512 GB SSD/Windows 11 Home) 250R G9 Thin and L...,"₹39,990",https://rukminim2.flixcart.com/image/312/312/xif0q/computer/0/w/8/15r-thin-and-light-laptop-hp-original-imahfhwguw3yywgh.jpeg?q=70,https://www.flipkart.com/hp-250r-g9-2025-intel-core-i3-13th-gen-1315u-16-gb-512-gb-ssd-windows-11-home-thin-light-laptop/p/itmb98ad6fa26d30?pid=COMHFHWGBCVUMVB4&lid=LSTCOMHFHWGBCVUMVB45L6FOV&marketplace=FLIPKART&q=laptops&store=6bo%2Fb5g&srno=s_24_573&otracker=search&fm=organic&iid=65440a37-218f-4ffb-8de8-1aed724d02cb.COMHFHWGBCVUMVB4.SEARCH&ppt=None&ppn=None&ssid=am2ots8b000000001768228672100&qH=c06ea84a1e3dc3c6
MSI Modern 15 Intel Core i7 13th Gen 1355U - (8 GB/512 GB SSD/Windows 11 Home) Modern 15 B13M-290IN Th...,"₹56,990",https://rukminim2.flixcart.com/image/312/312/xif0q/computer/p/w/n/-original-imahg5ftgtw64ahm.jpeg?q=70,https://www.flipkart.com/msi-modern-15-intel-core-i7-13th-gen-1355u-8-gb-512-gb-ssd-windows-11-home-b13m-290in-thin-light-laptop/p/itm0f94783eefc47?pid=COMGMV6VU38G9B7K&lid=LSTCOMGMV6VU38G9B7KCMW0HD&marketplace=FLIPKART&q=laptops&store=6bo%2Fb5g&srno=s_24_574&otracker=search&fm=organic&iid=65440a37-218f-4ffb-8de8-1aed724d02cb.COMGMV6VU38G9B7K.SEARCH&ppt=None&ppn=None&ssid=am2ots8b000000001768228672100&qH=c06ea84a1e3dc3c6
"ASUS Vivobook 15, with Backlit Keyboard, Intel Core i5 12th Gen 1235U - (8 GB/512 GB SSD/Windows 11 Ho...","₹45,990",https://rukminim2.flixcart.com/image/312/312/xif0q/computer/q/n/j/-original-imahg5fugdzwshfd.jpeg?q=70,https://www.flipkart.com/asus-vivobook-15-backlit-keyboard-intel-core-i5-12th-gen-1235u-8-gb-512-gb-ssd-windows-11-home-x1504za-nj520ws-thin-light-laptop/p/itmff0e170cb596e?pid=COMH2D4GHZZGSHDP&lid=LSTCOMH2D4GHZZGSHDPGIPV3N&marketplace=FLIPKART&q=laptops&store=6bo%2Fb5g&srno=s_24_575&otracker=search&fm=organic&iid=65440a37-218f-4ffb-8de8-1aed724d02cb.COMH2D4GHZZGSHDP.SEARCH&ppt=None&ppn=None&ssid=am2ots8b000000001768228672100&qH=c06ea84a1e3dc3c6
DELL Alienware 16 Aurora Intel Core 7 240H - (16 GB/1 TB SSD/Windows 11 Home/8 GB Graphics/NVIDIA GeFo...,"₹1,22,990",https://rukminim2.flixcart.com/image/312/312/xif0q/computer/z/b/u/-original-imahfr9jgjzwgkcn.jpeg?q=70,https://www.flipkart.com/dell-alienware-16-aurora-intel-core-7-240h-16-gb-1-tb-ssd-windows-11-home-8-gb-graphics-nvidia-geforce-rtx-5050-gaming-laptop/p/itmbb3037a877d68?pid=COMHF4WYGHMRBWFE&lid=LSTCOMHF4WYGHMRBWFEHABKKP&marketplace=FLIPKART&q=laptops&store=6bo%2Fb5g&srno=s_24_576&otracker=search&fm=organic&iid=65440a37-218f-4ffb-8de8-1aed724d02cb.COMHF4WYGHMRBWFE.SEARCH&ppt=None&ppn=None&ssid=am2ots8b000000001768228672100&qH=c06ea84a1e3dc3c6
HP AMD Athlon Dual Core - (8 GB/256 GB SSD/Windows 11 Home) 255 Laptop,"₹30,700",https://rukminim2.flixcart.com/image/312/312/xif0q/computer/k/g/m/255-g8-laptop-hp-original-imagp22z6jwc5mfz.jpeg?q=70,https://www.flipkart.com/hp-amd-athlon-dual-core-8-gb-256-gb-ssd-windows-11-home-255-laptop/p/itmf1ca83d7a968d?pid=COMGP22PUZHZT2HG&lid=LSTCOMGP22PUZHZT2HGS3D7EF&marketplace=FLIPKART&q=laptops&store=6bo%2Fb5g&srno=s_25_577&otracker=search&fm=organic&iid=b85e24ac-f0d5-4391-93e9-b2f51aa8a968.COMGP22PUZHZT2HG.SEARCH&ppt=None&ppn=None&ssid=qlxyzfm2s00000001768228685054&qH=c06ea84a1e3dc3c6
Acer Aspire Lite Intel Core i7 12th Gen 12650H - (16 GB/1 TB SSD/Windows 11 Home) AL15-52H Thin and Li...,"₹59,990",https://rukminim2.flixcart.com/image/312/312/xif0q/computer/0/6/b/al15-52h-thin-and-light-laptop-acer-original-imahduacyhfvb8m8.jpeg?q=70,https://www.flipkart.com/acer-aspire-lite-intel-core-i7-12th-gen-12650h-16-gb-1-tb-ssd-windows-11-home-al15-52h-thin-light-laptop/p/itm6bfdcedeb3dca?pid=COMHDTEFGD5DFTAM&lid=LSTCOMHDTEFGD5DFTAMLL04DQ&marketplace=FLIPKART&q=laptops&store=6bo%2Fb5g&srno=s_25_578&otracker=search&fm=organic&iid=b85e24ac-f0d5-4391-93e9-b2f51aa8a968.COMHDTEFGD5DFTAM.SEARCH&ppt=None&ppn=None&ssid=qlxyzfm2s00000001768228685054&qH=c06ea84a1e3dc3c6
ASUS TUF Gaming F16 (2025) with Office 2024 + M365 Basic* Intel Core i7 14th Gen 14650HX - (32 GB/1 TB...,"₹1,99,990",https://rukminim2.flixcart.com/image/312/312/xif0q/computer/t/k/c/-original-imahcz6cwtkcvarr.jpeg?q=70,https://www.flipkart.com/asus-tuf-gaming-f16-2025-office-2024-m365-basic-intel-core-i7-14th-gen-14650hx-32-gb-1-tb-ssd-windows-11-home-8-gb-graphics-nvidia-geforce-rtx-5070-165-hz-fx688jpr-qt043ws-laptop/p/itm8c23f3b4e57ad?pid=COMHCQ4K6VFCWQ2B&lid=LSTCOMHCQ4K6VFCWQ2BPWVELZ&marketplace=FLIPKART&q=laptops&store=6bo%2Fb5g&srno=s_25_579&otracker=search&fm=organic&iid=b85e24ac-f0d5-4391-93e9-b2f51aa8a968.COMHCQ4K6VFCWQ2B.SEARCH&ppt=None&ppn=None&ssid=qlxyzfm2s00000001768228685054&qH=c06ea84a1e3dc3c6
Lenovo LOQ Intel Core i5 13th Gen 13450HX - (16 GB/512 GB SSD/Windows 11 Pro/6 GB Graphics/NVIDIA GeFo...,"₹89,990",https://rukminim2.flixcart.com/image/312/312/xif0q/computer/a/i/z/-original-imahewcyhpf6zffp.jpeg?q=70,https://www.flipkart.com/lenovo-loq-intel-core-i5-13th-gen-13450hx-16-gb-512-gb-ssd-windows-11-pro-6-graphics-nvidia-geforce-rtx-3050-15irx9-gaming-laptop/p/itme3e94a3f73f71?pid=COMGWU8YY9HZZ9FH&lid=LSTCOMGWU8YY9HZZ9FHHNLUQS&marketplace=FLIPKART&q=laptops&store=6bo%2Fb5g&srno=s_25_580&otracker=search&fm=organic&iid=b85e24ac-f0d5-4391-93e9-b2f51aa8a968.COMGWU8YY9HZZ9FH.SEARCH&ppt=None&ppn=None&ssid=qlxyzfm2s00000001768228685054&qH=c06ea84a1e3dc3c6
Lenovo Lenovo V15 G3 IAP Intel Core i5 12th Gen 1235U - (16 GB/512 GB SSD/Windows 11 Home) 82TTA07RIH ...,"₹53,215",https://rukminim2.flixcart.com/image/312/312/xif0q/computer/s/x/n/82tta07rih-thin-and-light-laptop-lenovo-original-imah7faabhq2pe3g.jpeg?q=70,https://www.flipkart.com/lenovo-v15-g3-iap-intel-core-i5-12th-gen-1235u-16-gb-512-gb-ssd-windows-11-home-82tta07rih-thin-light-laptop/p/itm575eadcc5ae49?pid=COMH6XHKJSQN4CT3&lid=LSTCOMH6XHKJSQN4CT3FSNUI8&marketplace=FLIPKART&q=laptops&store=6bo%2Fb5g&srno=s_25_581&otracker=search&fm=organic&iid=b85e24ac-f0d5-4391-93e9-b2f51aa8a968.COMH6XHKJSQN4CT3.SEARCH&ppt=None&ppn=None&ssid=qlxyzfm2s00000001768228685054&qH=c06ea84a1e3dc3c6
DELL 14 (2025) (1 Year Accidental Damage Protection Warranty) Intel Core i3 13th Gen 1305U - (16 GB/51...,"₹43,990",https://rukminim2.flixcart.com/image/312/312/xif0q/computer/8/y/g/14-thin-and-light-laptop-dell-original-imahhpv4ywhgbvvk.jpeg?q=70,https://www.flipkart.com/dell-14-2025-1-year-accidental-damage-protection-warranty-intel-core-i3-13th-gen-1305u-16-gb-512-gb-ssd-windows-11-pro-thin-light-laptop/p/itm7bb370705c1a0?pid=COMHHPV4C38HM4WE&lid=LSTCOMHHPV4C38HM4WE8D6OZD&marketplace=FLIPKART&q=laptops&store=6bo%2Fb5g&srno=s_25_582&otracker=search&fm=organic&iid=b85e24ac-f0d5-4391-93e9-b2f51aa8a968.COMHHPV4C38HM4WE.SEARCH&ppt=None&ppn=None&ssid=qlxyzfm2s00000001768228685054&qH=c06ea84a1e3dc3c6
"ASUS Vivobook 14 (2025) with Office 2024 + M365 Basic*, Backlit Keyboard, Qualcomm Snapdragon X - (16 ...","₹69,990",https://rukminim2.flixcart.com/image/312/312/xif0q/computer/y/e/a/-original-imahgfdfznbvqjyv.jpeg?q=70,https://www.flipkart.com/asus-vivobook-14-2025-office-2024-m365-basic-backlit-keyboard-qualcomm-snapdragon-x-16-gb-512-gb-ssd-windows-11-home-x1407qa-ly038ws-thin-light-laptop/p/itm042ce22288962?pid=COMHCQ5ECGFYFBPE&lid=LSTCOMHCQ5ECGFYFBPERBD0GL&marketplace=FLIPKART&q=laptops&store=6bo%2Fb5g&srno=s_25_583&otracker=search&fm=organic&iid=b85e24ac-f0d5-4391-93e9-b2f51aa8a968.COMHCQ5ECGFYFBPE.SEARCH&ppt=None&ppn=None&ssid=qlxyzfm2s00000001768228685054&qH=c06ea84a1e3dc3c6
Apple MacBook Pro M3 - (8 GB/512 GB SSD/macOS Sonoma) MR7J3HN/A,"₹1,39,990",https://rukminim2.flixcart.com/image/312/312/xif0q/computer/l/q/t/-original-imaguw3hwp55jj7b.jpeg?q=70,https://www.flipkart.com/apple-macbook-pro-m3-8-gb-512-gb-ssd-macos-sonoma-mr7j3hn-a/p/itmcd041a34ee857?pid=COMGUTX8W2XZUVZ8&lid=LSTCOMGUTX8W2XZUVZ8IYDG1G&marketplace=FLIPKART&q=laptops&store=6bo%2Fb5g&srno=s_25_584&otracker=search&fm=organic&iid=b85e24ac-f0d5-4391-93e9-b2f51aa8a968.COMGUTX8W2XZUVZ8.SEARCH&ppt=None&ppn=None&ssid=qlxyzfm2s00000001768228685054&qH=c06ea84a1e3dc3c6
Apple MacBook Pro M3 Pro - (18 GB/512 GB SSD/macOS Sonoma) MRX63HN/A,"₹1,86,990",https://rukminim2.flixcart.com/image/312/312/xif0q/computer/u/v/n/-original-imaguw3hhw9ce9ry.jpeg?q=70,https://www.flipkart.com/apple-macbook-pro-m3-18-gb-512-gb-ssd-macos-sonoma-mrx63hn-a/p/itmcd041a34ee857?pid=COMGUTX8ABUHZXJY&lid=LSTCOMGUTX8ABUHZXJYMBE0G8&marketplace=FLIPKART&q=laptops&store=6bo%2Fb5g&srno=s_25_585&otracker=search&fm=organic&iid=b85e24ac-f0d5-4391-93e9-b2f51aa8a968.COMGUTX8ABUHZXJY.SEARCH&ppt=None&ppn=None&ssid=qlxyzfm2s00000001768228685054&qH=c06ea84a1e3dc3c6
Lenovo V 14 (2025) Intel Core i3 13th Gen 1315U - (24 GB/512 GB SSD/Windows 11 Pro) V14 Thin and Light...,"₹47,490",https://rukminim2.flixcart.com/image/312/312/xif0q/computer/y/u/q/v-14-thin-and-light-laptop-lenovo-original-imahg53taznfgpxh.jpeg?q=70,https://www.flipkart.com/lenovo-v-14-2025-intel-core-i3-13th-gen-1315u-24-gb-512-gb-ssd-windows-11-pro-v14-thin-light-laptop/p/itm8a0474ff26acb?pid=COMHG56SGAFJ8DRG&lid=LSTCOMHG56SGAFJ8DRGBPLHYD&marketplace=FLIPKART&q=laptops&store=6bo%2Fb5g&srno=s_25_586&otracker=search&fm=organic&iid=b85e24ac-f0d5-4391-93e9-b2f51aa8a968.COMHG56SGAFJ8DRG.SEARCH&ppt=None&ppn=None&ssid=qlxyzfm2s00000001768228685054&qH=c06ea84a1e3dc3c6
Lenovo LOQ Essential Intel Core i5 12th Gen 12450HX - (16 GB/512 GB SSD/Windows 11 Home/4 GB Graphics/...,"₹63,000",https://rukminim2.flixcart.com/image/312/312/xif0q/computer/6/l/x/-original-imahywvc3htmaxaq.jpeg?q=70,https://www.flipkart.com/lenovo-loq-essential-intel-core-i5-12th-gen-12450hx-16-gb-512-gb-ssd-windows-11-home-4-graphics-nvidia-geforce-rtx-3050a-15iax9e-gaming-laptop/p/itmacfed35f4d675?pid=COMHBZVGW9HTAB8P&lid=LSTCOMHBZVGW9HTAB8PZKN6HK&marketplace=FLIPKART&q=laptops&store=6bo%2Fb5g&srno=s_25_587&otracker=search&fm=organic&iid=b85e24ac-f0d5-4391-93e9-b2f51aa8a968.COMHBZVGW9HTAB8P.SEARCH&ppt=None&ppn=None&ssid=qlxyzfm2s00000001768228685054&qH=c06ea84a1e3dc3c6
HP 250R G10 (2025) Intel Core 3 14th Gen 100U - (24 GB/512 GB SSD/Windows 11 Home) 250R G10 Thin and L...,"₹44,990",https://rukminim2.flixcart.com/image/312/312/xif0q/computer/i/u/8/250r-g10-thin-and-light-laptop-hp-original-imahg6xuypkfffhx.jpeg?q=70,https://www.flipkart.com/hp-250r-g10-2025-intel-core-3-14th-gen-100u-24-gb-512-gb-ssd-windows-11-home-thin-light-laptop/p/itm19b4111d62e68?pid=COMHG6XUKNUKGFK2&lid=LSTCOMHG6XUKNUKGFK2GPSVE9&marketplace=FLIPKART&q=laptops&store=6bo%2Fb5g&srno=s_25_588&otracker=search&fm=organic&iid=b85e24ac-f0d5-4391-93e9-b2f51aa8a968.COMHG6XUKNUKGFK2.SEARCH&ppt=None&ppn=None&ssid=qlxyzfm2s00000001768228685054&qH=c06ea84a1e3dc3c6
ASUS TUF Gaming A15 AMD Ryzen 7 Hexa Core 7435HS - (16 GB/512 GB SSD/Windows 11 Home/4 GB Graphics/NVI...,"₹71,900",https://rukminim2.flixcart.com/image/312/312/xif0q/computer/1/o/k/-original-imahg52mgtwunzgc.jpeg?q=70,https://www.flipkart.com/asus-tuf-gaming-a15-amd-ryzen-7-hexa-core-7435hs-16-gb-512-gb-ssd-windows-11-home-4-graphics-nvidia-geforce-rtx-3050-fa566ncr-hn075w-laptop/p/itm10514ecd2a794?pid=COMHFT2NY5V7RCMK&lid=LSTCOMHFT2NY5V7RCMKL6QAS4&marketplace=FLIPKART&q=laptops&store=6bo%2Fb5g&srno=s_25_589&otracker=search&fm=organic&iid=b85e24ac-f0d5-4391-93e9-b2f51aa8a968.COMHFT2NY5V7RCMK.SEARCH&ppt=None&ppn=None&ssid=qlxyzfm2s00000001768228685054&qH=c06ea84a1e3dc3c6
HP OMEN Intel Core i7 14th Gen 14650HX - (24 GB/1 TB SSD/Windows 11 Home/8 GB Graphics/NVIDIA GeForce ...,"₹1,36,990",https://rukminim2.flixcart.com/image/312/312/xif0q/computer/h/3/x/-original-imahfzjwfhgqy3uw.jpeg?q=70,https://www.flipkart.com/hp-omen-intel-core-i7-14th-gen-14650hx-24-gb-1-tb-ssd-windows-11-home-8-gb-graphics-nvidia-geforce-rtx-5050-16-am0241tx-gaming-laptop/p/itm45464a7ec8250?pid=COMHFZ4HGHSNRK9N&lid=LSTCOMHFZ4HGHSNRK9NEWQ4BL&marketplace=FLIPKART&q=laptops&store=6bo%2Fb5g&srno=s_25_590&otracker=search&fm=organic&iid=b85e24ac-f0d5-4391-93e9-b2f51aa8a968.COMHFZ4HGHSNRK9N.SEARCH&ppt=None&ppn=None&ssid=qlxyzfm2s00000001768228685054&qH=c06ea84a1e3dc3c6
Apple M4 Pro - (24 GB/1 TB SSD/macOS Sequoia) MX2J3HN/A,"₹2,39,900",https://rukminim2.flixcart.com/image/312/312/xif0q/computer/p/f/l/-original-imah697na9bjbnsx.jpeg?q=70,https://www.flipkart.com/apple-m4-pro-24-gb-1-tb-ssd-macos-sequoia-mx2j3hn-a/p/itmcd041a34ee857?pid=COMH64PYTA4MYWAV&lid=LSTCOMH64PYTA4MYWAVAE2OWK&marketplace=FLIPKART&q=laptops&store=6bo%2Fb5g&srno=s_25_591&otracker=search&fm=organic&iid=b85e24ac-f0d5-4391-93e9-b2f51aa8a968.COMH64PYTA4MYWAV.SEARCH&ppt=None&ppn=None&ssid=qlxyzfm2s00000001768228685054&qH=c06ea84a1e3dc3c6
HP 255 G9 AMD Athlon Dual Core AMD Athlon Silver-3050U - (4 GB/256 GB SSD/DOS) 255 G9 Thin and Light L...,"₹30,990",https://rukminim2.flixcart.com/image/312/312/xif0q/computer/u/f/8/255-g8-notebook-hp-original-imagq6emcferpkfx.jpeg?q=70,https://www.flipkart.com/hp-255-g9-amd-athlon-dual-core-silver-3050u-4-gb-256-gb-ssd-dos-thin-light-laptop/p/itmffac8a2b263c2?pid=COMGQRK4BKTZK5CC&lid=LSTCOMGQRK4BKTZK5CCGEDEXG&marketplace=FLIPKART&q=laptops&store=6bo%2Fb5g&srno=s_25_592&otracker=search&fm=organic&iid=b85e24ac-f0d5-4391-93e9-b2f51aa8a968.COMGQRK4BKTZK5CC.SEARCH&ppt=None&ppn=None&ssid=qlxyzfm2s00000001768228685054&qH=c06ea84a1e3dc3c6
HP 841w6pa 255 g9 AMD Ryzen 3 Dual Core AMD Ryzen™ 3 processor 3250U - (8 GB/512 GB SSD/DOS) 255 G8 La...,"₹35,990",https://rukminim2.flixcart.com/image/312/312/xif0q/computer/u/f/8/255-g8-notebook-hp-original-imagq6emcferpkfx.jpeg?q=70,https://www.flipkart.com/hp-841w6pa-255-g9-amd-ryzen-3-dual-core-ryzen-processor-3250u-8-gb-512-gb-ssd-dos-g8-laptop/p/itmffac8a2b263c2?pid=COMGRFZZ6CVYVZSJ&lid=LSTCOMGRFZZ6CVYVZSJTWETYS&marketplace=FLIPKART&q=laptops&store=6bo%2Fb5g&srno=s_25_593&otracker=search&fm=organic&iid=b85e24ac-f0d5-4391-93e9-b2f51aa8a968.COMGRFZZ6CVYVZSJ.SEARCH&ppt=None&ppn=None&ssid=qlxyzfm2s00000001768228685054&qH=c06ea84a1e3dc3c6
DELL Latitude 3550 (2025) Intel Core i3 13th Gen 1315U - (16 GB/512 GB SSD/Windows 11 Pro) Latitude 35...,"₹44,490",https://rukminim2.flixcart.com/image/312/312/xif0q/computer/i/h/w/latitude-3550-thin-and-light-laptop-dell-original-imahfahtxcfruawv.jpeg?q=70,https://www.flipkart.com/dell-latitude-3550-2025-intel-core-i3-13th-gen-1315u-16-gb-512-gb-ssd-windows-11-pro-thin-light-laptop/p/itm3d6e30e47aa2a?pid=COMHFAHTZTDCSRSK&lid=LSTCOMHFAHTZTDCSRSKOSERVN&marketplace=FLIPKART&q=laptops&store=6bo%2Fb5g&srno=s_25_594&otracker=search&fm=organic&iid=b85e24ac-f0d5-4391-93e9-b2f51aa8a968.COMHFAHTZTDCSRSK.SEARCH&ppt=None&ppn=None&ssid=qlxyzfm2s00000001768228685054&qH=c06ea84a1e3dc3c6
HP Pavilion Intel Core i5 12th Gen 1235U - (16 GB/512 GB SSD/Windows 11 Home) 14-dv2014TU Thin and Lig...,"₹63,990",https://rukminim2.flixcart.com/image/312/312/xif0q/computer/s/q/6/-original-imahg5fx3rkzbvae.jpeg?q=70,https://www.flipkart.com/hp-pavilion-intel-core-i5-12th-gen-1235u-16-gb-512-gb-ssd-windows-11-home-14-dv2014tu-thin-light-laptop/p/itmb4b81cd1f873f?pid=COMGEG3ZNYZDAYVJ&lid=LSTCOMGEG3ZNYZDAYVJNYHV3Q&marketplace=FLIPKART&q=laptops&store=6bo%2Fb5g&srno=s_25_595&otracker=search&fm=organic&iid=b85e24ac-f0d5-4391-93e9-b2f51aa8a968.COMGEG3ZNYZDAYVJ.SEARCH&ppt=None&ppn=None&ssid=qlxyzfm2s00000001768228685054&qH=c06ea84a1e3dc3c6
DELL AMD Ryzen 5 Hexa Core 5500U - (8 GB/512 GB SSD/Windows 11 Home) Inspiron 3525 Thin and Light Lapt...,"₹46,900",https://rukminim2.flixcart.com/image/312/312/xif0q/computer/y/h/w/-original-imaghzahgukpkyfu.jpeg?q=70,https://www.flipkart.com/dell-amd-ryzen-5-hexa-core-5500u-8-gb-512-gb-ssd-windows-11-home-inspiron-3525-thin-light-laptop/p/itm23d84e15561c4?pid=COMGTQXEUV4NGHCD&lid=LSTCOMGTQXEUV4NGHCD9KSM3T&marketplace=FLIPKART&q=laptops&store=6bo%2Fb5g&srno=s_25_596&otracker=search&fm=organic&iid=b85e24ac-f0d5-4391-93e9-b2f51aa8a968.COMGTQXEUV4NGHCD.SEARCH&ppt=None&ppn=None&ssid=qlxyzfm2s00000001768228685054&qH=c06ea84a1e3dc3c6
Apple MacBook Pro M4 M4 - (16 GB/512 GB SSD/macOS Sequoia) MW2W3HN/A,"₹1,59,990",https://rukminim2.flixcart.com/image/312/312/xif0q/computer/c/n/d/-original-imah697n9dharp9z.jpeg?q=70,https://www.flipkart.com/apple-macbook-pro-m4-16-gb-512-gb-ssd-macos-sequoia-mw2w3hn-a/p/itmcd041a34ee857?pid=COMH64PYDPMXUHGS&lid=LSTCOMH64PYDPMXUHGSOAM8Z2&marketplace=FLIPKART&q=laptops&store=6bo%2Fb5g&srno=s_25_597&otracker=search&fm=organic&iid=b85e24ac-f0d5-4391-93e9-b2f51aa8a968.COMH64PYDPMXUHGS.SEARCH&ppt=None&ppn=None&ssid=qlxyzfm2s00000001768228685054&qH=c06ea84a1e3dc3c6
DELL Inspiron Intel Core i3 11th Gen 115G4 - (8 GB/1 TB HDD/256 GB SSD/Windows 11 Home) Inspiron 3511 ...,"₹41,799",https://rukminim2.flixcart.com/image/312/312/xif0q/computer/1/5/k/-original-imahg4qfkfhuzezq.jpeg?q=70,https://www.flipkart.com/dell-inspiron-intel-core-i3-11th-gen-115g4-8-gb-1-tb-hdd-256-gb-ssd-windows-11-home-3511-thin-light-laptop/p/itme2b21cbd8b228?pid=COMG6D9UTAXPAPPF&lid=LSTCOMG6D9UTAXPAPPFRZODGG&marketplace=FLIPKART&q=laptops&store=6bo%2Fb5g&srno=s_25_598&otracker=search&fm=organic&iid=b85e24ac-f0d5-4391-93e9-b2f51aa8a968.COMG6D9UTAXPAPPF.SEARCH&ppt=None&ppn=None&ssid=qlxyzfm2s00000001768228685054&qH=c06ea84a1e3dc3c6
Lenovo IdeaPad Slim 1 Intel Celeron Dual Core N4020 - (8 GB/256 GB SSD/Windows 11 Home) 14IGL7 Thin an...,"₹28,780",https://rukminim2.flixcart.com/image/312/312/xif0q/computer/z/m/l/-original-imahex3tuczxbffm.jpeg?q=70,https://www.flipkart.com/lenovo-ideapad-slim-1-intel-celeron-dual-core-n4020-8-gb-256-gb-ssd-windows-11-home-14igl7-thin-light-laptop/p/itm7ecd736658657?pid=COMGDMXVJJB2HGMY&lid=LSTCOMGDMXVJJB2HGMYORBEHQ&marketplace=FLIPKART&q=laptops&store=6bo%2Fb5g&srno=s_25_599&otracker=search&fm=organic&iid=b85e24ac-f0d5-4391-93e9-b2f51aa8a968.COMGDMXVJJB2HGMY.SEARCH&ppt=None&ppn=None&ssid=qlxyzfm2s00000001768228685054&qH=c06ea84a1e3dc3c6
Acer Aspire 5 Backlit Intel Core i5 13th Gen 1335U - (16 GB/512 GB SSD/Windows 11 Home) A515-58M Thin ...,"₹54,990",https://rukminim2.flixcart.com/image/312/312/xif0q/computer/h/x/c/-original-imahg5fxdxfdzyrz.jpeg?q=70,https://www.flipkart.com/acer-aspire-5-backlit-intel-core-i5-13th-gen-1335u-16-gb-512-gb-ssd-windows-11-home-a515-58m-thin-light-laptop/p/itm4285f066ed3a8?pid=COMH46GJEQWVC7GG&lid=LSTCOMH46GJEQWVC7GGQT6UG0&marketplace=FLIPKART&q=laptops&store=6bo%2Fb5g&srno=s_25_600&otracker=search&fm=organic&iid=b85e24ac-f0d5-4391-93e9-b2f51aa8a968.COMH46GJEQWVC7GG.SEARCH&ppt=None&ppn=None&ssid=qlxyzfm2s00000001768228685054&qH=c06ea84a1e3dc3c6
