title,price,image,link
Layasa Women Flip Flops - Buy Layasa Women Flip Flops Online at Best Price - Shop Online for Footwears in India | Flipkart.com,₹339,http://rukmini1.flixcart.com/image/300/300/xif0q/slipper-flip-flop/n/j/j/-original-imahgybwrrxgbpvv.jpeg,https://www.flipkart.com/layasa-women-flip-flops/p/itm4ff313b4b970b?pid=SFFH9J2NCEGYGHFH&lid=LSTSFFH9J2NCEGYGHFHJWLC8T&marketplace=FLIPKART&store=osp%2Fiko&srno=b_16_630&otracker=browse&fm=organic&iid=f851c3a1-fab8-4070-ad3d-84b4cbacc113.SFFH9J2NCEGYGHFH.SEARCH&ppt=browse&ppn=browse&ssid=g8rc5k3vsw0000001768226631080
PUMA Evoflex MaxGrip Wns Running Shoes For Women - Buy PUMA Evoflex MaxGrip Wns Running Shoes For Women Online at Best Price - Shop Online for Footwears in India | Flipkart.com,"₹2,479",http://rukmini1.flixcart.com/image/300/300/xif0q/shoe/b/q/i/-original-imahgczkegvjyhdy.jpeg,https://www.flipkart.com/puma-evoflex-maxgrip-wns-running-shoes-women/p/itm4b87b364fb069?pid=SHOHBA76CZP54HUY&lid=LSTSHOHBA76CZP54HUYKGQ4ZQ&marketplace=FLIPKART&store=osp%2Fiko&srno=b_1_9&otracker=browse&fm=organic&iid=en_Z7IyGFzCQO8WtPj1yaORbO1Lm7-B6HNHu2MwJuRzvuA1Eh_UWyYKTdfSo-e5pjJr-xofqwpoxplx1a9mIVrZ0IE8waCTrWcncKeK_ydPfoM%3D&ppt=None&ppn=None&ssid=uekt84okeo0000001768226382861
JUMPLITE Women Flats - Buy JUMPLITE Women Flats Online at Best Price - Shop Online for Footwears in India | Flipkart.com,₹473,http://rukmini1.flixcart.com/image/300/300/xif0q/sandal/q/e/r/-original-imahgyc4mgfrcgnr.jpeg,https://www.flipkart.com/jumplite-women-flats/p/itm5c593f279c394?pid=SNDHCHGKHNVZNSV8&lid=LSTSNDHCHGKHNVZNSV8JH14JX&marketplace=FLIPKART&store=osp%2Fiko&srno=b_5_195&otracker=browse&fm=organic&iid=en_veuji5O5oxhJ0IBY-vJKNHnFzc2n3kvDK_Yl7nBJXWGhnfzADDSGNJ3Ceh8UWfKlrxm2xvAyfCTlUVeXLICShQ%3D%3D&ppt=browse&ppn=browse&ssid=39jjfmw7uo0000001768226462876
Yoga Paduka Women Slippers - Buy Yoga Paduka Women Slippers Online at Best Price - Shop Online for Footwears in India | Flipkart.com,₹262,http://rukmini1.flixcart.com/image/300/300/xif0q/slipper-flip-flop/b/l/n/5-accupressure-yoga-paduka-black-original-imahcum4hsguncsr.jpeg,https://www.flipkart.com/yoga-paduka-women-slippers/p/itm14697ae353299?pid=SFFHCUM4FS8HQQYJ&lid=LSTSFFHCUM4FS8HQQYJERFSXH&marketplace=FLIPKART&store=osp%2Fiko&srno=b_10_384&otracker=browse&fm=organic&iid=4ad595d9-2879-4175-951e-b6349d2847c2.SFFHCUM4FS8HQQYJ.SEARCH&ppt=browse&ppn=browse&ssid=my7hzbekzk0000001768226539546
Layasa Colorblock Flat Sneakers with Ultra Soft Cushion Lace-Up All-Day Comfort Shoes| Sneakers For Women - Buy Layasa Colorblock Flat Sneakers with Ultra Soft Cushion Lace-Up All-Day Comfort Shoes| Sneakers For Women Online at Best Price - Shop Online for Footwears in India | Flipkart.com,₹458,http://rukmini1.flixcart.com/image/300/300/xif0q/shoe/q/m/3/8-ld5971-41-layasa-white-original-imahasn8kxtsuzff.jpeg,https://www.flipkart.com/layasa-colorblock-flat-sneakers-ultra-soft-cushion-lace-up-all-day-comfort-shoes-women/p/itmc9eea4259b1be?pid=SHOH7RHCWF3ZHRXP&lid=LSTSHOH7RHCWF3ZHRXPK6HYWH&marketplace=FLIPKART&store=osp%2Fiko&srno=b_4_146&otracker=browse&fm=organic&iid=3d830cc9-e5ad-48ef-84c3-482f55642135.SHOH7RHCWF3ZHRXP.SEARCH&ppt=browse&ppn=browse&ssid=e6nkya0vfk0000001768226446152
Abros AIBER Running Shoes For Women - Buy Abros AIBER Running Shoes For Women Online at Best Price - Shop Online for Footwears in India | Flipkart.com,₹664,http://rukmini1.flixcart.com/image/300/300/xif0q/shoe/i/z/j/-original-imahfhptkmjadmyt.jpeg,https://www.flipkart.com/abros-aiber-running-shoes-women/p/itm0830de5477cc8?pid=SHOHF9J9BYWFGJ46&lid=LSTSHOHF9J9BYWFGJ46ZG7XDH&marketplace=FLIPKART&store=osp%2Fiko&srno=b_1_31&otracker=browse&fm=organic&iid=en_Z7IyGFzCQO8WtPj1yaORbO1Lm7-B6HNHu2MwJuRzvuBKdS-Y9yjDHUCmGHXGc6EMCm-L5YQDoDzNZjoWippqNIQEIsITtCzc4bHaOMTqL08%3D&ppt=None&ppn=None&ssid=uekt84okeo0000001768226382861
Birde Women Clogs - Buy Birde Women Clogs Online at Best Price - Shop Online for Footwears in India | Flipkart.com,₹462,http://rukmini1.flixcart.com/image/300/300/xif0q/kids-sandal/d/z/b/5-brd-sn-1193-birde-original-imah4m3xexyjcc9m.jpeg,https://www.flipkart.com/birde-women-clogs/p/itm3e48cd2d6510e?pid=SNDHF6WWUCSXTBMH&lid=LSTSNDHF6WWUCSXTBMHE9DBL5&marketplace=FLIPKART&store=osp%2Fiko&srno=b_1_38&otracker=browse&fm=organic&iid=en_Z7IyGFzCQO8WtPj1yaORbO1Lm7-B6HNHu2MwJuRzvuArHLLE-xO17eANe_MstUctUBzzIsJ8VYkAI6Np1OmIRQ%3D%3D&ppt=None&ppn=None&ssid=uekt84okeo0000001768226382861
Deals4you Sneakers For Women - Buy Deals4you Sneakers For Women Online at Best Price - Shop Online for Footwears in India | Flipkart.com,₹422,http://rukmini1.flixcart.com/image/300/300/xif0q/shoe/l/5/s/6-1326-pnk-blk-6-deals4you-white-pink-blk-original-imahgzgnjbfmpz65.jpeg,https://www.flipkart.com/deals4you-sneakers-women/p/itm6dd0e5a6dc9f6?pid=SHOGRW7NPGUFMMBW&lid=LSTSHOGRW7NPGUFMMBWZHX9UN&marketplace=FLIPKART&store=osp%2Fiko&srno=b_14_528&otracker=browse&fm=organic&iid=en_FWKCXMnY93lvHSnL9zoj1bCqUwlx2_zmrJUoWPwyFeRnsF9NbipQe3UFhULEJPZpb4UdbCGu9MDD-UicACD1bg%3D%3D&ppt=browse&ppn=browse&ssid=hrwjiqjte80000001768226600931
Shoestail Women Flats - Buy Shoestail Women Flats Online at Best Price - Shop Online for Footwears in India | Flipkart.com,₹209,http://rukmini1.flixcart.com/image/300/300/xif0q/sandal/x/s/i/-original-imahftqtcwhuuzft.jpeg,https://www.flipkart.com/shoestail-women-flats/p/itm1502732d3f8ad?pid=SNDGXGS2TUWMXFSC&lid=LSTSNDGXGS2TUWMXFSCSDEXRT&marketplace=FLIPKART&store=osp%2Fiko&srno=b_7_273&otracker=browse&fm=organic&iid=2255f9d1-351c-40af-ba87-3dde238f6414.SNDGXGS2TUWMXFSC.SEARCH&ppt=browse&ppn=browse&ssid=l4zc74md9s0000001768226494682
DOCTOR ORTHO PLUS COMFY Women Slippers - Buy DOCTOR ORTHO PLUS COMFY Women Slippers Online at Best Price - Shop Online for Footwears in India | Flipkart.com,₹294,http://rukmini1.flixcart.com/image/300/300/xif0q/slipper-flip-flop/o/b/w/-original-imahg24ysdhw5m7e.jpeg,https://www.flipkart.com/doctor-ortho-plus-comfy-women-slippers/p/itm61b085ba1f81c?pid=SFFGXMGGWEUGEBJ2&lid=LSTSFFGXMGGWEUGEBJ2QSEG3L&marketplace=FLIPKART&store=osp%2Fiko&srno=b_2_47&otracker=browse&fm=organic&iid=en_gTq8owYLy1hXM2xQT4S-bA2WPpROM5pB8HlXhKpC5IRGQJQBLFqi-9hgZkMLH8Iu_IZH0lSCt5pWg1EonkPLqg%3D%3D&ppt=browse&ppn=browse&ssid=w8w25ktupc0000001768226402885
Flopsie Women Flopsie Women Stylish Soft Comfortable Slipper Lightweight Dailywear Slippers - Buy Flopsie Women Flopsie Women Stylish Soft Comfortable Slipper Lightweight Dailywear Slippers Online at Best Price - Shop Online for Footwears in India | Flipkart.com,₹195,http://rukmini1.flixcart.com/image/300/300/xif0q/slipper-flip-flop/a/g/y/-original-imahfz7zgeskgcgw.jpeg,https://www.flipkart.com/flopsie-women-stylish-soft-comfortable-slipper-lightweight-dailywear-slippers/p/itme457640427578?pid=SFFH6U8THFPYZHFA&lid=LSTSFFH6U8THFPYZHFARVBL33&marketplace=FLIPKART&store=osp%2Fiko&srno=b_16_601&otracker=browse&fm=organic&iid=en_r6jE2bFuVoC3-Xm07u_rlTuKR8b77BFlQp2ofdjatrDhvL5bScEUOOCkI4A4Xpk6-c5GgTdDjE-lyEAq8HSJWQ%3D%3D&ppt=browse&ppn=browse&ssid=g8rc5k3vsw0000001768226631080
Deals4you Sneakers For Women - Buy Deals4you Sneakers For Women Online at Best Price - Shop Online for Footwears in India | Flipkart.com,₹422,http://rukmini1.flixcart.com/image/300/300/xif0q/shoe/l/5/s/6-1326-pnk-blk-6-deals4you-white-pink-blk-original-imahgzgnjbfmpz65.jpeg,https://www.flipkart.com/deals4you-sneakers-women/p/itm6dd0e5a6dc9f6?pid=SHOGRW7NPGUFMMBW&lid=LSTSHOGRW7NPGUFMMBWZHX9UN&marketplace=FLIPKART&store=osp%2Fiko&srno=b_11_405&otracker=browse&fm=organic&iid=en_yzKT70zsUvLVIiVJzjcGD6y4PwfYgrFyB-JPR4zv0wA_ZW5iiywtnEpK7xUCrMldljK6zD1ZK0yC9bkh2uKawQ%3D%3D&ppt=browse&ppn=browse&ssid=xkwuilrkog0000001768226554244
Flopsie Flopsie Women Winter Stylish Comfortable Bellies for Women & Girl Loafers For Women - Buy Flopsie Flopsie Women Winter Stylish Comfortable Bellies for Women & Girl Loafers For Women Online at Best Price - Shop Online for Footwears in India | Flipkart.com,₹364,http://rukmini1.flixcart.com/image/300/300/xif0q/shoe/d/d/a/4-ts-304-blu-4-flopsie-blue-original-imahhq9urdh9ghap.jpeg,https://www.flipkart.com/flopsie-women-winter-stylish-comfortable-bellies-girl-loafers/p/itm173c2f56238cf?pid=SHOH6T6ZQGH6GY7W&lid=LSTSHOH6T6ZQGH6GY7W3VD0IQ&marketplace=FLIPKART&store=osp%2Fiko&srno=b_8_315&otracker=browse&fm=organic&iid=en_EEM0Z8bU_Rhw0iEruWD7IknRK1asvTkmmjvzvzdwOpRxJUdgcXy2eWrzo72MWbYkXpyaaHd2kardrFgSA_LOrQ%3D%3D&ppt=browse&ppn=browse&ssid=2go0snlczk0000001768226510439
WALKAROO Women Casual - Buy WALKAROO Women Casual Online at Best Price - Shop Online for Footwears in India | Flipkart.com,₹279,http://rukmini1.flixcart.com/image/300/300/xif0q/sandal/d/t/8/5-wl7557-women-tlbl-5-0-walkaroo-teal-blue-original-imaheruybechwhde.jpeg,https://www.flipkart.com/walkaroo-women-casual/p/itm25baff4baadbe?pid=SNDHERUYVYHGJSFF&lid=LSTSNDHERUYVYHGJSFFMGRHAX&marketplace=FLIPKART&store=osp%2Fiko&srno=b_7_270&otracker=browse&fm=organic&iid=2255f9d1-351c-40af-ba87-3dde238f6414.SNDHERUYVYHGJSFF.SEARCH&ppt=browse&ppn=browse&ssid=l4zc74md9s0000001768226494682
WOLVESDEN Women Flip Flops - Buy WOLVESDEN Women Flip Flops Online at Best Price - Shop Online for Footwears in India | Flipkart.com,₹279,http://rukmini1.flixcart.com/image/300/300/xif0q/slipper-flip-flop/0/o/m/4-double-carpe25-m-a24-pink-4-wolvesden-pink-original-imahdxysvrgy9gbv.jpeg,https://www.flipkart.com/wolvesden-women-flip-flops/p/itm994ccd9ddbcd5?pid=SFFHDXYTHNSCVEY9&lid=LSTSFFHDXYTHNSCVEY9O5US9N&marketplace=FLIPKART&store=osp%2Fiko&srno=b_2_56&otracker=browse&fm=organic&iid=464c9e9f-a691-419d-8fd2-680b9c4477eb.SFFHDXYTHNSCVEY9.SEARCH&ppt=browse&ppn=browse&ssid=w8w25ktupc0000001768226402885
Birde Women Clogs - Buy Birde Women Clogs Online at Best Price - Shop Online for Footwears in India | Flipkart.com,₹453,http://rukmini1.flixcart.com/image/300/300/xif0q/sandal/s/y/4/-original-imahgyc5mvvgqrfj.jpeg,https://www.flipkart.com/birde-women-clogs/p/itme980a02719ccf?pid=SNDH448PXTDUWVH5&lid=LSTSNDH448PXTDUWVH55INUAR&marketplace=FLIPKART&store=osp%2Fiko&srno=b_7_265&otracker=browse&fm=organic&iid=en_AGnRzahflnjrzyGSofhuYuObKQCu69iMSBfo6h9bNg1DoCJBkFwnkut2_f6OFw0gY6uZTMCT425fvVMrc-aXlA%3D%3D&ppt=browse&ppn=browse&ssid=l4zc74md9s0000001768226494682
TWO SOFT Women Pack Of 2 Combo Stylish Extra Comfort Lightweight Dailywear Used Slippers - Buy TWO SOFT Women Pack Of 2 Combo Stylish Extra Comfort Lightweight Dailywear Used Slippers Online at Best Price - Shop Online for Footwears in India | Flipkart.com,₹262,http://rukmini1.flixcart.com/image/300/300/xif0q/slipper-flip-flop/t/0/p/-original-imahftsfsuurdgb5.jpeg,https://www.flipkart.com/two-soft-women-pack-2-combo-stylish-extra-comfort-lightweight-dailywear-used-slippers/p/itme4acf33b1a2c6?pid=SFFGFM6RMYXSZUAZ&lid=LSTSFFGFM6RMYXSZUAZIQZGZ0&marketplace=FLIPKART&store=osp%2Fiko&srno=b_18_718&otracker=browse&fm=organic&iid=en_NTAPhKckpBzXDWfOGFjUWzRzaPcflmG2rU7-fo2H0qwdbO7jyQk-6WkeLfMjbODS0YD22cC2ht08qXfjuJsa1g%3D%3D&ppt=browse&ppn=browse&ssid=kfeo5jgxww0000001768226663673
Deals4you Sneakers For Women - Buy Deals4you Sneakers For Women Online at Best Price - Shop Online for Footwears in India | Flipkart.com,₹422,http://rukmini1.flixcart.com/image/300/300/xif0q/shoe/l/5/s/6-1326-pnk-blk-6-deals4you-white-pink-blk-original-imahgzgnjbfmpz65.jpeg,https://www.flipkart.com/deals4you-sneakers-women/p/itm6dd0e5a6dc9f6?pid=SHOGRW7NPGUFMMBW&lid=LSTSHOGRW7NPGUFMMBWZHX9UN&marketplace=FLIPKART&store=osp%2Fiko&srno=b_6_211&otracker=browse&fm=organic&iid=en_FdZ7yfzNiLSuTZt3ug5zoWIjYKMzdeLPs-DtXUP-fn1lgLmiRtr1ml7cRtK4cM7nMZXSli_EGJcqBOZgbR7qTg%3D%3D&ppt=browse&ppn=browse&ssid=jtks0xz00w0000001768226479320
DOCTOR ORTHO PLUS COMFY Women Extra Soft Orthopedic Diabetic Light Weight Slippers - Buy DOCTOR ORTHO PLUS COMFY Women Extra Soft Orthopedic Diabetic Light Weight Slippers Online at Best Price - Shop Online for Footwears in India | Flipkart.com,₹293,http://rukmini1.flixcart.com/image/300/300/xif0q/slipper-flip-flop/x/u/2/-original-imahgybyyjhavstc.jpeg,https://www.flipkart.com/doctor-ortho-plus-comfy-women-extra-soft-orthopedic-diabetic-light-weight-slippers/p/itmbe0573ca8a285?pid=SFFG8KXMHEGU8GG3&lid=LSTSFFG8KXMHEGU8GG32LOUUP&marketplace=FLIPKART&store=osp%2Fiko&srno=b_7_274&otracker=browse&fm=organic&iid=2255f9d1-351c-40af-ba87-3dde238f6414.SFFG8KXMHEGU8GG3.SEARCH&ppt=browse&ppn=browse&ssid=l4zc74md9s0000001768226494682
CAMPUS MARLIN Women's Casual Shoes | Comfy Memory Insole with PilloFoam | Slip-On Casuals For Women - Buy CAMPUS MARLIN Women's Casual Shoes | Comfy Memory Insole with PilloFoam | Slip-On Casuals For Women Online at Best Price - Shop Online for Footwears in India | Flipkart.com,"₹1,001",http://rukmini1.flixcart.com/image/300/300/xif0q/shoe/v/a/c/8-22l-936-8-campus-blk-l-purple-original-imahj4bfuuu2pnhc.jpeg,https://www.flipkart.com/campus-marlin-women-s-casual-shoes-comfy-memory-insole-pillofoam-slip-on-casuals-women/p/itmb99b887752867?pid=SHOH6G546BDQEGTU&lid=LSTSHOH6G546BDQEGTURFEJNE&marketplace=FLIPKART&store=osp%2Fiko&srno=b_9_336&otracker=browse&fm=organic&iid=dbcc83ce-aca9-4f02-99f6-46c63dc65f87.SHOH6G546BDQEGTU.SEARCH&ppt=browse&ppn=browse&ssid=xqf91pbbtc0000001768226524489
Flopsie Flopsie Premium Women Winter Sneaker MemoryFoam Gym & Casual Outdoor For Women - Buy Flopsie Flopsie Premium Women Winter Sneaker MemoryFoam Gym & Casual Outdoor For Women Online at Best Price - Shop Online for Footwears in India | Flipkart.com,₹272,http://rukmini1.flixcart.com/image/300/300/xif0q/shoe/p/c/b/8-ts-206-multi-8-flopsie-multi-original-imah6t4k5dhqpd8g.jpeg,https://www.flipkart.com/flopsie-premium-women-winter-sneaker-memoryfoam-gym-casual-outdoor/p/itmeac7a738693c9?pid=SHOH6T5VZQVCSWD8&lid=LSTSHOH6T5VZQVCSWD8UVLSTO&marketplace=FLIPKART&store=osp%2Fiko&srno=b_3_85&otracker=browse&fm=organic&iid=en_RAZjS9M4pbKu14UKMNDI4m6TFZJ_so7CIuKdOfWnqpBEpe07uEotCyDvu60KV64zpdUJNyI2YYu8Dec-SkV6cw%3D%3D&ppt=browse&ppn=browse&ssid=7of36l05000000001768226424463
Skechers DYNAMIGHT 2.0 Running Shoes For Women - Buy Skechers DYNAMIGHT 2.0 Running Shoes For Women Online at Best Price - Shop Online for Footwears in India | Flipkart.com,"₹2,829",http://rukmini1.flixcart.com/image/300/300/xif0q/shoe/c/s/x/3-896387id-6-skechers-slate-original-imahgkffafgx4xk4.jpeg,https://www.flipkart.com/skechers-dynamight-2-0-running-shoes-women/p/itm5688f6fc39758?pid=SHOHE4KPG6SCTQCY&lid=LSTSHOHE4KPG6SCTQCYHIQIQR&marketplace=FLIPKART&store=osp%2Fiko&srno=b_8_289&otracker=browse&fm=organic&iid=79f2c90c-e0c0-4aba-9a8f-665fed88ffe8.SHOHE4KPG6SCTQCY.SEARCH&ppt=browse&ppn=browse&ssid=2go0snlczk0000001768226510439
SAM-ERA Women Slippers - Buy SAM-ERA Women Slippers Online at Best Price - Shop Online for Footwears in India | Flipkart.com,₹407,http://rukmini1.flixcart.com/image/300/300/xif0q/slipper-flip-flop/p/f/c/9-fluffy-warm-slippers-for-women-men-maroon-sam-era-maroon-original-imah7vz99uapaczt.jpeg,https://www.flipkart.com/sam-era-women-slippers/p/itm04f3d0ef1b22c?pid=SFFH7W2UAZZCGSWM&lid=LSTSFFH7W2UAZZCGSWMHDS24D&marketplace=FLIPKART&store=osp%2Fiko&srno=b_16_624&otracker=browse&fm=organic&iid=f851c3a1-fab8-4070-ad3d-84b4cbacc113.SFFH7W2UAZZCGSWM.SEARCH&ppt=browse&ppn=browse&ssid=g8rc5k3vsw0000001768226631080
Bata Women Slippers - Buy Bata Women Slippers Online at Best Price - Shop Online for Footwears in India | Flipkart.com,₹395,http://rukmini1.flixcart.com/image/300/300/xif0q/slipper-flip-flop/q/d/y/7-5724614-bata-brown-original-imah7kqfqzs5cpyc.jpeg,https://www.flipkart.com/bata-women-slippers/p/itm419dded7380b4?pid=SFFG3M5NAV5ZSK3B&lid=LSTSFFG3M5NAV5ZSK3BZ3FREK&marketplace=FLIPKART&store=osp%2Fiko&srno=b_8_319&otracker=browse&fm=organic&iid=79f2c90c-e0c0-4aba-9a8f-665fed88ffe8.SFFG3M5NAV5ZSK3B.SEARCH&ppt=browse&ppn=browse&ssid=2go0snlczk0000001768226510439
Svaar Women Clogs - Buy Svaar Women Clogs Online at Best Price - Shop Online for Footwears in India | Flipkart.com,₹499,http://rukmini1.flixcart.com/image/300/300/xif0q/sandal/x/e/z/5-svr1125kbrv-5-svaar-pure-white-original-imah74zsm3hqxgmb.jpeg,https://www.flipkart.com/svaar-women-clogs/p/itmc27e09582768e?pid=SNDH6WHX2UHNGE8S&lid=LSTSNDH6WHX2UHNGE8SUKOT3A&marketplace=FLIPKART&store=osp%2Fiko&srno=b_5_192&otracker=browse&fm=organic&iid=en_veuji5O5oxhJ0IBY-vJKNHnFzc2n3kvDK_Yl7nBJXWHEo0WLco3viyT48xyId4tYJ82pTT3WpjmHYyesQdOyEQ%3D%3D&ppt=browse&ppn=browse&ssid=39jjfmw7uo0000001768226462876
T-ROCK Sneakers For Women - Buy T-ROCK Sneakers For Women Online at Best Price - Shop Online for Footwears in India | Flipkart.com,₹426,http://rukmini1.flixcart.com/image/300/300/xif0q/shoe/0/b/f/3-11331-wt-3-t-rock-white-original-imahe9sfqg9upxe7.jpeg,https://www.flipkart.com/t-rock-sneakers-women/p/itmcde580b75316f?pid=SHOHE9SJAPZMGFXH&lid=LSTSHOHE9SJAPZMGFXHRIWGNR&marketplace=FLIPKART&store=osp%2Fiko&srno=b_16_631&otracker=browse&fm=organic&iid=en_r6jE2bFuVoC3-Xm07u_rlTuKR8b77BFlQp2ofdjatrDJPfB9ZW3ucukqeTzw0AYGlGES1hV1_GUU8h20yNb5iw%3D%3D&ppt=browse&ppn=browse&ssid=g8rc5k3vsw0000001768226631080
Deals4you Women Flip Flops - Buy Deals4you Women Flip Flops Online at Best Price - Shop Online for Footwears in India | Flipkart.com,₹281,http://rukmini1.flixcart.com/image/300/300/xif0q/slipper-flip-flop/3/x/g/5-1611-sara-deals4you-beige-original-imahgnyjbd6rj3xr.jpeg,https://www.flipkart.com/deals4you-women-flip-flops/p/itme516d36642899?pid=SFFHBSYV9H7C29VZ&lid=LSTSFFHBSYV9H7C29VZFSEJDW&marketplace=FLIPKART&store=osp%2Fiko&srno=b_13_517&otracker=browse&fm=organic&iid=en_oTiHhq5sCa4wyoPUe1Jja7z0X67n8q4OQWl7fgPeTTp6faDM_FoWsKow_2u0MiMxXtFiJVyT-T9nBGM4yaDGQQ%3D%3D&ppt=browse&ppn=browse&ssid=q7vp90axtc0000001768226586549
TRYME Women Heels - Buy TRYME Women Heels Online at Best Price - Shop Online for Footwears in India | Flipkart.com,₹682,http://rukmini1.flixcart.com/image/300/300/xif0q/sandal/f/8/s/4-6amnhl1168-new4-tryme-black-original-imahbfpzvjwqkan5.jpeg,https://www.flipkart.com/tryme-women-heels/p/itm2eca25257fe6e?pid=SNDGY5WZQBZJJETK&lid=LSTSNDGY5WZQBZJJETKOLEZMB&marketplace=FLIPKART&store=osp%2Fiko&srno=b_4_156&otracker=browse&fm=organic&iid=3d830cc9-e5ad-48ef-84c3-482f55642135.SNDGY5WZQBZJJETK.SEARCH&ppt=browse&ppn=browse&ssid=e6nkya0vfk0000001768226446152
Birde Premium Sports Shoes for Women Walking Shoes For Women - Buy Birde Premium Sports Shoes for Women Walking Shoes For Women Online at Best Price - Shop Online for Footwears in India | Flipkart.com,₹375,http://rukmini1.flixcart.com/image/300/300/xif0q/shoe/i/b/o/6-brd-877-6-birde-navy-original-imah9axxr58vfxhx.jpeg,https://www.flipkart.com/birde-premium-sports-shoes-women-walking/p/itmee8973efb20c2?pid=SHOGJQ6RFZRUBE8V&lid=LSTSHOGJQ6RFZRUBE8VCYLO1S&marketplace=FLIPKART&store=osp%2Fiko&srno=b_11_426&otracker=browse&fm=organic&iid=d9f69b20-3523-485c-a484-27a8b56a461d.SHOGJQ6RFZRUBE8V.SEARCH&ppt=browse&ppn=browse&ssid=xkwuilrkog0000001768226554244
Layasa Womens And Girls Multicolor Casual Sneakers For Women - Buy Layasa Womens And Girls Multicolor Casual Sneakers For Women Online at Best Price - Shop Online for Footwears in India | Flipkart.com,₹469,http://rukmini1.flixcart.com/image/300/300/xif0q/shoe/j/t/i/3-ldf2095-3-layasa-mlt-original-imagzrmnahbkratt.jpeg,https://www.flipkart.com/layasa-womens-girls-multicolor-casual-sneakers-women/p/itm2ca8a03be250a?pid=SHOGZRMYMYT7MHHB&lid=LSTSHOGZRMYMYT7MHHBSWFVPP&marketplace=FLIPKART&store=osp%2Fiko&srno=b_11_407&otracker=browse&fm=organic&iid=en_yzKT70zsUvLVIiVJzjcGD6y4PwfYgrFyB-JPR4zv0wA1_dzTlygAZpB17d0t1_8a8NxhTFVSEu10bNfD5LKmUw%3D%3D&ppt=browse&ppn=browse&ssid=xkwuilrkog0000001768226554244
"BERSACHE Casual shoe for Women | Cushioned Insole, Slip-Resistance Casuals For Women's Sneakers For Women - Buy BERSACHE Casual shoe for Women | Cushioned Insole, Slip-Resistance Casuals For Women's Sneakers For Women Online at Best Price - Shop Online for Footwears in India | Flipkart.com",₹498,http://rukmini1.flixcart.com/image/300/300/xif0q/shoe/g/l/v/7-cas-s-8098-7-0-bersache-grey-original-imahgah5qjsxbhha.jpeg,https://www.flipkart.com/bersache-casual-shoe-women-cushioned-insole-slip-resistance-casuals-women-s-sneakers/p/itmcb8b6ad1b2955?pid=SHOHGAH6ESPBDP5H&lid=LSTSHOHGAH6ESPBDP5H1CCO5U&marketplace=FLIPKART&store=osp%2Fiko&srno=b_18_694&otracker=browse&fm=organic&iid=5a1d23a5-08d7-4630-ac04-42a5e235080b.SHOHGAH6ESPBDP5H.SEARCH&ppt=browse&ppn=browse&ssid=kfeo5jgxww0000001768226663673
COOPERWINGS Sneakers For Women - Buy COOPERWINGS Sneakers For Women Online at Best Price - Shop Online for Footwears in India | Flipkart.com,₹358,http://rukmini1.flixcart.com/image/300/300/xif0q/shoe/y/n/y/6-sku-butterfly-pink-6-cooperwings-pink-original-imahffyxurmmxbzz.jpeg,https://www.flipkart.com/cooperwings-sneakers-women/p/itm7bab5fd2cb7a0?pid=SHOHEXDKG8GZUXAZ&lid=LSTSHOHEXDKG8GZUXAZJ5NVNE&marketplace=FLIPKART&store=osp%2Fiko&srno=b_2_73&otracker=browse&fm=organic&iid=464c9e9f-a691-419d-8fd2-680b9c4477eb.SHOHEXDKG8GZUXAZ.SEARCH&ppt=browse&ppn=browse&ssid=w8w25ktupc0000001768226402885
Svaar Women Clogs - Buy Svaar Women Clogs Online at Best Price - Shop Online for Footwears in India | Flipkart.com,₹499,http://rukmini1.flixcart.com/image/300/300/xif0q/sandal/x/e/z/5-svr1125kbrv-5-svaar-pure-white-original-imah74zsm3hqxgmb.jpeg,https://www.flipkart.com/svaar-women-clogs/p/itmc27e09582768e?pid=SNDH6WHX2UHNGE8S&lid=LSTSNDH6WHX2UHNGE8SUKOT3A&marketplace=FLIPKART&store=osp%2Fiko&srno=b_4_152&otracker=browse&fm=organic&iid=en_0D43y1Gkov2fa4f2QX2QfRL0_YJcqARvUPQbUbgzRN7kIgj7munO4ledfHM-5TM4J82pTT3WpjmHYyesQdOyEQ%3D%3D&ppt=browse&ppn=browse&ssid=e6nkya0vfk0000001768226446152
Fabbmate Fabbmate Casual Sports shoes White Sneakers for Women Girls White Shoes Sneakers For Women - Buy Fabbmate Fabbmate Casual Sports shoes White Sneakers for Women Girls White Shoes Sneakers For Women Online at Best Price - Shop Online for Footwears in India | Flipkart.com,₹430,http://rukmini1.flixcart.com/image/300/300/xif0q/shoe/y/o/8/-original-imahgybzagp4fb5z.jpeg,https://www.flipkart.com/fabbmate-casual-sports-shoes-white-sneakers-women-girls/p/itm13d239387dce2?pid=SHOH2W6ZB2MH2QGV&lid=LSTSHOH2W6ZB2MH2QGVK1DW0L&marketplace=FLIPKART&store=osp%2Fiko&srno=b_5_187&otracker=browse&fm=organic&iid=en_veuji5O5oxhJ0IBY-vJKNHnFzc2n3kvDK_Yl7nBJXWFHGT0wrU3w11foyEluPApJMahBhXo0SDNAPvElMwn1qQ%3D%3D&ppt=browse&ppn=browse&ssid=39jjfmw7uo0000001768226462876
PUMA Pacific Maze Wn s IDP Casuals For Women - Buy PUMA Pacific Maze Wn s IDP Casuals For Women Online at Best Price - Shop Online for Footwears in India | Flipkart.com,"₹1,920",http://rukmini1.flixcart.com/image/300/300/xif0q/shoe/k/a/b/-original-imahjghvmrwa5qyp.jpeg,https://www.flipkart.com/puma-pacific-maze-wn-s-idp-casuals-women/p/itmf4c726ae69acb?pid=SHOGFX6FNFNYXCMF&lid=LSTSHOGFX6FNFNYXCMFTZG5C4&marketplace=FLIPKART&store=osp%2Fiko&srno=b_15_591&otracker=browse&fm=organic&iid=en_vXCl6X7Zoly2o-ZSBHC_VUkVU5Ea8NIcliS224j0uaLiFGJ8VaNGHkPbveItGEw9fK4EszRri5By7r8NF6An-onfEY2D5bWfIUmTlXs_oiU%3D&ppt=browse&ppn=browse&ssid=4i65va4gdc0000001768226615069
Flopsie Flopsie Women Winter Stylish Comfortable Bellies for Women & Girl Loafers For Women - Buy Flopsie Flopsie Women Winter Stylish Comfortable Bellies for Women & Girl Loafers For Women Online at Best Price - Shop Online for Footwears in India | Flipkart.com,₹364,http://rukmini1.flixcart.com/image/300/300/xif0q/shoe/d/d/a/4-ts-304-blu-4-flopsie-blue-original-imahhq9urdh9ghap.jpeg,https://www.flipkart.com/flopsie-women-winter-stylish-comfortable-bellies-girl-loafers/p/itm173c2f56238cf?pid=SHOH6T6ZQGH6GY7W&lid=LSTSHOH6T6ZQGH6GY7W3VD0IQ&marketplace=FLIPKART&store=osp%2Fiko&srno=b_10_391&otracker=browse&fm=organic&iid=en_QgQ6nGD2rAj3cKP0gzxkX9VwQbY8QFRbQVtWwIS-YzSKf9ep4AEQws43z9NSPRQPX1aJY4l6tlMSypZWozE6Fg%3D%3D&ppt=browse&ppn=browse&ssid=my7hzbekzk0000001768226539546
Deals4you Sneakers For Women - Buy Deals4you Sneakers For Women Online at Best Price - Shop Online for Footwears in India | Flipkart.com,₹422,http://rukmini1.flixcart.com/image/300/300/xif0q/shoe/l/5/s/6-1326-pnk-blk-6-deals4you-white-pink-blk-original-imahgzgnjbfmpz65.jpeg,https://www.flipkart.com/deals4you-sneakers-women/p/itm6dd0e5a6dc9f6?pid=SHOGRW7NPGUFMMBW&lid=LSTSHOGRW7NPGUFMMBWZHX9UN&marketplace=FLIPKART&store=osp%2Fiko&srno=b_17_648&otracker=browse&fm=organic&iid=en_-1UVHzCH-jLPIUjhAaIh3CfP-_LzqvWxPxjV9QMLdvLxrIyJGs-MWEuJmCvkEZ5ab4UdbCGu9MDD-UicACD1bg%3D%3D&ppt=browse&ppn=browse&ssid=vnotkb0e2o0000001768226647060
Flopsie Women Flopsie Women Stylish Soft Comfortable Slipper Lightweight Dailywear Slippers - Buy Flopsie Women Flopsie Women Stylish Soft Comfortable Slipper Lightweight Dailywear Slippers Online at Best Price - Shop Online for Footwears in India | Flipkart.com,₹195,http://rukmini1.flixcart.com/image/300/300/xif0q/slipper-flip-flop/a/g/y/-original-imahfz7zgeskgcgw.jpeg,https://www.flipkart.com/flopsie-women-stylish-soft-comfortable-slipper-lightweight-dailywear-slippers/p/itme457640427578?pid=SFFH6U8THFPYZHFA&lid=LSTSFFH6U8THFPYZHFARVBL33&marketplace=FLIPKART&store=osp%2Fiko&srno=b_3_81&otracker=browse&fm=organic&iid=en_RAZjS9M4pbKu14UKMNDI4m6TFZJ_so7CIuKdOfWnqpACeDpKpODYy1rNMdF7kwzW-c5GgTdDjE-lyEAq8HSJWQ%3D%3D&ppt=browse&ppn=browse&ssid=7of36l05000000001768226424463
Flopsie Flopsie Women Winter Stylish Comfortable Bellies for Women & Girl Loafers For Women - Buy Flopsie Flopsie Women Winter Stylish Comfortable Bellies for Women & Girl Loafers For Women Online at Best Price - Shop Online for Footwears in India | Flipkart.com,₹364,http://rukmini1.flixcart.com/image/300/300/xif0q/shoe/d/d/a/4-ts-304-blu-4-flopsie-blue-original-imahhq9urdh9ghap.jpeg,https://www.flipkart.com/flopsie-women-winter-stylish-comfortable-bellies-girl-loafers/p/itm173c2f56238cf?pid=SHOH6T6ZGP4FK5GJ&lid=LSTSHOH6T6ZGP4FK5GJB0AMXB&marketplace=FLIPKART&store=osp%2Fiko&srno=b_16_622&otracker=browse&fm=organic&iid=en_r6jE2bFuVoC3-Xm07u_rlTuKR8b77BFlQp2ofdjatrDfbzugpzVm-XV7P8aaLqR4Vrtj0c9LpyhyToUo20MqMA%3D%3D&ppt=browse&ppn=browse&ssid=g8rc5k3vsw0000001768226631080
Birde Women Clogs - Buy Birde Women Clogs Online at Best Price - Shop Online for Footwears in India | Flipkart.com,₹452,http://rukmini1.flixcart.com/image/300/300/xif0q/sandal/o/m/7/-original-imahftqtgpkzab7k.jpeg,https://www.flipkart.com/birde-women-clogs/p/itm16edef0326d16?pid=SNDH5WV93ZA8U6AG&lid=LSTSNDH5WV93ZA8U6AGV0PL9I&marketplace=FLIPKART&store=osp%2Fiko&srno=b_1_37&otracker=browse&fm=organic&iid=en_Z7IyGFzCQO8WtPj1yaORbO1Lm7-B6HNHu2MwJuRzvuDDCJAtrk8qMJCG3ptQ96Vxz926oejcZ3PswqoztaK-Yg%3D%3D&ppt=None&ppn=None&ssid=uekt84okeo0000001768226382861
TAFSHA Women Slides - Buy TAFSHA Women Slides Online at Best Price - Shop Online for Footwears in India | Flipkart.com,₹294,http://rukmini1.flixcart.com/image/300/300/xif0q/slipper-flip-flop/u/u/h/6-carpet-sports2-purple-6-tafsha-purple-original-imah3ucscykhacmb.jpeg,https://www.flipkart.com/tafsha-women-slides/p/itm3830aaf7933a7?pid=SFFH3UCTKKGVHRNW&lid=LSTSFFH3UCTKKGVHRNWDHBWZP&marketplace=FLIPKART&store=osp%2Fiko&srno=b_10_385&otracker=browse&fm=organic&iid=en_QgQ6nGD2rAj3cKP0gzxkX9VwQbY8QFRbQVtWwIS-YzQ5Hlftusq97RuVAVLgUsikI_6dUM1wTlKhijhLofcpRA%3D%3D&ppt=browse&ppn=browse&ssid=my7hzbekzk0000001768226539546
JUMPLITE Women Sandals - Buy JUMPLITE Women Sandals Online at Best Price - Shop Online for Footwears in India | Flipkart.com,₹473,http://rukmini1.flixcart.com/image/300/300/xif0q/sandal/r/m/7/-original-imahfz9fdeepgabm.jpeg,https://www.flipkart.com/jumplite-women-sandals/p/itm256174fcf5c1a?pid=SNDHBMKYH9WGJPPS&lid=LSTSNDHBMKYH9WGJPPSC4RADP&marketplace=FLIPKART&store=osp%2Fiko&srno=b_1_15&otracker=browse&fm=organic&iid=en_Z7IyGFzCQO8WtPj1yaORbO1Lm7-B6HNHu2MwJuRzvuABqZjhejuQsNFI1XqtAUhvaUCLoTX9VCi1y51sTxfWLA%3D%3D&ppt=None&ppn=None&ssid=uekt84okeo0000001768226382861
Flopsie Flopsie Premium Women Winter Sneaker MemoryFoam Gym & Casual Outdoor For Women - Buy Flopsie Flopsie Premium Women Winter Sneaker MemoryFoam Gym & Casual Outdoor For Women Online at Best Price - Shop Online for Footwears in India | Flipkart.com,₹272,http://rukmini1.flixcart.com/image/300/300/xif0q/shoe/p/c/b/8-ts-206-multi-8-flopsie-multi-original-imah6t4k5dhqpd8g.jpeg,https://www.flipkart.com/flopsie-premium-women-winter-sneaker-memoryfoam-gym-casual-outdoor/p/itmeac7a738693c9?pid=SHOH6T5VZQVCSWD8&lid=LSTSHOH6T5VZQVCSWD8UVLSTO&marketplace=FLIPKART&store=osp%2Fiko&srno=b_4_125&otracker=browse&fm=organic&iid=en_0D43y1Gkov2fa4f2QX2QfRL0_YJcqARvUPQbUbgzRN6sahL_XOt8yfK9HYrWUUn9pdUJNyI2YYu8Dec-SkV6cw%3D%3D&ppt=browse&ppn=browse&ssid=e6nkya0vfk0000001768226446152
Flopsie Women Flopsie Women Stylish Soft Comfortable Slipper Lightweight Dailywear Slippers - Buy Flopsie Women Flopsie Women Stylish Soft Comfortable Slipper Lightweight Dailywear Slippers Online at Best Price - Shop Online for Footwears in India | Flipkart.com,₹195,http://rukmini1.flixcart.com/image/300/300/xif0q/slipper-flip-flop/a/g/y/-original-imahfz7zgeskgcgw.jpeg,https://www.flipkart.com/flopsie-women-stylish-soft-comfortable-slipper-lightweight-dailywear-slippers/p/itme457640427578?pid=SFFH6U8THFPYZHFA&lid=LSTSFFH6U8THFPYZHFARVBL33&marketplace=FLIPKART&store=osp%2Fiko&srno=b_2_41&otracker=browse&fm=organic&iid=en_gTq8owYLy1hXM2xQT4S-bA2WPpROM5pB8HlXhKpC5IRlm7f7ayzTWDsb-garTmzV-c5GgTdDjE-lyEAq8HSJWQ%3D%3D&ppt=browse&ppn=browse&ssid=w8w25ktupc0000001768226402885
PUMA Sneakers For Women - Buy PUMA Sneakers For Women Online at Best Price - Shop Online for Footwears in India | Flipkart.com,"₹3,283",http://rukmini1.flixcart.com/image/300/300/xif0q/shoe/u/p/s/3-40711803-3-puma-frosted-ivory-poised-pink-mauve-mist-original-imahjf4weugdunrt.jpeg,https://www.flipkart.com/puma-sneakers-women/p/itmaf354f007a04a?pid=SHOHDZJVGHCAUGYM&lid=LSTSHOHDZJVGHCAUGYMRZXPHE&marketplace=FLIPKART&store=osp%2Fiko&srno=b_10_363&otracker=browse&fm=organic&iid=4ad595d9-2879-4175-951e-b6349d2847c2.SHOHDZJVGHCAUGYM.SEARCH&ppt=browse&ppn=browse&ssid=my7hzbekzk0000001768226539546
FLITE Women Slippers - Buy FLITE Women Slippers Online at Best Price - Shop Online for Footwears in India | Flipkart.com,₹279,http://rukmini1.flixcart.com/image/300/300/xif0q/slipper-flip-flop/r/a/o/5-fl-430-flite-pink-pink-original-imahfr6srfnyvur6.jpeg,https://www.flipkart.com/flite-women-slippers/p/itmf22665574f87a?pid=SFFGQUSHSEMAGA99&lid=LSTSFFGQUSHSEMAGA99EC0WIE&marketplace=FLIPKART&store=osp%2Fiko&srno=b_1_24&otracker=browse&fm=organic&iid=27a448ff-87bd-4ea6-984d-908d0a814445.SFFGQUSHSEMAGA99.SEARCH&ppt=None&ppn=None&ssid=uekt84okeo0000001768226382861
CAMPUS MAXIMUS L-1 Black Running Shoes Running Shoes For Women - Buy CAMPUS MAXIMUS L-1 Black Running Shoes Running Shoes For Women Online at Best Price - Shop Online for Footwears in India | Flipkart.com,"₹1,142",http://rukmini1.flixcart.com/image/300/300/xif0q/shoe/a/i/w/6-22l-898-6-campus-full-blk-original-imahhdhcc2ccmpzv.jpeg,https://www.flipkart.com/campus-maximus-l-1-black-running-shoes-women/p/itme98bcb4ebc984?pid=SHOGZWQJGUCZQZCC&lid=LSTSHOGZWQJGUCZQZCC0VOSFM&marketplace=FLIPKART&store=osp%2Fiko&srno=b_5_193&otracker=browse&fm=organic&iid=dacca31e-67ab-42b6-a39c-2196d8d752b0.SHOGZWQJGUCZQZCC.SEARCH&ppt=browse&ppn=browse&ssid=39jjfmw7uo0000001768226462876
Flopsie Women Flopsie Women Stylish Soft Comfortable Slipper Lightweight Dailywear Slippers - Buy Flopsie Women Flopsie Women Stylish Soft Comfortable Slipper Lightweight Dailywear Slippers Online at Best Price - Shop Online for Footwears in India | Flipkart.com,₹195,http://rukmini1.flixcart.com/image/300/300/xif0q/slipper-flip-flop/a/g/y/-original-imahfz7zgeskgcgw.jpeg,https://www.flipkart.com/flopsie-women-stylish-soft-comfortable-slipper-lightweight-dailywear-slippers/p/itme457640427578?pid=SFFH6U8THFPYZHFA&lid=LSTSFFH6U8THFPYZHFARVBL33&marketplace=FLIPKART&store=osp%2Fiko&srno=b_7_241&otracker=browse&fm=organic&iid=en_AGnRzahflnjrzyGSofhuYuObKQCu69iMSBfo6h9bNg1Ql4zHQpbbNCog74z4iG0m-c5GgTdDjE-lyEAq8HSJWQ%3D%3D&ppt=browse&ppn=browse&ssid=l4zc74md9s0000001768226494682
Pu-Pine ALLEN Walking Shoes For Women - Buy Pu-Pine ALLEN Walking Shoes For Women Online at Best Price - Shop Online for Footwears in India | Flipkart.com,₹397,http://rukmini1.flixcart.com/image/300/300/xif0q/shoe/i/2/g/4-alien-ladies-pvc-multi-4-pu-pine-multi-original-imahersgum2het5v.jpeg,https://www.flipkart.com/pu-pine-allen-walking-shoes-women/p/itm44a235df0acff?pid=SHOHEEXFXD4XFJ6H&lid=LSTSHOHEEXFXD4XFJ6HWGP8DH&marketplace=FLIPKART&store=osp%2Fiko&srno=b_8_296&otracker=browse&fm=organic&iid=79f2c90c-e0c0-4aba-9a8f-665fed88ffe8.SHOHEEXFXD4XFJ6H.SEARCH&ppt=browse&ppn=browse&ssid=2go0snlczk0000001768226510439
Paragon Paragon PUK7030L Women Trendy Comfortable Daily Wear Stylish Sandals Slippers Women Flats - Buy Paragon Paragon PUK7030L Women Trendy Comfortable Daily Wear Stylish Sandals Slippers Women Flats Online at Best Price - Shop Online for Footwears in India | Flipkart.com,₹393,http://rukmini1.flixcart.com/image/300/300/xif0q/sandal/8/f/q/-original-imahgyc3gh7gh7xu.jpeg,https://www.flipkart.com/paragon-puk7030l-women-trendy-comfortable-daily-wear-stylish-sandals-slippers-flats/p/itmf6351cda78e2b?pid=SNDH3CHNBNTCAWZJ&lid=LSTSNDH3CHNBNTCAWZJ8IDVR3&marketplace=FLIPKART&store=osp%2Fiko&srno=b_13_490&otracker=browse&fm=organic&iid=ac0383e4-33b1-4776-ade8-aae7a7f6dc44.SNDH3CHNBNTCAWZJ.SEARCH&ppt=browse&ppn=browse&ssid=q7vp90axtc0000001768226586549
WOLVESDEN Women Flip Flops - Buy WOLVESDEN Women Flip Flops Online at Best Price - Shop Online for Footwears in India | Flipkart.com,₹274,http://rukmini1.flixcart.com/image/300/300/xif0q/slipper-flip-flop/e/o/p/-original-imahftqtvnjrprf4.jpeg,https://www.flipkart.com/wolvesden-women-flip-flops/p/itm8a7780a7b2454?pid=SFFH8HD4FZHZB6VR&lid=LSTSFFH8HD4FZHZB6VR99JLSH&marketplace=FLIPKART&store=osp%2Fiko&srno=b_11_429&otracker=browse&fm=organic&iid=d9f69b20-3523-485c-a484-27a8b56a461d.SFFH8HD4FZHZB6VR.SEARCH&ppt=browse&ppn=browse&ssid=xkwuilrkog0000001768226554244
SHOETOPIA Comfortable Stylish Casual Boots For Girls Boots For Women - Buy SHOETOPIA Comfortable Stylish Casual Boots For Girls Boots For Women Online at Best Price - Shop Online for Footwears in India | Flipkart.com,₹857,http://rukmini1.flixcart.com/image/300/300/xif0q/shoe/4/a/h/-original-imahg24yuhw9qxbq.jpeg,https://www.flipkart.com/shoetopia-comfortable-stylish-casual-boots-girls-women/p/itm681fd7b72ccbe?pid=SHOGHEGEHBBFTSN6&lid=LSTSHOGHEGEHBBFTSN6GSRN5P&marketplace=FLIPKART&store=osp%2Fiko&srno=b_7_269&otracker=browse&fm=organic&iid=2255f9d1-351c-40af-ba87-3dde238f6414.SHOGHEGEHBBFTSN6.SEARCH&ppt=browse&ppn=browse&ssid=l4zc74md9s0000001768226494682
Svaar Women Clogs - Buy Svaar Women Clogs Online at Best Price - Shop Online for Footwears in India | Flipkart.com,₹499,http://rukmini1.flixcart.com/image/300/300/xif0q/sandal/x/e/z/5-svr1125kbrv-5-svaar-pure-white-original-imah74zsm3hqxgmb.jpeg,https://www.flipkart.com/svaar-women-clogs/p/itmc27e09582768e?pid=SNDH6WHX2UHNGE8S&lid=LSTSNDH6WHX2UHNGE8SUKOT3A&marketplace=FLIPKART&store=osp%2Fiko&srno=b_11_422&otracker=browse&fm=organic&iid=en_yzKT70zsUvLVIiVJzjcGD6y4PwfYgrFyB-JPR4zv0wDs4Ii4B2kHWOaLQ40G2fotW6Mrofo_q5cUhTo7MUCfjQ%3D%3D&ppt=browse&ppn=browse&ssid=xkwuilrkog0000001768226554244
CIBEK Women Doctor step with Cibek comfortable extra soft daily wear women slipper Flip Flops - Buy CIBEK Women Doctor step with Cibek comfortable extra soft daily wear women slipper Flip Flops Online at Best Price - Shop Online for Footwears in India | Flipkart.com,₹176,http://rukmini1.flixcart.com/image/300/300/xif0q/slipper-flip-flop/l/h/3/5-c-fk-a5-peach-cibek-peach-original-imahgpwv64gaynfk.jpeg,https://www.flipkart.com/cibek-women-doctor-step-comfortable-extra-soft-daily-wear-slipper-flip-flops/p/itm1eb360df57149?pid=SFFH5GGMWHKJYDVU&lid=LSTSFFH5GGMWHKJYDVUQCBYHU&marketplace=FLIPKART&store=osp%2Fiko&srno=b_18_700&otracker=browse&fm=organic&iid=5a1d23a5-08d7-4630-ac04-42a5e235080b.SFFH5GGMWHKJYDVU.SEARCH&ppt=browse&ppn=browse&ssid=kfeo5jgxww0000001768226663673
Flopsie Flopsie Women Winter Stylish Comfortable Bellies for Women & Girl Loafers For Women - Buy Flopsie Flopsie Women Winter Stylish Comfortable Bellies for Women & Girl Loafers For Women Online at Best Price - Shop Online for Footwears in India | Flipkart.com,₹364,http://rukmini1.flixcart.com/image/300/300/xif0q/shoe/d/d/a/4-ts-304-blu-4-flopsie-blue-original-imahhq9urdh9ghap.jpeg,https://www.flipkart.com/flopsie-women-winter-stylish-comfortable-bellies-girl-loafers/p/itm173c2f56238cf?pid=SHOH6T6ZQGH6GY7W&lid=LSTSHOH6T6ZQGH6GY7W3VD0IQ&marketplace=FLIPKART&store=osp%2Fiko&srno=b_7_271&otracker=browse&fm=organic&iid=en_AGnRzahflnjrzyGSofhuYuObKQCu69iMSBfo6h9bNg1BcLiK7w1FtsvHFkpthsErBVsneDDuePULsZA0wPDc8w%3D%3D&ppt=browse&ppn=browse&ssid=l4zc74md9s0000001768226494682
DOCTOR ORTHO PLUS COMFY Women Slippers - Buy DOCTOR ORTHO PLUS COMFY Women Slippers Online at Best Price - Shop Online for Footwears in India | Flipkart.com,₹294,http://rukmini1.flixcart.com/image/300/300/xif0q/slipper-flip-flop/o/b/w/-original-imahg24ysdhw5m7e.jpeg,https://www.flipkart.com/doctor-ortho-plus-comfy-women-slippers/p/itm61b085ba1f81c?pid=SFFGXMGGWEUGEBJ2&lid=LSTSFFGXMGGWEUGEBJ2QSEG3L&marketplace=FLIPKART&store=osp%2Fiko&srno=b_4_127&otracker=browse&fm=organic&iid=en_0D43y1Gkov2fa4f2QX2QfRL0_YJcqARvUPQbUbgzRN66Yjiu5PifcOAwqonti6kd_IZH0lSCt5pWg1EonkPLqg%3D%3D&ppt=browse&ppn=browse&ssid=e6nkya0vfk0000001768226446152
JUMPLITE Women Casual - Buy JUMPLITE Women Casual Online at Best Price - Shop Online for Footwears in India | Flipkart.com,₹423,http://rukmini1.flixcart.com/image/300/300/xif0q/sandal/o/u/b/-original-imahgyc5k82wvfxg.jpeg,https://www.flipkart.com/jumplite-women-casual/p/itmc924234f2b670?pid=SNDH9GKJQZY52Z7M&lid=LSTSNDH9GKJQZY52Z7M2DFUA8&marketplace=FLIPKART&store=osp%2Fiko&srno=b_16_623&otracker=browse&fm=organic&iid=f851c3a1-fab8-4070-ad3d-84b4cbacc113.SNDH9GKJQZY52Z7M.SEARCH&ppt=browse&ppn=browse&ssid=g8rc5k3vsw0000001768226631080
OUOU Women Slippers - Buy OUOU Women Slippers Online at Best Price - Shop Online for Footwears in India | Flipkart.com,₹241,http://rukmini1.flixcart.com/image/300/300/xif0q/slipper-flip-flop/b/f/o/6-nw1-lucia-yoga-paduka-ouou-black-original-imahec3zef3gduwp.jpeg,https://www.flipkart.com/ouou-women-slippers/p/itmb44a0b4570e3a?pid=SFFHEC4FTP6GFAXY&lid=LSTSFFHEC4FTP6GFAXYYSKM3W&marketplace=FLIPKART&store=osp%2Fiko&srno=b_18_686&otracker=browse&fm=organic&iid=5a1d23a5-08d7-4630-ac04-42a5e235080b.SFFHEC4FTP6GFAXY.SEARCH&ppt=browse&ppn=browse&ssid=kfeo5jgxww0000001768226663673
Deals4you Sneakers For Women - Buy Deals4you Sneakers For Women Online at Best Price - Shop Online for Footwears in India | Flipkart.com,₹417,http://rukmini1.flixcart.com/image/300/300/xif0q/shoe/j/j/b/4-1325-new-4-deals4you-white-original-imahawngyhfzmze2.jpeg,https://www.flipkart.com/deals4you-sneakers-women/p/itm891d30f67c2b8?pid=SHOHAMUXNDDFKGZC&lid=LSTSHOHAMUXNDDFKGZC35TJCL&marketplace=FLIPKART&store=osp%2Fiko&srno=b_10_373&otracker=browse&fm=organic&iid=4ad595d9-2879-4175-951e-b6349d2847c2.SHOHAMUXNDDFKGZC.SEARCH&ppt=browse&ppn=browse&ssid=my7hzbekzk0000001768226539546
Dekkin Women Clogs - Buy Dekkin Women Clogs Online at Best Price - Shop Online for Footwears in India | Flipkart.com,₹425,http://rukmini1.flixcart.com/image/300/300/xif0q/sandal/z/s/o/4-6688-d2bear-dekkin-cream-original-imah2gjqaezzhj4h.jpeg,https://www.flipkart.com/dekkin-women-clogs/p/itmed5bdce92bf7b?pid=SNDH2GJSGKDNFKGT&lid=LSTSNDH2GJSGKDNFKGTQXAYQE&marketplace=FLIPKART&store=osp%2Fiko&srno=b_8_320&otracker=browse&fm=organic&iid=79f2c90c-e0c0-4aba-9a8f-665fed88ffe8.SNDH2GJSGKDNFKGT.SEARCH&ppt=browse&ppn=browse&ssid=2go0snlczk0000001768226510439
Deals4you Sneakers For Women - Buy Deals4you Sneakers For Women Online at Best Price - Shop Online for Footwears in India | Flipkart.com,₹423,http://rukmini1.flixcart.com/image/300/300/xif0q/shopsy-shoe/4/o/r/6-875-mlt-6-deals4you-multi-original-imahgucfjdknvu92.jpeg,https://www.flipkart.com/deals4you-sneakers-women/p/itmfe58f4b5b1425?pid=SHOGGFYT7PGH5WEP&lid=LSTSHOGGFYT7PGH5WEPXFX1TT&marketplace=FLIPKART&store=osp%2Fiko&srno=b_8_302&otracker=browse&fm=organic&iid=en_EEM0Z8bU_Rhw0iEruWD7IknRK1asvTkmmjvzvzdwOpRbkzTEdpvpOxgQhtuzFoj9410Gx7Mo58-ud_QWKZbfEg%3D%3D&ppt=browse&ppn=browse&ssid=2go0snlczk0000001768226510439
CAMPUS CIARA Women's Sports Shoes | Breathable Mesh Upper & Cushioned Insole | Lace-Up Running Shoes For Women - Buy CAMPUS CIARA Women's Sports Shoes | Breathable Mesh Upper & Cushioned Insole | Lace-Up Running Shoes For Women Online at Best Price - Shop Online for Footwears in India | Flipkart.com,"₹1,199",http://rukmini1.flixcart.com/image/300/300/xif0q/shoe/l/g/t/8-22l-966-8-campus-blk-l-r-slate-original-imahgfzpuctwchdn.jpeg,https://www.flipkart.com/campus-ciara-women-s-sports-shoes-breathable-mesh-upper-cushioned-insole-lace-up-running-women/p/itm28c0949f42845?pid=SHOH4CKKGG5AN5WD&lid=LSTSHOH4CKKGG5AN5WD7JRUOE&marketplace=FLIPKART&store=osp%2Fiko&srno=b_4_160&otracker=browse&fm=organic&iid=3d830cc9-e5ad-48ef-84c3-482f55642135.SHOH4CKKGG5AN5WD.SEARCH&ppt=browse&ppn=browse&ssid=e6nkya0vfk0000001768226446152
Doctor Health Super Soft Newly Launch | Classic Ultra Soft | Memory Foam | Comfortable|Stylish|Trendy Bellies For Women - Buy Doctor Health Super Soft Newly Launch | Classic Ultra Soft | Memory Foam | Comfortable|Stylish|Trendy Bellies For Women Online at Best Price - Shop Online for Footwears in India | Flipkart.com,₹498,http://rukmini1.flixcart.com/image/300/300/xif0q/shopsy-shoe/x/9/2/6-sh-dhss-215-elegant-pink-39-0-doctor-health-super-soft-pink-original-imahgybq88kzffgd.jpeg,https://www.flipkart.com/doctor-health-super-soft-newly-launch-classic-ultra-memory-foam-comfortable-stylish-trendy-bellies-women/p/itm3964abf0d7553?pid=SHOH7N79GR34XMSK&lid=LSTSHOH7N79GR34XMSK7SNE6K&marketplace=FLIPKART&store=osp%2Fiko&srno=b_18_698&otracker=browse&fm=organic&iid=en_NTAPhKckpBzXDWfOGFjUWzRzaPcflmG2rU7-fo2H0qwZvTSSfPHYcYMrnJvErfihLCjUkaizW0Uf8So-SALQLA%3D%3D&ppt=browse&ppn=browse&ssid=kfeo5jgxww0000001768226663673
Birde Women Clogs - Buy Birde Women Clogs Online at Best Price - Shop Online for Footwears in India | Flipkart.com,₹462,http://rukmini1.flixcart.com/image/300/300/xif0q/kids-sandal/d/z/b/5-brd-sn-1193-birde-original-imah4m3xexyjcc9m.jpeg,https://www.flipkart.com/birde-women-clogs/p/itm3e48cd2d6510e?pid=SNDHF6WWUCSXTBMH&lid=LSTSNDHF6WWUCSXTBMHE9DBL5&marketplace=FLIPKART&store=osp%2Fiko&srno=b_17_658&otracker=browse&fm=organic&iid=en_-1UVHzCH-jLPIUjhAaIh3CfP-_LzqvWxPxjV9QMLdvLbRtgwab21Ve9X8nh2ktLwS6qtdjSFU9Zg4J3AqaVwQg%3D%3D&ppt=browse&ppn=browse&ssid=vnotkb0e2o0000001768226647060
DOCTOR ORTHO PLUS COMFY Women Slippers - Buy DOCTOR ORTHO PLUS COMFY Women Slippers Online at Best Price - Shop Online for Footwears in India | Flipkart.com,₹294,http://rukmini1.flixcart.com/image/300/300/xif0q/slipper-flip-flop/o/b/w/-original-imahg24ysdhw5m7e.jpeg,https://www.flipkart.com/doctor-ortho-plus-comfy-women-slippers/p/itm61b085ba1f81c?pid=SFFGXMGGWEUGEBJ2&lid=LSTSFFGXMGGWEUGEBJ2QSEG3L&marketplace=FLIPKART&store=osp%2Fiko&srno=b_8_287&otracker=browse&fm=organic&iid=en_EEM0Z8bU_Rhw0iEruWD7IknRK1asvTkmmjvzvzdwOpRDT-0edG782gtn14PddeYd_IZH0lSCt5pWg1EonkPLqg%3D%3D&ppt=browse&ppn=browse&ssid=2go0snlczk0000001768226510439
WOLVESDEN Women Flip Flops - Buy WOLVESDEN Women Flip Flops Online at Best Price - Shop Online for Footwears in India | Flipkart.com,₹279,http://rukmini1.flixcart.com/image/300/300/xif0q/slipper-flip-flop/0/o/m/4-double-carpe25-m-a24-pink-4-wolvesden-pink-original-imahdxysvrgy9gbv.jpeg,https://www.flipkart.com/wolvesden-women-flip-flops/p/itm994ccd9ddbcd5?pid=SFFHDXYTHNSCVEY9&lid=LSTSFFHDXYTHNSCVEY9O5US9N&marketplace=FLIPKART&store=osp%2Fiko&srno=b_9_354&otracker=browse&fm=organic&iid=dbcc83ce-aca9-4f02-99f6-46c63dc65f87.SFFHDXYTHNSCVEY9.SEARCH&ppt=browse&ppn=browse&ssid=xqf91pbbtc0000001768226524489
WOLVESDEN Women Flip Flops - Buy WOLVESDEN Women Flip Flops Online at Best Price - Shop Online for Footwears in India | Flipkart.com,₹172,http://rukmini1.flixcart.com/image/300/300/xif0q/slipper-flip-flop/j/s/o/3-90-thongfur-09-maroon-3-wolvesden-maroon-original-imahebay2tpkpzft.jpeg,https://www.flipkart.com/wolvesden-women-flip-flops/p/itm81793a72b3355?pid=SFFHEBA38CJQVJPY&lid=LSTSFFHEBA38CJQVJPYTYOZ15&marketplace=FLIPKART&store=osp%2Fiko&srno=b_9_353&otracker=browse&fm=organic&iid=dbcc83ce-aca9-4f02-99f6-46c63dc65f87.SFFHEBA38CJQVJPY.SEARCH&ppt=browse&ppn=browse&ssid=xqf91pbbtc0000001768226524489
K' Footlance Stylish Walking Partywear Sneakers Casual Shoes Walking Shoes For Women - Buy K' Footlance Stylish Walking Partywear Sneakers Casual Shoes Walking Shoes For Women Online at Best Price - Shop Online for Footwears in India | Flipkart.com,₹360,http://rukmini1.flixcart.com/image/300/300/xif0q/shoe/p/q/7/-original-imahftqt29bfr64f.jpeg,https://www.flipkart.com/k-footlance-stylish-walking-partywear-sneakers-casual-shoes-women/p/itm0d77730e70a9b?pid=SHOHDYKDTVZ82J6C&lid=LSTSHOHDYKDTVZ82J6CZMSGSL&marketplace=FLIPKART&store=osp%2Fiko&srno=b_4_159&otracker=browse&fm=organic&iid=3d830cc9-e5ad-48ef-84c3-482f55642135.SHOHDYKDTVZ82J6C.SEARCH&ppt=browse&ppn=browse&ssid=e6nkya0vfk0000001768226446152
,,,https://www.flipkart.com/red-tape-women-s-athleisure-sports-shoes-active-everyday-style-walking-women/p/itmb05ff265eedc4?pid=SHOHFMMNY3NH5RF7&lid=LSTSHOHFMMNY3NH5RF7STHW39&marketplace=FLIPKART&store=osp%2Fiko&srno=b_9_322&otracker=browse&fm=organic&iid=en_jKiTE6Xmr9FQVVFK71OPaiDktBYzHs-QOOuNf_RPcUDYLSB2X6YfyY0wRI1-dKbYBHWujxpNK-wKj40vfSERWvUFjCTyOHoHZs-Z5_PS_w0%3D&ppt=browse&ppn=browse&ssid=xqf91pbbtc0000001768226524489
Layasa Colorblock Flat Sneakers with Ultra Soft Cushion Lace-Up All-Day Comfort Shoes| Sneakers For Women - Buy Layasa Colorblock Flat Sneakers with Ultra Soft Cushion Lace-Up All-Day Comfort Shoes| Sneakers For Women Online at Best Price - Shop Online for Footwears in India | Flipkart.com,₹444,http://rukmini1.flixcart.com/image/300/300/xif0q/shoe/6/4/0/-original-imahg24fgksym3sy.jpeg,https://www.flipkart.com/layasa-colorblock-flat-sneakers-ultra-soft-cushion-lace-up-all-day-comfort-shoes-women/p/itm6d3b0eedca3fe?pid=SHOHBNSUAGNVCVGG&lid=LSTSHOHBNSUAGNVCVGGIODQJI&marketplace=FLIPKART&store=osp%2Fiko&srno=b_12_460&otracker=browse&fm=organic&iid=3beba5be-cff5-4b74-8ac4-2f92765b4e5d.SHOHBNSUAGNVCVGG.SEARCH&ppt=browse&ppn=browse&ssid=ecse3v9ai80000001768226569451
Rambo Silky Black Korean Sneakers For Women - Buy Rambo Silky Black Korean Sneakers For Women Online at Best Price - Shop Online for Footwears in India | Flipkart.com,₹599,http://rukmini1.flixcart.com/image/300/300/xif0q/shoe/m/v/r/6-thar-104-jazz-girl-black-original-imah6797gsfjxrzf.jpeg,https://www.flipkart.com/rambo-silky-black-korean-sneakers-women/p/itm7ed68fa1626ab?pid=SHOH68VXZNCGPJSF&lid=LSTSHOH68VXZNCGPJSFTYLPVP&marketplace=FLIPKART&store=osp%2Fiko&srno=b_2_69&otracker=browse&fm=organic&iid=464c9e9f-a691-419d-8fd2-680b9c4477eb.SHOH68VXZNCGPJSF.SEARCH&ppt=browse&ppn=browse&ssid=w8w25ktupc0000001768226402885
Birde Women Clogs - Buy Birde Women Clogs Online at Best Price - Shop Online for Footwears in India | Flipkart.com,₹453,http://rukmini1.flixcart.com/image/300/300/xif0q/sandal/s/y/4/-original-imahgyc5mvvgqrfj.jpeg,https://www.flipkart.com/birde-women-clogs/p/itme980a02719ccf?pid=SNDH448PXTDUWVH5&lid=LSTSNDH448PXTDUWVH55INUAR&marketplace=FLIPKART&store=osp%2Fiko&srno=b_13_501&otracker=browse&fm=organic&iid=en_oTiHhq5sCa4wyoPUe1Jja7z0X67n8q4OQWl7fgPeTTrEULAogkVYukcSfb7f3BucAlhLlBwg0zWR4GZVViIpgQ%3D%3D&ppt=browse&ppn=browse&ssid=q7vp90axtc0000001768226586549
Layasa Casual White Shoes For Girls And Sneakers For Women - Buy Layasa Casual White Shoes For Girls And Sneakers For Women Online at Best Price - Shop Online for Footwears in India | Flipkart.com,₹453,http://rukmini1.flixcart.com/image/300/300/xif0q/shoe/q/d/i/-original-imahg24fh4kkcagr.jpeg,https://www.flipkart.com/layasa-casual-white-shoes-girls-sneakers-women/p/itm68589d1dcbcc9?pid=SHOGGYH5UTUAJDXZ&lid=LSTSHOGGYH5UTUAJDXZ6JQRZ7&marketplace=FLIPKART&store=osp%2Fiko&srno=b_11_434&otracker=browse&fm=organic&iid=d9f69b20-3523-485c-a484-27a8b56a461d.SHOGGYH5UTUAJDXZ.SEARCH&ppt=browse&ppn=browse&ssid=xkwuilrkog0000001768226554244
Birde Women Clogs - Buy Birde Women Clogs Online at Best Price - Shop Online for Footwears in India | Flipkart.com,₹462,http://rukmini1.flixcart.com/image/300/300/xif0q/kids-sandal/d/z/b/5-brd-sn-1193-birde-original-imah4m3xexyjcc9m.jpeg,https://www.flipkart.com/birde-women-clogs/p/itm3e48cd2d6510e?pid=SNDHF6WWUCSXTBMH&lid=LSTSNDHF6WWUCSXTBMHE9DBL5&marketplace=FLIPKART&store=osp%2Fiko&srno=b_7_257&otracker=browse&fm=organic&iid=en_AGnRzahflnjrzyGSofhuYuObKQCu69iMSBfo6h9bNg2bFcpjvHGRR2280y1XDRHhS6qtdjSFU9Zg4J3AqaVwQg%3D%3D&ppt=browse&ppn=browse&ssid=l4zc74md9s0000001768226494682
Fabbmate Fabbmate Casual Sports shoes White Sneakers for Women Girls White Shoes Sneakers For Women - Buy Fabbmate Fabbmate Casual Sports shoes White Sneakers for Women Girls White Shoes Sneakers For Women Online at Best Price - Shop Online for Footwears in India | Flipkart.com,₹430,http://rukmini1.flixcart.com/image/300/300/xif0q/shoe/y/o/8/-original-imahgybzagp4fb5z.jpeg,https://www.flipkart.com/fabbmate-casual-sports-shoes-white-sneakers-women-girls/p/itm13d239387dce2?pid=SHOH2W6ZB2MH2QGV&lid=LSTSHOH2W6ZB2MH2QGVK1DW0L&marketplace=FLIPKART&store=osp%2Fiko&srno=b_6_227&otracker=browse&fm=organic&iid=en_FdZ7yfzNiLSuTZt3ug5zoWIjYKMzdeLPs-DtXUP-fn3iBQVGeQsI6Ie-7ntHY8yvQNh5wW6uHsKomg6zNrpCdg%3D%3D&ppt=browse&ppn=browse&ssid=jtks0xz00w0000001768226479320
Flopsie Flopsie Premium Women Winter Sneaker MemoryFoam Gym & Casual Outdoor Sneakers For Women - Buy Flopsie Flopsie Premium Women Winter Sneaker MemoryFoam Gym & Casual Outdoor Sneakers For Women Online at Best Price - Shop Online for Footwears in India | Flipkart.com,₹364,http://rukmini1.flixcart.com/image/300/300/xif0q/shopsy-shoe/w/r/h/7-ts-506-pnk-7-two-soft-pink-original-imah5fvnghps5mfr.jpeg,https://www.flipkart.com/flopsie-premium-women-winter-sneaker-memoryfoam-gym-casual-outdoor-sneakers/p/itm07bfdd53efaed?pid=SHOH6T4HQVZKYMZH&lid=LSTSHOH6T4HQVZKYMZH2RH8E0&marketplace=FLIPKART&store=osp%2Fiko&srno=b_4_137&otracker=browse&fm=organic&iid=en_0D43y1Gkov2fa4f2QX2QfRL0_YJcqARvUPQbUbgzRN6A8IrnxJEEExAKrtBwVwqZOHNLAZ5aABZblqsk8brlAw%3D%3D&ppt=browse&ppn=browse&ssid=e6nkya0vfk0000001768226446152
action Women APTW-106 Slippers - Buy action Women APTW-106 Slippers Online at Best Price - Shop Online for Footwears in India | Flipkart.com,₹355,http://rukmini1.flixcart.com/image/300/300/xif0q/slipper-flip-flop/n/y/g/8-aptw0106-action-tan-beige-original-imahfvqyndupvhra.jpeg,https://www.flipkart.com/action-women-aptw-106-slippers/p/itm8144db3d6b1c3?pid=SFFHFVQYDNXDADBE&lid=LSTSFFHFVQYDNXDADBEDWU4JA&marketplace=FLIPKART&store=osp%2Fiko&srno=b_10_366&otracker=browse&fm=organic&iid=4ad595d9-2879-4175-951e-b6349d2847c2.SFFHFVQYDNXDADBE.SEARCH&ppt=browse&ppn=browse&ssid=my7hzbekzk0000001768226539546
Fabbmate Fabbmate Casual Sports shoes White Sneakers for Women Girls White Shoes Sneakers For Women - Buy Fabbmate Fabbmate Casual Sports shoes White Sneakers for Women Girls White Shoes Sneakers For Women Online at Best Price - Shop Online for Footwears in India | Flipkart.com,₹430,http://rukmini1.flixcart.com/image/300/300/xif0q/shoe/y/o/8/-original-imahgybzagp4fb5z.jpeg,https://www.flipkart.com/fabbmate-casual-sports-shoes-white-sneakers-women-girls/p/itm13d239387dce2?pid=SHOH2W6ZB2MH2QGV&lid=LSTSHOH2W6ZB2MH2QGVK1DW0L&marketplace=FLIPKART&store=osp%2Fiko&srno=b_3_105&otracker=browse&fm=organic&iid=en_RAZjS9M4pbKu14UKMNDI4m6TFZJ_so7CIuKdOfWnqpAjn7HB8szVJUhkAHo_aqCviQXyBx0u5vMSaJoRS6fRXg%3D%3D&ppt=browse&ppn=browse&ssid=7of36l05000000001768226424463
SHOETOPIA Boots Trendy Casual Party Wear Daily Wear Comfortable Stylish Boots for Girls Boots For Women - Buy SHOETOPIA Boots Trendy Casual Party Wear Daily Wear Comfortable Stylish Boots for Girls Boots For Women Online at Best Price - Shop Online for Footwears in India | Flipkart.com,₹757,http://rukmini1.flixcart.com/image/300/300/xif0q/shoe/x/e/2/6-boot-06-shoetopia-black-original-imagkh44yfrzcjms.jpeg,https://www.flipkart.com/shoetopia-boots-trendy-casual-party-wear-daily-comfortable-stylish-girls-women/p/itma4c14f73107b0?pid=SHOGKH8UXRNCDEX4&lid=LSTSHOGKH8UXRNCDEX4RZVNEE&marketplace=FLIPKART&store=osp%2Fiko&srno=b_19_729&otracker=browse&fm=organic&iid=4367eae6-781b-4f71-84d5-98c38bcd1ce8.SHOGKH8UXRNCDEX4.SEARCH&ppt=browse&ppn=browse&ssid=3d4mzm90og0000001768226678442
Birde Women Clogs - Buy Birde Women Clogs Online at Best Price - Shop Online for Footwears in India | Flipkart.com,₹462,http://rukmini1.flixcart.com/image/300/300/xif0q/kids-sandal/d/z/b/5-brd-sn-1193-birde-original-imah4m3xexyjcc9m.jpeg,https://www.flipkart.com/birde-women-clogs/p/itm3e48cd2d6510e?pid=SNDHF6WWUCSXTBMH&lid=LSTSNDHF6WWUCSXTBMHE9DBL5&marketplace=FLIPKART&store=osp%2Fiko&srno=b_3_98&otracker=browse&fm=organic&iid=en_RAZjS9M4pbKu14UKMNDI4m6TFZJ_so7CIuKdOfWnqpBml2p5E4ZGyZ65xinlkfmsS6qtdjSFU9Zg4J3AqaVwQg%3D%3D&ppt=browse&ppn=browse&ssid=7of36l05000000001768226424463
HRX by Hrithik Roshan Women Slippers - Buy HRX by Hrithik Roshan Women Slippers Online at Best Price - Shop Online for Footwears in India | Flipkart.com,₹498,http://rukmini1.flixcart.com/image/300/300/xif0q/sandal/q/y/6/6-ftr-9200-white-39-39-feet-runner-white-original-imahh5asuqtmwtxt.jpeg,https://www.flipkart.com/hrx-hrithik-roshan-women-slippers/p/itm865de10889215?pid=SFFHGTX3HHZQKCU3&lid=LSTSFFHGTX3HHZQKCU32DEB72&marketplace=FLIPKART&store=osp%2Fiko&srno=b_13_486&otracker=browse&fm=organic&iid=ac0383e4-33b1-4776-ade8-aae7a7f6dc44.SFFHGTX3HHZQKCU3.SEARCH&ppt=browse&ppn=browse&ssid=q7vp90axtc0000001768226586549
WRIZT White New Stylish Look Comfortable Casual Shoes Womens And Girls Running Shoes For Women - Buy WRIZT White New Stylish Look Comfortable Casual Shoes Womens And Girls Running Shoes For Women Online at Best Price - Shop Online for Footwears in India | Flipkart.com,₹411,http://rukmini1.flixcart.com/image/300/300/xif0q/shoe/i/x/r/-original-imahfz7zdwgdkhsy.jpeg,https://www.flipkart.com/wrizt-white-new-stylish-look-comfortable-casual-shoes-womens-girls-running-women/p/itm31d0b78081a36?pid=SHOGQ7QVSCZZY2WZ&lid=LSTSHOGQ7QVSCZZY2WZ7R9I1D&marketplace=FLIPKART&store=osp%2Fiko&srno=b_17_673&otracker=browse&fm=organic&iid=a651fdd0-6b03-4c05-9376-7c1e494b32f5.SHOGQ7QVSCZZY2WZ.SEARCH&ppt=browse&ppn=browse&ssid=vnotkb0e2o0000001768226647060
Svaar Women Clogs - Buy Svaar Women Clogs Online at Best Price - Shop Online for Footwears in India | Flipkart.com,₹499,http://rukmini1.flixcart.com/image/300/300/xif0q/sandal/x/e/z/5-svr1125kbrv-5-svaar-pure-white-original-imah74zsm3hqxgmb.jpeg,https://www.flipkart.com/svaar-women-clogs/p/itmc27e09582768e?pid=SNDH6WHX2UHNGE8S&lid=LSTSNDH6WHX2UHNGE8SUKOT3A&marketplace=FLIPKART&store=osp%2Fiko&srno=b_8_312&otracker=browse&fm=organic&iid=en_EEM0Z8bU_Rhw0iEruWD7IknRK1asvTkmmjvzvzdwOpT0Igvl0se4YNNfpsG3iQNpJ82pTT3WpjmHYyesQdOyEQ%3D%3D&ppt=browse&ppn=browse&ssid=2go0snlczk0000001768226510439
CAMPUS ZOE PLUS Women's Casual Shoes | Memory Foam Insole with Pillo Foam | Slip On Walking Shoes For Women - Buy CAMPUS ZOE PLUS Women's Casual Shoes | Memory Foam Insole with Pillo Foam | Slip On Walking Shoes For Women Online at Best Price - Shop Online for Footwears in India | Flipkart.com,₹799,http://rukmini1.flixcart.com/image/300/300/xif0q/shoe/h/h/h/6-11g-149-6-campus-l-gry-b-pink-original-imahj4bfph8zwxxr.jpeg,https://www.flipkart.com/campus-zoe-plus-women-s-casual-shoes-memory-foam-insole-pillo-slip-walking-women/p/itm3645b22e7e072?pid=SHOFXFETSBF4BRCH&lid=LSTSHOFXFETSBF4BRCHMIECI5&marketplace=FLIPKART&store=osp%2Fiko&srno=b_9_334&otracker=browse&fm=organic&iid=dbcc83ce-aca9-4f02-99f6-46c63dc65f87.SHOFXFETSBF4BRCH.SEARCH&ppt=browse&ppn=browse&ssid=xqf91pbbtc0000001768226524489
PIYARI Bellies For Women - Buy PIYARI Bellies For Women Online at Best Price - Shop Online for Footwears in India | Flipkart.com,₹400,http://rukmini1.flixcart.com/image/300/300/xif0q/shoe/w/b/e/-original-imahfz7z6ez5tj7m.jpeg,https://www.flipkart.com/piyari-bellies-women/p/itmfa3818e05f742?pid=SHOH6D9ZAKYWVDHG&lid=LSTSHOH6D9ZAKYWVDHG5TPWIH&marketplace=FLIPKART&store=osp%2Fiko&srno=b_11_440&otracker=browse&fm=organic&iid=d9f69b20-3523-485c-a484-27a8b56a461d.SHOH6D9ZAKYWVDHG.SEARCH&ppt=browse&ppn=browse&ssid=xkwuilrkog0000001768226554244
JIG & SID Women Wedges - Buy JIG & SID Women Wedges Online at Best Price - Shop Online for Footwears in India | Flipkart.com,₹347,http://rukmini1.flixcart.com/image/300/300/xif0q/sandal/b/v/c/-original-imahgffmuqgstdcc.jpeg,https://www.flipkart.com/jig-sid-women-wedges/p/itm423e5d8e0ef82?pid=SNDGUYBVXZGPJZCK&lid=LSTSNDGUYBVXZGPJZCK6GUL8G&marketplace=FLIPKART&store=osp%2Fiko&srno=b_17_666&otracker=browse&fm=organic&iid=a651fdd0-6b03-4c05-9376-7c1e494b32f5.SNDGUYBVXZGPJZCK.SEARCH&ppt=browse&ppn=browse&ssid=vnotkb0e2o0000001768226647060
WALKAROO Women Casual - Buy WALKAROO Women Casual Online at Best Price - Shop Online for Footwears in India | Flipkart.com,₹309,http://rukmini1.flixcart.com/image/300/300/xif0q/sandal/o/k/f/8-wl7573-teal-blue-ladies-8-walkaroo-teal-blue-original-imahgfvnjgw6rkut.jpeg,https://www.flipkart.com/walkaroo-women-casual/p/itm87498e22c1522?pid=SNDH6ZHGSVJ2HFRV&lid=LSTSNDH6ZHGSVJ2HFRVIJNPAB&marketplace=FLIPKART&store=osp%2Fiko&srno=b_1_30&otracker=browse&fm=organic&iid=27a448ff-87bd-4ea6-984d-908d0a814445.SNDH6ZHGSVJ2HFRV.SEARCH&ppt=None&ppn=None&ssid=uekt84okeo0000001768226382861
TWO SOFT Boots For Women - Buy TWO SOFT Boots For Women Online at Best Price - Shop Online for Footwears in India | Flipkart.com,₹370,http://rukmini1.flixcart.com/image/300/300/xif0q/shoe/i/g/8/4-ts-511-blk-4-two-soft-black-original-imah4gs5fax6mvau.jpeg,https://www.flipkart.com/two-soft-boots-women/p/itme1c11a8c77d0f?pid=SHOH44H7ZBKGCKKF&lid=LSTSHOH44H7ZBKGCKKFYOD1YW&marketplace=FLIPKART&store=osp%2Fiko&srno=b_11_428&otracker=browse&fm=organic&iid=en_yzKT70zsUvLVIiVJzjcGD6y4PwfYgrFyB-JPR4zv0wD__x9sDL_PDAI4aHbAY_1pIcv3d-QNoQ3-Vy6D5Gbp1g%3D%3D&ppt=browse&ppn=browse&ssid=xkwuilrkog0000001768226554244
Fabbmate Fabbmate Casual Sports shoes White Sneakers for Women Girls White Shoes Sneakers For Women - Buy Fabbmate Fabbmate Casual Sports shoes White Sneakers for Women Girls White Shoes Sneakers For Women Online at Best Price - Shop Online for Footwears in India | Flipkart.com,₹430,http://rukmini1.flixcart.com/image/300/300/xif0q/shoe/y/o/8/-original-imahgybzagp4fb5z.jpeg,https://www.flipkart.com/fabbmate-casual-sports-shoes-white-sneakers-women-girls/p/itm13d239387dce2?pid=SHOH2W6ZB2MH2QGV&lid=LSTSHOH2W6ZB2MH2QGVK1DW0L&marketplace=FLIPKART&store=osp%2Fiko&srno=b_7_261&otracker=browse&fm=organic&iid=en_AGnRzahflnjrzyGSofhuYuObKQCu69iMSBfo6h9bNg0w_V-hyBWqGGLEyut_DbnphSqxCFXj-JBank3EhpzgDw%3D%3D&ppt=browse&ppn=browse&ssid=l4zc74md9s0000001768226494682
asian Casual Sneaker Shoes For Women | Stylish and Comfortable | Lace-Up Style Running Shoes For Women - Buy asian Casual Sneaker Shoes For Women | Stylish and Comfortable | Lace-Up Style Running Shoes For Women Online at Best Price - Shop Online for Footwears in India | Flipkart.com,₹773,http://rukmini1.flixcart.com/image/300/300/xif0q/shoe/x/4/q/4-blossom-07-4-asian-white-slate-pink-original-imahahh8g4mjppmf.jpeg,https://www.flipkart.com/asian-casual-sneaker-shoes-women-stylish-comfortable-lace-up-style-running/p/itmfaa6b7cacbce5?pid=SHOGUYEUKKBK7XAF&lid=LSTSHOGUYEUKKBK7XAFZJ8VBF&marketplace=FLIPKART&store=osp%2Fiko&srno=b_12_476&otracker=browse&fm=organic&iid=3beba5be-cff5-4b74-8ac4-2f92765b4e5d.SHOGUYEUKKBK7XAF.SEARCH&ppt=browse&ppn=browse&ssid=ecse3v9ai80000001768226569451
RED TAPE Women's Athleisure Sports Shoes for Active Everyday Style Walking Shoes For Women - Buy RED TAPE Women's Athleisure Sports Shoes for Active Everyday Style Walking Shoes For Women Online at Best Price - Shop Online for Footwears in India | Flipkart.com,"₹1,097",http://rukmini1.flixcart.com/image/300/300/xif0q/shoe/v/q/c/-original-imahjhjny4eytrcj.jpeg,https://www.flipkart.com/red-tape-women-s-athleisure-sports-shoes-active-everyday-style-walking-women/p/itmb05ff265eedc4?pid=SHOHFMMNY3NH5RF7&lid=LSTSHOHFMMNY3NH5RF7STHW39&marketplace=FLIPKART&store=osp%2Fiko&srno=b_18_682&otracker=browse&fm=organic&iid=en_NTAPhKckpBzXDWfOGFjUWzRzaPcflmG2rU7-fo2H0qwCD1d4kdR8ilX0WteQ6zI9BHWujxpNK-wKj40vfSERWvUFjCTyOHoHZs-Z5_PS_w0%3D&ppt=browse&ppn=browse&ssid=kfeo5jgxww0000001768226663673
Flopsie Women TWO SOFT Comfortable Stylish Doctor Ortho | Adjustable Toe Hook Slippers - Buy Flopsie Women TWO SOFT Comfortable Stylish Doctor Ortho | Adjustable Toe Hook Slippers Online at Best Price - Shop Online for Footwears in India | Flipkart.com,₹206,http://rukmini1.flixcart.com/image/300/300/xif0q/slipper-flip-flop/r/u/s/8-new-035-pink-flopsie-pink-original-imahgepuf4s79zgr.jpeg,https://www.flipkart.com/flopsie-women-two-soft-comfortable-stylish-doctor-ortho-adjustable-toe-hook-slippers/p/itm2e9b435784dc1?pid=SFFH6U8TMGHHHHQ7&lid=LSTSFFH6U8TMGHHHHQ7EN3JLC&marketplace=FLIPKART&store=osp%2Fiko&srno=b_8_308&otracker=browse&fm=organic&iid=en_EEM0Z8bU_Rhw0iEruWD7IknRK1asvTkmmjvzvzdwOpT5st91T1LFfehZt4k45erI9s6dSnBuTs1PbR-5EbaLWQ%3D%3D&ppt=browse&ppn=browse&ssid=2go0snlczk0000001768226510439
CIBEK Women Doctor step with cibek comfortable extra soft daily wear women slipper pack of 2 Flip Flops - Buy CIBEK Women Doctor step with cibek comfortable extra soft daily wear women slipper pack of 2 Flip Flops Online at Best Price - Shop Online for Footwears in India | Flipkart.com,₹286,http://rukmini1.flixcart.com/image/300/300/xif0q/slipper-flip-flop/t/l/a/8-fk-a2-navy-a5-pink-cibek-blue-pink-original-imahgb5bwqs8kakq.jpeg,https://www.flipkart.com/cibek-women-doctor-step-comfortable-extra-soft-daily-wear-slipper-pack-2-flip-flops/p/itm6d170a47380ab?pid=SFFHFFS7KJQWDGYD&lid=LSTSFFHFFS7KJQWDGYDMSRQXG&marketplace=FLIPKART&store=osp%2Fiko&srno=b_8_290&otracker=browse&fm=organic&iid=79f2c90c-e0c0-4aba-9a8f-665fed88ffe8.SFFHFFS7KJQWDGYD.SEARCH&ppt=browse&ppn=browse&ssid=2go0snlczk0000001768226510439
JUMPLITE Women Flats - Buy JUMPLITE Women Flats Online at Best Price - Shop Online for Footwears in India | Flipkart.com,₹473,http://rukmini1.flixcart.com/image/300/300/xif0q/sandal/q/e/r/-original-imahgyc4mgfrcgnr.jpeg,https://www.flipkart.com/jumplite-women-flats/p/itm5c593f279c394?pid=SNDHCHGKHNVZNSV8&lid=LSTSNDHCHGKHNVZNSV8JH14JX&marketplace=FLIPKART&store=osp%2Fiko&srno=b_4_155&otracker=browse&fm=organic&iid=en_0D43y1Gkov2fa4f2QX2QfRL0_YJcqARvUPQbUbgzRN6h0_xu2KQmmtTShVTFHtpIrxm2xvAyfCTlUVeXLICShQ%3D%3D&ppt=browse&ppn=browse&ssid=e6nkya0vfk0000001768226446152
Flopsie Flopsie Premium Women Winter Sneaker MemoryFoam Gym & Casual Outdoor Sneakers For Women - Buy Flopsie Flopsie Premium Women Winter Sneaker MemoryFoam Gym & Casual Outdoor Sneakers For Women Online at Best Price - Shop Online for Footwears in India | Flipkart.com,₹364,http://rukmini1.flixcart.com/image/300/300/xif0q/shoe/9/t/d/7-ts-509-purple-7-flopsie-purple-original-imah77zfdu8nurgg.jpeg,https://www.flipkart.com/flopsie-premium-women-winter-sneaker-memoryfoam-gym-casual-outdoor-sneakers/p/itm07bfdd53efaed?pid=SHOH6T4HHMFRQGRH&lid=LSTSHOH6T4HHMFRQGRHDGRCUN&marketplace=FLIPKART&store=osp%2Fiko&srno=b_16_625&otracker=browse&fm=organic&iid=en_r6jE2bFuVoC3-Xm07u_rlTuKR8b77BFlQp2ofdjatrDAoOyKqPLDCS0P7ALo5isiUHLxqCNi3KIcgUwnpPjdlg%3D%3D&ppt=browse&ppn=browse&ssid=g8rc5k3vsw0000001768226631080
Flopsie Women Flopsie Women Stylish Soft Comfortable Slipper Lightweight Dailywear Slippers - Buy Flopsie Women Flopsie Women Stylish Soft Comfortable Slipper Lightweight Dailywear Slippers Online at Best Price - Shop Online for Footwears in India | Flipkart.com,₹195,http://rukmini1.flixcart.com/image/300/300/xif0q/slipper-flip-flop/a/g/y/-original-imahfz7zgeskgcgw.jpeg,https://www.flipkart.com/flopsie-women-stylish-soft-comfortable-slipper-lightweight-dailywear-slippers/p/itme457640427578?pid=SFFH6U8THFPYZHFA&lid=LSTSFFH6U8THFPYZHFARVBL33&marketplace=FLIPKART&store=osp%2Fiko&srno=b_17_641&otracker=browse&fm=organic&iid=en_-1UVHzCH-jLPIUjhAaIh3CfP-_LzqvWxPxjV9QMLdvIzwKhCwqNpHwVabf8hsf-1-c5GgTdDjE-lyEAq8HSJWQ%3D%3D&ppt=browse&ppn=browse&ssid=vnotkb0e2o0000001768226647060
Fabbmate Fabbmate Casual Sports shoes White Sneakers for Women Girls White Shoes Sneakers For Women - Buy Fabbmate Fabbmate Casual Sports shoes White Sneakers for Women Girls White Shoes Sneakers For Women Online at Best Price - Shop Online for Footwears in India | Flipkart.com,₹430,http://rukmini1.flixcart.com/image/300/300/xif0q/shoe/4/d/d/-original-imahgybxsskvnwhz.jpeg,https://www.flipkart.com/fabbmate-casual-sports-shoes-white-sneakers-women-girls/p/itma5fcb289f70ae?pid=SHOHF5MMXVPJPFJZ&lid=LSTSHOHF5MMXVPJPFJZUOBPOX&marketplace=FLIPKART&store=osp%2Fiko&srno=b_3_113&otracker=browse&fm=organic&iid=9895b54a-05d8-4486-a10f-6b2521abf21a.SHOHF5MMXVPJPFJZ.SEARCH&ppt=browse&ppn=browse&ssid=7of36l05000000001768226424463
FLITE Women Slippers - Buy FLITE Women Slippers Online at Best Price - Shop Online for Footwears in India | Flipkart.com,₹389,http://rukmini1.flixcart.com/image/300/300/xif0q/slipper-flip-flop/9/l/g/8-fl-2054-flite-pink-purple-original-imahd7aa5gkztqrx.jpeg,https://www.flipkart.com/flite-women-slippers/p/itm20fa72bdd96fe?pid=SFFHD7AAFTW8GSBU&lid=LSTSFFHD7AAFTW8GSBUD5ABRH&marketplace=FLIPKART&store=osp%2Fiko&srno=b_16_620&otracker=browse&fm=organic&iid=f851c3a1-fab8-4070-ad3d-84b4cbacc113.SFFHD7AAFTW8GSBU.SEARCH&ppt=browse&ppn=browse&ssid=g8rc5k3vsw0000001768226631080
TWO SOFT Women Women Fancy Stylish Comfortable Printed Slipper Lightweight Dailywear Slides - Buy TWO SOFT Women Women Fancy Stylish Comfortable Printed Slipper Lightweight Dailywear Slides Online at Best Price - Shop Online for Footwears in India | Flipkart.com,₹212,http://rukmini1.flixcart.com/image/300/300/xif0q/slipper-flip-flop/3/6/9/8-ts-034-onion-two-soft-magenta-pink-original-imah3nkszgnqhmey.jpeg,https://www.flipkart.com/two-soft-women-fancy-stylish-comfortable-printed-slipper-lightweight-dailywear-slides/p/itm30bb62b2d872b?pid=SFFH23FVMCDB8FCT&lid=LSTSFFH23FVMCDB8FCT6HQMUH&marketplace=FLIPKART&store=osp%2Fiko&srno=b_17_663&otracker=browse&fm=organic&iid=a651fdd0-6b03-4c05-9376-7c1e494b32f5.SFFH23FVMCDB8FCT.SEARCH&ppt=browse&ppn=browse&ssid=vnotkb0e2o0000001768226647060
TAFSHA Women Slides - Buy TAFSHA Women Slides Online at Best Price - Shop Online for Footwears in India | Flipkart.com,₹294,http://rukmini1.flixcart.com/image/300/300/xif0q/slipper-flip-flop/u/u/h/6-carpet-sports2-purple-6-tafsha-purple-original-imah3ucscykhacmb.jpeg,https://www.flipkart.com/tafsha-women-slides/p/itm3830aaf7933a7?pid=SFFH3UCTKKGVHRNW&lid=LSTSFFH3UCTKKGVHRNWDHBWZP&marketplace=FLIPKART&store=osp%2Fiko&srno=b_7_252&otracker=browse&fm=organic&iid=en_AGnRzahflnjrzyGSofhuYuObKQCu69iMSBfo6h9bNg3cefZFryf-8eneGEbFTqtjEo0uubj94mPljwc1DwOcBA%3D%3D&ppt=browse&ppn=browse&ssid=l4zc74md9s0000001768226494682
LNT FASHION Sneakers For Women - Buy LNT FASHION Sneakers For Women Online at Best Price - Shop Online for Footwears in India | Flipkart.com,₹448,http://rukmini1.flixcart.com/image/300/300/xif0q/shoe/s/t/4/4-fashion-pink-4-lnt-fashion-pink-original-imah3xzexpz3hwdk.jpeg,https://www.flipkart.com/lnt-fashion-sneakers-women/p/itm47b0c0e22498b?pid=SHOH3TDTNGVMSRFP&lid=LSTSHOH3TDTNGVMSRFPWUIDGR&marketplace=FLIPKART&store=osp%2Fiko&srno=b_15_580&otracker=browse&fm=organic&iid=e6ebe926-2018-479d-b73a-c70125b560f3.SHOH3TDTNGVMSRFP.SEARCH&ppt=browse&ppn=browse&ssid=4i65va4gdc0000001768226615069
WOLVESDEN Women Slippers - Buy WOLVESDEN Women Slippers Online at Best Price - Shop Online for Footwears in India | Flipkart.com,₹286,http://rukmini1.flixcart.com/image/300/300/xif0q/slipper-flip-flop/u/u/h/6-carpet-sports2-purple-6-tafsha-purple-original-imah3ucscykhacmb.jpeg,https://www.flipkart.com/wolvesden-women-slippers/p/itm3830aaf7933a7?pid=SFFH8HD67AFMPSYZ&lid=LSTSFFH8HD67AFMPSYZRNBLPO&marketplace=FLIPKART&store=osp%2Fiko&srno=b_19_724&otracker=browse&fm=organic&iid=4367eae6-781b-4f71-84d5-98c38bcd1ce8.SFFH8HD67AFMPSYZ.SEARCH&ppt=browse&ppn=browse&ssid=3d4mzm90og0000001768226678442
Svaar Women Clogs - Buy Svaar Women Clogs Online at Best Price - Shop Online for Footwears in India | Flipkart.com,₹499,http://rukmini1.flixcart.com/image/300/300/xif0q/sandal/x/e/z/5-svr1125kbrv-5-svaar-pure-white-original-imah74zsm3hqxgmb.jpeg,https://www.flipkart.com/svaar-women-clogs/p/itmc27e09582768e?pid=SNDH6WHX2UHNGE8S&lid=LSTSNDH6WHX2UHNGE8SUKOT3A&marketplace=FLIPKART&store=osp%2Fiko&srno=b_3_111&otracker=browse&fm=organic&iid=en_RAZjS9M4pbKu14UKMNDI4m6TFZJ_so7CIuKdOfWnqpBPRdklI8elBobz2TXH-VNIYpNkQJoZXBoVc7UuLraGZg%3D%3D&ppt=browse&ppn=browse&ssid=7of36l05000000001768226424463
WOLVESDEN Women Flip Flops - Buy WOLVESDEN Women Flip Flops Online at Best Price - Shop Online for Footwears in India | Flipkart.com,₹188,http://rukmini1.flixcart.com/image/300/300/xif0q/slipper-flip-flop/q/s/z/3-crossband-f2-maroon3-wolvesden-maroon-original-imahehfbsznmr5xq.jpeg,https://www.flipkart.com/wolvesden-women-flip-flops/p/itm0d9e52e85ae8c?pid=SFFHFF7WWGVSMZW3&lid=LSTSFFHFF7WWGVSMZW33UJK9W&marketplace=FLIPKART&store=osp%2Fiko&srno=b_7_266&otracker=browse&fm=organic&iid=2255f9d1-351c-40af-ba87-3dde238f6414.SFFHFF7WWGVSMZW3.SEARCH&ppt=browse&ppn=browse&ssid=l4zc74md9s0000001768226494682
FLITE Women Slippers - Buy FLITE Women Slippers Online at Best Price - Shop Online for Footwears in India | Flipkart.com,₹299,http://rukmini1.flixcart.com/image/300/300/xif0q/slipper-flip-flop/n/k/7/6-fl430l-flite-grey-original-imahg6rmwhmnrzgj.jpeg,https://www.flipkart.com/flite-women-slippers/p/itm1aca36a855251?pid=SFFHYBX2JSJBHRYN&lid=LSTSFFHYBX2JSJBHRYNTT5UFL&marketplace=FLIPKART&store=osp%2Fiko&srno=b_18_703&otracker=browse&fm=organic&iid=5a1d23a5-08d7-4630-ac04-42a5e235080b.SFFHYBX2JSJBHRYN.SEARCH&ppt=browse&ppn=browse&ssid=kfeo5jgxww0000001768226663673
Flopsie Flopsie Women Winter Stylish Comfortable Bellies for Women & Girl Loafers For Women - Buy Flopsie Flopsie Women Winter Stylish Comfortable Bellies for Women & Girl Loafers For Women Online at Best Price - Shop Online for Footwears in India | Flipkart.com,₹364,http://rukmini1.flixcart.com/image/300/300/xif0q/shoe/d/d/a/4-ts-304-blu-4-flopsie-blue-original-imahhq9urdh9ghap.jpeg,https://www.flipkart.com/flopsie-women-winter-stylish-comfortable-bellies-girl-loafers/p/itm173c2f56238cf?pid=SHOH6T6ZQGH6GY7W&lid=LSTSHOH6T6ZQGH6GY7W3VD0IQ&marketplace=FLIPKART&store=osp%2Fiko&srno=b_5_197&otracker=browse&fm=organic&iid=en_veuji5O5oxhJ0IBY-vJKNHnFzc2n3kvDK_Yl7nBJXWFBJnHvbcAsIMVruMAP2AQLM8okM-wfjdoHrgIoQVQ5tQ%3D%3D&ppt=browse&ppn=browse&ssid=39jjfmw7uo0000001768226462876
Flopsie Flopsie Women Winter Stylish Comfortable Bellies for Women & Girl Loafers For Women - Buy Flopsie Flopsie Women Winter Stylish Comfortable Bellies for Women & Girl Loafers For Women Online at Best Price - Shop Online for Footwears in India | Flipkart.com,₹364,http://rukmini1.flixcart.com/image/300/300/xif0q/shoe/d/d/a/4-ts-304-blu-4-flopsie-blue-original-imahhq9urdh9ghap.jpeg,https://www.flipkart.com/flopsie-women-winter-stylish-comfortable-bellies-girl-loafers/p/itm173c2f56238cf?pid=SHOH6T6ZQGH6GY7W&lid=LSTSHOH6T6ZQGH6GY7W3VD0IQ&marketplace=FLIPKART&store=osp%2Fiko&srno=b_2_75&otracker=browse&fm=organic&iid=en_gTq8owYLy1hXM2xQT4S-bA2WPpROM5pB8HlXhKpC5IRWSc-rAP-zp0wyEjdvsdueXpyaaHd2kardrFgSA_LOrQ%3D%3D&ppt=browse&ppn=browse&ssid=w8w25ktupc0000001768226402885
DOCTOR ORTHO PLUS COMFY Women Slippers - Buy DOCTOR ORTHO PLUS COMFY Women Slippers Online at Best Price - Shop Online for Footwears in India | Flipkart.com,₹294,http://rukmini1.flixcart.com/image/300/300/xif0q/slipper-flip-flop/o/b/w/-original-imahg24ysdhw5m7e.jpeg,https://www.flipkart.com/doctor-ortho-plus-comfy-women-slippers/p/itm61b085ba1f81c?pid=SFFGXMGGWEUGEBJ2&lid=LSTSFFGXMGGWEUGEBJ2QSEG3L&marketplace=FLIPKART&store=osp%2Fiko&srno=b_14_525&otracker=browse&fm=organic&iid=en_FWKCXMnY93lvHSnL9zoj1bCqUwlx2_zmrJUoWPwyFeQX_4JsdPnL85OJV9B0Y_DTdZzWsBsJPA6YeTc0rV-TMQ%3D%3D&ppt=browse&ppn=browse&ssid=hrwjiqjte80000001768226600931
Flopsie Flopsie Premium Women Winter Sneaker MemoryFoam Gym & Casual Outdoor For Women - Buy Flopsie Flopsie Premium Women Winter Sneaker MemoryFoam Gym & Casual Outdoor For Women Online at Best Price - Shop Online for Footwears in India | Flipkart.com,₹272,http://rukmini1.flixcart.com/image/300/300/xif0q/shoe/p/c/b/8-ts-206-multi-8-flopsie-multi-original-imah6t4k5dhqpd8g.jpeg,https://www.flipkart.com/flopsie-premium-women-winter-sneaker-memoryfoam-gym-casual-outdoor/p/itmeac7a738693c9?pid=SHOH6T5VZQVCSWD8&lid=LSTSHOH6T5VZQVCSWD8UVLSTO&marketplace=FLIPKART&store=osp%2Fiko&srno=b_6_205&otracker=browse&fm=organic&iid=en_FdZ7yfzNiLSuTZt3ug5zoWIjYKMzdeLPs-DtXUP-fn0xy7NZjBEIIVOPQhUgSX0qpdUJNyI2YYu8Dec-SkV6cw%3D%3D&ppt=browse&ppn=browse&ssid=jtks0xz00w0000001768226479320
Birde Women Clogs - Buy Birde Women Clogs Online at Best Price - Shop Online for Footwears in India | Flipkart.com,₹451,http://rukmini1.flixcart.com/image/300/300/xif0q/sandal/p/a/b/-original-imahftqyezas8akf.jpeg,https://www.flipkart.com/birde-women-clogs/p/itme8a11f2c09e0c?pid=SNDHF6WVX6H5FRX4&lid=LSTSNDHF6WVX6H5FRX4KCMTLW&marketplace=FLIPKART&store=osp%2Fiko&srno=b_1_35&otracker=browse&fm=organic&iid=en_Z7IyGFzCQO8WtPj1yaORbO1Lm7-B6HNHu2MwJuRzvuCqZPGM8rkZ18Tuijq16UPOgShdP2hgrZ7R9-Pc_CyCdg%3D%3D&ppt=None&ppn=None&ssid=uekt84okeo0000001768226382861
Fabbmate Fabbmate Casual Sports shoes White Sneakers for Women Girls White Shoes Sneakers For Women - Buy Fabbmate Fabbmate Casual Sports shoes White Sneakers for Women Girls White Shoes Sneakers For Women Online at Best Price - Shop Online for Footwears in India | Flipkart.com,₹430,http://rukmini1.flixcart.com/image/300/300/xif0q/shoe/y/o/8/-original-imahgybzagp4fb5z.jpeg,https://www.flipkart.com/fabbmate-casual-sports-shoes-white-sneakers-women-girls/p/itm13d239387dce2?pid=SHOH2W6ZB2MH2QGV&lid=LSTSHOH2W6ZB2MH2QGVK1DW0L&marketplace=FLIPKART&store=osp%2Fiko&srno=b_12_461&otracker=browse&fm=organic&iid=en_SHCTXva8iVexBQNCngpF_NuHHZdPLvMAdqHvpa5ye8lBU-fZxi2wjg5NrZFyMW9Iwed6zeiXuBqyoR85HHJAZg%3D%3D&ppt=browse&ppn=browse&ssid=ecse3v9ai80000001768226569451
DUOSOFT |Premium Look|Non Slip Lightweight|Bellies for Women|Dailywear|Bellies Shoes| Women Bellies - Buy DUOSOFT |Premium Look|Non Slip Lightweight|Bellies for Women|Dailywear|Bellies Shoes| Women Bellies Online at Best Price - Shop Online for Footwears in India | Flipkart.com,₹328,http://rukmini1.flixcart.com/image/300/300/xif0q/sandal/h/i/m/-original-imahftquzvvmwshz.jpeg,https://www.flipkart.com/duosoft-premium-look-non-slip-lightweight-bellies-women-dailywear-bellies-shoes-women-bellies/p/itm8b7c99be00282?pid=SNDH8MRKQUWPA7VC&lid=LSTSNDH8MRKQUWPA7VCXULEYI&marketplace=FLIPKART&store=osp%2Fiko&srno=b_18_716&otracker=browse&fm=organic&iid=5a1d23a5-08d7-4630-ac04-42a5e235080b.SNDH8MRKQUWPA7VC.SEARCH&ppt=browse&ppn=browse&ssid=kfeo5jgxww0000001768226663673
Flopsie Women Winter Comfortable Indoor Outdoor Heavy Sole Star Printed Fur Slipper Slippers - Buy Flopsie Women Winter Comfortable Indoor Outdoor Heavy Sole Star Printed Fur Slipper Slippers Online at Best Price - Shop Online for Footwears in India | Flipkart.com,₹297,http://rukmini1.flixcart.com/image/300/300/xif0q/slipper-flip-flop/h/e/w/6-ts-307-gry-flopsie-grey-original-imahestujrfzhkgr.jpeg,https://www.flipkart.com/flopsie-women-winter-comfortable-indoor-outdoor-heavy-sole-star-printed-fur-slipper-slippers/p/itm334dd4051990d?pid=SFFH6WJJJU8UBNDA&lid=LSTSFFH6WJJJU8UBNDAMQW5DO&marketplace=FLIPKART&store=osp%2Fiko&srno=b_6_212&otracker=browse&fm=organic&iid=en_FdZ7yfzNiLSuTZt3ug5zoWIjYKMzdeLPs-DtXUP-fn3ujKM6N54BWizLpRob_hINdKQii8gIAKkLfADM7gkQmQ%3D%3D&ppt=browse&ppn=browse&ssid=jtks0xz00w0000001768226479320
WOLVESDEN Women Slippers - Buy WOLVESDEN Women Slippers Online at Best Price - Shop Online for Footwears in India | Flipkart.com,₹348,http://rukmini1.flixcart.com/image/300/300/xif0q/slipper-flip-flop/3/f/l/5-ds-ribbion-f4-green-5-wolvesden-green-original-imah3r5rtpebhkfs.jpeg,https://www.flipkart.com/wolvesden-women-slippers/p/itmddf8e096e92b6?pid=SFFH3R5TZUUFVUGG&lid=LSTSFFH3R5TZUUFVUGGGHC3GG&marketplace=FLIPKART&store=osp%2Fiko&srno=b_15_573&otracker=browse&fm=organic&iid=e6ebe926-2018-479d-b73a-c70125b560f3.SFFH3R5TZUUFVUGG.SEARCH&ppt=browse&ppn=browse&ssid=4i65va4gdc0000001768226615069
Deals4you Sneakers For Women - Buy Deals4you Sneakers For Women Online at Best Price - Shop Online for Footwears in India | Flipkart.com,₹426,http://rukmini1.flixcart.com/image/300/300/xif0q/shoe/r/e/e/-original-imahgybysvqsyapn.jpeg,https://www.flipkart.com/deals4you-sneakers-women/p/itm0aeb246b5a645?pid=SHOH3FMHXZB2ZGZD&lid=LSTSHOH3FMHXZB2ZGZDINLNDV&marketplace=FLIPKART&store=osp%2Fiko&srno=b_9_349&otracker=browse&fm=organic&iid=dbcc83ce-aca9-4f02-99f6-46c63dc65f87.SHOH3FMHXZB2ZGZD.SEARCH&ppt=browse&ppn=browse&ssid=xqf91pbbtc0000001768226524489
SHOKIYA Women Flats - Buy SHOKIYA Women Flats Online at Best Price - Shop Online for Footwears in India | Flipkart.com,₹240,http://rukmini1.flixcart.com/image/300/300/xif0q/shopsy-sandal/f/4/e/8-vy-ss-555-shokiya-green-original-imahc5gnfqqjyhhn.jpeg,https://www.flipkart.com/shokiya-women-flats/p/itm1543ae8d1f48d?pid=SNDHBPVBB2YPZRGU&lid=LSTSNDHBPVBB2YPZRGU9JLDDG&marketplace=FLIPKART&store=osp%2Fiko&srno=b_17_650&otracker=browse&fm=organic&iid=a651fdd0-6b03-4c05-9376-7c1e494b32f5.SNDHBPVBB2YPZRGU.SEARCH&ppt=browse&ppn=browse&ssid=vnotkb0e2o0000001768226647060
Paduki Women Flats - Buy Paduki Women Flats Online at Best Price - Shop Online for Footwears in India | Flipkart.com,₹226,http://rukmini1.flixcart.com/image/300/300/xif0q/sandal/w/h/l/6-3134-39-39-paduki-black-original-imahgdhezch5nexy.jpeg,https://www.flipkart.com/paduki-women-flats/p/itm9b4975f951e97?pid=SNDHG979G8QCRFZT&lid=LSTSNDHG979G8QCRFZTTC8JY1&marketplace=FLIPKART&store=osp%2Fiko&srno=b_8_310&otracker=browse&fm=organic&iid=79f2c90c-e0c0-4aba-9a8f-665fed88ffe8.SNDHG979G8QCRFZT.SEARCH&ppt=browse&ppn=browse&ssid=2go0snlczk0000001768226510439
"RED TAPE Lifestyle Sneakers Shoes for Women | Rounded Front, Soothing Insole Sneakers For Women - Buy RED TAPE Lifestyle Sneakers Shoes for Women | Rounded Front, Soothing Insole Sneakers For Women Online at Best Price - Shop Online for Footwears in India | Flipkart.com","₹1,101",http://rukmini1.flixcart.com/image/300/300/xif0q/shoe/t/f/4/-original-imahd5wujpwepgg4.jpeg,https://www.flipkart.com/red-tape-lifestyle-sneakers-shoes-women-rounded-front-soothing-insole/p/itma01cc7e222d38?pid=SHOHAHV37FZ5P3HY&lid=LSTSHOHAHV37FZ5P3HYSYLPLP&marketplace=FLIPKART&store=osp%2Fiko&srno=b_7_254&otracker=browse&fm=organic&iid=2255f9d1-351c-40af-ba87-3dde238f6414.SHOHAHV37FZ5P3HY.SEARCH&ppt=browse&ppn=browse&ssid=l4zc74md9s0000001768226494682
Birde Women Clogs - Buy Birde Women Clogs Online at Best Price - Shop Online for Footwears in India | Flipkart.com,₹462,http://rukmini1.flixcart.com/image/300/300/xif0q/kids-sandal/d/z/b/5-brd-sn-1193-birde-original-imah4m3xexyjcc9m.jpeg,https://www.flipkart.com/birde-women-clogs/p/itm3e48cd2d6510e?pid=SNDHF6WWUCSXTBMH&lid=LSTSNDHF6WWUCSXTBMHE9DBL5&marketplace=FLIPKART&store=osp%2Fiko&srno=b_9_338&otracker=browse&fm=organic&iid=en_jKiTE6Xmr9FQVVFK71OPaiDktBYzHs-QOOuNf_RPcUC_4TnF5fvI9bR_A_53YFShS6qtdjSFU9Zg4J3AqaVwQg%3D%3D&ppt=browse&ppn=browse&ssid=xqf91pbbtc0000001768226524489
WOLVESDEN Women Flip Flops - Buy WOLVESDEN Women Flip Flops Online at Best Price - Shop Online for Footwears in India | Flipkart.com,₹188,http://rukmini1.flixcart.com/image/300/300/xif0q/slipper-flip-flop/y/a/d/7-93-thong-fur-01-brown-7-wolvesden-brown-original-imah5f3436vgjctg.jpeg,https://www.flipkart.com/wolvesden-women-flip-flops/p/itm3ff8d43660bfa?pid=SFFHEBA4TSCD6HDD&lid=LSTSFFHEBA4TSCD6HDD7GNWMZ&marketplace=FLIPKART&store=osp%2Fiko&srno=b_14_533&otracker=browse&fm=organic&iid=d4e3f038-b31e-4096-9ab1-fe0a83cf4fc4.SFFHEBA4TSCD6HDD.SEARCH&ppt=browse&ppn=browse&ssid=hrwjiqjte80000001768226600931
K' Footlance Stylish Casual Sports Shoe Sneakers For Women Sneakers For Women - Buy K' Footlance Stylish Casual Sports Shoe Sneakers For Women Sneakers For Women Online at Best Price - Shop Online for Footwears in India | Flipkart.com,₹361,http://rukmini1.flixcart.com/image/300/300/xif0q/shoe/b/i/j/-original-imahgybzgxzrsvw2.jpeg,https://www.flipkart.com/k-footlance-stylish-casual-sports-shoe-sneakers-women/p/itm8a41ed92dd81b?pid=SHOGHKNUGHJSU5JX&lid=LSTSHOGHKNUGHJSU5JX2NHRYX&marketplace=FLIPKART&store=osp%2Fiko&srno=b_9_350&otracker=browse&fm=organic&iid=dbcc83ce-aca9-4f02-99f6-46c63dc65f87.SHOGHKNUGHJSU5JX.SEARCH&ppt=browse&ppn=browse&ssid=xqf91pbbtc0000001768226524489
,,,https://www.flipkart.com/two-soft-women-combo-pack-2-stylish-casual-light-comfortable-daily-wear-slippers/p/itm52d5fb8753745?pid=SFFGMBGHBKTXYZ3S&lid=LSTSFFGMBGHBKTXYZ3SOWUFV9&marketplace=FLIPKART&store=osp%2Fiko&srno=b_18_687&otracker=browse&fm=organic&iid=en_NTAPhKckpBzXDWfOGFjUWzRzaPcflmG2rU7-fo2H0qyVvhJgcpa9pYoR1lNk1TugPVQLiD9Tpx6gFYJNZG6E-A%3D%3D&ppt=browse&ppn=browse&ssid=kfeo5jgxww0000001768226663673
PUMA Stride Lite Wns Running Shoes For Women - Buy PUMA Stride Lite Wns Running Shoes For Women Online at Best Price - Shop Online for Footwears in India | Flipkart.com,"₹2,499",http://rukmini1.flixcart.com/image/300/300/xif0q/shoe/c/a/d/-original-imahgczk3gfjzc6u.jpeg,https://www.flipkart.com/puma-stride-lite-wns-running-shoes-women/p/itm4879985de21c7?pid=SHOHBA76ZZDU24GU&lid=LSTSHOHBA76ZZDU24GUGUUIPG&marketplace=FLIPKART&store=osp%2Fiko&srno=b_1_5&otracker=browse&fm=organic&iid=en_Z7IyGFzCQO8WtPj1yaORbO1Lm7-B6HNHu2MwJuRzvuCrU9QYp7ZDEf6PpV-Hj-5D2B1TWgTShVNoY5XWf-x0jPcUmN_6PwCReg_VTM4VLxo%3D&ppt=None&ppn=None&ssid=uekt84okeo0000001768226382861
PUMA Powermax Wns Casuals For Women - Buy PUMA Powermax Wns Casuals For Women Online at Best Price - Shop Online for Footwears in India | Flipkart.com,"₹1,949",http://rukmini1.flixcart.com/image/300/300/xif0q/shoe/v/0/c/-original-imahjgs7reabmers.jpeg,https://www.flipkart.com/puma-powermax-wns-casuals-women/p/itm3e37f4aa59f11?pid=SHOGYBKY5HVBKYD9&lid=LSTSHOGYBKY5HVBKYD9XJEGFU&marketplace=FLIPKART&store=osp%2Fiko&srno=b_15_588&otracker=browse&fm=organic&iid=en_vXCl6X7Zoly2o-ZSBHC_VUkVU5Ea8NIcliS224j0uaLgH7mjvHcE6Z6diAHJR3Q2kwPyOWuBI8jnnLW99pRIcEhz9c-MSIoFe8xMxkfU6dM%3D&ppt=browse&ppn=browse&ssid=4i65va4gdc0000001768226615069
Shozie Stylish Sneakers Shoes for Women And Girls Sneakers For Women - Buy Shozie Stylish Sneakers Shoes for Women And Girls Sneakers For Women Online at Best Price - Shop Online for Footwears in India | Flipkart.com,₹432,http://rukmini1.flixcart.com/image/300/300/xif0q/shoe/t/t/e/7-1335-wt-3-7-deals4you-white-blue-original-imahe5ansz5usq2g.jpeg,https://www.flipkart.com/shozie-stylish-sneakers-shoes-women-girls/p/itmc1c3de46b2da4?pid=SHOH3A9DJJGFTMFX&lid=LSTSHOH3A9DJJGFTMFXFAJYWD&marketplace=FLIPKART&store=osp%2Fiko&srno=b_2_66&otracker=browse&fm=organic&iid=464c9e9f-a691-419d-8fd2-680b9c4477eb.SHOH3A9DJJGFTMFX.SEARCH&ppt=browse&ppn=browse&ssid=w8w25ktupc0000001768226402885
Flopsie Women Flopsie Women Stylish Soft Comfortable Slipper Lightweight Dailywear Slippers - Buy Flopsie Women Flopsie Women Stylish Soft Comfortable Slipper Lightweight Dailywear Slippers Online at Best Price - Shop Online for Footwears in India | Flipkart.com,₹195,http://rukmini1.flixcart.com/image/300/300/xif0q/slipper-flip-flop/a/g/y/-original-imahfz7zgeskgcgw.jpeg,https://www.flipkart.com/flopsie-women-stylish-soft-comfortable-slipper-lightweight-dailywear-slippers/p/itme457640427578?pid=SFFH6U8THFPYZHFA&lid=LSTSFFH6U8THFPYZHFARVBL33&marketplace=FLIPKART&store=osp%2Fiko&srno=b_13_481&otracker=browse&fm=organic&iid=en_oTiHhq5sCa4wyoPUe1Jja7z0X67n8q4OQWl7fgPeTTo8R0lLJgcytIXBhChXWtjW-c5GgTdDjE-lyEAq8HSJWQ%3D%3D&ppt=browse&ppn=browse&ssid=q7vp90axtc0000001768226586549
SELFIEE Women Bellies - Buy SELFIEE Women Bellies Online at Best Price - Shop Online for Footwears in India | Flipkart.com,₹691,http://rukmini1.flixcart.com/image/300/300/xif0q/sandal/n/v/i/7-6shby0719-40-selfiee-black-original-imahg65mc5y74wve.jpeg,https://www.flipkart.com/selfiee-women-bellies/p/itm44b5f7dc1f3fb?pid=SNDGZ9YHSEBAEJJ2&lid=LSTSNDGZ9YHSEBAEJJ2KASXBT&marketplace=FLIPKART&store=osp%2Fiko&srno=b_2_60&otracker=browse&fm=organic&iid=464c9e9f-a691-419d-8fd2-680b9c4477eb.SNDGZ9YHSEBAEJJ2.SEARCH&ppt=browse&ppn=browse&ssid=w8w25ktupc0000001768226402885
TRAVELKHUSHI Women Slippers - Buy TRAVELKHUSHI Women Slippers Online at Best Price - Shop Online for Footwears in India | Flipkart.com,₹188,http://rukmini1.flixcart.com/image/300/300/xif0q/slipper-flip-flop/t/y/m/6-ctbu-travelkhushi-blue-original-imaguwgxzryatcyz.jpeg,https://www.flipkart.com/travelkhushi-women-slippers/p/itm82e7ed3afda21?pid=SFFG5NCTZJJC2PXY&lid=LSTSFFG5NCTZJJC2PXYACRHSV&marketplace=FLIPKART&store=osp%2Fiko&srno=b_19_743&otracker=browse&fm=organic&iid=4367eae6-781b-4f71-84d5-98c38bcd1ce8.SFFG5NCTZJJC2PXY.SEARCH&ppt=browse&ppn=browse&ssid=3d4mzm90og0000001768226678442
TWO SOFT Women Combo Pack Of 2 Stylish Casual Light & Soft Comfortable Daily Wear Slippers - Buy TWO SOFT Women Combo Pack Of 2 Stylish Casual Light & Soft Comfortable Daily Wear Slippers Online at Best Price - Shop Online for Footwears in India | Flipkart.com,₹263,http://rukmini1.flixcart.com/image/300/300/xif0q/slipper-flip-flop/f/1/z/-original-imahftr8j3edee4f.jpeg,https://www.flipkart.com/two-soft-women-combo-pack-2-stylish-casual-light-comfortable-daily-wear-slippers/p/itm52d5fb8753745?pid=SFFGMBGHBKTXYZ3S&lid=LSTSFFGMBGHBKTXYZ3SOWUFV9&marketplace=FLIPKART&store=osp%2Fiko&srno=b_7_248&otracker=browse&fm=organic&iid=en_AGnRzahflnjrzyGSofhuYuObKQCu69iMSBfo6h9bNg3XFur1yP5fgSyLa6vmE1aCDyUYyJvtEzbA6Ec6AowF0A%3D%3D&ppt=browse&ppn=browse&ssid=l4zc74md9s0000001768226494682
Flopsie Women TWO SOFT Comfortable Stylish Doctor Ortho | Adjustable Toe Hook Slippers - Buy Flopsie Women TWO SOFT Comfortable Stylish Doctor Ortho | Adjustable Toe Hook Slippers Online at Best Price - Shop Online for Footwears in India | Flipkart.com,₹206,http://rukmini1.flixcart.com/image/300/300/xif0q/slipper-flip-flop/r/u/s/8-new-035-pink-flopsie-pink-original-imahgepuf4s79zgr.jpeg,https://www.flipkart.com/flopsie-women-two-soft-comfortable-stylish-doctor-ortho-adjustable-toe-hook-slippers/p/itm2e9b435784dc1?pid=SFFH6U8TMGHHHHQ7&lid=LSTSFFH6U8TMGHHHHQ7EN3JLC&marketplace=FLIPKART&store=osp%2Fiko&srno=b_12_462&otracker=browse&fm=organic&iid=en_SHCTXva8iVexBQNCngpF_NuHHZdPLvMAdqHvpa5ye8mCQG83G-DWLCB0v5aytGmO-pfTx3ZZh570pxmLAsosMQ%3D%3D&ppt=browse&ppn=browse&ssid=ecse3v9ai80000001768226569451
RED TAPE Women's Athleisure Sports Shoes for Active Everyday Style Walking Shoes For Women - Buy RED TAPE Women's Athleisure Sports Shoes for Active Everyday Style Walking Shoes For Women Online at Best Price - Shop Online for Footwears in India | Flipkart.com,"₹1,097",http://rukmini1.flixcart.com/image/300/300/xif0q/shoe/v/q/c/-original-imahjhjny4eytrcj.jpeg,https://www.flipkart.com/red-tape-women-s-athleisure-sports-shoes-active-everyday-style-walking-women/p/itmb05ff265eedc4?pid=SHOHFMMNY3NH5RF7&lid=LSTSHOHFMMNY3NH5RF7STHW39&marketplace=FLIPKART&store=osp%2Fiko&srno=b_4_122&otracker=browse&fm=organic&iid=en_0D43y1Gkov2fa4f2QX2QfRL0_YJcqARvUPQbUbgzRN5dshToIkwa8FZv_X9LieszBHWujxpNK-wKj40vfSERWvUFjCTyOHoHZs-Z5_PS_w0%3D&ppt=browse&ppn=browse&ssid=e6nkya0vfk0000001768226446152
Flopsie Flopsie Premium Women Winter Sneaker MemoryFoam Gym & Casual Outdoor Sneakers For Women - Buy Flopsie Flopsie Premium Women Winter Sneaker MemoryFoam Gym & Casual Outdoor Sneakers For Women Online at Best Price - Shop Online for Footwears in India | Flipkart.com,₹364,http://rukmini1.flixcart.com/image/300/300/xif0q/shopsy-shoe/w/r/h/7-ts-506-pnk-7-two-soft-pink-original-imah5fvnghps5mfr.jpeg,https://www.flipkart.com/flopsie-premium-women-winter-sneaker-memoryfoam-gym-casual-outdoor-sneakers/p/itm07bfdd53efaed?pid=SHOH6T4HQVZKYMZH&lid=LSTSHOH6T4HQVZKYMZH2RH8E0&marketplace=FLIPKART&store=osp%2Fiko&srno=b_7_255&otracker=browse&fm=organic&iid=en_AGnRzahflnjrzyGSofhuYuObKQCu69iMSBfo6h9bNg3H5Nc7xghbjXler9UMyVSVOHNLAZ5aABZblqsk8brlAw%3D%3D&ppt=browse&ppn=browse&ssid=l4zc74md9s0000001768226494682
RED TAPE White Sneakers for Women | Lifestyle Walkiing Shoes for Women | Comfortable Shoe Sneakers For Women - Buy RED TAPE White Sneakers for Women | Lifestyle Walkiing Shoes for Women | Comfortable Shoe Sneakers For Women Online at Best Price - Shop Online for Footwears in India | Flipkart.com,"₹1,188",http://rukmini1.flixcart.com/image/300/300/xif0q/shoe/h/8/r/-original-imahgczj4stenw9q.jpeg,https://www.flipkart.com/red-tape-white-sneakers-women-lifestyle-walkiing-shoes-comfortable-shoe/p/itmadd442b8c62bc?pid=SHOHBRUMFCAFS6US&lid=LSTSHOHBRUMFCAFS6USWCZK7J&marketplace=FLIPKART&store=osp%2Fiko&srno=b_6_214&otracker=browse&fm=organic&iid=0a381c2d-9ed4-4919-9097-d81da66e9544.SHOHBRUMFCAFS6US.SEARCH&ppt=browse&ppn=browse&ssid=jtks0xz00w0000001768226479320
PUMA Pacific Maze Wn s IDP Casuals For Women - Buy PUMA Pacific Maze Wn s IDP Casuals For Women Online at Best Price - Shop Online for Footwears in India | Flipkart.com,"₹1,920",http://rukmini1.flixcart.com/image/300/300/xif0q/shoe/k/a/b/-original-imahjghvmrwa5qyp.jpeg,https://www.flipkart.com/puma-pacific-maze-wn-s-idp-casuals-women/p/itmf4c726ae69acb?pid=SHOGFX6FNFNYXCMF&lid=LSTSHOGFX6FNFNYXCMFTZG5C4&marketplace=FLIPKART&store=osp%2Fiko&srno=b_19_755&otracker=browse&fm=organic&iid=en_mGV1yjXtWpAvBu-vSkfb7k6vQxCPvcS0YlxYkHZThtQKu7JtGfQCPPv4aw4PuajOfK4EszRri5By7r8NF6An-vcUmN_6PwCReg_VTM4VLxo%3D&ppt=browse&ppn=browse&ssid=3d4mzm90og0000001768226678442
RED TAPE Women Slides - Buy RED TAPE Women Slides Online at Best Price - Shop Online for Footwears in India | Flipkart.com,₹444,http://rukmini1.flixcart.com/image/300/300/xif0q/slipper-flip-flop/e/b/g/-original-imahgbvf2dubbbav.jpeg,https://www.flipkart.com/red-tape-women-slides/p/itm71052ff20df88?pid=SFFH77E8NJCADVQB&lid=LSTSFFH77E8NJCADVQB58LADI&marketplace=FLIPKART&store=osp%2Fiko&srno=b_9_359&otracker=browse&fm=organic&iid=dbcc83ce-aca9-4f02-99f6-46c63dc65f87.SFFH77E8NJCADVQB.SEARCH&ppt=browse&ppn=browse&ssid=xqf91pbbtc0000001768226524489
,,,https://www.flipkart.com/tryme-women-bellies/p/itmf5c7992258ab7?pid=SNDGZ9XXU7UTEGYC&lid=LSTSNDGZ9XXU7UTEGYCPNZEHX&marketplace=FLIPKART&store=osp%2Fiko&srno=b_5_164&otracker=browse&fm=organic&iid=dacca31e-67ab-42b6-a39c-2196d8d752b0.SNDGZ9XXU7UTEGYC.SEARCH&ppt=browse&ppn=browse&ssid=39jjfmw7uo0000001768226462876
RED TAPE Women's Athleisure Sports Shoes for Active Everyday Style Walking Shoes For Women - Buy RED TAPE Women's Athleisure Sports Shoes for Active Everyday Style Walking Shoes For Women Online at Best Price - Shop Online for Footwears in India | Flipkart.com,"₹1,097",http://rukmini1.flixcart.com/image/300/300/xif0q/shoe/v/q/c/-original-imahjhjny4eytrcj.jpeg,https://www.flipkart.com/red-tape-women-s-athleisure-sports-shoes-active-everyday-style-walking-women/p/itmb05ff265eedc4?pid=SHOHFMMNY3NH5RF7&lid=LSTSHOHFMMNY3NH5RF7STHW39&marketplace=FLIPKART&store=osp%2Fiko&srno=b_14_522&otracker=browse&fm=organic&iid=en_FWKCXMnY93lvHSnL9zoj1bCqUwlx2_zmrJUoWPwyFeRJxzo3cZHH3b6QpnKjTaauBHWujxpNK-wKj40vfSERWvUFjCTyOHoHZs-Z5_PS_w0%3D&ppt=browse&ppn=browse&ssid=hrwjiqjte80000001768226600931
SELFIEE Women Heels - Buy SELFIEE Women Heels Online at Best Price - Shop Online for Footwears in India | Flipkart.com,₹658,http://rukmini1.flixcart.com/image/300/300/xif0q/sandal/l/2/t/3-6sbzhl1175-tryme-black-original-imagzxchxppgzdnx.jpeg,https://www.flipkart.com/selfiee-women-heels/p/itmcea52ab00c344?pid=SNDGZXCPWHFGHYPB&lid=LSTSNDGZXCPWHFGHYPB6DM1OZ&marketplace=FLIPKART&store=osp%2Fiko&srno=b_2_44&otracker=browse&fm=organic&iid=464c9e9f-a691-419d-8fd2-680b9c4477eb.SNDGZXCPWHFGHYPB.SEARCH&ppt=browse&ppn=browse&ssid=w8w25ktupc0000001768226402885
WALKAROO Women Casual - Buy WALKAROO Women Casual Online at Best Price - Shop Online for Footwears in India | Flipkart.com,₹299,http://rukmini1.flixcart.com/image/300/300/xif0q/sandal/f/8/x/6-wl7212-women-plm-6-walkaroo-plum-original-imahgzs8sffdxh4v.jpeg,https://www.flipkart.com/walkaroo-women-casual/p/itma1ada4de7b0b5?pid=SNDHATKBRJZCHYDJ&lid=LSTSNDHATKBRJZCHYDJFDFYRM&marketplace=FLIPKART&store=osp%2Fiko&srno=b_17_660&otracker=browse&fm=organic&iid=a651fdd0-6b03-4c05-9376-7c1e494b32f5.SNDHATKBRJZCHYDJ.SEARCH&ppt=browse&ppn=browse&ssid=vnotkb0e2o0000001768226647060
SKOLL Women Bellies - Buy SKOLL Women Bellies Online at Best Price - Shop Online for Footwears in India | Flipkart.com,₹351,http://rukmini1.flixcart.com/image/300/300/xif0q/sandal/p/n/0/-original-imahfbufspsc6agz.jpeg,https://www.flipkart.com/skoll-women-bellies/p/itm839ba8d929c92?pid=SNDGZKGGFHNS5YKT&lid=LSTSNDGZKGGFHNS5YKTCMSBKB&marketplace=FLIPKART&store=osp%2Fiko&srno=b_10_393&otracker=browse&fm=organic&iid=4ad595d9-2879-4175-951e-b6349d2847c2.SNDGZKGGFHNS5YKT.SEARCH&ppt=browse&ppn=browse&ssid=my7hzbekzk0000001768226539546
TWO SOFT Women Pack Of 2 Combo Stylish Extra Comfort Lightweight Dailywear Used Slippers - Buy TWO SOFT Women Pack Of 2 Combo Stylish Extra Comfort Lightweight Dailywear Used Slippers Online at Best Price - Shop Online for Footwears in India | Flipkart.com,₹262,http://rukmini1.flixcart.com/image/300/300/xif0q/slipper-flip-flop/t/0/p/-original-imahftsfsuurdgb5.jpeg,https://www.flipkart.com/two-soft-women-pack-2-combo-stylish-extra-comfort-lightweight-dailywear-used-slippers/p/itme4acf33b1a2c6?pid=SFFGFM6RMYXSZUAZ&lid=LSTSFFGFM6RMYXSZUAZIQZGZ0&marketplace=FLIPKART&store=osp%2Fiko&srno=b_13_515&otracker=browse&fm=organic&iid=en_oTiHhq5sCa4wyoPUe1Jja7z0X67n8q4OQWl7fgPeTTqScIOUi5d651030PqXWzDDBAjQ9dDD2c1evqM86_00FA%3D%3D&ppt=browse&ppn=browse&ssid=q7vp90axtc0000001768226586549
PUMA Powermax Wns Casuals For Women - Buy PUMA Powermax Wns Casuals For Women Online at Best Price - Shop Online for Footwears in India | Flipkart.com,"₹1,949",http://rukmini1.flixcart.com/image/300/300/xif0q/shoe/v/0/c/-original-imahjgs7reabmers.jpeg,https://www.flipkart.com/puma-powermax-wns-casuals-women/p/itm3e37f4aa59f11?pid=SHOGYBKY5HVBKYD9&lid=LSTSHOGYBKY5HVBKYD9XJEGFU&marketplace=FLIPKART&store=osp%2Fiko&srno=b_19_747&otracker=browse&fm=organic&iid=en_mGV1yjXtWpAvBu-vSkfb7k6vQxCPvcS0YlxYkHZThtT97sXy0YQxv6tLnpfrVcuNkwPyOWuBI8jnnLW99pRIcOo15S0a61Wzzbg3qNOknKY%3D&ppt=browse&ppn=browse&ssid=3d4mzm90og0000001768226678442
Fabbmate Fabbmate Casual Sports shoes White Sneakers for Women Girls White Shoes Sneakers For Women - Buy Fabbmate Fabbmate Casual Sports shoes White Sneakers for Women Girls White Shoes Sneakers For Women Online at Best Price - Shop Online for Footwears in India | Flipkart.com,₹430,http://rukmini1.flixcart.com/image/300/300/xif0q/shoe/y/o/8/-original-imahgybzagp4fb5z.jpeg,https://www.flipkart.com/fabbmate-casual-sports-shoes-white-sneakers-women-girls/p/itm13d239387dce2?pid=SHOH2W6ZB2MH2QGV&lid=LSTSHOH2W6ZB2MH2QGVK1DW0L&marketplace=FLIPKART&store=osp%2Fiko&srno=b_16_615&otracker=browse&fm=organic&iid=en_r6jE2bFuVoC3-Xm07u_rlTuKR8b77BFlQp2ofdjatrCnvQ0f_iZqLu2SHr0yxw3p7jTQnz-Q7cCie_bgxlPmXA%3D%3D&ppt=browse&ppn=browse&ssid=g8rc5k3vsw0000001768226631080
WOLVESDEN Women Slides - Buy WOLVESDEN Women Slides Online at Best Price - Shop Online for Footwears in India | Flipkart.com,₹348,http://rukmini1.flixcart.com/image/300/300/xif0q/slipper-flip-flop/c/8/2/8-ds-ribbion-f2-pink-8-wolvesden-pink-original-imah3r5rgh8ffchr.jpeg,https://www.flipkart.com/wolvesden-women-slides/p/itmdd39399db18c8?pid=SFFH3R5SZUYGGTGU&lid=LSTSFFH3R5SZUYGGTGUXHMO04&marketplace=FLIPKART&store=osp%2Fiko&srno=b_3_93&otracker=browse&fm=organic&iid=9895b54a-05d8-4486-a10f-6b2521abf21a.SFFH3R5SZUYGGTGU.SEARCH&ppt=browse&ppn=browse&ssid=7of36l05000000001768226424463
Birde Women Clogs - Buy Birde Women Clogs Online at Best Price - Shop Online for Footwears in India | Flipkart.com,₹453,http://rukmini1.flixcart.com/image/300/300/xif0q/sandal/s/y/4/-original-imahgyc5mvvgqrfj.jpeg,https://www.flipkart.com/birde-women-clogs/p/itme980a02719ccf?pid=SNDH448PXTDUWVH5&lid=LSTSNDH448PXTDUWVH55INUAR&marketplace=FLIPKART&store=osp%2Fiko&srno=b_2_68&otracker=browse&fm=organic&iid=en_gTq8owYLy1hXM2xQT4S-bA2WPpROM5pB8HlXhKpC5IT4RLu_OTt5U5qJchy7Dits7M2d76IJawWBoeqkDalbJA%3D%3D&ppt=browse&ppn=browse&ssid=w8w25ktupc0000001768226402885
BERSACHE Women Clogs - Buy BERSACHE Women Clogs Online at Best Price - Shop Online for Footwears in India | Flipkart.com,₹258,http://rukmini1.flixcart.com/image/300/300/xif0q/sandal/9/l/k/-original-imahgybxf8gzn6md.jpeg,https://www.flipkart.com/bersache-women-clogs/p/itm3eb5a65d62464?pid=SNDGZJ9XKMGN8D2W&lid=LSTSNDGZJ9XKMGN8D2WUIQRS8&marketplace=FLIPKART&store=osp%2Fiko&srno=b_3_119&otracker=browse&fm=organic&iid=9895b54a-05d8-4486-a10f-6b2521abf21a.SNDGZJ9XKMGN8D2W.SEARCH&ppt=browse&ppn=browse&ssid=7of36l05000000001768226424463
Flopsie Flopsie Premium Women Winter Sneaker MemoryFoam Gym & Casual Outdoor Sneakers For Women - Buy Flopsie Flopsie Premium Women Winter Sneaker MemoryFoam Gym & Casual Outdoor Sneakers For Women Online at Best Price - Shop Online for Footwears in India | Flipkart.com,₹364,http://rukmini1.flixcart.com/image/300/300/xif0q/shoe/9/t/d/7-ts-509-purple-7-flopsie-purple-original-imah77zfdu8nurgg.jpeg,https://www.flipkart.com/flopsie-premium-women-winter-sneaker-memoryfoam-gym-casual-outdoor-sneakers/p/itm07bfdd53efaed?pid=SHOH6T4HHMFRQGRH&lid=LSTSHOH6T4HHMFRQGRHDGRCUN&marketplace=FLIPKART&store=osp%2Fiko&srno=b_18_705&otracker=browse&fm=organic&iid=en_NTAPhKckpBzXDWfOGFjUWzRzaPcflmG2rU7-fo2H0qwMbgsRQL4WzAZdRF6IsRooUHLxqCNi3KIcgUwnpPjdlg%3D%3D&ppt=browse&ppn=browse&ssid=kfeo5jgxww0000001768226663673
Svaar Women Clogs - Buy Svaar Women Clogs Online at Best Price - Shop Online for Footwears in India | Flipkart.com,₹499,http://rukmini1.flixcart.com/image/300/300/xif0q/sandal/x/e/z/5-svr1125kbrv-5-svaar-pure-white-original-imah74zsm3hqxgmb.jpeg,https://www.flipkart.com/svaar-women-clogs/p/itmc27e09582768e?pid=SNDH6WHX2UHNGE8S&lid=LSTSNDH6WHX2UHNGE8SUKOT3A&marketplace=FLIPKART&store=osp%2Fiko&srno=b_17_672&otracker=browse&fm=organic&iid=en_-1UVHzCH-jLPIUjhAaIh3CfP-_LzqvWxPxjV9QMLdvIqrE3LAbBqgk8SD35YEnNOJ82pTT3WpjmHYyesQdOyEQ%3D%3D&ppt=browse&ppn=browse&ssid=vnotkb0e2o0000001768226647060
TWO SOFT Women Pack Of 2 Combo Stylish Extra Comfort Lightweight Dailywear Used Slippers - Buy TWO SOFT Women Pack Of 2 Combo Stylish Extra Comfort Lightweight Dailywear Used Slippers Online at Best Price - Shop Online for Footwears in India | Flipkart.com,₹262,http://rukmini1.flixcart.com/image/300/300/xif0q/slipper-flip-flop/t/0/p/-original-imahftsfsuurdgb5.jpeg,https://www.flipkart.com/two-soft-women-pack-2-combo-stylish-extra-comfort-lightweight-dailywear-used-slippers/p/itme4acf33b1a2c6?pid=SFFGFM6RMYXSZUAZ&lid=LSTSFFGFM6RMYXSZUAZIQZGZ0&marketplace=FLIPKART&store=osp%2Fiko&srno=b_16_638&otracker=browse&fm=organic&iid=en_r6jE2bFuVoC3-Xm07u_rlTuKR8b77BFlQp2ofdjatrBo-8EenskFnP3PHL9LmKbl0YD22cC2ht08qXfjuJsa1g%3D%3D&ppt=browse&ppn=browse&ssid=g8rc5k3vsw0000001768226631080
Layasa Womens And Girls Multicolor Casual Sneakers For Women - Buy Layasa Womens And Girls Multicolor Casual Sneakers For Women Online at Best Price - Shop Online for Footwears in India | Flipkart.com,₹469,http://rukmini1.flixcart.com/image/300/300/xif0q/shoe/j/t/i/3-ldf2095-3-layasa-mlt-original-imagzrmnahbkratt.jpeg,https://www.flipkart.com/layasa-womens-girls-multicolor-casual-sneakers-women/p/itm2ca8a03be250a?pid=SHOGZRMYMYT7MHHB&lid=LSTSHOGZRMYMYT7MHHBSWFVPP&marketplace=FLIPKART&store=osp%2Fiko&srno=b_16_611&otracker=browse&fm=organic&iid=en_r6jE2bFuVoC3-Xm07u_rlTuKR8b77BFlQp2ofdjatrCrtuwvBqQ9CFDkfGmaqycEr6qqbOo72JUBmcc6ykdX3A%3D%3D&ppt=browse&ppn=browse&ssid=g8rc5k3vsw0000001768226631080
DOCTOR ORTHO PLUS COMFY Women Slippers - Buy DOCTOR ORTHO PLUS COMFY Women Slippers Online at Best Price - Shop Online for Footwears in India | Flipkart.com,₹294,http://rukmini1.flixcart.com/image/300/300/xif0q/slipper-flip-flop/o/b/w/-original-imahg24ysdhw5m7e.jpeg,https://www.flipkart.com/doctor-ortho-plus-comfy-women-slippers/p/itm61b085ba1f81c?pid=SFFGXMGGWEUGEBJ2&lid=LSTSFFGXMGGWEUGEBJ2QSEG3L&marketplace=FLIPKART&store=osp%2Fiko&srno=b_3_87&otracker=browse&fm=organic&iid=en_RAZjS9M4pbKu14UKMNDI4m6TFZJ_so7CIuKdOfWnqpC1b2lu-dUnsr9IuZjuNNPX_IZH0lSCt5pWg1EonkPLqg%3D%3D&ppt=browse&ppn=browse&ssid=7of36l05000000001768226424463
,,,https://www.flipkart.com/layasa-womens-girls-multicolor-casual-sneakers-women/p/itm2ca8a03be250a?pid=SHOGZRMYMYT7MHHB&lid=LSTSHOGZRMYMYT7MHHBSWFVPP&marketplace=FLIPKART&store=osp%2Fiko&srno=b_5_181&otracker=browse&fm=organic&iid=en_veuji5O5oxhJ0IBY-vJKNHnFzc2n3kvDK_Yl7nBJXWHdsQBDzRZrVp8uaLbZNMpKkwNWaWF5Ktc59Lp-1ZcpgA%3D%3D&ppt=browse&ppn=browse&ssid=39jjfmw7uo0000001768226462876
"Sparx SL 256 | Stylish, Comfortable | Walking Shoes For Women - Buy Sparx SL 256 | Stylish, Comfortable | Walking Shoes For Women Online at Best Price - Shop Online for Footwears in India | Flipkart.com",₹551,http://rukmini1.flixcart.com/image/300/300/xif0q/shoe/s/l/x/4-sl-256-sparx-blue-original-imagya9uneyxhgag.jpeg,https://www.flipkart.com/sparx-sl-256-stylish-comfortable-walking-shoes-women/p/itmf3c566f5416ac?pid=SHOGYA9VDGVFPVHT&lid=LSTSHOGYA9VDGVFPVHT60TYV4&marketplace=FLIPKART&store=osp%2Fiko&srno=b_9_333&otracker=browse&fm=organic&iid=dbcc83ce-aca9-4f02-99f6-46c63dc65f87.SHOGYA9VDGVFPVHT.SEARCH&ppt=browse&ppn=browse&ssid=xqf91pbbtc0000001768226524489
Fabbmate Fabbmate Casual Sports shoes White Sneakers for Women Girls White Shoes Sneakers For Women - Buy Fabbmate Fabbmate Casual Sports shoes White Sneakers for Women Girls White Shoes Sneakers For Women Online at Best Price - Shop Online for Footwears in India | Flipkart.com,₹430,http://rukmini1.flixcart.com/image/300/300/xif0q/shoe/y/o/8/-original-imahgybzagp4fb5z.jpeg,https://www.flipkart.com/fabbmate-casual-sports-shoes-white-sneakers-women-girls/p/itm13d239387dce2?pid=SHOH2W6ZB2MH2QGV&lid=LSTSHOH2W6ZB2MH2QGVK1DW0L&marketplace=FLIPKART&store=osp%2Fiko&srno=b_4_147&otracker=browse&fm=organic&iid=en_0D43y1Gkov2fa4f2QX2QfRL0_YJcqARvUPQbUbgzRN78CZLk9OKPBDQmgq0S3j7YmIhBn6FIt1lQU_GVRC4xUw%3D%3D&ppt=browse&ppn=browse&ssid=e6nkya0vfk0000001768226446152
Dr. Ortho Women Accupressure Slippers - Buy Dr. Ortho Women Accupressure Slippers Online at Best Price - Shop Online for Footwears in India | Flipkart.com,₹299,http://rukmini1.flixcart.com/image/300/300/xif0q/slipper-flip-flop/g/3/z/-original-imahfz7m6gy5ewws.jpeg,https://www.flipkart.com/dr-ortho-women-accupressure-slippers/p/itm503ce81ce1a42?pid=SFFH8XV6TJWCHSG3&lid=LSTSFFH8XV6TJWCHSG3RAFH7P&marketplace=FLIPKART&store=osp%2Fiko&srno=b_13_506&otracker=browse&fm=organic&iid=ac0383e4-33b1-4776-ade8-aae7a7f6dc44.SFFH8XV6TJWCHSG3.SEARCH&ppt=browse&ppn=browse&ssid=q7vp90axtc0000001768226586549
Birde Women Clogs - Buy Birde Women Clogs Online at Best Price - Shop Online for Footwears in India | Flipkart.com,₹453,http://rukmini1.flixcart.com/image/300/300/xif0q/sandal/s/y/4/-original-imahgyc5mvvgqrfj.jpeg,https://www.flipkart.com/birde-women-clogs/p/itme980a02719ccf?pid=SNDH448PXTDUWVH5&lid=LSTSNDH448PXTDUWVH55INUAR&marketplace=FLIPKART&store=osp%2Fiko&srno=b_5_191&otracker=browse&fm=organic&iid=en_veuji5O5oxhJ0IBY-vJKNHnFzc2n3kvDK_Yl7nBJXWGxYsHCvFaiTTOw-sK-NDHl3MOa39FfwXaMRxAdJmOWFA%3D%3D&ppt=browse&ppn=browse&ssid=39jjfmw7uo0000001768226462876
Bob Martin Women Bellies - Buy Bob Martin Women Bellies Online at Best Price - Shop Online for Footwears in India | Flipkart.com,₹345,http://rukmini1.flixcart.com/image/300/300/xif0q/sandal/x/j/j/-original-imahgyc4zawcfwef.jpeg,https://www.flipkart.com/bob-martin-women-bellies/p/itm108476504c6ca?pid=SNDH4C6WERGQGANG&lid=LSTSNDH4C6WERGQGANGBV2VD7&marketplace=FLIPKART&store=osp%2Fiko&srno=b_19_760&otracker=browse&fm=organic&iid=4367eae6-781b-4f71-84d5-98c38bcd1ce8.SNDH4C6WERGQGANG.SEARCH&ppt=browse&ppn=browse&ssid=3d4mzm90og0000001768226678442
PUMA Puma Lightstorm Wns Casuals For Women - Buy PUMA Puma Lightstorm Wns Casuals For Women Online at Best Price - Shop Online for Footwears in India | Flipkart.com,"₹2,070",http://rukmini1.flixcart.com/image/300/300/xif0q/shoe/j/b/w/-original-imahfz7zrtzk2bnt.jpeg,https://www.flipkart.com/puma-lightstorm-wns-casuals-women/p/itm5ec6051a61776?pid=SHOGQANYHXGZMYG3&lid=LSTSHOGQANYHXGZMYG3ETTNRI&marketplace=FLIPKART&store=osp%2Fiko&srno=b_11_432&otracker=browse&fm=organic&iid=en_yzKT70zsUvLVIiVJzjcGD6y4PwfYgrFyB-JPR4zv0wDvdcGNViehSiagZdbRO5PTvOFxnJFkh9rBXtLwodiqlWVkv0XZFiOX7bbXdlao_f8%3D&ppt=browse&ppn=browse&ssid=xkwuilrkog0000001768226554244
PUMA Pacific Maze Wn s IDP Casuals For Women - Buy PUMA Pacific Maze Wn s IDP Casuals For Women Online at Best Price - Shop Online for Footwears in India | Flipkart.com,"₹1,803",http://rukmini1.flixcart.com/image/300/300/xif0q/shoe/r/p/t/-original-imahjghvzhgzktqy.jpeg,https://www.flipkart.com/puma-pacific-maze-wn-s-idp-casuals-women/p/itm54d515a0306aa?pid=SHOGFX6FSDRYHZYE&lid=LSTSHOGFX6FSDRYHZYEWPHH0J&marketplace=FLIPKART&store=osp%2Fiko&srno=b_19_728&otracker=browse&fm=organic&iid=en_mGV1yjXtWpAvBu-vSkfb7k6vQxCPvcS0YlxYkHZThtRm5HEre34NlY3pPsR2RxcNodGcMxFZl0NrtkUeiQWDHg%3D%3D&ppt=browse&ppn=browse&ssid=3d4mzm90og0000001768226678442
WOLVESDEN Women Flip Flops - Buy WOLVESDEN Women Flip Flops Online at Best Price - Shop Online for Footwears in India | Flipkart.com,₹188,http://rukmini1.flixcart.com/image/300/300/xif0q/slipper-flip-flop/a/t/z/-original-imahftsgrru6tgwk.jpeg,https://www.flipkart.com/wolvesden-women-flip-flops/p/itm44a116f159724?pid=SFFGV2V95NKAMYGM&lid=LSTSFFGV2V95NKAMYGMQWXV9V&marketplace=FLIPKART&store=osp%2Fiko&srno=b_6_219&otracker=browse&fm=organic&iid=0a381c2d-9ed4-4919-9097-d81da66e9544.SFFGV2V95NKAMYGM.SEARCH&ppt=browse&ppn=browse&ssid=jtks0xz00w0000001768226479320
Deals4you Sneakers For Women - Buy Deals4you Sneakers For Women Online at Best Price - Shop Online for Footwears in India | Flipkart.com,₹423,http://rukmini1.flixcart.com/image/300/300/xif0q/shopsy-shoe/4/o/r/6-875-mlt-6-deals4you-multi-original-imahgucfjdknvu92.jpeg,https://www.flipkart.com/deals4you-sneakers-women/p/itmfe58f4b5b1425?pid=SHOGGFYT7PGH5WEP&lid=LSTSHOGGFYT7PGH5WEPXFX1TT&marketplace=FLIPKART&store=osp%2Fiko&srno=b_9_341&otracker=browse&fm=organic&iid=en_jKiTE6Xmr9FQVVFK71OPaiDktBYzHs-QOOuNf_RPcUDIW_pamQxgGBewLMMCDCJqDx__cqA-SPXGk_M4uAErdQ%3D%3D&ppt=browse&ppn=browse&ssid=xqf91pbbtc0000001768226524489
Deals4you Sneakers For Women - Buy Deals4you Sneakers For Women Online at Best Price - Shop Online for Footwears in India | Flipkart.com,₹423,http://rukmini1.flixcart.com/image/300/300/xif0q/shopsy-shoe/4/o/r/6-875-mlt-6-deals4you-multi-original-imahgucfjdknvu92.jpeg,https://www.flipkart.com/deals4you-sneakers-women/p/itmfe58f4b5b1425?pid=SHOGGFYT7PGH5WEP&lid=LSTSHOGGFYT7PGH5WEPXFX1TT&marketplace=FLIPKART&store=osp%2Fiko&srno=b_10_377&otracker=browse&fm=organic&iid=en_QgQ6nGD2rAj3cKP0gzxkX9VwQbY8QFRbQVtWwIS-YzTdRwgKdUkwAYCyBhBO43vW0bNlShRlHBP9zAaQPJ93jg%3D%3D&ppt=browse&ppn=browse&ssid=my7hzbekzk0000001768226539546
TAFSHA Women Slides - Buy TAFSHA Women Slides Online at Best Price - Shop Online for Footwears in India | Flipkart.com,₹294,http://rukmini1.flixcart.com/image/300/300/xif0q/slipper-flip-flop/u/u/h/6-carpet-sports2-purple-6-tafsha-purple-original-imah3ucscykhacmb.jpeg,https://www.flipkart.com/tafsha-women-slides/p/itm3830aaf7933a7?pid=SFFH3UCTKKGVHRNW&lid=LSTSFFH3UCTKKGVHRNWDHBWZP&marketplace=FLIPKART&store=osp%2Fiko&srno=b_13_491&otracker=browse&fm=organic&iid=en_oTiHhq5sCa4wyoPUe1Jja7z0X67n8q4OQWl7fgPeTTra6Dit_hAdmwgtol-ffsZHt_rvxH3lcEVZMzfNYJ6_zw%3D%3D&ppt=browse&ppn=browse&ssid=q7vp90axtc0000001768226586549
TAFSHA Women Slides - Buy TAFSHA Women Slides Online at Best Price - Shop Online for Footwears in India | Flipkart.com,₹294,http://rukmini1.flixcart.com/image/300/300/xif0q/slipper-flip-flop/u/u/h/6-carpet-sports2-purple-6-tafsha-purple-original-imah3ucscykhacmb.jpeg,https://www.flipkart.com/tafsha-women-slides/p/itm3830aaf7933a7?pid=SFFH3UCTKKGVHRNW&lid=LSTSFFH3UCTKKGVHRNWDHBWZP&marketplace=FLIPKART&store=osp%2Fiko&srno=b_3_95&otracker=browse&fm=organic&iid=en_RAZjS9M4pbKu14UKMNDI4m6TFZJ_so7CIuKdOfWnqpCCGC8Ia59y7aEHR40MotMLEo0uubj94mPljwc1DwOcBA%3D%3D&ppt=browse&ppn=browse&ssid=7of36l05000000001768226424463
Birde Women Clogs - Buy Birde Women Clogs Online at Best Price - Shop Online for Footwears in India | Flipkart.com,₹462,http://rukmini1.flixcart.com/image/300/300/xif0q/kids-sandal/d/z/b/5-brd-sn-1193-birde-original-imah4m3xexyjcc9m.jpeg,https://www.flipkart.com/birde-women-clogs/p/itm3e48cd2d6510e?pid=SNDHF6WWUCSXTBMH&lid=LSTSNDHF6WWUCSXTBMHE9DBL5&marketplace=FLIPKART&store=osp%2Fiko&srno=b_13_492&otracker=browse&fm=organic&iid=en_oTiHhq5sCa4wyoPUe1Jja7z0X67n8q4OQWl7fgPeTTroa5d6YIxBOy5UQINDv76F8fkKXhozWGEYJe9sWVVmKg%3D%3D&ppt=browse&ppn=browse&ssid=q7vp90axtc0000001768226586549
Flopsie Women Flopsie Women Stylish Soft Comfortable Slipper Lightweight Dailywear Slippers - Buy Flopsie Women Flopsie Women Stylish Soft Comfortable Slipper Lightweight Dailywear Slippers Online at Best Price - Shop Online for Footwears in India | Flipkart.com,₹195,http://rukmini1.flixcart.com/image/300/300/xif0q/slipper-flip-flop/a/g/y/-original-imahfz7zgeskgcgw.jpeg,https://www.flipkart.com/flopsie-women-stylish-soft-comfortable-slipper-lightweight-dailywear-slippers/p/itme457640427578?pid=SFFH6U8THFPYZHFA&lid=LSTSFFH6U8THFPYZHFARVBL33&marketplace=FLIPKART&store=osp%2Fiko&srno=b_10_362&otracker=browse&fm=organic&iid=en_QgQ6nGD2rAj3cKP0gzxkX9VwQbY8QFRbQVtWwIS-YzTi1oDe8zRlIynyAucUK7sA7yuPjtT_9No1NiTANqPVIQ%3D%3D&ppt=browse&ppn=browse&ssid=my7hzbekzk0000001768226539546
TAFSHA Women Slides - Buy TAFSHA Women Slides Online at Best Price - Shop Online for Footwears in India | Flipkart.com,₹294,http://rukmini1.flixcart.com/image/300/300/xif0q/slipper-flip-flop/2/c/n/9-carpet-sports2-brown-9-tafsha-brown-original-imah3ucsgn2dexxt.jpeg,https://www.flipkart.com/tafsha-women-slides/p/itm5bc80d4be276f?pid=SFFH3UCTXZGKXDFY&lid=LSTSFFH3UCTXZGKXDFYWDOBWA&marketplace=FLIPKART&store=osp%2Fiko&srno=b_6_223&otracker=browse&fm=organic&iid=0a381c2d-9ed4-4919-9097-d81da66e9544.SFFH3UCTXZGKXDFY.SEARCH&ppt=browse&ppn=browse&ssid=jtks0xz00w0000001768226479320
Posewalk Black Stylish Casual Shoes For Woman Sneakers For Women - Buy Posewalk Black Stylish Casual Shoes For Woman Sneakers For Women Online at Best Price - Shop Online for Footwears in India | Flipkart.com,₹439,http://rukmini1.flixcart.com/image/300/300/xif0q/shoe/8/f/i/6-166-thar-posewalk-black-original-imah7uu9mhyqcsge.jpeg,https://www.flipkart.com/posewalk-black-stylish-casual-shoes-woman-sneakers-women/p/itm5f3629e53ccbf?pid=SHOH7UUCYFSV4YED&lid=LSTSHOH7UUCYFSV4YEDOPDI1K&marketplace=FLIPKART&store=osp%2Fiko&srno=b_16_606&otracker=browse&fm=organic&iid=f851c3a1-fab8-4070-ad3d-84b4cbacc113.SHOH7UUCYFSV4YED.SEARCH&ppt=browse&ppn=browse&ssid=g8rc5k3vsw0000001768226631080
DOCTOR ORTHO PLUS COMFY Women Slippers - Buy DOCTOR ORTHO PLUS COMFY Women Slippers Online at Best Price - Shop Online for Footwears in India | Flipkart.com,₹294,http://rukmini1.flixcart.com/image/300/300/xif0q/slipper-flip-flop/o/b/w/-original-imahg24ysdhw5m7e.jpeg,https://www.flipkart.com/doctor-ortho-plus-comfy-women-slippers/p/itm61b085ba1f81c?pid=SFFGXMGGWEUGEBJ2&lid=LSTSFFGXMGGWEUGEBJ2QSEG3L&marketplace=FLIPKART&store=osp%2Fiko&srno=b_9_327&otracker=browse&fm=organic&iid=en_jKiTE6Xmr9FQVVFK71OPaiDktBYzHs-QOOuNf_RPcUCNmFjsnnermbKKX4IGidxU_IZH0lSCt5pWg1EonkPLqg%3D%3D&ppt=browse&ppn=browse&ssid=xqf91pbbtc0000001768226524489
K' Footlance Walking Shoes For Women - Buy K' Footlance Walking Shoes For Women Online at Best Price - Shop Online for Footwears in India | Flipkart.com,₹360,http://rukmini1.flixcart.com/image/300/300/xif0q/shoe/o/q/3/-original-imahfz7zjdhmmecq.jpeg,https://www.flipkart.com/k-footlance-walking-shoes-women/p/itm9092b85991653?pid=SHOGXGJFZRNGUMAH&lid=LSTSHOGXGJFZRNGUMAHWW3NJD&marketplace=FLIPKART&store=osp%2Fiko&srno=b_1_19&otracker=browse&fm=organic&iid=27a448ff-87bd-4ea6-984d-908d0a814445.SHOGXGJFZRNGUMAH.SEARCH&ppt=None&ppn=None&ssid=uekt84okeo0000001768226382861
FLITE Women Slippers - Buy FLITE Women Slippers Online at Best Price - Shop Online for Footwears in India | Flipkart.com,₹249,http://rukmini1.flixcart.com/image/300/300/xif0q/slipper-flip-flop/3/d/n/5-fl-406-flite-tan-brown-original-imahgzj8hcyrt5mg.jpeg,https://www.flipkart.com/flite-women-slippers/p/itma01f78519b09d?pid=SFFGARS2FUVZEF8H&lid=LSTSFFGARS2FUVZEF8HEMLCOL&marketplace=FLIPKART&store=osp%2Fiko&srno=b_6_229&otracker=browse&fm=organic&iid=0a381c2d-9ed4-4919-9097-d81da66e9544.SFFGARS2FUVZEF8H.SEARCH&ppt=browse&ppn=browse&ssid=jtks0xz00w0000001768226479320
PUMA Women Slides - Buy PUMA Women Slides Online at Best Price - Shop Online for Footwears in India | Flipkart.com,"₹1,294",http://rukmini1.flixcart.com/image/300/300/xif0q/slipper-flip-flop/s/u/n/-original-imahjghnephswpzu.jpeg,https://www.flipkart.com/puma-women-slides/p/itmd3c6df9eaf9c3?pid=SFFGYBNJZRQB7TKZ&lid=LSTSFFGYBNJZRQB7TKZMR8APO&marketplace=FLIPKART&store=osp%2Fiko&srno=b_19_722&otracker=browse&fm=organic&iid=en_mGV1yjXtWpAvBu-vSkfb7k6vQxCPvcS0YlxYkHZThtSDYv_8JsF8U-03yEnlFsEgQZ-oDR9sLpgvj7TPghruWw%3D%3D&ppt=browse&ppn=browse&ssid=3d4mzm90og0000001768226678442
DUOSOFT |Premium Look|Non Slip Lightweight|Bellies for Women|Dailywear|Bellies Shoes| Women Bellies - Buy DUOSOFT |Premium Look|Non Slip Lightweight|Bellies for Women|Dailywear|Bellies Shoes| Women Bellies Online at Best Price - Shop Online for Footwears in India | Flipkart.com,₹328,http://rukmini1.flixcart.com/image/300/300/xif0q/sandal/h/e/4/-original-imahgyc3fhgjqx5z.jpeg,https://www.flipkart.com/duosoft-premium-look-non-slip-lightweight-bellies-women-dailywear-bellies-shoes-women-bellies/p/itm9c76566f3df53?pid=SNDH6UBC5HNAHSYU&lid=LSTSNDH6UBC5HNAHSYUBYH2SW&marketplace=FLIPKART&store=osp%2Fiko&srno=b_16_629&otracker=browse&fm=organic&iid=f851c3a1-fab8-4070-ad3d-84b4cbacc113.SNDH6UBC5HNAHSYU.SEARCH&ppt=browse&ppn=browse&ssid=g8rc5k3vsw0000001768226631080
CAMPUS Women's Sports Shoes | Breathable Mesh Upper & Cushioned Insole | Lace-Up Running Shoes For Women - Buy CAMPUS Women's Sports Shoes | Breathable Mesh Upper & Cushioned Insole | Lace-Up Running Shoes For Women Online at Best Price - Shop Online for Footwears in India | Flipkart.com,"₹1,199",http://rukmini1.flixcart.com/image/300/300/xif0q/shoe/x/n/t/5-22l-966-5-campus-l-purple-violet-original-imahgeqkfefgtjz5.jpeg,https://www.flipkart.com/campus-women-s-sports-shoes-breathable-mesh-upper-cushioned-insole-lace-up-running-women/p/itm363ce53b5f21f?pid=SHOH4Y8FUZNAEHHM&lid=LSTSHOH4Y8FUZNAEHHMBTJNCW&marketplace=FLIPKART&store=osp%2Fiko&srno=b_6_224&otracker=browse&fm=organic&iid=0a381c2d-9ed4-4919-9097-d81da66e9544.SHOH4Y8FUZNAEHHM.SEARCH&ppt=browse&ppn=browse&ssid=jtks0xz00w0000001768226479320
Ortho + Rest Women Women Orthopedic Doctor Soft Slipper | Pregnancy Non-Slip | Diabetic | Daily Use Slippers - Buy Ortho + Rest Women Women Orthopedic Doctor Soft Slipper | Pregnancy Non-Slip | Diabetic | Daily Use Slippers Online at Best Price - Shop Online for Footwears in India | Flipkart.com,₹453,http://rukmini1.flixcart.com/image/300/300/xif0q/slipper-flip-flop/p/k/1/-original-imahftsghzfdkwk5.jpeg,https://www.flipkart.com/ortho-rest-women-orthopedic-doctor-soft-slipper-pregnancy-non-slip-diabetic-daily-use-slippers/p/itm397600387c026?pid=SFFHA784X8XFUFEH&lid=LSTSFFHA784X8XFUFEH2X5ACK&marketplace=FLIPKART&store=osp%2Fiko&srno=b_9_326&otracker=browse&fm=organic&iid=dbcc83ce-aca9-4f02-99f6-46c63dc65f87.SFFHA784X8XFUFEH.SEARCH&ppt=browse&ppn=browse&ssid=xqf91pbbtc0000001768226524489
Abros KAYA Running Shoes For Women - Buy Abros KAYA Running Shoes For Women Online at Best Price - Shop Online for Footwears in India | Flipkart.com,₹872,http://rukmini1.flixcart.com/image/300/300/xif0q/shoe/e/o/v/-original-imahfhptqdqkrznm.jpeg,https://www.flipkart.com/abros-kaya-running-shoes-women/p/itm9d53aa8a9b56d?pid=SHOHF9J94EHCYKF5&lid=LSTSHOHF9J94EHCYKF5UVJX1M&marketplace=FLIPKART&store=osp%2Fiko&srno=b_3_118&otracker=browse&fm=organic&iid=en_RAZjS9M4pbKu14UKMNDI4m6TFZJ_so7CIuKdOfWnqpAYB2oklcLYDK6vm2mIfrdYZlljJQA7Qh3HL0lxPpPs5IE8waCTrWcncKeK_ydPfoM%3D&ppt=browse&ppn=browse&ssid=7of36l05000000001768226424463
Flopsie Women Flopsie Women Stylish Soft Comfortable Slipper Lightweight Dailywear Slippers - Buy Flopsie Women Flopsie Women Stylish Soft Comfortable Slipper Lightweight Dailywear Slippers Online at Best Price - Shop Online for Footwears in India | Flipkart.com,₹195,http://rukmini1.flixcart.com/image/300/300/xif0q/slipper-flip-flop/a/g/y/-original-imahfz7zgeskgcgw.jpeg,https://www.flipkart.com/flopsie-women-stylish-soft-comfortable-slipper-lightweight-dailywear-slippers/p/itme457640427578?pid=SFFH6U8THFPYZHFA&lid=LSTSFFH6U8THFPYZHFARVBL33&marketplace=FLIPKART&store=osp%2Fiko&srno=b_6_201&otracker=browse&fm=organic&iid=en_FdZ7yfzNiLSuTZt3ug5zoWIjYKMzdeLPs-DtXUP-fn2dr8fW2RFuOaOdUxxZxo5H-c5GgTdDjE-lyEAq8HSJWQ%3D%3D&ppt=browse&ppn=browse&ssid=jtks0xz00w0000001768226479320
Layasa Womens And Girls Multicolor Casual Sneakers For Women - Buy Layasa Womens And Girls Multicolor Casual Sneakers For Women Online at Best Price - Shop Online for Footwears in India | Flipkart.com,₹469,http://rukmini1.flixcart.com/image/300/300/xif0q/shoe/j/t/i/3-ldf2095-3-layasa-mlt-original-imagzrmnahbkratt.jpeg,https://www.flipkart.com/layasa-womens-girls-multicolor-casual-sneakers-women/p/itm2ca8a03be250a?pid=SHOGZRMYMYT7MHHB&lid=LSTSHOGZRMYMYT7MHHBSWFVPP&marketplace=FLIPKART&store=osp%2Fiko&srno=b_2_61&otracker=browse&fm=organic&iid=en_gTq8owYLy1hXM2xQT4S-bA2WPpROM5pB8HlXhKpC5ITySS7Kd1BQPaGUGw03MX1ukwNWaWF5Ktc59Lp-1ZcpgA%3D%3D&ppt=browse&ppn=browse&ssid=w8w25ktupc0000001768226402885
PUMA Puma Lightstorm Wns Casuals For Women - Buy PUMA Puma Lightstorm Wns Casuals For Women Online at Best Price - Shop Online for Footwears in India | Flipkart.com,"₹2,070",http://rukmini1.flixcart.com/image/300/300/xif0q/shoe/j/b/w/-original-imahfz7zrtzk2bnt.jpeg,https://www.flipkart.com/puma-lightstorm-wns-casuals-women/p/itm5ec6051a61776?pid=SHOGQANYHXGZMYG3&lid=LSTSHOGQANYHXGZMYG3ETTNRI&marketplace=FLIPKART&store=osp%2Fiko&srno=b_15_575&otracker=browse&fm=organic&iid=en_vXCl6X7Zoly2o-ZSBHC_VUkVU5Ea8NIcliS224j0uaLUJKUN3MjkBx1YFLD1yG7qJqzWqlfgYdIfgYQAepz_4Q%3D%3D&ppt=browse&ppn=browse&ssid=4i65va4gdc0000001768226615069
Doctor Health Super Soft Newly Launch | Classic Ultra Soft | Memory Foam | Comfortable|Stylish|Trendy Bellies For Women - Buy Doctor Health Super Soft Newly Launch | Classic Ultra Soft | Memory Foam | Comfortable|Stylish|Trendy Bellies For Women Online at Best Price - Shop Online for Footwears in India | Flipkart.com,₹498,http://rukmini1.flixcart.com/image/300/300/xif0q/shopsy-shoe/x/9/2/6-sh-dhss-215-elegant-pink-39-0-doctor-health-super-soft-pink-original-imahgybq88kzffgd.jpeg,https://www.flipkart.com/doctor-health-super-soft-newly-launch-classic-ultra-memory-foam-comfortable-stylish-trendy-bellies-women/p/itm3964abf0d7553?pid=SHOH7N79GR34XMSK&lid=LSTSHOH7N79GR34XMSK7SNE6K&marketplace=FLIPKART&store=osp%2Fiko&srno=b_12_458&otracker=browse&fm=organic&iid=en_SHCTXva8iVexBQNCngpF_NuHHZdPLvMAdqHvpa5ye8nuhvclE919FjOv-s7nmKfCLCjUkaizW0Uf8So-SALQLA%3D%3D&ppt=browse&ppn=browse&ssid=ecse3v9ai80000001768226569451
Aqualite Slip On Sneakers For Women - Buy Grey & Cherry Color Aqualite Slip On Sneakers For Women Online at Best Price - Shop Online for Footwears in India | Flipkart.com,₹469,http://rukmini1.flixcart.com/image/300/300/xif0q/shoe/i/5/u/-original-imahfskwbfhhpeec.jpeg,https://www.flipkart.com/aqualite-slip-sneakers-women/p/itm131da5a21ff18?pid=SHOGTGY7WBFHMGM4&lid=LSTSHOGTGY7WBFHMGM4HM3K9F&marketplace=FLIPKART&store=osp%2Fiko&srno=b_2_43&otracker=browse&fm=organic&iid=464c9e9f-a691-419d-8fd2-680b9c4477eb.SHOGTGY7WBFHMGM4.SEARCH&ppt=browse&ppn=browse&ssid=w8w25ktupc0000001768226402885
TAFSHA Women Slides - Buy TAFSHA Women Slides Online at Best Price - Shop Online for Footwears in India | Flipkart.com,₹294,http://rukmini1.flixcart.com/image/300/300/xif0q/slipper-flip-flop/u/u/h/6-carpet-sports2-purple-6-tafsha-purple-original-imah3ucscykhacmb.jpeg,https://www.flipkart.com/tafsha-women-slides/p/itm3830aaf7933a7?pid=SFFH3UCTKKGVHRNW&lid=LSTSFFH3UCTKKGVHRNWDHBWZP&marketplace=FLIPKART&store=osp%2Fiko&srno=b_12_451&otracker=browse&fm=organic&iid=en_SHCTXva8iVexBQNCngpF_NuHHZdPLvMAdqHvpa5ye8niPekXrZoR4HncJspoJCikt_rvxH3lcEVZMzfNYJ6_zw%3D%3D&ppt=browse&ppn=browse&ssid=ecse3v9ai80000001768226569451
Deals4you Sneakers For Women - Buy Deals4you Sneakers For Women Online at Best Price - Shop Online for Footwears in India | Flipkart.com,₹423,http://rukmini1.flixcart.com/image/300/300/xif0q/shopsy-shoe/4/o/r/6-875-mlt-6-deals4you-multi-original-imahgucfjdknvu92.jpeg,https://www.flipkart.com/deals4you-sneakers-women/p/itmfe58f4b5b1425?pid=SHOGGFYT7PGH5WEP&lid=LSTSHOGGFYT7PGH5WEPXFX1TT&marketplace=FLIPKART&store=osp%2Fiko&srno=b_16_617&otracker=browse&fm=organic&iid=en_r6jE2bFuVoC3-Xm07u_rlTuKR8b77BFlQp2ofdjatrCXnnukVKLTpB_EYJy6jFj70bNlShRlHBP9zAaQPJ93jg%3D%3D&ppt=browse&ppn=browse&ssid=g8rc5k3vsw0000001768226631080
Deals4you Sneakers For Women - Buy Deals4you Sneakers For Women Online at Best Price - Shop Online for Footwears in India | Flipkart.com,₹411,http://rukmini1.flixcart.com/image/300/300/xif0q/shoe/i/o/s/-original-imahftsgujerjmgy.jpeg,https://www.flipkart.com/deals4you-sneakers-women/p/itm4e0e244fc79ac?pid=SHOGM2A3BFZYZ72S&lid=LSTSHOGM2A3BFZYZ72SXKZSL1&marketplace=FLIPKART&store=osp%2Fiko&srno=b_11_416&otracker=browse&fm=organic&iid=d9f69b20-3523-485c-a484-27a8b56a461d.SHOGM2A3BFZYZ72S.SEARCH&ppt=browse&ppn=browse&ssid=xkwuilrkog0000001768226554244
Rambo Latest Trendy White Sneakers For Women - Buy Rambo Latest Trendy White Sneakers For Women Online at Best Price - Shop Online for Footwears in India | Flipkart.com,₹599,http://rukmini1.flixcart.com/image/300/300/xif0q/shoe/9/m/n/-original-imahf8ku8nmkcejz.jpeg,https://www.flipkart.com/rambo-latest-trendy-white-sneakers-women/p/itm175289467b1a2?pid=SHOH68Y8MNGT3W8X&lid=LSTSHOH68Y8MNGT3W8XXUOIZQ&marketplace=FLIPKART&store=osp%2Fiko&srno=b_4_126&otracker=browse&fm=organic&iid=3d830cc9-e5ad-48ef-84c3-482f55642135.SHOH68Y8MNGT3W8X.SEARCH&ppt=browse&ppn=browse&ssid=e6nkya0vfk0000001768226446152
SHOETOPIA Women Bellies - Buy SHOETOPIA Women Bellies Online at Best Price - Shop Online for Footwears in India | Flipkart.com,₹726,http://rukmini1.flixcart.com/image/300/300/xif0q/sandal/x/w/3/-original-imahftqs3ghf4rzt.jpeg,https://www.flipkart.com/shoetopia-women-bellies/p/itmb2cd00bbed1fd?pid=SNDH7P7QS4HFQYDE&lid=LSTSNDH7P7QS4HFQYDEI8ZLEW&marketplace=FLIPKART&store=osp%2Fiko&srno=b_16_633&otracker=browse&fm=organic&iid=f851c3a1-fab8-4070-ad3d-84b4cbacc113.SNDH7P7QS4HFQYDE.SEARCH&ppt=browse&ppn=browse&ssid=g8rc5k3vsw0000001768226631080
Deals4you Sneakers For Women - Buy Deals4you Sneakers For Women Online at Best Price - Shop Online for Footwears in India | Flipkart.com,₹422,http://rukmini1.flixcart.com/image/300/300/xif0q/shoe/l/5/s/6-1326-pnk-blk-6-deals4you-white-pink-blk-original-imahgzgnjbfmpz65.jpeg,https://www.flipkart.com/deals4you-sneakers-women/p/itm6dd0e5a6dc9f6?pid=SHOGRW7NPGUFMMBW&lid=LSTSHOGRW7NPGUFMMBWZHX9UN&marketplace=FLIPKART&store=osp%2Fiko&srno=b_4_131&otracker=browse&fm=organic&iid=en_0D43y1Gkov2fa4f2QX2QfRL0_YJcqARvUPQbUbgzRN5ZBke5V7AFBra6oeTBcBQ9xS-WhAy6mHxl8b6BlIA83g%3D%3D&ppt=browse&ppn=browse&ssid=e6nkya0vfk0000001768226446152
Bata Bata Women's Casual Ballerinas – Lightweight & Comfortable Design for Daily Wear Bellies For Women - Buy Bata Bata Women's Casual Ballerinas – Lightweight & Comfortable Design for Daily Wear Bellies For Women Online at Best Price - Shop Online for Footwears in India | Flipkart.com,₹449,http://rukmini1.flixcart.com/image/300/300/xif0q/shoe/s/q/q/3-5512188-bata-grey-original-imah9ppyg6ccbxg8.jpeg,https://www.flipkart.com/bata-women-s-casual-ballerinas-lightweight-comfortable-design-daily-wear-bellies-women/p/itm2071ce60bd1d5?pid=SHOH9PPYCDNGHW4D&lid=LSTSHOH9PPYCDNGHW4D4BHJMV&marketplace=FLIPKART&store=osp%2Fiko&srno=b_8_293&otracker=browse&fm=organic&iid=79f2c90c-e0c0-4aba-9a8f-665fed88ffe8.SHOH9PPYCDNGHW4D.SEARCH&ppt=browse&ppn=browse&ssid=2go0snlczk0000001768226510439
Deals4you Sneakers For Women - Buy Deals4you Sneakers For Women Online at Best Price - Shop Online for Footwears in India | Flipkart.com,₹423,http://rukmini1.flixcart.com/image/300/300/xif0q/shopsy-shoe/4/o/r/6-875-mlt-6-deals4you-multi-original-imahgucfjdknvu92.jpeg,https://www.flipkart.com/deals4you-sneakers-women/p/itmfe58f4b5b1425?pid=SHOGGFYT7PGH5WEP&lid=LSTSHOGGFYT7PGH5WEPXFX1TT&marketplace=FLIPKART&store=osp%2Fiko&srno=b_12_457&otracker=browse&fm=organic&iid=en_SHCTXva8iVexBQNCngpF_NuHHZdPLvMAdqHvpa5ye8lC-P8prp9Sv7dW-XaEpg4r0bNlShRlHBP9zAaQPJ93jg%3D%3D&ppt=browse&ppn=browse&ssid=ecse3v9ai80000001768226569451
PUMA Puma Buzz Wmn Casuals For Women - Buy PUMA Puma Buzz Wmn Casuals For Women Online at Best Price - Shop Online for Footwears in India | Flipkart.com,"₹1,435",http://rukmini1.flixcart.com/image/300/300/xif0q/shoe/l/h/p/-original-imahjghv8zhcqntc.jpeg,https://www.flipkart.com/puma-buzz-wmn-casuals-women/p/itm877bfe3da9934?pid=SHOGGEYG59HEJVHH&lid=LSTSHOGGEYG59HEJVHHRE2QOE&marketplace=FLIPKART&store=osp%2Fiko&srno=b_15_577&otracker=browse&fm=organic&iid=en_vXCl6X7Zoly2o-ZSBHC_VUkVU5Ea8NIcliS224j0uaIPc6_lr-TOo_IQA9I6HCz3JaPKtfQb4GuoWyYM0vRuGA%3D%3D&ppt=browse&ppn=browse&ssid=4i65va4gdc0000001768226615069
Birde Women Clogs - Buy Birde Women Clogs Online at Best Price - Shop Online for Footwears in India | Flipkart.com,₹453,http://rukmini1.flixcart.com/image/300/300/xif0q/sandal/s/y/4/-original-imahgyc5mvvgqrfj.jpeg,https://www.flipkart.com/birde-women-clogs/p/itme980a02719ccf?pid=SNDH448PXTDUWVH5&lid=LSTSNDH448PXTDUWVH55INUAR&marketplace=FLIPKART&store=osp%2Fiko&srno=b_10_387&otracker=browse&fm=organic&iid=en_QgQ6nGD2rAj3cKP0gzxkX9VwQbY8QFRbQVtWwIS-YzRjMqOf1y5SeHGYKiWuF26JY6uZTMCT425fvVMrc-aXlA%3D%3D&ppt=browse&ppn=browse&ssid=my7hzbekzk0000001768226539546
Flopsie Women TWO SOFT Comfortable Stylish Doctor Ortho | Adjustable Toe Hook Slippers - Buy Flopsie Women TWO SOFT Comfortable Stylish Doctor Ortho | Adjustable Toe Hook Slippers Online at Best Price - Shop Online for Footwears in India | Flipkart.com,₹206,http://rukmini1.flixcart.com/image/300/300/xif0q/slipper-flip-flop/r/u/s/8-new-035-pink-flopsie-pink-original-imahgepuf4s79zgr.jpeg,https://www.flipkart.com/flopsie-women-two-soft-comfortable-stylish-doctor-ortho-adjustable-toe-hook-slippers/p/itm2e9b435784dc1?pid=SFFH6U8TMGHHHHQ7&lid=LSTSFFH6U8TMGHHHHQ7EN3JLC&marketplace=FLIPKART&store=osp%2Fiko&srno=b_9_347&otracker=browse&fm=organic&iid=en_jKiTE6Xmr9FQVVFK71OPaiDktBYzHs-QOOuNf_RPcUDydud_d2t5el9r_u1_w0XWcLkIqa5zItZ2x_vV9LQqNw%3D%3D&ppt=browse&ppn=browse&ssid=xqf91pbbtc0000001768226524489
Deals4you Sneakers For Women - Buy Deals4you Sneakers For Women Online at Best Price - Shop Online for Footwears in India | Flipkart.com,₹416,http://rukmini1.flixcart.com/image/300/300/xif0q/shoe/d/q/e/3-779-wt-3-deals4you-white-original-imahhaszzyumxyab.jpeg,https://www.flipkart.com/deals4you-sneakers-women/p/itmc91ae397b571a?pid=SHOG7PJ6352YPS3B&lid=LSTSHOG7PJ6352YPS3B6P8HUA&marketplace=FLIPKART&store=osp%2Fiko&srno=b_10_370&otracker=browse&fm=organic&iid=4ad595d9-2879-4175-951e-b6349d2847c2.SHOG7PJ6352YPS3B.SEARCH&ppt=browse&ppn=browse&ssid=my7hzbekzk0000001768226539546
TAFSHA Women Flip Flops - Buy TAFSHA Women Flip Flops Online at Best Price - Shop Online for Footwears in India | Flipkart.com,₹294,http://rukmini1.flixcart.com/image/300/300/xif0q/slipper-flip-flop/0/a/0/9-carpet-winterf13-brown9-tafsha-brown-original-imahdq34skradnwg.jpeg,https://www.flipkart.com/tafsha-women-flip-flops/p/itm2ccab4b85dfd8?pid=SFFHDQ34FYQCFXTF&lid=LSTSFFHDQ34FYQCFXTF1STGQP&marketplace=FLIPKART&store=osp%2Fiko&srno=b_12_477&otracker=browse&fm=organic&iid=en_SHCTXva8iVexBQNCngpF_NuHHZdPLvMAdqHvpa5ye8loL4T6DVF1FC1uzPNSpyCzprRAp9xTJ2XHWYd0wv6ylg%3D%3D&ppt=browse&ppn=browse&ssid=ecse3v9ai80000001768226569451
,,,https://www.flipkart.com/flopsie-women-winter-stylish-comfortable-bellies-girl-loafers/p/itm173c2f56238cf?pid=SHOH6T6ZGP4FK5GJ&lid=LSTSHOH6T6ZGP4FK5GJB0AMXB&marketplace=FLIPKART&store=osp%2Fiko&srno=b_17_661&otracker=browse&fm=organic&iid=en_-1UVHzCH-jLPIUjhAaIh3CfP-_LzqvWxPxjV9QMLdvIse3ZczdQYlt9xNSNmhidAJssuCE4n3pKG5cuNZcDCwg%3D%3D&ppt=browse&ppn=browse&ssid=vnotkb0e2o0000001768226647060
PKKART Women Slippers - Buy PKKART Women Slippers Online at Best Price - Shop Online for Footwears in India | Flipkart.com,₹313,http://rukmini1.flixcart.com/image/300/300/xif0q/slipper-flip-flop/h/t/d/-original-imahftr8zfpaggbr.jpeg,https://www.flipkart.com/pkkart-women-slippers/p/itm02206a5173f04?pid=SFFG7HFZENTQDFSU&lid=LSTSFFG7HFZENTQDFSUMFTYVQ&marketplace=FLIPKART&store=osp%2Fiko&srno=b_4_153&otracker=browse&fm=organic&iid=3d830cc9-e5ad-48ef-84c3-482f55642135.SFFG7HFZENTQDFSU.SEARCH&ppt=browse&ppn=browse&ssid=e6nkya0vfk0000001768226446152
Flopsie Women Flopsie Women Stylish Soft Comfortable Slipper Lightweight Dailywear Slippers - Buy Flopsie Women Flopsie Women Stylish Soft Comfortable Slipper Lightweight Dailywear Slippers Online at Best Price - Shop Online for Footwears in India | Flipkart.com,₹195,http://rukmini1.flixcart.com/image/300/300/xif0q/slipper-flip-flop/a/g/y/-original-imahfz7zgeskgcgw.jpeg,https://www.flipkart.com/flopsie-women-stylish-soft-comfortable-slipper-lightweight-dailywear-slippers/p/itme457640427578?pid=SFFH6U8THFPYZHFA&lid=LSTSFFH6U8THFPYZHFARVBL33&marketplace=FLIPKART&store=osp%2Fiko&srno=b_5_161&otracker=browse&fm=organic&iid=en_veuji5O5oxhJ0IBY-vJKNHnFzc2n3kvDK_Yl7nBJXWG5wifwlh-zT0BQR8envyMU-c5GgTdDjE-lyEAq8HSJWQ%3D%3D&ppt=browse&ppn=browse&ssid=39jjfmw7uo0000001768226462876
Birde Women Clogs - Buy Birde Women Clogs Online at Best Price - Shop Online for Footwears in India | Flipkart.com,₹453,http://rukmini1.flixcart.com/image/300/300/xif0q/sandal/s/y/4/-original-imahgyc5mvvgqrfj.jpeg,https://www.flipkart.com/birde-women-clogs/p/itme980a02719ccf?pid=SNDH448PXTDUWVH5&lid=LSTSNDH448PXTDUWVH55INUAR&marketplace=FLIPKART&store=osp%2Fiko&srno=b_11_421&otracker=browse&fm=organic&iid=en_yzKT70zsUvLVIiVJzjcGD6y4PwfYgrFyB-JPR4zv0wD7F3ZJmJm8SFZbd3kvieETAlhLlBwg0zWR4GZVViIpgQ%3D%3D&ppt=browse&ppn=browse&ssid=xkwuilrkog0000001768226554244
PUMA Pacific Maze Wn s IDP Casuals For Women - Buy PUMA Pacific Maze Wn s IDP Casuals For Women Online at Best Price - Shop Online for Footwears in India | Flipkart.com,"₹1,920",http://rukmini1.flixcart.com/image/300/300/xif0q/shoe/k/a/b/-original-imahjghvmrwa5qyp.jpeg,https://www.flipkart.com/puma-pacific-maze-wn-s-idp-casuals-women/p/itmf4c726ae69acb?pid=SHOGFX6FNFNYXCMF&lid=LSTSHOGFX6FNFNYXCMFTZG5C4&marketplace=FLIPKART&store=osp%2Fiko&srno=b_1_1&otracker=browse&fm=organic&iid=en_Z7IyGFzCQO8WtPj1yaORbO1Lm7-B6HNHu2MwJuRzvuDHgYXpgZOO1_rb5FV3oih27nGl_JmatVfYITSZ6CysRQ%3D%3D&ppt=None&ppn=None&ssid=uekt84okeo0000001768226382861
PUMA Celi Womens Sneakers For Women - Buy PUMA Celi Womens Sneakers For Women Online at Best Price - Shop Online for Footwears in India | Flipkart.com,"₹2,194",http://rukmini1.flixcart.com/image/300/300/xif0q/shoe/7/6/f/-original-imahjgrxkn2hzujk.jpeg,https://www.flipkart.com/puma-celi-womens-sneakers-women/p/itm80e96a63775fd?pid=SHOGQANYFB73PUGZ&lid=LSTSHOGQANYFB73PUGZD1ZEOT&marketplace=FLIPKART&store=osp%2Fiko&srno=b_19_748&otracker=browse&fm=organic&iid=en_mGV1yjXtWpAvBu-vSkfb7k6vQxCPvcS0YlxYkHZThtSLUpA6LmOQGDBrUP2rRq6zsJY1FRUaz0uvgdIncx7W90hz9c-MSIoFe8xMxkfU6dM%3D&ppt=browse&ppn=browse&ssid=3d4mzm90og0000001768226678442
XYZSOLE Women Slippers - Buy XYZSOLE Women Slippers Online at Best Price - Shop Online for Footwears in India | Flipkart.com,₹299,http://rukmini1.flixcart.com/image/300/300/xif0q/slipper-flip-flop/e/2/p/5-green05-aadriasole-light-green-original-imahhvf7a7mhpysf.jpeg,https://www.flipkart.com/xyzsole-women-slippers/p/itm413dedc2c9d15?pid=SFFHGZYYYZFBDMPX&lid=LSTSFFHGZYYYZFBDMPXZGZ8YM&marketplace=FLIPKART&store=osp%2Fiko&srno=b_12_473&otracker=browse&fm=organic&iid=3beba5be-cff5-4b74-8ac4-2f92765b4e5d.SFFHGZYYYZFBDMPX.SEARCH&ppt=browse&ppn=browse&ssid=ecse3v9ai80000001768226569451
Deals4you Sneakers For Women - Buy Deals4you Sneakers For Women Online at Best Price - Shop Online for Footwears in India | Flipkart.com,₹422,http://rukmini1.flixcart.com/image/300/300/xif0q/shoe/l/5/s/6-1326-pnk-blk-6-deals4you-white-pink-blk-original-imahgzgnjbfmpz65.jpeg,https://www.flipkart.com/deals4you-sneakers-women/p/itm6dd0e5a6dc9f6?pid=SHOGRW7NPGUFMMBW&lid=LSTSHOGRW7NPGUFMMBWZHX9UN&marketplace=FLIPKART&store=osp%2Fiko&srno=b_7_246&otracker=browse&fm=organic&iid=2255f9d1-351c-40af-ba87-3dde238f6414.SHOGRW7NPGUFMMBW.SEARCH&ppt=browse&ppn=browse&ssid=l4zc74md9s0000001768226494682
TWO SOFT Boots For Women - Buy TWO SOFT Boots For Women Online at Best Price - Shop Online for Footwears in India | Flipkart.com,₹370,http://rukmini1.flixcart.com/image/300/300/xif0q/shoe/i/g/8/4-ts-511-blk-4-two-soft-black-original-imah4gs5fax6mvau.jpeg,https://www.flipkart.com/two-soft-boots-women/p/itme1c11a8c77d0f?pid=SHOH44H7ZBKGCKKF&lid=LSTSHOH44H7ZBKGCKKFYOD1YW&marketplace=FLIPKART&store=osp%2Fiko&srno=b_10_397&otracker=browse&fm=organic&iid=en_QgQ6nGD2rAj3cKP0gzxkX9VwQbY8QFRbQVtWwIS-YzSqYmkLPRjPJl03KpW_zpiZwtZUOjJFH7hLfILzixdfFg%3D%3D&ppt=browse&ppn=browse&ssid=my7hzbekzk0000001768226539546
faishstar Women Bellies - Buy faishstar Women Bellies Online at Best Price - Shop Online for Footwears in India | Flipkart.com,₹254,http://rukmini1.flixcart.com/image/300/300/xif0q/sandal/v/w/3/3-mk03-3-faishstar-multicolor-original-imaherqvgdr76z6c.jpeg,https://www.flipkart.com/faishstar-women-bellies/p/itm592ef3c2aea47?pid=SNDH5WWTGXSTAR9T&lid=LSTSNDH5WWTGXSTAR9TZZTYSU&marketplace=FLIPKART&store=osp%2Fiko&srno=b_15_593&otracker=browse&fm=organic&iid=e6ebe926-2018-479d-b73a-c70125b560f3.SNDH5WWTGXSTAR9T.SEARCH&ppt=browse&ppn=browse&ssid=4i65va4gdc0000001768226615069
ALBANIA Casuals for women Party Wear For Women - Buy ALBANIA Casuals for women Party Wear For Women Online at Best Price - Shop Online for Footwears in India | Flipkart.com,₹423,http://rukmini1.flixcart.com/image/300/300/xif0q/shoe/a/q/4/-original-imahftqunjzhdmvg.jpeg,https://www.flipkart.com/albania-casuals-women-party-wear/p/itm72aaa1318d481?pid=SHOHBT7ZG6AQHACT&lid=LSTSHOHBT7ZG6AQHACTGOM7GX&marketplace=FLIPKART&store=osp%2Fiko&srno=b_19_734&otracker=browse&fm=organic&iid=4367eae6-781b-4f71-84d5-98c38bcd1ce8.SHOHBT7ZG6AQHACT.SEARCH&ppt=browse&ppn=browse&ssid=3d4mzm90og0000001768226678442
"RED TAPE Athleisure Sports Shoes for Women | Lightweight, Breathable Walking Shoes For Women - Buy RED TAPE Athleisure Sports Shoes for Women | Lightweight, Breathable Walking Shoes For Women Online at Best Price - Shop Online for Footwears in India | Flipkart.com","₹1,205",http://rukmini1.flixcart.com/image/300/300/xif0q/shoe/e/d/p/6-rlo117-red-tape-magenta-original-imagneatmjqggynx.jpeg,https://www.flipkart.com/red-tape-athleisure-sports-shoes-women-lightweight-breathable-walking/p/itm91602a1738486?pid=SHOH9JWFSHY5GS4V&lid=LSTSHOH9JWFSHY5GS4VLIOYI9&marketplace=FLIPKART&store=osp%2Fiko&srno=b_11_438&otracker=browse&fm=organic&iid=en_yzKT70zsUvLVIiVJzjcGD6y4PwfYgrFyB-JPR4zv0wAI3EhNWLRjS8zzBIGAv5pgObSC8m-Yka8URSpjDMg-ESqhaHrzSI4OjvZa1DRoeKc%3D&ppt=browse&ppn=browse&ssid=xkwuilrkog0000001768226554244
Flopsie Women Flopsie Women Stylish Soft Comfortable Slipper Lightweight Dailywear Slippers - Buy Flopsie Women Flopsie Women Stylish Soft Comfortable Slipper Lightweight Dailywear Slippers Online at Best Price - Shop Online for Footwears in India | Flipkart.com,₹195,http://rukmini1.flixcart.com/image/300/300/xif0q/slipper-flip-flop/a/g/y/-original-imahfz7zgeskgcgw.jpeg,https://www.flipkart.com/flopsie-women-stylish-soft-comfortable-slipper-lightweight-dailywear-slippers/p/itme457640427578?pid=SFFH6U8THFPYZHFA&lid=LSTSFFH6U8THFPYZHFARVBL33&marketplace=FLIPKART&store=osp%2Fiko&srno=b_9_321&otracker=browse&fm=organic&iid=en_jKiTE6Xmr9FQVVFK71OPaiDktBYzHs-QOOuNf_RPcUC0oMRV4TtlX8vp5ZRdldp1-c5GgTdDjE-lyEAq8HSJWQ%3D%3D&ppt=browse&ppn=browse&ssid=xqf91pbbtc0000001768226524489
Cult Glide Walk Walking Shoes Breathable Knitted Upper Enhanced Cushioning Enhanced Walking Shoes For Women - Buy Cult Glide Walk Walking Shoes Breathable Knitted Upper Enhanced Cushioning Enhanced Walking Shoes For Women Online at Best Price - Shop Online for Footwears in India | Flipkart.com,"₹1,699",http://rukmini1.flixcart.com/image/300/300/xif0q/shoe/h/h/h/4-705801-4-cult-black-original-imahhfqkpvay2egg.jpeg,https://www.flipkart.com/cult-glide-walk-walking-shoes-breathable-knitted-upper-enhanced-cushioning-women/p/itm77815d665800d?pid=SHOHDGDYTSN2HZTZ&lid=LSTSHOHDGDYTSN2HZTZVCQQID&marketplace=FLIPKART&store=osp%2Fiko&srno=b_5_186&otracker=browse&fm=organic&iid=dacca31e-67ab-42b6-a39c-2196d8d752b0.SHOHDGDYTSN2HZTZ.SEARCH&ppt=browse&ppn=browse&ssid=39jjfmw7uo0000001768226462876
PUMA Zod Runner V3 Wn's Casuals For Women - Buy PUMA Zod Runner V3 Wn's Casuals For Women Online at Best Price - Shop Online for Footwears in India | Flipkart.com,"₹1,276",http://rukmini1.flixcart.com/image/300/300/xif0q/shoe/1/c/k/-original-imahjghrywtqxwqn.jpeg,https://www.flipkart.com/puma-zod-runner-v3-wn-s-casuals-women/p/itm0e5f3a45945cf?pid=SHOFUFGRADHJYZU4&lid=LSTSHOFUFGRADHJYZU4J6ICHZ&marketplace=FLIPKART&store=osp%2Fiko&srno=b_15_562&otracker=browse&fm=organic&iid=en_vXCl6X7Zoly2o-ZSBHC_VUkVU5Ea8NIcliS224j0uaK1obZRQEupsWurZ5X5ZHk9790wjuNSTQpfcNDFcMI01A%3D%3D&ppt=browse&ppn=browse&ssid=4i65va4gdc0000001768226615069
DUOSOFT Women Doctor Slipper|Super Soft|Orthopedic|Lightweight|Diabetic|Antiskid Slippers - Buy DUOSOFT Women Doctor Slipper|Super Soft|Orthopedic|Lightweight|Diabetic|Antiskid Slippers Online at Best Price - Shop Online for Footwears in India | Flipkart.com,₹208,http://rukmini1.flixcart.com/image/300/300/xif0q/slipper-flip-flop/r/s/w/-original-imahftr69adgjarz.jpeg,https://www.flipkart.com/duosoft-women-doctor-slipper-super-soft-orthopedic-lightweight-diabetic-antiskid-slippers/p/itm88fabafa76093?pid=SFFGP3EZGEGYSYTP&lid=LSTSFFGP3EZGEGYSYTPFGQ9QS&marketplace=FLIPKART&store=osp%2Fiko&srno=b_2_49&otracker=browse&fm=organic&iid=464c9e9f-a691-419d-8fd2-680b9c4477eb.SFFGP3EZGEGYSYTP.SEARCH&ppt=browse&ppn=browse&ssid=w8w25ktupc0000001768226402885
WALKAROO Women Casual - Buy WALKAROO Women Casual Online at Best Price - Shop Online for Footwears in India | Flipkart.com,₹359,http://rukmini1.flixcart.com/image/300/300/xif0q/sandal/9/5/a/5-wl7554-purple-ladies-5-walkaroo-purple-original-imahh56zn2wstaxz.jpeg,https://www.flipkart.com/walkaroo-women-casual/p/itm2ac225bd841d7?pid=SNDGZY4J3VNG7DRH&lid=LSTSNDGZY4J3VNG7DRHOS9PRU&marketplace=FLIPKART&store=osp%2Fiko&srno=b_14_549&otracker=browse&fm=organic&iid=d4e3f038-b31e-4096-9ab1-fe0a83cf4fc4.SNDGZY4J3VNG7DRH.SEARCH&ppt=browse&ppn=browse&ssid=hrwjiqjte80000001768226600931
Aqualite Women Anti-Skid Slides - Buy Aqualite Women Anti-Skid Slides Online at Best Price - Shop Online for Footwears in India | Flipkart.com,₹285,http://rukmini1.flixcart.com/image/300/300/xif0q/slipper-flip-flop/z/x/5/-original-imahgybxvpn6zx5d.jpeg,https://www.flipkart.com/aqualite-women-anti-skid-slides/p/itm9547b4d04c1f8?pid=SFFGMVFQERFXRBPD&lid=LSTSFFGMVFQERFXRBPDJQ8NRD&marketplace=FLIPKART&store=osp%2Fiko&srno=b_6_209&otracker=browse&fm=organic&iid=0a381c2d-9ed4-4919-9097-d81da66e9544.SFFGMVFQERFXRBPD.SEARCH&ppt=browse&ppn=browse&ssid=jtks0xz00w0000001768226479320
TWO SOFT Women Combo Pack Of 2 Stylish Casual Light & Soft Comfortable Daily Wear Slippers - Buy TWO SOFT Women Combo Pack Of 2 Stylish Casual Light & Soft Comfortable Daily Wear Slippers Online at Best Price - Shop Online for Footwears in India | Flipkart.com,₹263,http://rukmini1.flixcart.com/image/300/300/xif0q/slipper-flip-flop/f/1/z/-original-imahftr8j3edee4f.jpeg,https://www.flipkart.com/two-soft-women-combo-pack-2-stylish-casual-light-comfortable-daily-wear-slippers/p/itm52d5fb8753745?pid=SFFGMBGHBKTXYZ3S&lid=LSTSFFGMBGHBKTXYZ3SOWUFV9&marketplace=FLIPKART&store=osp%2Fiko&srno=b_6_208&otracker=browse&fm=organic&iid=en_FdZ7yfzNiLSuTZt3ug5zoWIjYKMzdeLPs-DtXUP-fn3z1Q4fvMxc9fASlqxHNud6DyUYyJvtEzbA6Ec6AowF0A%3D%3D&ppt=browse&ppn=browse&ssid=jtks0xz00w0000001768226479320
Birde Sports Shoes Running Sneakers For Women - Buy Birde Sports Shoes Running Sneakers For Women Online at Best Price - Shop Online for Footwears in India | Flipkart.com,₹469,http://rukmini1.flixcart.com/image/300/300/xif0q/shoe/c/o/c/-original-imahgybz6wztdwb9.jpeg,https://www.flipkart.com/birde-sports-shoes-running-sneakers-women/p/itmbcd2c442d93eb?pid=SHOH7ZBKYJU5KYGP&lid=LSTSHOH7ZBKYJU5KYGPWU6L67&marketplace=FLIPKART&store=osp%2Fiko&srno=b_15_586&otracker=browse&fm=organic&iid=e6ebe926-2018-479d-b73a-c70125b560f3.SHOH7ZBKYJU5KYGP.SEARCH&ppt=browse&ppn=browse&ssid=4i65va4gdc0000001768226615069
Doctor Health Super Soft Newly Launch | Classic Ultra Soft | Memory Foam | Comfortable|Stylish|Trendy Bellies For Women - Buy Doctor Health Super Soft Newly Launch | Classic Ultra Soft | Memory Foam | Comfortable|Stylish|Trendy Bellies For Women Online at Best Price - Shop Online for Footwears in India | Flipkart.com,₹498,http://rukmini1.flixcart.com/image/300/300/xif0q/shopsy-shoe/x/9/2/6-sh-dhss-215-elegant-pink-39-0-doctor-health-super-soft-pink-original-imahgybq88kzffgd.jpeg,https://www.flipkart.com/doctor-health-super-soft-newly-launch-classic-ultra-memory-foam-comfortable-stylish-trendy-bellies-women/p/itm3964abf0d7553?pid=SHOH7N79GR34XMSK&lid=LSTSHOH7N79GR34XMSK7SNE6K&marketplace=FLIPKART&store=osp%2Fiko&srno=b_17_657&otracker=browse&fm=organic&iid=en_-1UVHzCH-jLPIUjhAaIh3CfP-_LzqvWxPxjV9QMLdvIzfCIiKZ7ugWNpm9APU5t8OYJEBMVY9OFQWqUv6LkM7Q%3D%3D&ppt=browse&ppn=browse&ssid=vnotkb0e2o0000001768226647060
Svaar Women Clogs - Buy Svaar Women Clogs Online at Best Price - Shop Online for Footwears in India | Flipkart.com,₹499,http://rukmini1.flixcart.com/image/300/300/xif0q/sandal/x/e/z/5-svr1125kbrv-5-svaar-pure-white-original-imah74zsm3hqxgmb.jpeg,https://www.flipkart.com/svaar-women-clogs/p/itmc27e09582768e?pid=SNDH6WHX2UHNGE8S&lid=LSTSNDH6WHX2UHNGE8SUKOT3A&marketplace=FLIPKART&store=osp%2Fiko&srno=b_10_388&otracker=browse&fm=organic&iid=en_QgQ6nGD2rAj3cKP0gzxkX9VwQbY8QFRbQVtWwIS-YzQ3G6eG6wzvr3cKRbwwAxQDLexF6Crmb0uFSFKcH4XP6w%3D%3D&ppt=browse&ppn=browse&ssid=my7hzbekzk0000001768226539546
Deals4you Sneakers For Women - Buy Deals4you Sneakers For Women Online at Best Price - Shop Online for Footwears in India | Flipkart.com,₹445,http://rukmini1.flixcart.com/image/300/300/xif0q/shoe/a/f/u/-original-imahgybydmwsps69.jpeg,https://www.flipkart.com/deals4you-sneakers-women/p/itm377f10c1e399c?pid=SHOGY7YDGQTCTAHK&lid=LSTSHOGY7YDGQTCTAHKP6N18D&marketplace=FLIPKART&store=osp%2Fiko&srno=b_4_150&otracker=browse&fm=organic&iid=3d830cc9-e5ad-48ef-84c3-482f55642135.SHOGY7YDGQTCTAHK.SEARCH&ppt=browse&ppn=browse&ssid=e6nkya0vfk0000001768226446152
GLB Women Flats - Buy GLB Women Flats Online at Best Price - Shop Online for Footwears in India | Flipkart.com,₹260,http://rukmini1.flixcart.com/image/300/300/xif0q/sandal/n/e/u/4-maya-purple-4-4-glb-purple-original-imahgsdgtqppkagp.jpeg,https://www.flipkart.com/glb-women-flats/p/itm7d5672deb5648?pid=SNDHHKTEHFGBPXQT&lid=LSTSNDHHKTEHFGBPXQTSXQU30&marketplace=FLIPKART&store=osp%2Fiko&srno=b_16_626&otracker=browse&fm=organic&iid=f851c3a1-fab8-4070-ad3d-84b4cbacc113.SNDHHKTEHFGBPXQT.SEARCH&ppt=browse&ppn=browse&ssid=g8rc5k3vsw0000001768226631080
Flopsie Flopsie Premium Women Winter Sneaker MemoryFoam Gym & Casual Outdoor For Women - Buy Flopsie Flopsie Premium Women Winter Sneaker MemoryFoam Gym & Casual Outdoor For Women Online at Best Price - Shop Online for Footwears in India | Flipkart.com,₹272,http://rukmini1.flixcart.com/image/300/300/xif0q/shoe/p/c/b/8-ts-206-multi-8-flopsie-multi-original-imah6t4k5dhqpd8g.jpeg,https://www.flipkart.com/flopsie-premium-women-winter-sneaker-memoryfoam-gym-casual-outdoor/p/itmeac7a738693c9?pid=SHOH6T5VZQVCSWD8&lid=LSTSHOH6T5VZQVCSWD8UVLSTO&marketplace=FLIPKART&store=osp%2Fiko&srno=b_2_45&otracker=browse&fm=organic&iid=en_gTq8owYLy1hXM2xQT4S-bA2WPpROM5pB8HlXhKpC5ITBUQTYXgvAuFZwzFc1aiW2pdUJNyI2YYu8Dec-SkV6cw%3D%3D&ppt=browse&ppn=browse&ssid=w8w25ktupc0000001768226402885
Sparx SL 9047 Running Shoes For Women - Buy Sparx SL 9047 Running Shoes For Women Online at Best Price - Shop Online for Footwears in India | Flipkart.com,₹769,http://rukmini1.flixcart.com/image/300/300/xif0q/shoe/e/t/l/-original-imahd2zmepzpbafp.jpeg,https://www.flipkart.com/sparx-sl-9047-running-shoes-women/p/itm14ed9da1387f0?pid=SHOH2AZFGFTGWRQD&lid=LSTSHOH2AZFGFTGWRQDMZTZLN&marketplace=FLIPKART&store=osp%2Fiko&srno=b_16_619&otracker=browse&fm=organic&iid=f851c3a1-fab8-4070-ad3d-84b4cbacc113.SHOH2AZFGFTGWRQD.SEARCH&ppt=browse&ppn=browse&ssid=g8rc5k3vsw0000001768226631080
aerowalk Women Slippers - Buy aerowalk Women Slippers Online at Best Price - Shop Online for Footwears in India | Flipkart.com,₹317,http://rukmini1.flixcart.com/image/300/300/xif0q/slipper-flip-flop/f/c/y/-original-imahfz7nz4wcvemq.jpeg,https://www.flipkart.com/aerowalk-women-slippers/p/itm859b0338a33a0?pid=SFFHFXHDHGNBJRGW&lid=LSTSFFHFXHDHGNBJRGWL73KAK&marketplace=FLIPKART&store=osp%2Fiko&srno=b_10_369&otracker=browse&fm=organic&iid=4ad595d9-2879-4175-951e-b6349d2847c2.SFFHFXHDHGNBJRGW.SEARCH&ppt=browse&ppn=browse&ssid=my7hzbekzk0000001768226539546
RED TAPE Women's Athleisure Sports Shoes for Active Everyday Style Walking Shoes For Women - Buy RED TAPE Women's Athleisure Sports Shoes for Active Everyday Style Walking Shoes For Women Online at Best Price - Shop Online for Footwears in India | Flipkart.com,"₹1,097",http://rukmini1.flixcart.com/image/300/300/xif0q/shoe/v/q/c/-original-imahjhjny4eytrcj.jpeg,https://www.flipkart.com/red-tape-women-s-athleisure-sports-shoes-active-everyday-style-walking-women/p/itmb05ff265eedc4?pid=SHOHFMMNY3NH5RF7&lid=LSTSHOHFMMNY3NH5RF7STHW39&marketplace=FLIPKART&store=osp%2Fiko&srno=b_16_602&otracker=browse&fm=organic&iid=en_r6jE2bFuVoC3-Xm07u_rlTuKR8b77BFlQp2ofdjatrDPBBSkmtdvcBxitFIfZx6nBHWujxpNK-wKj40vfSERWvUFjCTyOHoHZs-Z5_PS_w0%3D&ppt=browse&ppn=browse&ssid=g8rc5k3vsw0000001768226631080
TRYME Boots For Women - Buy TRYME Boots For Women Online at Best Price - Shop Online for Footwears in India | Flipkart.com,₹695,http://rukmini1.flixcart.com/image/300/300/xif0q/shoe/h/j/k/4-6trunboot34-37-tryme-tan-original-imahewe2d6zcqeae.jpeg,https://www.flipkart.com/tryme-boots-women/p/itmd02c0d2f7085f?pid=SHOH3PY6SMD3GVHD&lid=LSTSHOH3PY6SMD3GVHDRLNGVV&marketplace=FLIPKART&store=osp%2Fiko&srno=b_4_144&otracker=browse&fm=organic&iid=3d830cc9-e5ad-48ef-84c3-482f55642135.SHOH3PY6SMD3GVHD.SEARCH&ppt=browse&ppn=browse&ssid=e6nkya0vfk0000001768226446152
CIBEK Women Doctor step with Cibek comfortable extra soft daily wear women slipper Flip Flops - Buy CIBEK Women Doctor step with Cibek comfortable extra soft daily wear women slipper Flip Flops Online at Best Price - Shop Online for Footwears in India | Flipkart.com,₹176,http://rukmini1.flixcart.com/image/300/300/xif0q/slipper-flip-flop/f/v/v/-original-imahg24fxc62ee87.jpeg,https://www.flipkart.com/cibek-women-doctor-step-comfortable-extra-soft-daily-wear-slipper-flip-flops/p/itm830670bbf4284?pid=SFFH5GGDMZYQWZWF&lid=LSTSFFH5GGDMZYQWZWF0SEF2C&marketplace=FLIPKART&store=osp%2Fiko&srno=b_10_374&otracker=browse&fm=organic&iid=4ad595d9-2879-4175-951e-b6349d2847c2.SFFH5GGDMZYQWZWF.SEARCH&ppt=browse&ppn=browse&ssid=my7hzbekzk0000001768226539546
TRASE Flish Bellies For Women - Buy TRASE Flish Bellies For Women Online at Best Price - Shop Online for Footwears in India | Flipkart.com,₹799,http://rukmini1.flixcart.com/image/300/300/xif0q/shoe/k/g/y/7-42128-7-trase-navy-original-imahghh4h2bpzhkj.jpeg,https://www.flipkart.com/trase-flish-bellies-women/p/itmad3661c58df75?pid=SHOH66XUMQHFCE9V&lid=LSTSHOH66XUMQHFCE9VS9BRNJ&marketplace=FLIPKART&store=osp%2Fiko&srno=b_8_304&otracker=browse&fm=organic&iid=79f2c90c-e0c0-4aba-9a8f-665fed88ffe8.SHOH66XUMQHFCE9V.SEARCH&ppt=browse&ppn=browse&ssid=2go0snlczk0000001768226510439
JUMPLITE Women Flats - Buy JUMPLITE Women Flats Online at Best Price - Shop Online for Footwears in India | Flipkart.com,₹473,http://rukmini1.flixcart.com/image/300/300/xif0q/sandal/q/e/r/-original-imahgyc4mgfrcgnr.jpeg,https://www.flipkart.com/jumplite-women-flats/p/itm5c593f279c394?pid=SNDHCHGKHNVZNSV8&lid=LSTSNDHCHGKHNVZNSV8JH14JX&marketplace=FLIPKART&store=osp%2Fiko&srno=b_1_17&otracker=browse&fm=organic&iid=en_Z7IyGFzCQO8WtPj1yaORbO1Lm7-B6HNHu2MwJuRzvuB4vHNk1Kz1kVB1aFJGkjpeNCJ_qlhJCXBSWCkd-HOdyw%3D%3D&ppt=None&ppn=None&ssid=uekt84okeo0000001768226382861
,,,https://www.flipkart.com/flopsie-women-winter-comfortable-indoor-outdoor-heavy-sole-star-printed-fur-slipper-slippers/p/itm334dd4051990d?pid=SFFH6WHFUX2CYYEE&lid=LSTSFFH6WHFUX2CYYEEXPU3HV&marketplace=FLIPKART&store=osp%2Fiko&srno=b_18_684&otracker=browse&fm=organic&iid=5a1d23a5-08d7-4630-ac04-42a5e235080b.SFFH6WHFUX2CYYEE.SEARCH&ppt=browse&ppn=browse&ssid=kfeo5jgxww0000001768226663673
Rambo Trendy Thar White Korean Sneakers For Women - Buy Rambo Trendy Thar White Korean Sneakers For Women Online at Best Price - Shop Online for Footwears in India | Flipkart.com,₹599,http://rukmini1.flixcart.com/image/300/300/xif0q/shoe/6/s/q/-original-imahfev5gzdkytcp.jpeg,https://www.flipkart.com/rambo-trendy-thar-white-korean-sneakers-women/p/itm248a7a04c4058?pid=SHOH68Y8QDJ5AT9H&lid=LSTSHOH68Y8QDJ5AT9HLUXNEV&marketplace=FLIPKART&store=osp%2Fiko&srno=b_2_76&otracker=browse&fm=organic&iid=464c9e9f-a691-419d-8fd2-680b9c4477eb.SHOH68Y8QDJ5AT9H.SEARCH&ppt=browse&ppn=browse&ssid=w8w25ktupc0000001768226402885
TAFSHA Women Flip Flops - Buy TAFSHA Women Flip Flops Online at Best Price - Shop Online for Footwears in India | Flipkart.com,₹294,http://rukmini1.flixcart.com/image/300/300/xif0q/slipper-flip-flop/u/w/g/9-carpet-winterf03-grey9-tafsha-grey-original-imahdq33yh2ppthf.jpeg,https://www.flipkart.com/tafsha-women-flip-flops/p/itmfc48e8183f8d2?pid=SFFHDQ34ZHMFT4VW&lid=LSTSFFHDQ34ZHMFT4VWSCBSBP&marketplace=FLIPKART&store=osp%2Fiko&srno=b_2_50&otracker=browse&fm=organic&iid=464c9e9f-a691-419d-8fd2-680b9c4477eb.SFFHDQ34ZHMFT4VW.SEARCH&ppt=browse&ppn=browse&ssid=w8w25ktupc0000001768226402885
K' Footlance Stylish Casual Sports Shoe Sneakers For Women Sneakers For Women - Buy K' Footlance Stylish Casual Sports Shoe Sneakers For Women Sneakers For Women Online at Best Price - Shop Online for Footwears in India | Flipkart.com,₹361,http://rukmini1.flixcart.com/image/300/300/xif0q/shoe/b/i/j/-original-imahgybzgxzrsvw2.jpeg,https://www.flipkart.com/k-footlance-stylish-casual-sports-shoe-sneakers-women/p/itm8a41ed92dd81b?pid=SHOGHKNUGHJSU5JX&lid=LSTSHOGHKNUGHJSU5JX2NHRYX&marketplace=FLIPKART&store=osp%2Fiko&srno=b_2_63&otracker=browse&fm=organic&iid=464c9e9f-a691-419d-8fd2-680b9c4477eb.SHOGHKNUGHJSU5JX.SEARCH&ppt=browse&ppn=browse&ssid=w8w25ktupc0000001768226402885
CAMPUS LISA (N) Walking Shoes For Women - Buy CAMPUS LISA (N) Walking Shoes For Women Online at Best Price - Shop Online for Footwears in India | Flipkart.com,₹899,http://rukmini1.flixcart.com/image/300/300/xif0q/shoe/g/q/i/-original-imah3s7pwdzkzcvu.jpeg,https://www.flipkart.com/campus-lisa-n-walking-shoes-women/p/itm0cabb6f644898?pid=SHOGBAZKUSZY7D9R&lid=LSTSHOGBAZKUSZY7D9RZMRBLL&marketplace=FLIPKART&store=osp%2Fiko&srno=b_11_410&otracker=browse&fm=organic&iid=d9f69b20-3523-485c-a484-27a8b56a461d.SHOGBAZKUSZY7D9R.SEARCH&ppt=browse&ppn=browse&ssid=xkwuilrkog0000001768226554244
"asian Mercury-11 Mint Sports,Gym,Walking,Training,Stylish Running Shoes For Women - Buy asian Mercury-11 Mint Sports,Gym,Walking,Training,Stylish Running Shoes For Women Online at Best Price - Shop Online for Footwears in India | Flipkart.com",₹811,http://rukmini1.flixcart.com/image/300/300/xif0q/shoe/d/t/z/-original-imagz5kyh95rcyug.jpeg,https://www.flipkart.com/asian-mercury-11-mint-sports-gym-walking-training-stylish-running-shoes-women/p/itmd59c8ace18690?pid=SHOGPDFBCNZBVG5R&lid=LSTSHOGPDFBCNZBVG5RBGBJJZ&marketplace=FLIPKART&store=osp%2Fiko&srno=b_2_54&otracker=browse&fm=organic&iid=464c9e9f-a691-419d-8fd2-680b9c4477eb.SHOGPDFBCNZBVG5R.SEARCH&ppt=browse&ppn=browse&ssid=w8w25ktupc0000001768226402885
FLITE Women Slippers - Buy FLITE Women Slippers Online at Best Price - Shop Online for Footwears in India | Flipkart.com,₹299,http://rukmini1.flixcart.com/image/300/300/xif0q/slipper-flip-flop/k/i/i/4-503-flite-pista-original-imahdgvwrsg5az3j.jpeg,https://www.flipkart.com/flite-women-slippers/p/itm6ae69ee9b07cd?pid=SFFHCC3K8TDRZ3C2&lid=LSTSFFHCC3K8TDRZ3C2GX7FAZ&marketplace=FLIPKART&store=osp%2Fiko&srno=b_12_463&otracker=browse&fm=organic&iid=3beba5be-cff5-4b74-8ac4-2f92765b4e5d.SFFHCC3K8TDRZ3C2.SEARCH&ppt=browse&ppn=browse&ssid=ecse3v9ai80000001768226569451
WOLVESDEN Women Flip Flops - Buy WOLVESDEN Women Flip Flops Online at Best Price - Shop Online for Footwears in India | Flipkart.com,₹279,http://rukmini1.flixcart.com/image/300/300/xif0q/slipper-flip-flop/m/8/b/10-204-suport-s14-brown-10-wolvesden-brown-original-imahfg9qee73sgm5.jpeg,https://www.flipkart.com/wolvesden-women-flip-flops/p/itm75250f50400e9?pid=SFFHFG9SMGR9WXCN&lid=LSTSFFHFG9SMGR9WXCNBCJOV4&marketplace=FLIPKART&store=osp%2Fiko&srno=b_17_664&otracker=browse&fm=organic&iid=a651fdd0-6b03-4c05-9376-7c1e494b32f5.SFFHFG9SMGR9WXCN.SEARCH&ppt=browse&ppn=browse&ssid=vnotkb0e2o0000001768226647060
HRX by Hrithik Roshan Casual Sneakers For Women - Buy HRX by Hrithik Roshan Casual Sneakers For Women Online at Best Price - Shop Online for Footwears in India | Flipkart.com,"₹1,395",http://rukmini1.flixcart.com/image/300/300/xif0q/shoe/j/l/t/-original-imahfz7myzcucggy.jpeg,https://www.flipkart.com/hrx-hrithik-roshan-casual-sneakers-women/p/itm287b84ce3131a?pid=SHOHYASUZD7DFZ38&lid=LSTSHOHYASUZD7DFZ38H4OX5Z&marketplace=FLIPKART&store=osp%2Fiko&srno=b_10_379&otracker=browse&fm=organic&iid=4ad595d9-2879-4175-951e-b6349d2847c2.SHOHYASUZD7DFZ38.SEARCH&ppt=browse&ppn=browse&ssid=my7hzbekzk0000001768226539546
TAFSHA Women Flip Flops - Buy TAFSHA Women Flip Flops Online at Best Price - Shop Online for Footwears in India | Flipkart.com,₹294,http://rukmini1.flixcart.com/image/300/300/xif0q/slipper-flip-flop/u/w/g/9-carpet-winterf03-grey9-tafsha-grey-original-imahdq33yh2ppthf.jpeg,https://www.flipkart.com/tafsha-women-flip-flops/p/itmfc48e8183f8d2?pid=SFFHDQ34ZHMFT4VW&lid=LSTSFFHDQ34ZHMFT4VWSCBSBP&marketplace=FLIPKART&store=osp%2Fiko&srno=b_9_343&otracker=browse&fm=organic&iid=dbcc83ce-aca9-4f02-99f6-46c63dc65f87.SFFHDQ34ZHMFT4VW.SEARCH&ppt=browse&ppn=browse&ssid=xqf91pbbtc0000001768226524489
Birde Women Clogs - Buy Birde Women Clogs Online at Best Price - Shop Online for Footwears in India | Flipkart.com,₹462,http://rukmini1.flixcart.com/image/300/300/xif0q/kids-sandal/d/z/b/5-brd-sn-1193-birde-original-imah4m3xexyjcc9m.jpeg,https://www.flipkart.com/birde-women-clogs/p/itm3e48cd2d6510e?pid=SNDHF6WWUCSXTBMH&lid=LSTSNDHF6WWUCSXTBMHE9DBL5&marketplace=FLIPKART&store=osp%2Fiko&srno=b_10_371&otracker=browse&fm=organic&iid=en_QgQ6nGD2rAj3cKP0gzxkX9VwQbY8QFRbQVtWwIS-YzSmcIaE1x_pgB3Yk1OTCKMW22mWtTPiZkSgGowW2xz2BQ%3D%3D&ppt=browse&ppn=browse&ssid=my7hzbekzk0000001768226539546
"asian 04 Sports,Gym,Casual,Walking Running Shoes For Women - Buy asian 04 Sports,Gym,Casual,Walking Running Shoes For Women Online at Best Price - Shop Online for Footwears in India | Flipkart.com",₹691,http://rukmini1.flixcart.com/image/300/300/l5bd5zk0/shoe/u/5/b/-original-imaggygybt6cd3vu.jpeg,https://www.flipkart.com/asian-04-sports-gym-casual-walking-running-shoes-women/p/itmc2c39df379fcc?pid=SHOFMY6JW9ENHBJ6&lid=LSTSHOFMY6JW9ENHBJ6UZQU2X&marketplace=FLIPKART&store=osp%2Fiko&srno=b_3_114&otracker=browse&fm=organic&iid=9895b54a-05d8-4486-a10f-6b2521abf21a.SHOFMY6JW9ENHBJ6.SEARCH&ppt=browse&ppn=browse&ssid=7of36l05000000001768226424463
Fabbmate Fabbmate Casual Sports shoes White Sneakers for Women Girls White Shoes Sneakers For Women - Buy Fabbmate Fabbmate Casual Sports shoes White Sneakers for Women Girls White Shoes Sneakers For Women Online at Best Price - Shop Online for Footwears in India | Flipkart.com,₹430,http://rukmini1.flixcart.com/image/300/300/xif0q/shoe/y/o/8/-original-imahgybzagp4fb5z.jpeg,https://www.flipkart.com/fabbmate-casual-sports-shoes-white-sneakers-women-girls/p/itm13d239387dce2?pid=SHOH2W6ZB2MH2QGV&lid=LSTSHOH2W6ZB2MH2QGVK1DW0L&marketplace=FLIPKART&store=osp%2Fiko&srno=b_11_417&otracker=browse&fm=organic&iid=en_yzKT70zsUvLVIiVJzjcGD6y4PwfYgrFyB-JPR4zv0wC-XTc1FBmXwa31ZggBdc46ztiVtiOnagEm7h_u9ICJFw%3D%3D&ppt=browse&ppn=browse&ssid=xkwuilrkog0000001768226554244
"Fabbmate Fabbmate Trendy Sports Shoes for Women's Running,Walking with Memory Foam Running Shoes For Women - Buy Fabbmate Fabbmate Trendy Sports Shoes for Women's Running,Walking with Memory Foam Running Shoes For Women Online at Best Price - Shop Online for Footwears in India | Flipkart.com",₹360,http://rukmini1.flixcart.com/image/300/300/xif0q/shoe/l/4/w/-original-imahgybwpzc9dkyb.jpeg,https://www.flipkart.com/fabbmate-trendy-sports-shoes-women-s-running-walking-memory-foam-running-women/p/itm0d0338973c591?pid=SHOGKV8PATKRB9AX&lid=LSTSHOGKV8PATKRB9AXBZEUHV&marketplace=FLIPKART&store=osp%2Fiko&srno=b_2_59&otracker=browse&fm=organic&iid=464c9e9f-a691-419d-8fd2-680b9c4477eb.SHOGKV8PATKRB9AX.SEARCH&ppt=browse&ppn=browse&ssid=w8w25ktupc0000001768226402885
WOLVESDEN Women Flip Flops - Buy WOLVESDEN Women Flip Flops Online at Best Price - Shop Online for Footwears in India | Flipkart.com,₹292,http://rukmini1.flixcart.com/image/300/300/xif0q/slipper-flip-flop/c/f/q/10-double-carpe25-m-a20-grey-10-wolvesden-grey-original-imahdxys8b7mbgeg.jpeg,https://www.flipkart.com/wolvesden-women-flip-flops/p/itm2b00dadf56061?pid=SFFHDXYTFSSWC6WK&lid=LSTSFFHDXYTFSSWC6WKZ8KSIG&marketplace=FLIPKART&store=osp%2Fiko&srno=b_5_170&otracker=browse&fm=organic&iid=dacca31e-67ab-42b6-a39c-2196d8d752b0.SFFHDXYTFSSWC6WK.SEARCH&ppt=browse&ppn=browse&ssid=39jjfmw7uo0000001768226462876
TAFSHA Women Slides - Buy TAFSHA Women Slides Online at Best Price - Shop Online for Footwears in India | Flipkart.com,₹294,http://rukmini1.flixcart.com/image/300/300/xif0q/slipper-flip-flop/u/u/h/6-carpet-sports2-purple-6-tafsha-purple-original-imah3ucscykhacmb.jpeg,https://www.flipkart.com/tafsha-women-slides/p/itm3830aaf7933a7?pid=SFFH3UCTKKGVHRNW&lid=LSTSFFH3UCTKKGVHRNWDHBWZP&marketplace=FLIPKART&store=osp%2Fiko&srno=b_18_692&otracker=browse&fm=organic&iid=en_NTAPhKckpBzXDWfOGFjUWzRzaPcflmG2rU7-fo2H0qz14UvgfLmc59CLZhwdowXV21aqTQ9LAEqbCf8M10wTAw%3D%3D&ppt=browse&ppn=browse&ssid=kfeo5jgxww0000001768226663673
,,,https://www.flipkart.com/flite-women-slippers/p/itmf3ddc5dffb976?pid=SFFHCC55VTESKHUG&lid=LSTSFFHCC55VTESKHUGQ88AHI&marketplace=FLIPKART&store=osp%2Fiko&srno=b_8_314&otracker=browse&fm=organic&iid=79f2c90c-e0c0-4aba-9a8f-665fed88ffe8.SFFHCC55VTESKHUG.SEARCH&ppt=browse&ppn=browse&ssid=2go0snlczk0000001768226510439
Flopsie Women Flopsie Stylish Soft Comfortable Lightweight Dailywear Slippers - Buy Flopsie Women Flopsie Stylish Soft Comfortable Lightweight Dailywear Slippers Online at Best Price - Shop Online for Footwears in India | Flipkart.com,₹195,http://rukmini1.flixcart.com/image/300/300/xif0q/slipper-flip-flop/a/g/y/-original-imahfz7zgeskgcgw.jpeg,https://www.flipkart.com/flopsie-women-stylish-soft-comfortable-lightweight-dailywear-slippers/p/itme457640427578?pid=SFFH6U8TYU5GAPHN&lid=LSTSFFH6U8TYU5GAPHN0ZKUSK&marketplace=FLIPKART&store=osp%2Fiko&spotlightTagId=default_TrendingId_osp%2Fiko&srno=b_1_14&otracker=browse&fm=organic&iid=27a448ff-87bd-4ea6-984d-908d0a814445.SFFH6U8TYU5GAPHN.SEARCH&ppt=None&ppn=None&ssid=uekt84okeo0000001768226382861
Abros KAYA Running Shoes For Women - Buy Abros KAYA Running Shoes For Women Online at Best Price - Shop Online for Footwears in India | Flipkart.com,₹872,http://rukmini1.flixcart.com/image/300/300/xif0q/shoe/e/o/v/-original-imahfhptqdqkrznm.jpeg,https://www.flipkart.com/abros-kaya-running-shoes-women/p/itm9d53aa8a9b56d?pid=SHOHF9J94EHCYKF5&lid=LSTSHOHF9J94EHCYKF5UVJX1M&marketplace=FLIPKART&store=osp%2Fiko&srno=b_7_275&otracker=browse&fm=organic&iid=en_AGnRzahflnjrzyGSofhuYuObKQCu69iMSBfo6h9bNg1XOvEq4IksArEVsJ0dSOErRhjGWK4Ef2g_RhtNBSfpeeI7uWi7bi3WLqk6JF-UYDE%3D&ppt=browse&ppn=browse&ssid=l4zc74md9s0000001768226494682
JUMPLITE Women Casual - Buy JUMPLITE Women Casual Online at Best Price - Shop Online for Footwears in India | Flipkart.com,₹423,http://rukmini1.flixcart.com/image/300/300/xif0q/sandal/l/w/m/-original-imahftqur9ahjsn7.jpeg,https://www.flipkart.com/jumplite-women-casual/p/itmc7ad9c64690ac?pid=SNDH9GKJBDGH83EE&lid=LSTSNDH9GKJBDGH83EEIWHPA9&marketplace=FLIPKART&store=osp%2Fiko&srno=b_14_544&otracker=browse&fm=organic&iid=d4e3f038-b31e-4096-9ab1-fe0a83cf4fc4.SNDH9GKJBDGH83EE.SEARCH&ppt=browse&ppn=browse&ssid=hrwjiqjte80000001768226600931
RED TAPE Lifestyle Sneakers for Women Sneakers For Women - Buy RED TAPE Lifestyle Sneakers for Women Sneakers For Women Online at Best Price - Shop Online for Footwears in India | Flipkart.com,"₹1,889",http://rukmini1.flixcart.com/image/300/300/xif0q/shoe/e/a/w/6-rll0500-6-0-red-tape-white-blue-original-imahgv9phz7tbzgr.jpeg,https://www.flipkart.com/red-tape-lifestyle-sneakers-women/p/itm210b649364103?pid=SHOHGV9QSAXZA5Z5&lid=LSTSHOHGV9QSAXZA5Z5D2LTXS&marketplace=FLIPKART&store=osp%2Fiko&srno=b_14_553&otracker=browse&fm=organic&iid=d4e3f038-b31e-4096-9ab1-fe0a83cf4fc4.SHOHGV9QSAXZA5Z5.SEARCH&ppt=browse&ppn=browse&ssid=hrwjiqjte80000001768226600931
TSF Leather Police Zip Boot for Women's Lace Up For Women - Buy TSF Leather Police Zip Boot for Women's Lace Up For Women Online at Best Price - Shop Online for Footwears in India | Flipkart.com,"₹1,658",http://rukmini1.flixcart.com/image/300/300/xif0q/shoe/f/l/m/4-724-blk-4-tsf-blk-original-imahezgkjthepnpj.jpeg,https://www.flipkart.com/tsf-leather-police-zip-boot-women-s-lace-up-women/p/itmbaa97d393a91c?pid=SHOGQXXY8UVMZ4GE&lid=LSTSHOGQXXY8UVMZ4GEYJBDRZ&marketplace=FLIPKART&store=osp%2Fiko&srno=b_9_339&otracker=browse&fm=organic&iid=dbcc83ce-aca9-4f02-99f6-46c63dc65f87.SHOGQXXY8UVMZ4GE.SEARCH&ppt=browse&ppn=browse&ssid=xqf91pbbtc0000001768226524489
Flopsie Flopsie Premium Women Winter Sneaker MemoryFoam Gym & Casual Outdoor For Women - Buy Flopsie Flopsie Premium Women Winter Sneaker MemoryFoam Gym & Casual Outdoor For Women Online at Best Price - Shop Online for Footwears in India | Flipkart.com,₹272,http://rukmini1.flixcart.com/image/300/300/xif0q/shoe/p/c/b/8-ts-206-multi-8-flopsie-multi-original-imah6t4k5dhqpd8g.jpeg,https://www.flipkart.com/flopsie-premium-women-winter-sneaker-memoryfoam-gym-casual-outdoor/p/itmeac7a738693c9?pid=SHOH6T5VZQVCSWD8&lid=LSTSHOH6T5VZQVCSWD8UVLSTO&marketplace=FLIPKART&store=osp%2Fiko&srno=b_10_365&otracker=browse&fm=organic&iid=en_QgQ6nGD2rAj3cKP0gzxkX9VwQbY8QFRbQVtWwIS-YzRjwpeVbF_UbLuvXxkS0tf1pdUJNyI2YYu8Dec-SkV6cw%3D%3D&ppt=browse&ppn=browse&ssid=my7hzbekzk0000001768226539546
Abros KAYA Running Shoes For Women - Buy Abros KAYA Running Shoes For Women Online at Best Price - Shop Online for Footwears in India | Flipkart.com,₹872,http://rukmini1.flixcart.com/image/300/300/xif0q/shoe/e/o/v/-original-imahfhptqdqkrznm.jpeg,https://www.flipkart.com/abros-kaya-running-shoes-women/p/itm9d53aa8a9b56d?pid=SHOHF9J94EHCYKF5&lid=LSTSHOHF9J94EHCYKF5UVJX1M&marketplace=FLIPKART&store=osp%2Fiko&srno=b_1_25&otracker=browse&fm=organic&iid=en_Z7IyGFzCQO8WtPj1yaORbO1Lm7-B6HNHu2MwJuRzvuBPY20aypS53wyebfKreMGbZlljJQA7Qh3HL0lxPpPs5OI7uWi7bi3WLqk6JF-UYDE%3D&ppt=None&ppn=None&ssid=uekt84okeo0000001768226382861
Flopsie Flopsie Premium Women Winter Sneaker MemoryFoam Gym & Casual Outdoor Sneakers For Women - Buy Flopsie Flopsie Premium Women Winter Sneaker MemoryFoam Gym & Casual Outdoor Sneakers For Women Online at Best Price - Shop Online for Footwears in India | Flipkart.com,₹364,http://rukmini1.flixcart.com/image/300/300/xif0q/shopsy-shoe/w/r/h/7-ts-506-pnk-7-two-soft-pink-original-imah5fvnghps5mfr.jpeg,https://www.flipkart.com/flopsie-premium-women-winter-sneaker-memoryfoam-gym-casual-outdoor-sneakers/p/itm07bfdd53efaed?pid=SHOH6T4HQVZKYMZH&lid=LSTSHOH6T4HQVZKYMZH2RH8E0&marketplace=FLIPKART&store=osp%2Fiko&srno=b_2_57&otracker=browse&fm=organic&iid=en_gTq8owYLy1hXM2xQT4S-bA2WPpROM5pB8HlXhKpC5ITFzgjFi5e8oVmygkWnGeX8OHNLAZ5aABZblqsk8brlAw%3D%3D&ppt=browse&ppn=browse&ssid=w8w25ktupc0000001768226402885
AROSY Women Clogs - Buy AROSY Women Clogs Online at Best Price - Shop Online for Footwears in India | Flipkart.com,₹358,http://rukmini1.flixcart.com/image/300/300/xif0q/sandal/h/r/o/7-arsy-liza-clogs-white-7-arosy-white-original-imahbwjhgsvmnqcn.jpeg,https://www.flipkart.com/arosy-women-clogs/p/itm9feabbda617f1?pid=SNDHBWJRGFHU3S3E&lid=LSTSNDHBWJRGFHU3S3EUF8LP3&marketplace=FLIPKART&store=osp%2Fiko&srno=b_3_89&otracker=browse&fm=organic&iid=9895b54a-05d8-4486-a10f-6b2521abf21a.SNDHBWJRGFHU3S3E.SEARCH&ppt=browse&ppn=browse&ssid=7of36l05000000001768226424463
PUMA Evoflex MaxGrip Wns Running Shoes For Women - Buy PUMA Evoflex MaxGrip Wns Running Shoes For Women Online at Best Price - Shop Online for Footwears in India | Flipkart.com,"₹2,479",http://rukmini1.flixcart.com/image/300/300/xif0q/shoe/b/q/i/-original-imahgczkegvjyhdy.jpeg,https://www.flipkart.com/puma-evoflex-maxgrip-wns-running-shoes-women/p/itm4b87b364fb069?pid=SHOHBA76CZP54HUY&lid=LSTSHOHBA76CZP54HUYKGQ4ZQ&marketplace=FLIPKART&store=osp%2Fiko&srno=b_15_585&otracker=browse&fm=organic&iid=en_vXCl6X7Zoly2o-ZSBHC_VUkVU5Ea8NIcliS224j0uaKqJg0lf__UFNWCEmJfFgHs6csBbdPjDrpnaDbxhf8NPEKsf8s6I2Oz2HOgbXTo_9U%3D&ppt=browse&ppn=browse&ssid=4i65va4gdc0000001768226615069
shoptegic Women Slippers - Buy shoptegic Women Slippers Online at Best Price - Shop Online for Footwears in India | Flipkart.com,₹258,http://rukmini1.flixcart.com/image/300/300/xif0q/slipper-flip-flop/y/z/j/6-chk1-shoptegic-pink-original-imah5bn93zrhhcc6.jpeg,https://www.flipkart.com/shoptegic-women-slippers/p/itm28d916209e43f?pid=SFFH5BNBVZTHHVKY&lid=LSTSFFH5BNBVZTHHVKYQVIVEG&marketplace=FLIPKART&store=osp%2Fiko&srno=b_16_616&otracker=browse&fm=organic&iid=f851c3a1-fab8-4070-ad3d-84b4cbacc113.SFFH5BNBVZTHHVKY.SEARCH&ppt=browse&ppn=browse&ssid=g8rc5k3vsw0000001768226631080
T-ROCK Sneakers For Women - Buy T-ROCK Sneakers For Women Online at Best Price - Shop Online for Footwears in India | Flipkart.com,₹426,http://rukmini1.flixcart.com/image/300/300/xif0q/shoe/0/b/f/3-11331-wt-3-t-rock-white-original-imahe9sfqg9upxe7.jpeg,https://www.flipkart.com/t-rock-sneakers-women/p/itmcde580b75316f?pid=SHOHE9SJAPZMGFXH&lid=LSTSHOHE9SJAPZMGFXHRIWGNR&marketplace=FLIPKART&store=osp%2Fiko&srno=b_8_317&otracker=browse&fm=organic&iid=en_EEM0Z8bU_Rhw0iEruWD7IknRK1asvTkmmjvzvzdwOpQh00VZFiHVMyIPLe9jJm8lyuo40dsEOR2z6bJcOWuAUA%3D%3D&ppt=browse&ppn=browse&ssid=2go0snlczk0000001768226510439
T-ROCK Sneakers For Women - Buy T-ROCK Sneakers For Women Online at Best Price - Shop Online for Footwears in India | Flipkart.com,₹426,http://rukmini1.flixcart.com/image/300/300/xif0q/shoe/0/b/f/3-11331-wt-3-t-rock-white-original-imahe9sfqg9upxe7.jpeg,https://www.flipkart.com/t-rock-sneakers-women/p/itmcde580b75316f?pid=SHOHE9SJAPZMGFXH&lid=LSTSHOHE9SJAPZMGFXHRIWGNR&marketplace=FLIPKART&store=osp%2Fiko&srno=b_10_392&otracker=browse&fm=organic&iid=en_QgQ6nGD2rAj3cKP0gzxkX9VwQbY8QFRbQVtWwIS-YzS52KtOCpW3a_iIyqgkw4012-IpJNV-3BebL1dMj6eUgA%3D%3D&ppt=browse&ppn=browse&ssid=my7hzbekzk0000001768226539546
PUMA Puma Lightstorm Wns Casuals For Women - Buy PUMA Puma Lightstorm Wns Casuals For Women Online at Best Price - Shop Online for Footwears in India | Flipkart.com,"₹2,070",http://rukmini1.flixcart.com/image/300/300/xif0q/shoe/j/b/w/-original-imahfz7zrtzk2bnt.jpeg,https://www.flipkart.com/puma-lightstorm-wns-casuals-women/p/itm5ec6051a61776?pid=SHOGQANYHXGZMYG3&lid=LSTSHOGQANYHXGZMYG3ETTNRI&marketplace=FLIPKART&store=osp%2Fiko&srno=b_1_2&otracker=browse&fm=organic&iid=en_Z7IyGFzCQO8WtPj1yaORbO1Lm7-B6HNHu2MwJuRzvuAghXNhFbDkQTMDJpp6jqLjvDeQaNV1ifV5sZNzORFZlQ%3D%3D&ppt=None&ppn=None&ssid=uekt84okeo0000001768226382861
asian Sneakers For Women - Buy asian Sneakers For Women Online at Best Price - Shop Online for Footwears in India | Flipkart.com,₹724,http://rukmini1.flixcart.com/image/300/300/xif0q/shoe/m/u/k/-original-imahfgbtxzzhm4ub.jpeg,https://www.flipkart.com/asian-sneakers-women/p/itmc42bcb1d8efd3?pid=SHOH34UFGKPJM4BH&lid=LSTSHOH34UFGKPJM4BHGTLQEW&marketplace=FLIPKART&store=osp%2Fiko&srno=b_12_469&otracker=browse&fm=organic&iid=3beba5be-cff5-4b74-8ac4-2f92765b4e5d.SHOH34UFGKPJM4BH.SEARCH&ppt=browse&ppn=browse&ssid=ecse3v9ai80000001768226569451
Flopsie Flopsie Premium Women Winter Sneaker MemoryFoam Gym & Casual Outdoor For Women - Buy Flopsie Flopsie Premium Women Winter Sneaker MemoryFoam Gym & Casual Outdoor For Women Online at Best Price - Shop Online for Footwears in India | Flipkart.com,₹272,http://rukmini1.flixcart.com/image/300/300/xif0q/shoe/p/c/b/8-ts-206-multi-8-flopsie-multi-original-imah6t4k5dhqpd8g.jpeg,https://www.flipkart.com/flopsie-premium-women-winter-sneaker-memoryfoam-gym-casual-outdoor/p/itmeac7a738693c9?pid=SHOH6T4HBBF8AJFB&lid=LSTSHOH6T4HBBF8AJFB1PVIFG&marketplace=FLIPKART&store=osp%2Fiko&srno=b_17_649&otracker=browse&fm=organic&iid=a651fdd0-6b03-4c05-9376-7c1e494b32f5.SHOH6T4HBBF8AJFB.SEARCH&ppt=browse&ppn=browse&ssid=vnotkb0e2o0000001768226647060
DOCTOR ORTHO PLUS COMFY Women Slippers - Buy DOCTOR ORTHO PLUS COMFY Women Slippers Online at Best Price - Shop Online for Footwears in India | Flipkart.com,₹294,http://rukmini1.flixcart.com/image/300/300/xif0q/slipper-flip-flop/o/b/w/-original-imahg24ysdhw5m7e.jpeg,https://www.flipkart.com/doctor-ortho-plus-comfy-women-slippers/p/itm61b085ba1f81c?pid=SFFGXMGGWEUGEBJ2&lid=LSTSFFGXMGGWEUGEBJ2QSEG3L&marketplace=FLIPKART&store=osp%2Fiko&srno=b_18_685&otracker=browse&fm=organic&iid=en_NTAPhKckpBzXDWfOGFjUWzRzaPcflmG2rU7-fo2H0qzZwKwMpPrLoa56HoRzmmbqdZzWsBsJPA6YeTc0rV-TMQ%3D%3D&ppt=browse&ppn=browse&ssid=kfeo5jgxww0000001768226663673
PUMA Puma Buzz Wmn Casuals For Women - Buy PUMA Puma Buzz Wmn Casuals For Women Online at Best Price - Shop Online for Footwears in India | Flipkart.com,"₹1,338",http://rukmini1.flixcart.com/image/300/300/xif0q/shoe/c/z/u/-original-imahjghvevww6zjg.jpeg,https://www.flipkart.com/puma-buzz-wmn-casuals-women/p/itme8ea6a6f0a75a?pid=SHOGGF422DSXTHEY&lid=LSTSHOGGF422DSXTHEYCIQA31&marketplace=FLIPKART&store=osp%2Fiko&srno=b_15_572&otracker=browse&fm=organic&iid=en_vXCl6X7Zoly2o-ZSBHC_VUkVU5Ea8NIcliS224j0uaLkOfEV2k1s5-jVGMfR9J26-T01vxe8wgwBr5RfePuUIw%3D%3D&ppt=browse&ppn=browse&ssid=4i65va4gdc0000001768226615069
Doctor Health Super Soft Newly Launch | Classic Ultra Soft | Memory Foam | Comfortable|Stylish|Trendy Bellies For Women - Buy Doctor Health Super Soft Newly Launch | Classic Ultra Soft | Memory Foam | Comfortable|Stylish|Trendy Bellies For Women Online at Best Price - Shop Online for Footwears in India | Flipkart.com,₹498,http://rukmini1.flixcart.com/image/300/300/xif0q/shopsy-shoe/x/9/2/6-sh-dhss-215-elegant-pink-39-0-doctor-health-super-soft-pink-original-imahgybq88kzffgd.jpeg,https://www.flipkart.com/doctor-health-super-soft-newly-launch-classic-ultra-memory-foam-comfortable-stylish-trendy-bellies-women/p/itm3964abf0d7553?pid=SHOH7N79GR34XMSK&lid=LSTSHOH7N79GR34XMSK7SNE6K&marketplace=FLIPKART&store=osp%2Fiko&srno=b_5_185&otracker=browse&fm=organic&iid=en_veuji5O5oxhJ0IBY-vJKNHnFzc2n3kvDK_Yl7nBJXWFLBI6g7_YoVJS2VUPcWu-W-p3NM5yZ5Km2iVdU1DivXA%3D%3D&ppt=browse&ppn=browse&ssid=39jjfmw7uo0000001768226462876
Layasa Casual Sneakers White Shoes For Girls And Sneakers For Women - Buy Layasa Casual Sneakers White Shoes For Girls And Sneakers For Women Online at Best Price - Shop Online for Footwears in India | Flipkart.com,₹470,http://rukmini1.flixcart.com/image/300/300/xif0q/shoe/r/a/w/-original-imahg242t4encxdm.jpeg,https://www.flipkart.com/layasa-casual-sneakers-white-shoes-girls-women/p/itmbe06b4d8e2e3d?pid=SHOGN2YHEAJGMUGY&lid=LSTSHOGN2YHEAJGMUGYCYVXWY&marketplace=FLIPKART&store=osp%2Fiko&srno=b_5_199&otracker=browse&fm=organic&iid=dacca31e-67ab-42b6-a39c-2196d8d752b0.SHOGN2YHEAJGMUGY.SEARCH&ppt=browse&ppn=browse&ssid=39jjfmw7uo0000001768226462876
Svaar Women Clogs - Buy Svaar Women Clogs Online at Best Price - Shop Online for Footwears in India | Flipkart.com,₹499,http://rukmini1.flixcart.com/image/300/300/xif0q/sandal/x/e/z/5-svr1125kbrv-5-svaar-pure-white-original-imah74zsm3hqxgmb.jpeg,https://www.flipkart.com/svaar-women-clogs/p/itmc27e09582768e?pid=SNDH6WHX2UHNGE8S&lid=LSTSNDH6WHX2UHNGE8SUKOT3A&marketplace=FLIPKART&store=osp%2Fiko&srno=b_14_552&otracker=browse&fm=organic&iid=en_FWKCXMnY93lvHSnL9zoj1bCqUwlx2_zmrJUoWPwyFeRkCWvPBYlEbxkYm9hNQB8WJ82pTT3WpjmHYyesQdOyEQ%3D%3D&ppt=browse&ppn=browse&ssid=hrwjiqjte80000001768226600931
TWO SOFT Boots For Women - Buy TWO SOFT Boots For Women Online at Best Price - Shop Online for Footwears in India | Flipkart.com,₹370,http://rukmini1.flixcart.com/image/300/300/xif0q/shoe/i/g/8/4-ts-511-blk-4-two-soft-black-original-imah4gs5fax6mvau.jpeg,https://www.flipkart.com/two-soft-boots-women/p/itme1c11a8c77d0f?pid=SHOH44H7ZBKGCKKF&lid=LSTSHOH44H7ZBKGCKKFYOD1YW&marketplace=FLIPKART&store=osp%2Fiko&srno=b_18_717&otracker=browse&fm=organic&iid=en_NTAPhKckpBzXDWfOGFjUWzRzaPcflmG2rU7-fo2H0qyo8mNqiQC69vmhpgXrqReiwtZUOjJFH7hLfILzixdfFg%3D%3D&ppt=browse&ppn=browse&ssid=kfeo5jgxww0000001768226663673
Bob Martin Women Sandals - Buy Bob Martin Women Sandals Online at Best Price - Shop Online for Footwears in India | Flipkart.com,₹351,http://rukmini1.flixcart.com/image/300/300/xif0q/sandal/l/1/f/8-pks-58brn-bob-martin-brown-original-imahyz43xpbh2whs.jpeg,https://www.flipkart.com/bob-martin-women-sandals/p/itm23f1d7e1fc658?pid=SNDHYZ43FCFYGQGY&lid=LSTSNDHYZ43FCFYGQGYKTG5QR&marketplace=FLIPKART&store=osp%2Fiko&srno=b_8_300&otracker=browse&fm=organic&iid=79f2c90c-e0c0-4aba-9a8f-665fed88ffe8.SNDHYZ43FCFYGQGY.SEARCH&ppt=browse&ppn=browse&ssid=2go0snlczk0000001768226510439
T-ROCK Comfortable Stylish Casual Sneakers Sports shoes For Women - Buy T-ROCK Comfortable Stylish Casual Sneakers Sports shoes For Women Online at Best Price - Shop Online for Footwears in India | Flipkart.com,₹414,http://rukmini1.flixcart.com/image/300/300/xif0q/shoe/b/s/v/3-779-womn-3-t-rock-multicolor-original-imaggyrqctcre7ck-bb.jpeg,https://www.flipkart.com/t-rock-comfortable-stylish-casual-sneakers-sports-shoes-women/p/itm8ec70ca798a2f?pid=SHOG7ZS9DKMZU2MC&lid=LSTSHOG7ZS9DKMZU2MCAWC3FB&marketplace=FLIPKART&store=osp%2Fiko&srno=b_14_534&otracker=browse&fm=organic&iid=d4e3f038-b31e-4096-9ab1-fe0a83cf4fc4.SHOG7ZS9DKMZU2MC.SEARCH&ppt=browse&ppn=browse&ssid=hrwjiqjte80000001768226600931
"Fabbmate Fabbmate Trendy Sports Shoes for Women's Running,Walking with Memory Foam Running Shoes For Women - Buy Fabbmate Fabbmate Trendy Sports Shoes for Women's Running,Walking with Memory Foam Running Shoes For Women Online at Best Price - Shop Online for Footwears in India | Flipkart.com",₹339,http://rukmini1.flixcart.com/image/300/300/xif0q/shoe/t/s/y/-original-imahg242vdv2dn9a.jpeg,https://www.flipkart.com/fabbmate-trendy-sports-shoes-women-s-running-walking-memory-foam-running-women/p/itmc5814f4e2a802?pid=SHOGH3Y29E3ERWYG&lid=LSTSHOGH3Y29E3ERWYGOI2TYK&marketplace=FLIPKART&store=osp%2Fiko&spotlightTagId=default_BestsellerId_osp%2Fiko&srno=b_1_16&otracker=browse&fm=organic&iid=27a448ff-87bd-4ea6-984d-908d0a814445.SHOGH3Y29E3ERWYG.SEARCH&ppt=None&ppn=None&ssid=uekt84okeo0000001768226382861
Deals4you Sneakers For Women - Buy Deals4you Sneakers For Women Online at Best Price - Shop Online for Footwears in India | Flipkart.com,₹422,http://rukmini1.flixcart.com/image/300/300/xif0q/shoe/l/5/s/6-1326-pnk-blk-6-deals4you-white-pink-blk-original-imahgzgnjbfmpz65.jpeg,https://www.flipkart.com/deals4you-sneakers-women/p/itm6dd0e5a6dc9f6?pid=SHOGRW7NPGUFMMBW&lid=LSTSHOGRW7NPGUFMMBWZHX9UN&marketplace=FLIPKART&store=osp%2Fiko&srno=b_10_367&otracker=browse&fm=organic&iid=en_QgQ6nGD2rAj3cKP0gzxkX9VwQbY8QFRbQVtWwIS-YzQg7zmfLLnVAKKMm7PAiUt32qCJ1uNh92z-Rp3mnMLr8g%3D%3D&ppt=browse&ppn=browse&ssid=my7hzbekzk0000001768226539546
TWO SOFT Women Pack Of 2 Combo Stylish Extra Comfort Lightweight Dailywear Used Slippers - Buy TWO SOFT Women Pack Of 2 Combo Stylish Extra Comfort Lightweight Dailywear Used Slippers Online at Best Price - Shop Online for Footwears in India | Flipkart.com,₹262,http://rukmini1.flixcart.com/image/300/300/xif0q/slipper-flip-flop/t/0/p/-original-imahftsfsuurdgb5.jpeg,https://www.flipkart.com/two-soft-women-pack-2-combo-stylish-extra-comfort-lightweight-dailywear-used-slippers/p/itme4acf33b1a2c6?pid=SFFGFM6RMYXSZUAZ&lid=LSTSFFGFM6RMYXSZUAZIQZGZ0&marketplace=FLIPKART&store=osp%2Fiko&srno=b_14_557&otracker=browse&fm=organic&iid=en_FWKCXMnY93lvHSnL9zoj1bCqUwlx2_zmrJUoWPwyFeQcIdkWxT9KUjRegn0659SBpChGjfIiV0uj66aRBgRUfg%3D%3D&ppt=browse&ppn=browse&ssid=hrwjiqjte80000001768226600931
Sparx Women SF0019L Flip Flops - Buy Sparx Women SF0019L Flip Flops Online at Best Price - Shop Online for Footwears in India | Flipkart.com,₹364,http://rukmini1.flixcart.com/image/300/300/jmwch3k0-1/slipper-flip-flop/r/j/a/sf0019l-8-sparx-blue-blue-original-imaf7qjhuevtuuvr.jpeg,https://www.flipkart.com/sparx-women-sf0019l-flip-flops/p/itm7d04536180c86?pid=SFFF9N57AWSSSVTW&lid=LSTSFFF9N57AWSSSVTWLWV8Q4&marketplace=FLIPKART&store=osp%2Fiko&srno=b_13_494&otracker=browse&fm=organic&iid=ac0383e4-33b1-4776-ade8-aae7a7f6dc44.SFFF9N57AWSSSVTW.SEARCH&ppt=browse&ppn=browse&ssid=q7vp90axtc0000001768226586549
TAFSHA Women Flip Flops - Buy TAFSHA Women Flip Flops Online at Best Price - Shop Online for Footwears in India | Flipkart.com,₹294,http://rukmini1.flixcart.com/image/300/300/xif0q/slipper-flip-flop/0/a/0/9-carpet-winterf13-brown9-tafsha-brown-original-imahdq34skradnwg.jpeg,https://www.flipkart.com/tafsha-women-flip-flops/p/itm2ccab4b85dfd8?pid=SFFHDQ34FYQCFXTF&lid=LSTSFFHDQ34FYQCFXTF1STGQP&marketplace=FLIPKART&store=osp%2Fiko&srno=b_13_511&otracker=browse&fm=organic&iid=en_oTiHhq5sCa4wyoPUe1Jja7z0X67n8q4OQWl7fgPeTToGjLVbEkxROqvgI6Oe0jNHPy7eNSNHRsNgCtT10-RmQg%3D%3D&ppt=browse&ppn=browse&ssid=q7vp90axtc0000001768226586549
TWO SOFT Women Combo Pack Of 2 Stylish Casual Light & Soft Comfortable Daily Wear Slippers - Buy TWO SOFT Women Combo Pack Of 2 Stylish Casual Light & Soft Comfortable Daily Wear Slippers Online at Best Price - Shop Online for Footwears in India | Flipkart.com,₹263,http://rukmini1.flixcart.com/image/300/300/xif0q/slipper-flip-flop/f/1/z/-original-imahftr8j3edee4f.jpeg,https://www.flipkart.com/two-soft-women-combo-pack-2-stylish-casual-light-comfortable-daily-wear-slippers/p/itm52d5fb8753745?pid=SFFGMBGHBKTXYZ3S&lid=LSTSFFGMBGHBKTXYZ3SOWUFV9&marketplace=FLIPKART&store=osp%2Fiko&srno=b_17_647&otracker=browse&fm=organic&iid=en_-1UVHzCH-jLPIUjhAaIh3CfP-_LzqvWxPxjV9QMLdvLWy8zuqR_JiZBizykg6jhLPVQLiD9Tpx6gFYJNZG6E-A%3D%3D&ppt=browse&ppn=browse&ssid=vnotkb0e2o0000001768226647060
DOCTOR ORTHO PLUS COMFY Women Slippers - Buy DOCTOR ORTHO PLUS COMFY Women Slippers Online at Best Price - Shop Online for Footwears in India | Flipkart.com,₹294,http://rukmini1.flixcart.com/image/300/300/xif0q/slipper-flip-flop/o/b/w/-original-imahg24ysdhw5m7e.jpeg,https://www.flipkart.com/doctor-ortho-plus-comfy-women-slippers/p/itm61b085ba1f81c?pid=SFFGXMGGWEUGEBJ2&lid=LSTSFFGXMGGWEUGEBJ2QSEG3L&marketplace=FLIPKART&store=osp%2Fiko&srno=b_12_445&otracker=browse&fm=organic&iid=en_SHCTXva8iVexBQNCngpF_NuHHZdPLvMAdqHvpa5ye8mVaGXR9X7lAXfcb0Zbvs_zdZzWsBsJPA6YeTc0rV-TMQ%3D%3D&ppt=browse&ppn=browse&ssid=ecse3v9ai80000001768226569451
TAFSHA Women Slides - Buy TAFSHA Women Slides Online at Best Price - Shop Online for Footwears in India | Flipkart.com,₹294,http://rukmini1.flixcart.com/image/300/300/xif0q/slipper-flip-flop/u/u/h/6-carpet-sports2-purple-6-tafsha-purple-original-imah3ucscykhacmb.jpeg,https://www.flipkart.com/tafsha-women-slides/p/itm3830aaf7933a7?pid=SFFH3UCTKKGVHRNW&lid=LSTSFFH3UCTKKGVHRNWDHBWZP&marketplace=FLIPKART&store=osp%2Fiko&srno=b_4_135&otracker=browse&fm=organic&iid=en_0D43y1Gkov2fa4f2QX2QfRL0_YJcqARvUPQbUbgzRN5p2fZ8eaMfqfAp1B5WFoC2Eo0uubj94mPljwc1DwOcBA%3D%3D&ppt=browse&ppn=browse&ssid=e6nkya0vfk0000001768226446152
Birde Women Clogs - Buy Birde Women Clogs Online at Best Price - Shop Online for Footwears in India | Flipkart.com,₹453,http://rukmini1.flixcart.com/image/300/300/xif0q/sandal/s/y/4/-original-imahgyc5mvvgqrfj.jpeg,https://www.flipkart.com/birde-women-clogs/p/itme980a02719ccf?pid=SNDH448PXTDUWVH5&lid=LSTSNDH448PXTDUWVH55INUAR&marketplace=FLIPKART&store=osp%2Fiko&srno=b_17_668&otracker=browse&fm=organic&iid=en_-1UVHzCH-jLPIUjhAaIh3CfP-_LzqvWxPxjV9QMLdvIqIA1NFZsnFppE2ZsnXb6B7M2d76IJawWBoeqkDalbJA%3D%3D&ppt=browse&ppn=browse&ssid=vnotkb0e2o0000001768226647060
Flopsie Flopsie Premium Women Winter Sneaker MemoryFoam Gym & Casual Outdoor For Women - Buy Flopsie Flopsie Premium Women Winter Sneaker MemoryFoam Gym & Casual Outdoor For Women Online at Best Price - Shop Online for Footwears in India | Flipkart.com,₹272,http://rukmini1.flixcart.com/image/300/300/xif0q/shoe/p/c/b/8-ts-206-multi-8-flopsie-multi-original-imah6t4k5dhqpd8g.jpeg,https://www.flipkart.com/flopsie-premium-women-winter-sneaker-memoryfoam-gym-casual-outdoor/p/itmeac7a738693c9?pid=SHOH6T5VZQVCSWD8&lid=LSTSHOH6T5VZQVCSWD8UVLSTO&marketplace=FLIPKART&store=osp%2Fiko&srno=b_7_245&otracker=browse&fm=organic&iid=en_AGnRzahflnjrzyGSofhuYuObKQCu69iMSBfo6h9bNg04OHCl1xJ6MaosEKOP8C9jpdUJNyI2YYu8Dec-SkV6cw%3D%3D&ppt=browse&ppn=browse&ssid=l4zc74md9s0000001768226494682
Bata SKETCH For Women - Buy Bata SKETCH For Women Online at Best Price - Shop Online for Footwears in India | Flipkart.com,₹764,http://rukmini1.flixcart.com/image/300/300/xif0q/shoe/3/e/d/-original-imah84xgzyvb7cur.jpeg,https://www.flipkart.com/bata-sketch-women/p/itm1430499311d9b?pid=SHOGRA5YCWYRAPG7&lid=LSTSHOGRA5YCWYRAPG7JS3EZP&marketplace=FLIPKART&store=osp%2Fiko&srno=b_7_276&otracker=browse&fm=organic&iid=2255f9d1-351c-40af-ba87-3dde238f6414.SHOGRA5YCWYRAPG7.SEARCH&ppt=browse&ppn=browse&ssid=l4zc74md9s0000001768226494682
Dr. Ortho Women Accupressure Slippers - Buy Dr. Ortho Women Accupressure Slippers Online at Best Price - Shop Online for Footwears in India | Flipkart.com,₹299,http://rukmini1.flixcart.com/image/300/300/xif0q/slipper-flip-flop/h/y/c/-original-imahftqtuhnq2mk7.jpeg,https://www.flipkart.com/dr-ortho-women-accupressure-slippers/p/itm0bf07f29b8bbd?pid=SFFH4RM2FDHKMJ55&lid=LSTSFFH4RM2FDHKMJ55MEXZNP&marketplace=FLIPKART&store=osp%2Fiko&srno=b_10_394&otracker=browse&fm=organic&iid=4ad595d9-2879-4175-951e-b6349d2847c2.SFFH4RM2FDHKMJ55.SEARCH&ppt=browse&ppn=browse&ssid=my7hzbekzk0000001768226539546
Flopsie Flopsie Women Winter Stylish Comfortable Bellies for Women & Girl Loafers For Women - Buy Flopsie Flopsie Women Winter Stylish Comfortable Bellies for Women & Girl Loafers For Women Online at Best Price - Shop Online for Footwears in India | Flipkart.com,₹364,http://rukmini1.flixcart.com/image/300/300/xif0q/shoe/d/d/a/4-ts-304-blu-4-flopsie-blue-original-imahhq9urdh9ghap.jpeg,https://www.flipkart.com/flopsie-women-winter-stylish-comfortable-bellies-girl-loafers/p/itm173c2f56238cf?pid=SHOH6T6ZQGH6GY7W&lid=LSTSHOH6T6ZQGH6GY7W3VD0IQ&marketplace=FLIPKART&store=osp%2Fiko&srno=b_4_157&otracker=browse&fm=organic&iid=en_0D43y1Gkov2fa4f2QX2QfRL0_YJcqARvUPQbUbgzRN5n1YLYXqO9vIQX7u2SGfeRM8okM-wfjdoHrgIoQVQ5tQ%3D%3D&ppt=browse&ppn=browse&ssid=e6nkya0vfk0000001768226446152
Birde Women Clogs - Buy Birde Women Clogs Online at Best Price - Shop Online for Footwears in India | Flipkart.com,₹452,http://rukmini1.flixcart.com/image/300/300/xif0q/sandal/o/m/7/-original-imahftqtgpkzab7k.jpeg,https://www.flipkart.com/birde-women-clogs/p/itm16edef0326d16?pid=SNDH5WV9RHCGGZZW&lid=LSTSNDH5WV9RHCGGZZWFYXCN3&marketplace=FLIPKART&store=osp%2Fiko&srno=b_12_479&otracker=browse&fm=organic&iid=3beba5be-cff5-4b74-8ac4-2f92765b4e5d.SNDH5WV9RHCGGZZW.SEARCH&ppt=browse&ppn=browse&ssid=ecse3v9ai80000001768226569451
Flopsie Women Winter Comfortable Indoor Outdoor Heavy Sole Star Printed Fur Slipper Slippers - Buy Flopsie Women Winter Comfortable Indoor Outdoor Heavy Sole Star Printed Fur Slipper Slippers Online at Best Price - Shop Online for Footwears in India | Flipkart.com,₹297,http://rukmini1.flixcart.com/image/300/300/xif0q/slipper-flip-flop/h/e/w/6-ts-307-gry-flopsie-grey-original-imahestujrfzhkgr.jpeg,https://www.flipkart.com/flopsie-women-winter-comfortable-indoor-outdoor-heavy-sole-star-printed-fur-slipper-slippers/p/itm334dd4051990d?pid=SFFH6WJJJU8UBNDA&lid=LSTSFFH6WJJJU8UBNDAMQW5DO&marketplace=FLIPKART&store=osp%2Fiko&srno=b_4_132&otracker=browse&fm=organic&iid=en_0D43y1Gkov2fa4f2QX2QfRL0_YJcqARvUPQbUbgzRN6ro-0XMOMybtHTsuLNfWbzdKQii8gIAKkLfADM7gkQmQ%3D%3D&ppt=browse&ppn=browse&ssid=e6nkya0vfk0000001768226446152
Abros KAYA Running Shoes For Women - Buy Abros KAYA Running Shoes For Women Online at Best Price - Shop Online for Footwears in India | Flipkart.com,₹872,http://rukmini1.flixcart.com/image/300/300/xif0q/shoe/z/u/g/-original-imahfhpu2zwr8gpx.jpeg,https://www.flipkart.com/abros-kaya-running-shoes-women/p/itm13856dfc2cf75?pid=SHOHF9J9CZHYJZEY&lid=LSTSHOHF9J9CZHYJZEY50N6MN&marketplace=FLIPKART&store=osp%2Fiko&srno=b_1_22&otracker=browse&fm=organic&iid=en_Z7IyGFzCQO8WtPj1yaORbO1Lm7-B6HNHu2MwJuRzvuAraS397ZqA552LkDd7uT1fR6G4rXLGlnxXllbb1fEmqvcUmN_6PwCReg_VTM4VLxo%3D&ppt=None&ppn=None&ssid=uekt84okeo0000001768226382861
JUMPLITE Women Flats - Buy JUMPLITE Women Flats Online at Best Price - Shop Online for Footwears in India | Flipkart.com,₹473,http://rukmini1.flixcart.com/image/300/300/xif0q/sandal/u/p/a/-original-imahgffhfbrbmm4e.jpeg,https://www.flipkart.com/jumplite-women-flats/p/itm4040c0429d6b8?pid=SNDHCHGK7VGNSFRQ&lid=LSTSNDHCHGK7VGNSFRQ8KPZYU&marketplace=FLIPKART&store=osp%2Fiko&srno=b_14_536&otracker=browse&fm=organic&iid=d4e3f038-b31e-4096-9ab1-fe0a83cf4fc4.SNDHCHGK7VGNSFRQ.SEARCH&ppt=browse&ppn=browse&ssid=hrwjiqjte80000001768226600931
JUMPLITE Women Flats - Buy JUMPLITE Women Flats Online at Best Price - Shop Online for Footwears in India | Flipkart.com,₹473,http://rukmini1.flixcart.com/image/300/300/xif0q/sandal/q/e/r/-original-imahgyc4mgfrcgnr.jpeg,https://www.flipkart.com/jumplite-women-flats/p/itm5c593f279c394?pid=SNDHCHGKHNVZNSV8&lid=LSTSNDHCHGKHNVZNSV8JH14JX&marketplace=FLIPKART&store=osp%2Fiko&srno=b_2_72&otracker=browse&fm=organic&iid=en_gTq8owYLy1hXM2xQT4S-bA2WPpROM5pB8HlXhKpC5IRIN4GEJV2N41wypUSiCp_TbIyirbWYPE69-M7T9401BA%3D%3D&ppt=browse&ppn=browse&ssid=w8w25ktupc0000001768226402885
Footox Trendy Sports Running Shoes For Women - Buy Footox Trendy Sports Running Shoes For Women Online at Best Price - Shop Online for Footwears in India | Flipkart.com,₹364,http://rukmini1.flixcart.com/image/300/300/xif0q/shoe/p/t/1/5-blue-fws-16-s-shoe-5-footox-blue-original-imahdfszqhwfask3.jpeg,https://www.flipkart.com/footox-trendy-sports-running-shoes-women/p/itmea47d652128fb?pid=SHOH5GE9DRH4FW3R&lid=LSTSHOH5GE9DRH4FW3RJ4NNR3&marketplace=FLIPKART&store=osp%2Fiko&srno=b_18_699&otracker=browse&fm=organic&iid=5a1d23a5-08d7-4630-ac04-42a5e235080b.SHOH5GE9DRH4FW3R.SEARCH&ppt=browse&ppn=browse&ssid=kfeo5jgxww0000001768226663673
,,,https://www.flipkart.com/asian-casual-sneaker-shoes-women-stylish-comfortable-paradise-05-sneakers/p/itm74ee6c64a2c18?pid=SHOGU5KANZYYHVRB&lid=LSTSHOGU5KANZYYHVRB5QQ5AW&marketplace=FLIPKART&store=osp%2Fiko&srno=b_13_484&otracker=browse&fm=organic&iid=ac0383e4-33b1-4776-ade8-aae7a7f6dc44.SHOGU5KANZYYHVRB.SEARCH&ppt=browse&ppn=browse&ssid=q7vp90axtc0000001768226586549
PUMA Puma Lightstorm Wns Casuals For Women - Buy PUMA Puma Lightstorm Wns Casuals For Women Online at Best Price - Shop Online for Footwears in India | Flipkart.com,"₹2,070",http://rukmini1.flixcart.com/image/300/300/xif0q/shoe/j/b/w/-original-imahfz7zrtzk2bnt.jpeg,https://www.flipkart.com/puma-lightstorm-wns-casuals-women/p/itm5ec6051a61776?pid=SHOGQANYHXGZMYG3&lid=LSTSHOGQANYHXGZMYG3ETTNRI&marketplace=FLIPKART&store=osp%2Fiko&srno=b_13_512&otracker=browse&fm=organic&iid=en_oTiHhq5sCa4wyoPUe1Jja7z0X67n8q4OQWl7fgPeTTqpyVTDp7pJUJZET9C4GkjXvOFxnJFkh9rBXtLwodiqlWVkv0XZFiOX7bbXdlao_f8%3D&ppt=browse&ppn=browse&ssid=q7vp90axtc0000001768226586549
PUMA ComfortCush Lite Wns Running Shoes For Women - Buy PUMA ComfortCush Lite Wns Running Shoes For Women Online at Best Price - Shop Online for Footwears in India | Flipkart.com,"₹3,354",http://rukmini1.flixcart.com/image/300/300/xif0q/shoe/q/k/b/-original-imahgczkj6se4ypx.jpeg,https://www.flipkart.com/puma-comfortcush-lite-wns-running-shoes-women/p/itmfe4db59d10727?pid=SHOHBA76HW4NSZZR&lid=LSTSHOHBA76HW4NSZZRUBYKDV&marketplace=FLIPKART&store=osp%2Fiko&srno=b_19_751&otracker=browse&fm=organic&iid=en_mGV1yjXtWpAvBu-vSkfb7k6vQxCPvcS0YlxYkHZThtQVW_gKd4ZsMY2WbRUj7ms0jBmawvbKfRe1JJTt5mAZHYnfEY2D5bWfIUmTlXs_oiU%3D&ppt=browse&ppn=browse&ssid=3d4mzm90og0000001768226678442
TWO SOFT Women Stylish Walking Shoes Comfortable Comfortable Casual Women And Girls Sneakers For Women - Buy TWO SOFT Women Stylish Walking Shoes Comfortable Comfortable Casual Women And Girls Sneakers For Women Online at Best Price - Shop Online for Footwears in India | Flipkart.com,₹370,http://rukmini1.flixcart.com/image/300/300/xif0q/shoe/k/j/8/5-ts-509-purple-5-two-soft-purple-original-imahgnmyerhbgwxg.jpeg,https://www.flipkart.com/two-soft-women-stylish-walking-shoes-comfortable-casual-girls-sneakers/p/itm9d1c72bef463e?pid=SHOH6EM2X2TXZWT4&lid=LSTSHOH6EM2X2TXZWT4GLBM6X&marketplace=FLIPKART&store=osp%2Fiko&srno=b_18_696&otracker=browse&fm=organic&iid=5a1d23a5-08d7-4630-ac04-42a5e235080b.SHOH6EM2X2TXZWT4.SEARCH&ppt=browse&ppn=browse&ssid=kfeo5jgxww0000001768226663673
Loox.In Women Slippers - Buy Loox.In Women Slippers Online at Best Price - Shop Online for Footwears in India | Flipkart.com,₹867,http://rukmini1.flixcart.com/image/300/300/xif0q/slipper-flip-flop/j/m/6/9-41-loox-in-blue-original-imahgmgjfggukahu.jpeg,https://www.flipkart.com/loox-in-women-slippers/p/itm3615e580156fe?pid=SFFHG3PZSZB7DBH8&lid=LSTSFFHG3PZSZB7DBH8RRKM4K&marketplace=FLIPKART&store=osp%2Fiko&srno=b_14_556&otracker=browse&fm=organic&iid=d4e3f038-b31e-4096-9ab1-fe0a83cf4fc4.SFFHG3PZSZB7DBH8.SEARCH&ppt=browse&ppn=browse&ssid=hrwjiqjte80000001768226600931
Roadster Sneakers For Women - Buy Roadster Sneakers For Women Online at Best Price - Shop Online for Footwears in India | Flipkart.com,₹689,http://rukmini1.flixcart.com/image/300/300/xif0q/shoe/h/2/d/8-31433783-41-roadster-white-original-imah99ryfy4xnftj.jpeg,https://www.flipkart.com/roadster-sneakers-women/p/itm5d76b4b292dd6?pid=SHOH99RYGGUFNRDP&lid=LSTSHOH99RYGGUFNRDPVVTXZT&marketplace=FLIPKART&store=osp%2Fiko&srno=b_7_259&otracker=browse&fm=organic&iid=2255f9d1-351c-40af-ba87-3dde238f6414.SHOH99RYGGUFNRDP.SEARCH&ppt=browse&ppn=browse&ssid=l4zc74md9s0000001768226494682
T-ROCK Sneakers For Women - Buy T-ROCK Sneakers For Women Online at Best Price - Shop Online for Footwears in India | Flipkart.com,₹426,http://rukmini1.flixcart.com/image/300/300/xif0q/shoe/0/b/f/3-11331-wt-3-t-rock-white-original-imahe9sfqg9upxe7.jpeg,https://www.flipkart.com/t-rock-sneakers-women/p/itmcde580b75316f?pid=SHOHE9SJAPZMGFXH&lid=LSTSHOHE9SJAPZMGFXHRIWGNR&marketplace=FLIPKART&store=osp%2Fiko&srno=b_14_547&otracker=browse&fm=organic&iid=en_FWKCXMnY93lvHSnL9zoj1bCqUwlx2_zmrJUoWPwyFeQjZw8fnsNTzmnrb7j4-Gfrj9qgPf1Uoj_YeSyi2tQ0sw%3D%3D&ppt=browse&ppn=browse&ssid=hrwjiqjte80000001768226600931
VENDOZ TRENDING Sneakers For Women - Buy VENDOZ TRENDING Sneakers For Women Online at Best Price - Shop Online for Footwears in India | Flipkart.com,₹658,http://rukmini1.flixcart.com/image/300/300/kjom6q80-0/shoe/p/3/t/cnv6006-vendoz-white-original-imafz7e4eywrxdph.jpeg,https://www.flipkart.com/vendoz-trending-sneakers-women/p/itm6c24b909b7d07?pid=SHOGXANG2ZM3Y3X5&lid=LSTSHOGXANG2ZM3Y3X5KLGVEX&marketplace=FLIPKART&store=osp%2Fiko&srno=b_19_730&otracker=browse&fm=organic&iid=4367eae6-781b-4f71-84d5-98c38bcd1ce8.SHOGXANG2ZM3Y3X5.SEARCH&ppt=browse&ppn=browse&ssid=3d4mzm90og0000001768226678442
TAFSHA Women Slides - Buy TAFSHA Women Slides Online at Best Price - Shop Online for Footwears in India | Flipkart.com,₹294,http://rukmini1.flixcart.com/image/300/300/xif0q/slipper-flip-flop/u/u/h/6-carpet-sports2-purple-6-tafsha-purple-original-imah3ucscykhacmb.jpeg,https://www.flipkart.com/tafsha-women-slides/p/itm3830aaf7933a7?pid=SFFH3UCTKKGVHRNW&lid=LSTSFFH3UCTKKGVHRNWDHBWZP&marketplace=FLIPKART&store=osp%2Fiko&srno=b_9_335&otracker=browse&fm=organic&iid=en_jKiTE6Xmr9FQVVFK71OPaiDktBYzHs-QOOuNf_RPcUAH25zplvJ2fCuYsyUhH9ZxEo0uubj94mPljwc1DwOcBA%3D%3D&ppt=browse&ppn=browse&ssid=xqf91pbbtc0000001768226524489
TAFSHA Women Slides - Buy TAFSHA Women Slides Online at Best Price - Shop Online for Footwears in India | Flipkart.com,₹294,http://rukmini1.flixcart.com/image/300/300/xif0q/slipper-flip-flop/u/u/h/6-carpet-sports2-purple-6-tafsha-purple-original-imah3ucscykhacmb.jpeg,https://www.flipkart.com/tafsha-women-slides/p/itm3830aaf7933a7?pid=SFFH3UCTKKGVHRNW&lid=LSTSFFH3UCTKKGVHRNWDHBWZP&marketplace=FLIPKART&store=osp%2Fiko&srno=b_6_215&otracker=browse&fm=organic&iid=en_FdZ7yfzNiLSuTZt3ug5zoWIjYKMzdeLPs-DtXUP-fn02SgulwbebTfc7Rkgt2StFEo0uubj94mPljwc1DwOcBA%3D%3D&ppt=browse&ppn=browse&ssid=jtks0xz00w0000001768226479320
asian RIYA-01 Slip On Sneakers For Women - Buy asian RIYA-01 Slip On Sneakers For Women Online at Best Price - Shop Online for Footwears in India | Flipkart.com,₹557,http://rukmini1.flixcart.com/image/300/300/xif0q/shoe/b/s/d/-original-imagg4zg7zddcfpq.jpeg,https://www.flipkart.com/asian-riya-01-slip-sneakers-women/p/itm88593c5b3d73f?pid=SHOG9YHVBJXGPYH8&lid=LSTSHOG9YHVBJXGPYH8GGNH1O&marketplace=FLIPKART&store=osp%2Fiko&srno=b_5_174&otracker=browse&fm=organic&iid=dacca31e-67ab-42b6-a39c-2196d8d752b0.SHOG9YHVBJXGPYH8.SEARCH&ppt=browse&ppn=browse&ssid=39jjfmw7uo0000001768226462876
"DOCTOR EXTRA SOFT Memory Foam Walking,Gym,Training,Running,Flexible,Comfortable Shoes D-1004 Walking Shoes For Women - Buy DOCTOR EXTRA SOFT Memory Foam Walking,Gym,Training,Running,Flexible,Comfortable Shoes D-1004 Walking Shoes For Women Online at Best Price - Shop Online for Footwears in India | Flipkart.com",₹829,http://rukmini1.flixcart.com/image/300/300/xif0q/shoe/o/p/i/4-1004-navy-4-doctor-extra-soft-navy-original-imahgyvnrvqchvey.jpeg,https://www.flipkart.com/doctor-extra-soft-memory-foam-walking-gym-training-running-flexible-comfortable-shoes-d-1004-walking-women/p/itmeccc2b643c06f?pid=SHOGYKQU5ZGGGFHC&lid=LSTSHOGYKQU5ZGGGFHCIRPMML&marketplace=FLIPKART&store=osp%2Fiko&srno=b_7_264&otracker=browse&fm=organic&iid=2255f9d1-351c-40af-ba87-3dde238f6414.SHOGYKQU5ZGGGFHC.SEARCH&ppt=browse&ppn=browse&ssid=l4zc74md9s0000001768226494682
shoptegic Casuals For Women - Buy shoptegic Casuals For Women Online at Best Price - Shop Online for Footwears in India | Flipkart.com,₹341,http://rukmini1.flixcart.com/image/300/300/xif0q/shoe/s/z/b/8-br1-8-shoptegic-purple-original-imah5bheyxb9hzjx.jpeg,https://www.flipkart.com/shoptegic-casuals-women/p/itmbce3879503b0b?pid=SHOH5BHFPBCUVHM7&lid=LSTSHOH5BHFPBCUVHM7GJDOSW&marketplace=FLIPKART&store=osp%2Fiko&srno=b_2_80&otracker=browse&fm=organic&iid=464c9e9f-a691-419d-8fd2-680b9c4477eb.SHOH5BHFPBCUVHM7.SEARCH&ppt=browse&ppn=browse&ssid=w8w25ktupc0000001768226402885
VENDOZ GLITTERY WEDDING AND PARTY WEAR Sneakers For Women - Buy VENDOZ GLITTERY WEDDING AND PARTY WEAR Sneakers For Women Online at Best Price - Shop Online for Footwears in India | Flipkart.com,₹787,http://rukmini1.flixcart.com/image/300/300/xif0q/shoe/i/m/v/5-cnv4026-38-vendoz-golden-original-imahe8tqpkab9u5f.jpeg,https://www.flipkart.com/vendoz-glittery-wedding-party-wear-sneakers-women/p/itmc37600fabaaf7?pid=SHOHDMZFBUHHKGMU&lid=LSTSHOHDMZFBUHHKGMU1T01GJ&marketplace=FLIPKART&store=osp%2Fiko&srno=b_18_693&otracker=browse&fm=organic&iid=5a1d23a5-08d7-4630-ac04-42a5e235080b.SHOHDMZFBUHHKGMU.SEARCH&ppt=browse&ppn=browse&ssid=kfeo5jgxww0000001768226663673
Shoestail Women Flats - Buy Shoestail Women Flats Online at Best Price - Shop Online for Footwears in India | Flipkart.com,₹209,http://rukmini1.flixcart.com/image/300/300/xif0q/sandal/x/s/i/-original-imahftqtcwhuuzft.jpeg,https://www.flipkart.com/shoestail-women-flats/p/itm1502732d3f8ad?pid=SNDGXGS2TUWMXFSC&lid=LSTSNDGXGS2TUWMXFSCSDEXRT&marketplace=FLIPKART&store=osp%2Fiko&srno=b_2_70&otracker=browse&fm=organic&iid=464c9e9f-a691-419d-8fd2-680b9c4477eb.SNDGXGS2TUWMXFSC.SEARCH&ppt=browse&ppn=browse&ssid=w8w25ktupc0000001768226402885
WOLVESDEN Women Slides - Buy WOLVESDEN Women Slides Online at Best Price - Shop Online for Footwears in India | Flipkart.com,₹281,http://rukmini1.flixcart.com/image/300/300/xif0q/slipper-flip-flop/d/j/j/-original-imahfz7nxtwptkmz.jpeg,https://www.flipkart.com/wolvesden-women-slides/p/itmeaeb19ea18a02?pid=SFFH33WWWWWBUSQJ&lid=LSTSFFH33WWWWWBUSQJ19567G&marketplace=FLIPKART&store=osp%2Fiko&srno=b_7_244&otracker=browse&fm=organic&iid=2255f9d1-351c-40af-ba87-3dde238f6414.SFFH33WWWWWBUSQJ.SEARCH&ppt=browse&ppn=browse&ssid=l4zc74md9s0000001768226494682
Fabbmate Fabbmate Casual Sports shoes White Sneakers for Women Girls White Shoes Sneakers For Women - Buy Fabbmate Fabbmate Casual Sports shoes White Sneakers for Women Girls White Shoes Sneakers For Women Online at Best Price - Shop Online for Footwears in India | Flipkart.com,₹430,http://rukmini1.flixcart.com/image/300/300/xif0q/shoe/y/o/8/-original-imahgybzagp4fb5z.jpeg,https://www.flipkart.com/fabbmate-casual-sports-shoes-white-sneakers-women-girls/p/itm13d239387dce2?pid=SHOH2W6ZB2MH2QGV&lid=LSTSHOH2W6ZB2MH2QGVK1DW0L&marketplace=FLIPKART&store=osp%2Fiko&srno=b_8_307&otracker=browse&fm=organic&iid=en_EEM0Z8bU_Rhw0iEruWD7IknRK1asvTkmmjvzvzdwOpSjPtC6AdJqc0pq7hEBmUtgmIhBn6FIt1lQU_GVRC4xUw%3D%3D&ppt=browse&ppn=browse&ssid=2go0snlczk0000001768226510439
TRYME Women Heels - Buy TRYME Women Heels Online at Best Price - Shop Online for Footwears in India | Flipkart.com,₹711,http://rukmini1.flixcart.com/image/300/300/xif0q/kids-sandal/w/a/o/8-6sbzhl1154-kid-tryme-original-imahgfg6w5z7wsae.jpeg,https://www.flipkart.com/tryme-women-heels/p/itm3ef15f61a7f25?pid=SNDGWTMWSKXRSGBG&lid=LSTSNDGWTMWSKXRSGBGLPMEVT&marketplace=FLIPKART&store=osp%2Fiko&srno=b_4_129&otracker=browse&fm=organic&iid=3d830cc9-e5ad-48ef-84c3-482f55642135.SNDGWTMWSKXRSGBG.SEARCH&ppt=browse&ppn=browse&ssid=e6nkya0vfk0000001768226446152
T-ROCK Sneakers For Women - Buy T-ROCK Sneakers For Women Online at Best Price - Shop Online for Footwears in India | Flipkart.com,₹426,http://rukmini1.flixcart.com/image/300/300/xif0q/shoe/0/b/f/3-11331-wt-3-t-rock-white-original-imahe9sfqg9upxe7.jpeg,https://www.flipkart.com/t-rock-sneakers-women/p/itmcde580b75316f?pid=SHOHE9SJAPZMGFXH&lid=LSTSHOHE9SJAPZMGFXHRIWGNR&marketplace=FLIPKART&store=osp%2Fiko&srno=b_7_272&otracker=browse&fm=organic&iid=en_AGnRzahflnjrzyGSofhuYuObKQCu69iMSBfo6h9bNg38XyLXRymYStDEO_UlkZrgtb1dgbSDzDBrD2Mdtc2vvg%3D%3D&ppt=browse&ppn=browse&ssid=l4zc74md9s0000001768226494682
TWO SOFT Boots For Women - Buy TWO SOFT Boots For Women Online at Best Price - Shop Online for Footwears in India | Flipkart.com,₹370,http://rukmini1.flixcart.com/image/300/300/xif0q/shoe/i/g/8/4-ts-511-blk-4-two-soft-black-original-imah4gs5fax6mvau.jpeg,https://www.flipkart.com/two-soft-boots-women/p/itme1c11a8c77d0f?pid=SHOH44H7ZWAVVBHJ&lid=LSTSHOH44H7ZWAVVBHJTYFTTF&marketplace=FLIPKART&store=osp%2Fiko&srno=b_5_184&otracker=browse&fm=organic&iid=dacca31e-67ab-42b6-a39c-2196d8d752b0.SHOH44H7ZWAVVBHJ.SEARCH&ppt=browse&ppn=browse&ssid=39jjfmw7uo0000001768226462876
Rising Monk Sneakers Casual | Lace-Up Lightweight Casuals For Women - Buy Rising Monk Sneakers Casual | Lace-Up Lightweight Casuals For Women Online at Best Price - Shop Online for Footwears in India | Flipkart.com,₹410,http://rukmini1.flixcart.com/image/300/300/xif0q/shoe/e/m/s/5-81-women-black-5-rising-monk-black-original-imahj6tfbkhyrmba.jpeg,https://www.flipkart.com/rising-monk-sneakers-casual-lace-up-lightweight-casuals-women/p/itmc0da27c0d7766?pid=SHOHDKT2G6N9AFQ2&lid=LSTSHOHDKT2G6N9AFQ27RST8R&marketplace=FLIPKART&store=osp%2Fiko&srno=b_14_529&otracker=browse&fm=organic&iid=d4e3f038-b31e-4096-9ab1-fe0a83cf4fc4.SHOHDKT2G6N9AFQ2.SEARCH&ppt=browse&ppn=browse&ssid=hrwjiqjte80000001768226600931
RED TAPE Women's Athleisure Sports Shoes for Active Everyday Style Walking Shoes For Women - Buy RED TAPE Women's Athleisure Sports Shoes for Active Everyday Style Walking Shoes For Women Online at Best Price - Shop Online for Footwears in India | Flipkart.com,"₹1,097",http://rukmini1.flixcart.com/image/300/300/xif0q/shoe/v/q/c/-original-imahjhjny4eytrcj.jpeg,https://www.flipkart.com/red-tape-women-s-athleisure-sports-shoes-active-everyday-style-walking-women/p/itmb05ff265eedc4?pid=SHOHFMMNY3NH5RF7&lid=LSTSHOHFMMNY3NH5RF7STHW39&marketplace=FLIPKART&store=osp%2Fiko&srno=b_3_82&otracker=browse&fm=organic&iid=en_RAZjS9M4pbKu14UKMNDI4m6TFZJ_so7CIuKdOfWnqpBBwk2R-KdQv0j4fOpviTtpBHWujxpNK-wKj40vfSERWvUFjCTyOHoHZs-Z5_PS_w0%3D&ppt=browse&ppn=browse&ssid=7of36l05000000001768226424463
Qumo Lightweight|Comfort|Summer|Trendy|Walking|Outdoor|Daily Use For Men Formal's Derby For Women - Buy Qumo Lightweight|Comfort|Summer|Trendy|Walking|Outdoor|Daily Use For Men Formal's Derby For Women Online at Best Price - Shop Online for Footwears in India | Flipkart.com,₹498,http://rukmini1.flixcart.com/image/300/300/xif0q/shoe/v/e/e/6-art-1503-qumo-black-original-imagmmn93dndapgq.jpeg,https://www.flipkart.com/qumo-lightweight-comfort-summer-trendy-walking-outdoor-daily-use-men-formal-s-derby-women/p/itm9ce55e5cd1861?pid=SHOGMMZ2VNAYJGFK&lid=LSTSHOGMMZ2VNAYJGFKJBKUWC&marketplace=FLIPKART&store=osp%2Fiko&srno=b_13_504&otracker=browse&fm=organic&iid=ac0383e4-33b1-4776-ade8-aae7a7f6dc44.SHOGMMZ2VNAYJGFK.SEARCH&ppt=browse&ppn=browse&ssid=q7vp90axtc0000001768226586549
PUMA Women Popcat 20 Apexa Wns Slides - Buy PUMA Women Popcat 20 Apexa Wns Slides Online at Best Price - Shop Online for Footwears in India | Flipkart.com,"₹1,064",http://rukmini1.flixcart.com/image/300/300/xif0q/slipper-flip-flop/i/i/k/-original-imahfttdxugyefnf.jpeg,https://www.flipkart.com/puma-women-popcat-20-apexa-wns-slides/p/itm2488a45ed866f?pid=SFFGX7M5KUZQZPNA&lid=LSTSFFGX7M5KUZQZPNAC2DSNV&marketplace=FLIPKART&store=osp%2Fiko&srno=b_6_213&otracker=browse&fm=organic&iid=0a381c2d-9ed4-4919-9097-d81da66e9544.SFFGX7M5KUZQZPNA.SEARCH&ppt=browse&ppn=browse&ssid=jtks0xz00w0000001768226479320
WOLVESDEN Women Slides - Buy WOLVESDEN Women Slides Online at Best Price - Shop Online for Footwears in India | Flipkart.com,₹348,http://rukmini1.flixcart.com/image/300/300/xif0q/slipper-flip-flop/c/8/2/8-ds-ribbion-f2-pink-8-wolvesden-pink-original-imah3r5rgh8ffchr.jpeg,https://www.flipkart.com/wolvesden-women-slides/p/itmdd39399db18c8?pid=SFFH3R5SZUYGGTGU&lid=LSTSFFH3R5SZUYGGTGUXHMO04&marketplace=FLIPKART&store=osp%2Fiko&srno=b_7_263&otracker=browse&fm=organic&iid=2255f9d1-351c-40af-ba87-3dde238f6414.SFFH3R5SZUYGGTGU.SEARCH&ppt=browse&ppn=browse&ssid=l4zc74md9s0000001768226494682
BERSACHE Women Flip Flops - Buy BERSACHE Women Flip Flops Online at Best Price - Shop Online for Footwears in India | Flipkart.com,₹323,http://rukmini1.flixcart.com/image/300/300/xif0q/sandal/z/7/b/6-sandal-6061-6-bersache-black-original-imah4easyefkhms2.jpeg,https://www.flipkart.com/bersache-women-flip-flops/p/itm5240370b8b157?pid=SFFH3ZTDJRP8FAMG&lid=LSTSFFH3ZTDJRP8FAMG00X9CD&marketplace=FLIPKART&store=osp%2Fiko&srno=b_14_540&otracker=browse&fm=organic&iid=d4e3f038-b31e-4096-9ab1-fe0a83cf4fc4.SFFH3ZTDJRP8FAMG.SEARCH&ppt=browse&ppn=browse&ssid=hrwjiqjte80000001768226600931
Deals4you Sneakers For Women - Buy Deals4you Sneakers For Women Online at Best Price - Shop Online for Footwears in India | Flipkart.com,₹420,http://rukmini1.flixcart.com/image/300/300/xif0q/shoe/l/d/o/6-2030-ogiy-wt-deals4you-white-original-imahfxm6ddsp5awr.jpeg,https://www.flipkart.com/deals4you-sneakers-women/p/itm44e3ef9c2a18c?pid=SHOHFXMBNTBRJJTR&lid=LSTSHOHFXMBNTBRJJTRIAGPR7&marketplace=FLIPKART&store=osp%2Fiko&srno=b_3_86&otracker=browse&fm=organic&iid=9895b54a-05d8-4486-a10f-6b2521abf21a.SHOHFXMBNTBRJJTR.SEARCH&ppt=browse&ppn=browse&ssid=7of36l05000000001768226424463
Flopsie Flopsie Women Winter Stylish Comfortable Bellies for Women & Girl Loafers For Women - Buy Flopsie Flopsie Women Winter Stylish Comfortable Bellies for Women & Girl Loafers For Women Online at Best Price - Shop Online for Footwears in India | Flipkart.com,₹364,http://rukmini1.flixcart.com/image/300/300/xif0q/shoe/d/d/a/4-ts-304-blu-4-flopsie-blue-original-imahhq9urdh9ghap.jpeg,https://www.flipkart.com/flopsie-women-winter-stylish-comfortable-bellies-girl-loafers/p/itm173c2f56238cf?pid=SHOH6T6ZGP4FK5GJ&lid=LSTSHOH6T6ZGP4FK5GJB0AMXB&marketplace=FLIPKART&store=osp%2Fiko&srno=b_18_702&otracker=browse&fm=organic&iid=en_NTAPhKckpBzXDWfOGFjUWzRzaPcflmG2rU7-fo2H0qy7Q86FsI11weHY2MfnxEI9Vrtj0c9LpyhyToUo20MqMA%3D%3D&ppt=browse&ppn=browse&ssid=kfeo5jgxww0000001768226663673
TWO SOFT Women Combo Pack Of 2 Stylish Casual Light & Soft Comfortable Daily Wear Slippers - Buy TWO SOFT Women Combo Pack Of 2 Stylish Casual Light & Soft Comfortable Daily Wear Slippers Online at Best Price - Shop Online for Footwears in India | Flipkart.com,₹263,http://rukmini1.flixcart.com/image/300/300/xif0q/slipper-flip-flop/f/1/z/-original-imahftr8j3edee4f.jpeg,https://www.flipkart.com/two-soft-women-combo-pack-2-stylish-casual-light-comfortable-daily-wear-slippers/p/itm52d5fb8753745?pid=SFFGMBGHBKTXYZ3S&lid=LSTSFFGMBGHBKTXYZ3SOWUFV9&marketplace=FLIPKART&store=osp%2Fiko&srno=b_12_447&otracker=browse&fm=organic&iid=en_SHCTXva8iVexBQNCngpF_NuHHZdPLvMAdqHvpa5ye8k1DMnvqz4ILtYzuIPCosA_PVQLiD9Tpx6gFYJNZG6E-A%3D%3D&ppt=browse&ppn=browse&ssid=ecse3v9ai80000001768226569451
Denill Bellies For Women - Buy Denill Bellies For Women Online at Best Price - Shop Online for Footwears in India | Flipkart.com,₹486,http://rukmini1.flixcart.com/image/300/300/xif0q/shoe/9/0/m/-original-imahgybyz9fz4vgb.jpeg,https://www.flipkart.com/denill-bellies-women/p/itme4f52f709ddb8?pid=SHOGJJEYUCGX83GU&lid=LSTSHOGJJEYUCGX83GUHKWVJU&marketplace=FLIPKART&store=osp%2Fiko&srno=b_18_709&otracker=browse&fm=organic&iid=5a1d23a5-08d7-4630-ac04-42a5e235080b.SHOGJJEYUCGX83GU.SEARCH&ppt=browse&ppn=browse&ssid=kfeo5jgxww0000001768226663673
Bata Women Casual Sneaker Shoes - Maroon - (UK- 4 ) Sneakers For Women - Buy Bata Women Casual Sneaker Shoes - Maroon - (UK- 4 ) Sneakers For Women Online at Best Price - Shop Online for Footwears in India | Flipkart.com,₹553,http://rukmini1.flixcart.com/image/300/300/xif0q/shoe/a/t/h/8-5895057-8-0-bata-maroon-original-imahfcvefzzdm4xp.jpeg,https://www.flipkart.com/bata-women-casual-sneaker-shoes-maroon-uk-4-sneakers/p/itm8c11001d708e6?pid=SHOHFCVE4P6NASST&lid=LSTSHOHFCVE4P6NASST10TO2Z&marketplace=FLIPKART&store=osp%2Fiko&srno=b_6_220&otracker=browse&fm=organic&iid=0a381c2d-9ed4-4919-9097-d81da66e9544.SHOHFCVE4P6NASST.SEARCH&ppt=browse&ppn=browse&ssid=jtks0xz00w0000001768226479320
CAMPUS ZOE PLUS Women's Casual Shoes | Memory Foam Insole with Pillo Foam | Slip On Walking Shoes For Women - Buy CAMPUS ZOE PLUS Women's Casual Shoes | Memory Foam Insole with Pillo Foam | Slip On Walking Shoes For Women Online at Best Price - Shop Online for Footwears in India | Flipkart.com,₹739,http://rukmini1.flixcart.com/image/300/300/xif0q/shoe/u/h/s/4-10g-149-4-campus-wht-t-blu-original-imahj4bfewmpstyr.jpeg,https://www.flipkart.com/campus-zoe-plus-women-s-casual-shoes-memory-foam-insole-pillo-slip-walking-women/p/itm9f8da9a2d2a4c?pid=SHOFZMTAMFUNVZHZ&lid=LSTSHOFZMTAMFUNVZHZOFITDB&marketplace=FLIPKART&store=osp%2Fiko&srno=b_13_496&otracker=browse&fm=organic&iid=ac0383e4-33b1-4776-ade8-aae7a7f6dc44.SHOFZMTAMFUNVZHZ.SEARCH&ppt=browse&ppn=browse&ssid=q7vp90axtc0000001768226586549
Birde Women Clogs - Buy Birde Women Clogs Online at Best Price - Shop Online for Footwears in India | Flipkart.com,₹453,http://rukmini1.flixcart.com/image/300/300/xif0q/sandal/s/y/4/-original-imahgyc5mvvgqrfj.jpeg,https://www.flipkart.com/birde-women-clogs/p/itme980a02719ccf?pid=SNDH448PXTDUWVH5&lid=LSTSNDH448PXTDUWVH55INUAR&marketplace=FLIPKART&store=osp%2Fiko&srno=b_12_465&otracker=browse&fm=organic&iid=en_SHCTXva8iVexBQNCngpF_NuHHZdPLvMAdqHvpa5ye8lI93FNiAAkUCRiE4Ljdh1j0Un0Zsuk2wb-4DDI_3MB5g%3D%3D&ppt=browse&ppn=browse&ssid=ecse3v9ai80000001768226569451
PUMA Zod Runner V3 Wn's Casuals For Women - Buy PUMA Zod Runner V3 Wn's Casuals For Women Online at Best Price - Shop Online for Footwears in India | Flipkart.com,"₹1,276",http://rukmini1.flixcart.com/image/300/300/xif0q/shoe/f/j/a/-original-imahjghrutsjczy2.jpeg,https://www.flipkart.com/puma-zod-runner-v3-wn-s-casuals-women/p/itma5651107cbaa1?pid=SHOFUFGRDVVYPGDH&lid=LSTSHOFUFGRDVVYPGDHIR4DNK&marketplace=FLIPKART&store=osp%2Fiko&srno=b_15_595&otracker=browse&fm=organic&iid=en_vXCl6X7Zoly2o-ZSBHC_VUkVU5Ea8NIcliS224j0uaJ68AyR-gmDSMozw0jmBgTFZYkhgTV-zXF0BiZVaN26yvcUmN_6PwCReg_VTM4VLxo%3D&ppt=browse&ppn=browse&ssid=4i65va4gdc0000001768226615069
,,,https://www.flipkart.com/two-soft-women-combo-pack-2-stylish-casual-light-comfortable-daily-wear-slippers/p/itm52d5fb8753745?pid=SFFGMBGHBKTXYZ3S&lid=LSTSFFGMBGHBKTXYZ3SOWUFV9&marketplace=FLIPKART&store=osp%2Fiko&srno=b_13_487&otracker=browse&fm=organic&iid=en_oTiHhq5sCa4wyoPUe1Jja7z0X67n8q4OQWl7fgPeTTotxecjMEa6XxUvRbxMDeQ_PVQLiD9Tpx6gFYJNZG6E-A%3D%3D&ppt=browse&ppn=browse&ssid=q7vp90axtc0000001768226586549
Deals4you Women Flip Flops - Buy Deals4you Women Flip Flops Online at Best Price - Shop Online for Footwears in India | Flipkart.com,₹281,http://rukmini1.flixcart.com/image/300/300/xif0q/slipper-flip-flop/3/x/g/5-1611-sara-deals4you-beige-original-imahgnyjbd6rj3xr.jpeg,https://www.flipkart.com/deals4you-women-flip-flops/p/itme516d36642899?pid=SFFHBSYV9H7C29VZ&lid=LSTSFFHBSYV9H7C29VZFSEJDW&marketplace=FLIPKART&store=osp%2Fiko&srno=b_12_478&otracker=browse&fm=organic&iid=en_SHCTXva8iVexBQNCngpF_NuHHZdPLvMAdqHvpa5ye8nHT0n-CagwtHx_EpKRl75pWQ20GIbJ3dRjXO3TNuU-sA%3D%3D&ppt=browse&ppn=browse&ssid=ecse3v9ai80000001768226569451
RED TAPE Women's Athleisure Sports Shoes for Active Everyday Style Walking Shoes For Women - Buy RED TAPE Women's Athleisure Sports Shoes for Active Everyday Style Walking Shoes For Women Online at Best Price - Shop Online for Footwears in India | Flipkart.com,"₹1,097",http://rukmini1.flixcart.com/image/300/300/xif0q/shoe/v/q/c/-original-imahjhjny4eytrcj.jpeg,https://www.flipkart.com/red-tape-women-s-athleisure-sports-shoes-active-everyday-style-walking-women/p/itmb05ff265eedc4?pid=SHOHFMMNY3NH5RF7&lid=LSTSHOHFMMNY3NH5RF7STHW39&marketplace=FLIPKART&store=osp%2Fiko&srno=b_13_482&otracker=browse&fm=organic&iid=en_oTiHhq5sCa4wyoPUe1Jja7z0X67n8q4OQWl7fgPeTTro37_QtWT03HY14KPoEsXcBHWujxpNK-wKj40vfSERWvUFjCTyOHoHZs-Z5_PS_w0%3D&ppt=browse&ppn=browse&ssid=q7vp90axtc0000001768226586549
Birde Women Clogs - Buy Birde Women Clogs Online at Best Price - Shop Online for Footwears in India | Flipkart.com,₹462,http://rukmini1.flixcart.com/image/300/300/xif0q/kids-sandal/d/z/b/5-brd-sn-1193-birde-original-imah4m3xexyjcc9m.jpeg,https://www.flipkart.com/birde-women-clogs/p/itm3e48cd2d6510e?pid=SNDHF6WWUCSXTBMH&lid=LSTSNDHF6WWUCSXTBMHE9DBL5&marketplace=FLIPKART&store=osp%2Fiko&srno=b_6_218&otracker=browse&fm=organic&iid=en_FdZ7yfzNiLSuTZt3ug5zoWIjYKMzdeLPs-DtXUP-fn1gTLtlqtewg0MjTPRHT7ZbS6qtdjSFU9Zg4J3AqaVwQg%3D%3D&ppt=browse&ppn=browse&ssid=jtks0xz00w0000001768226479320
Flopsie Flopsie Premium Women Winter Sneaker MemoryFoam Gym & Casual Outdoor Sneakers For Women - Buy Flopsie Flopsie Premium Women Winter Sneaker MemoryFoam Gym & Casual Outdoor Sneakers For Women Online at Best Price - Shop Online for Footwears in India | Flipkart.com,₹364,http://rukmini1.flixcart.com/image/300/300/xif0q/shopsy-shoe/w/r/h/7-ts-506-pnk-7-two-soft-pink-original-imah5fvnghps5mfr.jpeg,https://www.flipkart.com/flopsie-premium-women-winter-sneaker-memoryfoam-gym-casual-outdoor-sneakers/p/itm07bfdd53efaed?pid=SHOH6T4HQVZKYMZH&lid=LSTSHOH6T4HQVZKYMZH2RH8E0&marketplace=FLIPKART&store=osp%2Fiko&srno=b_8_297&otracker=browse&fm=organic&iid=en_EEM0Z8bU_Rhw0iEruWD7IknRK1asvTkmmjvzvzdwOpSgqyGud0k9JGPqo7PXDMQbOHNLAZ5aABZblqsk8brlAw%3D%3D&ppt=browse&ppn=browse&ssid=2go0snlczk0000001768226510439
TAFSHA Women Flip Flops - Buy TAFSHA Women Flip Flops Online at Best Price - Shop Online for Footwears in India | Flipkart.com,₹294,http://rukmini1.flixcart.com/image/300/300/xif0q/slipper-flip-flop/0/a/0/9-carpet-winterf13-brown9-tafsha-brown-original-imahdq34skradnwg.jpeg,https://www.flipkart.com/tafsha-women-flip-flops/p/itm2ccab4b85dfd8?pid=SFFHDQ34FYQCFXTF&lid=LSTSFFHDQ34FYQCFXTF1STGQP&marketplace=FLIPKART&store=osp%2Fiko&srno=b_17_678&otracker=browse&fm=organic&iid=en_-1UVHzCH-jLPIUjhAaIh3CfP-_LzqvWxPxjV9QMLdvIzIdls7cxhiINxHwZuWkbUOs-VU19Q-Ybe8cyX6bBliA%3D%3D&ppt=browse&ppn=browse&ssid=vnotkb0e2o0000001768226647060
FLITE Women Slippers - Buy FLITE Women Slippers Online at Best Price - Shop Online for Footwears in India | Flipkart.com,₹293,http://rukmini1.flixcart.com/image/300/300/xif0q/slipper-flip-flop/a/t/x/5-fl430l-flite-wine-d-wine-original-imahg6vdggjntzch.jpeg,https://www.flipkart.com/flite-women-slippers/p/itm1cb7671110bfb?pid=SFFH5ZZBVTEVGWYH&lid=LSTSFFH5ZZBVTEVGWYHSXK3MI&marketplace=FLIPKART&store=osp%2Fiko&srno=b_14_526&otracker=browse&fm=organic&iid=d4e3f038-b31e-4096-9ab1-fe0a83cf4fc4.SFFH5ZZBVTEVGWYH.SEARCH&ppt=browse&ppn=browse&ssid=hrwjiqjte80000001768226600931
T-ROCK Sneakers For Women - Buy T-ROCK Sneakers For Women Online at Best Price - Shop Online for Footwears in India | Flipkart.com,₹426,http://rukmini1.flixcart.com/image/300/300/xif0q/shoe/0/b/f/3-11331-wt-3-t-rock-white-original-imahe9sfqg9upxe7.jpeg,https://www.flipkart.com/t-rock-sneakers-women/p/itmcde580b75316f?pid=SHOHE9SJAPZMGFXH&lid=LSTSHOHE9SJAPZMGFXHRIWGNR&marketplace=FLIPKART&store=osp%2Fiko&srno=b_18_711&otracker=browse&fm=organic&iid=en_NTAPhKckpBzXDWfOGFjUWzRzaPcflmG2rU7-fo2H0qzh3qWpfOIqMi8FxCahsP6vlGES1hV1_GUU8h20yNb5iw%3D%3D&ppt=browse&ppn=browse&ssid=kfeo5jgxww0000001768226663673
El Paso Trendy Ankle Pointed Shape Boots |Outdoor Casual & Travel Comfort Wear Boots For Women - Buy El Paso Trendy Ankle Pointed Shape Boots |Outdoor Casual & Travel Comfort Wear Boots For Women Online at Best Price - Shop Online for Footwears in India | Flipkart.com,₹999,http://rukmini1.flixcart.com/image/300/300/xif0q/shoe/g/0/u/7-epw9303-7-el-paso-brown-original-imahgbfwywxcqjnm.jpeg,https://www.flipkart.com/el-paso-trendy-ankle-pointed-shape-boots-outdoor-casual-travel-comfort-wear-women/p/itm7e803b80414f0?pid=SHOHGBFWDFUF5SCZ&lid=LSTSHOHGBFWDFUF5SCZYIAYU0&marketplace=FLIPKART&store=osp%2Fiko&srno=b_15_574&otracker=browse&fm=organic&iid=e6ebe926-2018-479d-b73a-c70125b560f3.SHOHGBFWDFUF5SCZ.SEARCH&ppt=browse&ppn=browse&ssid=4i65va4gdc0000001768226615069
"Fabbmate Fabbmate Trendy Sports Shoes for Women's Running,Walking with Memory Foam Running Shoes For Women - Buy Fabbmate Fabbmate Trendy Sports Shoes for Women's Running,Walking with Memory Foam Running Shoes For Women Online at Best Price - Shop Online for Footwears in India | Flipkart.com",₹360,http://rukmini1.flixcart.com/image/300/300/xif0q/shoe/l/4/w/-original-imahgybwpzc9dkyb.jpeg,https://www.flipkart.com/fabbmate-trendy-sports-shoes-women-s-running-walking-memory-foam-running-women/p/itm0d0338973c591?pid=SHOGKV8PATKRB9AX&lid=LSTSHOGKV8PATKRB9AXBZEUHV&marketplace=FLIPKART&store=osp%2Fiko&srno=b_7_243&otracker=browse&fm=organic&iid=2255f9d1-351c-40af-ba87-3dde238f6414.SHOGKV8PATKRB9AX.SEARCH&ppt=browse&ppn=browse&ssid=l4zc74md9s0000001768226494682
Flopsie Women Winter Comfortable Indoor Outdoor Heavy Sole Star Printed Fur Slipper Slippers - Buy Flopsie Women Winter Comfortable Indoor Outdoor Heavy Sole Star Printed Fur Slipper Slippers Online at Best Price - Shop Online for Footwears in India | Flipkart.com,₹297,http://rukmini1.flixcart.com/image/300/300/xif0q/slipper-flip-flop/h/e/w/6-ts-307-gry-flopsie-grey-original-imahestujrfzhkgr.jpeg,https://www.flipkart.com/flopsie-women-winter-comfortable-indoor-outdoor-heavy-sole-star-printed-fur-slipper-slippers/p/itm334dd4051990d?pid=SFFH6WJJJU8UBNDA&lid=LSTSFFH6WJJJU8UBNDAMQW5DO&marketplace=FLIPKART&store=osp%2Fiko&srno=b_8_291&otracker=browse&fm=organic&iid=en_EEM0Z8bU_Rhw0iEruWD7IknRK1asvTkmmjvzvzdwOpQS-iQ6i6F0V9v9DVBohSUVR8v-nHG-sHJhT7UWyRKqUA%3D%3D&ppt=browse&ppn=browse&ssid=2go0snlczk0000001768226510439
WOLVESDEN Women Slippers - Buy WOLVESDEN Women Slippers Online at Best Price - Shop Online for Footwears in India | Flipkart.com,₹288,http://rukmini1.flixcart.com/image/300/300/xif0q/slipper-flip-flop/j/w/t/-original-imahgybybjqz4vpx.jpeg,https://www.flipkart.com/wolvesden-women-slippers/p/itm8403f505bfe26?pid=SFFH8HD4HA3TH2PN&lid=LSTSFFH8HD4HA3TH2PNPJW9EA&marketplace=FLIPKART&store=osp%2Fiko&srno=b_16_634&otracker=browse&fm=organic&iid=f851c3a1-fab8-4070-ad3d-84b4cbacc113.SFFH8HD4HA3TH2PN.SEARCH&ppt=browse&ppn=browse&ssid=g8rc5k3vsw0000001768226631080
TAFSHA Women Slides - Buy TAFSHA Women Slides Online at Best Price - Shop Online for Footwears in India | Flipkart.com,₹294,http://rukmini1.flixcart.com/image/300/300/xif0q/slipper-flip-flop/u/u/h/6-carpet-sports2-purple-6-tafsha-purple-original-imah3ucscykhacmb.jpeg,https://www.flipkart.com/tafsha-women-slides/p/itm3830aaf7933a7?pid=SFFH3UCTKKGVHRNW&lid=LSTSFFH3UCTKKGVHRNWDHBWZP&marketplace=FLIPKART&store=osp%2Fiko&srno=b_17_651&otracker=browse&fm=organic&iid=en_-1UVHzCH-jLPIUjhAaIh3CfP-_LzqvWxPxjV9QMLdvKF_LE-DaL8yNvpmEWmvBqft_rvxH3lcEVZMzfNYJ6_zw%3D%3D&ppt=browse&ppn=browse&ssid=vnotkb0e2o0000001768226647060
Inblu Women Slippers - Buy Inblu Women Slippers Online at Best Price - Shop Online for Footwears in India | Flipkart.com,₹333,http://rukmini1.flixcart.com/image/300/300/xif0q/slipper-flip-flop/y/k/a/8-bmt5-inblu-brown-original-imah6t8zfywsh89f.jpeg,https://www.flipkart.com/inblu-women-slippers/p/itmc450b9176bb3b?pid=SFFH6T8ZTVZZYRUT&lid=LSTSFFH6T8ZTVZZYRUTAGK9EY&marketplace=FLIPKART&store=osp%2Fiko&srno=b_19_756&otracker=browse&fm=organic&iid=4367eae6-781b-4f71-84d5-98c38bcd1ce8.SFFH6T8ZTVZZYRUT.SEARCH&ppt=browse&ppn=browse&ssid=3d4mzm90og0000001768226678442
TWO SOFT Boots For Women - Buy TWO SOFT Boots For Women Online at Best Price - Shop Online for Footwears in India | Flipkart.com,₹370,http://rukmini1.flixcart.com/image/300/300/xif0q/shoe/i/g/8/4-ts-511-blk-4-two-soft-black-original-imah4gs5fax6mvau.jpeg,https://www.flipkart.com/two-soft-boots-women/p/itme1c11a8c77d0f?pid=SHOH44H7ZBKGCKKF&lid=LSTSHOH44H7ZBKGCKKFYOD1YW&marketplace=FLIPKART&store=osp%2Fiko&srno=b_14_555&otracker=browse&fm=organic&iid=en_FWKCXMnY93lvHSnL9zoj1bCqUwlx2_zmrJUoWPwyFeTE6hBTa8FO09pzvdhgee5PuQOn63aciqXAZtDkvTuIlA%3D%3D&ppt=browse&ppn=browse&ssid=hrwjiqjte80000001768226600931
Abros ANGEL-1 Sneakers For Women - Buy Abros ANGEL-1 Sneakers For Women Online at Best Price - Shop Online for Footwears in India | Flipkart.com,₹479,http://rukmini1.flixcart.com/image/300/300/xif0q/shoe/q/h/6/-original-imahehnmgt8qh5uv.jpeg,https://www.flipkart.com/abros-angel-1-sneakers-women/p/itmaa77d37575036?pid=SHOHAWU7EGSREJHS&lid=LSTSHOHAWU7EGSREJHSS2A7BP&marketplace=FLIPKART&store=osp%2Fiko&srno=b_4_143&otracker=browse&fm=organic&iid=3d830cc9-e5ad-48ef-84c3-482f55642135.SHOHAWU7EGSREJHS.SEARCH&ppt=browse&ppn=browse&ssid=e6nkya0vfk0000001768226446152
Flopsie Women Winter Comfortable Indoor Outdoor Heavy Sole Star Printed Fur Slipper Slippers - Buy Flopsie Women Winter Comfortable Indoor Outdoor Heavy Sole Star Printed Fur Slipper Slippers Online at Best Price - Shop Online for Footwears in India | Flipkart.com,₹297,http://rukmini1.flixcart.com/image/300/300/xif0q/slipper-flip-flop/h/e/w/6-ts-307-gry-flopsie-grey-original-imahestujrfzhkgr.jpeg,https://www.flipkart.com/flopsie-women-winter-comfortable-indoor-outdoor-heavy-sole-star-printed-fur-slipper-slippers/p/itm334dd4051990d?pid=SFFH6WJJJU8UBNDA&lid=LSTSFFH6WJJJU8UBNDAMQW5DO&marketplace=FLIPKART&store=osp%2Fiko&srno=b_10_382&otracker=browse&fm=organic&iid=en_QgQ6nGD2rAj3cKP0gzxkX9VwQbY8QFRbQVtWwIS-YzTu3XBxeyLclWOAUCxZeYAkfCKuckD5TeEr2eqHLEFROQ%3D%3D&ppt=browse&ppn=browse&ssid=my7hzbekzk0000001768226539546
TWIN TOES Girls Stylish & Comfortable | Casual | Party Wear Boots For Women - Buy TWIN TOES Girls Stylish & Comfortable | Casual | Party Wear Boots For Women Online at Best Price - Shop Online for Footwears in India | Flipkart.com,₹498,http://rukmini1.flixcart.com/image/300/300/xif0q/shoe/t/x/1/-original-imagfxf9txzqckkc-bb.jpeg,https://www.flipkart.com/twin-toes-girls-stylish-comfortable-casual-party-wear-boots-women/p/itmfhyc52mbrmhhf?pid=SHOFHVUVYESEGXDA&lid=LSTSHOFHVUVYESEGXDA1JCIDM&marketplace=FLIPKART&store=osp%2Fiko&srno=b_5_194&otracker=browse&fm=organic&iid=dacca31e-67ab-42b6-a39c-2196d8d752b0.SHOFHVUVYESEGXDA.SEARCH&ppt=browse&ppn=browse&ssid=39jjfmw7uo0000001768226462876
SKOLL Women Heels - Buy Beige Color SKOLL Women Heels Online at Best Price - Shop Online for Footwears in India | Flipkart.com,₹406,http://rukmini1.flixcart.com/image/300/300/xif0q/sandal/k/g/t/-original-imahgybx6zgwavgw.jpeg,https://www.flipkart.com/skoll-women-heels/p/itmf3wy63avqshdq?pid=SNDFFMGTNY4ZJ4EH&lid=LSTSNDFFMGTNY4ZJ4EHNLHIT3&marketplace=FLIPKART&store=osp%2Fiko&srno=b_16_603&otracker=browse&fm=organic&iid=f851c3a1-fab8-4070-ad3d-84b4cbacc113.SNDFFMGTNY4ZJ4EH.SEARCH&ppt=browse&ppn=browse&ssid=g8rc5k3vsw0000001768226631080
,,,https://www.flipkart.com/birde-women-clogs/p/itm3e48cd2d6510e?pid=SNDHF6WWUCSXTBMH&lid=LSTSNDHF6WWUCSXTBMHE9DBL5&marketplace=FLIPKART&store=osp%2Fiko&srno=b_14_541&otracker=browse&fm=organic&iid=en_FWKCXMnY93lvHSnL9zoj1bCqUwlx2_zmrJUoWPwyFeRc3yrkPH89xfswtL6j5wSSXRNYlvG7dpQm2Us8scxJYQ%3D%3D&ppt=browse&ppn=browse&ssid=hrwjiqjte80000001768226600931
,,,https://www.flipkart.com/two-soft-women-combo-pack-2-stylish-casual-light-comfortable-daily-wear-slippers/p/itm52d5fb8753745?pid=SFFGMBGHBKTXYZ3S&lid=LSTSFFGMBGHBKTXYZ3SOWUFV9&marketplace=FLIPKART&store=osp%2Fiko&srno=b_4_128&otracker=browse&fm=organic&iid=en_0D43y1Gkov2fa4f2QX2QfRL0_YJcqARvUPQbUbgzRN5RWt9jzsMlWnOkUXw6_u2GDyUYyJvtEzbA6Ec6AowF0A%3D%3D&ppt=browse&ppn=browse&ssid=e6nkya0vfk0000001768226446152
DOCTOR ORTHO PLUS COMFY Women Slippers - Buy DOCTOR ORTHO PLUS COMFY Women Slippers Online at Best Price - Shop Online for Footwears in India | Flipkart.com,₹294,http://rukmini1.flixcart.com/image/300/300/xif0q/slipper-flip-flop/o/b/w/-original-imahg24ysdhw5m7e.jpeg,https://www.flipkart.com/doctor-ortho-plus-comfy-women-slippers/p/itm61b085ba1f81c?pid=SFFGXMGGWEUGEBJ2&lid=LSTSFFGXMGGWEUGEBJ2QSEG3L&marketplace=FLIPKART&store=osp%2Fiko&srno=b_6_207&otracker=browse&fm=organic&iid=en_FdZ7yfzNiLSuTZt3ug5zoWIjYKMzdeLPs-DtXUP-fn1xxdq0NtnZ_GxhA8-B3Z60_IZH0lSCt5pWg1EonkPLqg%3D%3D&ppt=browse&ppn=browse&ssid=jtks0xz00w0000001768226479320
Froh Feet Women Heels - Buy Froh Feet Women Heels Online at Best Price - Shop Online for Footwears in India | Flipkart.com,₹625,http://rukmini1.flixcart.com/image/300/300/xif0q/sandal/a/r/v/5-bb-5-beige-38-froh-feet-beige-original-imahhthhewjj9ebv.jpeg,https://www.flipkart.com/froh-feet-women-heels/p/itm894a952ba6487?pid=SNDH4YFYP7GDRMAH&lid=LSTSNDH4YFYP7GDRMAHWYQOOY&marketplace=FLIPKART&store=osp%2Fiko&srno=b_12_480&otracker=browse&fm=organic&iid=3beba5be-cff5-4b74-8ac4-2f92765b4e5d.SNDH4YFYP7GDRMAH.SEARCH&ppt=browse&ppn=browse&ssid=ecse3v9ai80000001768226569451
PUMA Puma Buzz Wmn Casuals For Women - Buy PUMA Puma Buzz Wmn Casuals For Women Online at Best Price - Shop Online for Footwears in India | Flipkart.com,"₹1,435",http://rukmini1.flixcart.com/image/300/300/xif0q/shoe/w/t/h/-original-imahjghvmkmxrwdd.jpeg,https://www.flipkart.com/puma-buzz-wmn-casuals-women/p/itm09ba22dabad19?pid=SHOGGEYGFV8GEUDU&lid=LSTSHOGGEYGFV8GEUDUW8HRQB&marketplace=FLIPKART&store=osp%2Fiko&srno=b_7_256&otracker=browse&fm=organic&iid=2255f9d1-351c-40af-ba87-3dde238f6414.SHOGGEYGFV8GEUDU.SEARCH&ppt=browse&ppn=browse&ssid=l4zc74md9s0000001768226494682
Svaar Women Clogs - Buy Svaar Women Clogs Online at Best Price - Shop Online for Footwears in India | Flipkart.com,₹499,http://rukmini1.flixcart.com/image/300/300/xif0q/sandal/x/e/z/5-svr1125kbrv-5-svaar-pure-white-original-imah74zsm3hqxgmb.jpeg,https://www.flipkart.com/svaar-women-clogs/p/itmc27e09582768e?pid=SNDH6WHX2UHNGE8S&lid=LSTSNDH6WHX2UHNGE8SUKOT3A&marketplace=FLIPKART&store=osp%2Fiko&srno=b_13_502&otracker=browse&fm=organic&iid=en_oTiHhq5sCa4wyoPUe1Jja7z0X67n8q4OQWl7fgPeTTo7bIbCrGBlSWkwMWnkYP-fW6Mrofo_q5cUhTo7MUCfjQ%3D%3D&ppt=browse&ppn=browse&ssid=q7vp90axtc0000001768226586549
PUMA Puma Alfarun Metallic Wns Casuals For Women - Buy PUMA Puma Alfarun Metallic Wns Casuals For Women Online at Best Price - Shop Online for Footwears in India | Flipkart.com,"₹1,834",http://rukmini1.flixcart.com/image/300/300/xif0q/shoe/e/i/u/-original-imahjgru6zysfmyh.jpeg,https://www.flipkart.com/puma-alfarun-metallic-wns-casuals-women/p/itmef3c01569c475?pid=SHOGHQ7MTYPMHSQQ&lid=LSTSHOGHQ7MTYPMHSQQWUTJFV&marketplace=FLIPKART&store=osp%2Fiko&srno=b_15_582&otracker=browse&fm=organic&iid=en_vXCl6X7Zoly2o-ZSBHC_VUkVU5Ea8NIcliS224j0uaIUB6QX4um5i1MCLYlDEIKL9Y6hyYZ63StUt_zSAXC_zYQEIsITtCzc4bHaOMTqL08%3D&ppt=browse&ppn=browse&ssid=4i65va4gdc0000001768226615069
Aqualite Women Slides - Buy Aqualite Women Slides Online at Best Price - Shop Online for Footwears in India | Flipkart.com,₹322,http://rukmini1.flixcart.com/image/300/300/xif0q/slipper-flip-flop/t/p/i/-original-imahfskuybyfbkqz.jpeg,https://www.flipkart.com/aqualite-women-slides/p/itm04428e4f9381b?pid=SFFGG8ARPHH222FY&lid=LSTSFFGG8ARPHH222FY71JPDE&marketplace=FLIPKART&store=osp%2Fiko&srno=b_3_106&otracker=browse&fm=organic&iid=9895b54a-05d8-4486-a10f-6b2521abf21a.SFFGG8ARPHH222FY.SEARCH&ppt=browse&ppn=browse&ssid=7of36l05000000001768226424463
FLITE Women Slippers - Buy FLITE Women Slippers Online at Best Price - Shop Online for Footwears in India | Flipkart.com,₹274,http://rukmini1.flixcart.com/image/300/300/xif0q/slipper-flip-flop/t/3/i/-original-imahhqc9grwcnpnh.jpeg,https://www.flipkart.com/flite-women-slippers/p/itmf70f9436c7fa7?pid=SFFH7GGEDZFGHCWD&lid=LSTSFFH7GGEDZFGHCWDVPEIWA&marketplace=FLIPKART&store=osp%2Fiko&srno=b_13_520&otracker=browse&fm=organic&iid=ac0383e4-33b1-4776-ade8-aae7a7f6dc44.SFFH7GGEDZFGHCWD.SEARCH&ppt=browse&ppn=browse&ssid=q7vp90axtc0000001768226586549
WALKUM Women Slippers - Buy WALKUM Women Slippers Online at Best Price - Shop Online for Footwears in India | Flipkart.com,₹100,http://rukmini1.flixcart.com/image/300/300/xif0q/slipper-flip-flop/m/q/a/-original-imahftquu7jezug4.jpeg,https://www.flipkart.com/walkum-women-slippers/p/itmb0be0b93df45e?pid=SFFH3YPQ9UYZY2BU&lid=LSTSFFH3YPQ9UYZY2BUDIAQF4&marketplace=FLIPKART&store=osp%2Fiko&srno=b_1_29&otracker=browse&fm=organic&iid=27a448ff-87bd-4ea6-984d-908d0a814445.SFFH3YPQ9UYZY2BU.SEARCH&ppt=None&ppn=None&ssid=uekt84okeo0000001768226382861
RED TAPE Women's Athleisure Sports Shoes for Active Everyday Style Walking Shoes For Women - Buy RED TAPE Women's Athleisure Sports Shoes for Active Everyday Style Walking Shoes For Women Online at Best Price - Shop Online for Footwears in India | Flipkart.com,"₹1,097",http://rukmini1.flixcart.com/image/300/300/xif0q/shoe/v/q/c/-original-imahjhjny4eytrcj.jpeg,https://www.flipkart.com/red-tape-women-s-athleisure-sports-shoes-active-everyday-style-walking-women/p/itmb05ff265eedc4?pid=SHOHFMMNY3NH5RF7&lid=LSTSHOHFMMNY3NH5RF7STHW39&marketplace=FLIPKART&store=osp%2Fiko&srno=b_7_242&otracker=browse&fm=organic&iid=en_AGnRzahflnjrzyGSofhuYuObKQCu69iMSBfo6h9bNg0gBwirc0_i6gpWHrz04Y-SBHWujxpNK-wKj40vfSERWvUFjCTyOHoHZs-Z5_PS_w0%3D&ppt=browse&ppn=browse&ssid=l4zc74md9s0000001768226494682
"TRASE TRASE Bellies for Women, 2-Inch Block Heels, Stylish & Comfortable Bellies Bellies For Women - Buy TRASE TRASE Bellies for Women, 2-Inch Block Heels, Stylish & Comfortable Bellies Bellies For Women Online at Best Price - Shop Online for Footwears in India | Flipkart.com",₹593,http://rukmini1.flixcart.com/image/300/300/xif0q/shoe/h/w/a/8-47092-trase-black-original-imah8pthrvt9bfcu.jpeg,https://www.flipkart.com/trase-bellies-women-2-inch-block-heels-stylish-comfortable-women/p/itm62bd71b83f2ac?pid=SHOH8PTJKKGXNUTH&lid=LSTSHOH8PTJKKGXNUTH5AIRST&marketplace=FLIPKART&store=osp%2Fiko&srno=b_19_723&otracker=browse&fm=organic&iid=4367eae6-781b-4f71-84d5-98c38bcd1ce8.SHOH8PTJKKGXNUTH.SEARCH&ppt=browse&ppn=browse&ssid=3d4mzm90og0000001768226678442
TWIN TOES Girls Stylish & Comfortable | Casual | Party Wear Boots For Women - Buy TWIN TOES Girls Stylish & Comfortable | Casual | Party Wear Boots For Women Online at Best Price - Shop Online for Footwears in India | Flipkart.com,₹498,http://rukmini1.flixcart.com/image/300/300/xif0q/shoe/j/q/s/-original-imagg3m8tnzre43d.jpeg,https://www.flipkart.com/twin-toes-girls-stylish-comfortable-casual-party-wear-boots-women/p/itmfhyc5qpg94sc3?pid=SHOFHVUVPQP2SCEZ&lid=LSTSHOFHVUVPQP2SCEZAJAW6Z&marketplace=FLIPKART&store=osp%2Fiko&srno=b_18_706&otracker=browse&fm=organic&iid=5a1d23a5-08d7-4630-ac04-42a5e235080b.SHOFHVUVPQP2SCEZ.SEARCH&ppt=browse&ppn=browse&ssid=kfeo5jgxww0000001768226663673
SELFIEE Women Heels - Buy SELFIEE Women Heels Online at Best Price - Shop Online for Footwears in India | Flipkart.com,₹658,http://rukmini1.flixcart.com/image/300/300/xif0q/sandal/l/2/t/3-6sbzhl1175-tryme-black-original-imagzxchxppgzdnx.jpeg,https://www.flipkart.com/selfiee-women-heels/p/itmcea52ab00c344?pid=SNDGZXCPWHFGHYPB&lid=LSTSNDGZXCPWHFGHYPB6DM1OZ&marketplace=FLIPKART&store=osp%2Fiko&srno=b_5_180&otracker=browse&fm=organic&iid=dacca31e-67ab-42b6-a39c-2196d8d752b0.SNDGZXCPWHFGHYPB.SEARCH&ppt=browse&ppn=browse&ssid=39jjfmw7uo0000001768226462876
CIBEK Women Comfortable Stylish and Trending Colorful Women's Flip Flops Slippers Flip Flops - Buy CIBEK Women Comfortable Stylish and Trending Colorful Women's Flip Flops Slippers Flip Flops Online at Best Price - Shop Online for Footwears in India | Flipkart.com,₹153,http://rukmini1.flixcart.com/image/300/300/xif0q/slipper-flip-flop/k/u/b/6-fk-a18-maroon-cibek-maroon-original-imahhjsfrpxgghjd.jpeg,https://www.flipkart.com/cibek-women-comfortable-stylish-trending-colorful-women-s-flip-flops-slippers/p/itm90d574d80ac69?pid=SFFHED4FSQHDBAUS&lid=LSTSFFHED4FSQHDBAUSLFGJWD&marketplace=FLIPKART&store=osp%2Fiko&srno=b_13_516&otracker=browse&fm=organic&iid=ac0383e4-33b1-4776-ade8-aae7a7f6dc44.SFFHED4FSQHDBAUS.SEARCH&ppt=browse&ppn=browse&ssid=q7vp90axtc0000001768226586549
Doctor Health Super Soft Newly Launch | Classic Ultra Soft | Cushion | Comfortable|Premium|Stylish|Trendy Women Clogs - Buy Doctor Health Super Soft Newly Launch | Classic Ultra Soft | Cushion | Comfortable|Premium|Stylish|Trendy Women Clogs Online at Best Price - Shop Online for Footwears in India | Flipkart.com,₹498,http://rukmini1.flixcart.com/image/300/300/xif0q/sandal/u/1/p/7-dhss-219-delight-peach-7-doctor-health-super-soft-peach-original-imahhjr44gyf3f3z.jpeg,https://www.flipkart.com/doctor-health-super-soft-newly-launch-classic-ultra-cushion-comfortable-premium-stylish-trendy-women-clogs/p/itmf501455d5f28d?pid=SNDH8BEK7RC7BYMX&lid=LSTSNDH8BEK7RC7BYMXACOWBF&marketplace=FLIPKART&store=osp%2Fiko&srno=b_19_726&otracker=browse&fm=organic&iid=4367eae6-781b-4f71-84d5-98c38bcd1ce8.SNDH8BEK7RC7BYMX.SEARCH&ppt=browse&ppn=browse&ssid=3d4mzm90og0000001768226678442
BAUCHHAAR White 820 stylish Doll Girl casual shoes Sneakers For Women (Pink) Sneakers For Women - Buy BAUCHHAAR White 820 stylish Doll Girl casual shoes Sneakers For Women (Pink) Sneakers For Women Online at Best Price - Shop Online for Footwears in India | Flipkart.com,₹450,http://rukmini1.flixcart.com/image/300/300/xif0q/shoe/t/y/q/8-doll-8-bauchhaar-pink-original-imahggh8tvx8kyzz.jpeg,https://www.flipkart.com/bauchhaar-white-820-stylish-doll-girl-casual-shoes-sneakers-women-pink/p/itm21cef308c2803?pid=SHOH252MRNPMZZDS&lid=LSTSHOH252MRNPMZZDSRVBUZ5&marketplace=FLIPKART&store=osp%2Fiko&srno=b_12_474&otracker=browse&fm=organic&iid=3beba5be-cff5-4b74-8ac4-2f92765b4e5d.SHOH252MRNPMZZDS.SEARCH&ppt=browse&ppn=browse&ssid=ecse3v9ai80000001768226569451
CIBEK Women Doctor step with Cibek comfortable extra soft daily wear women slipper Flip Flops - Buy CIBEK Women Doctor step with Cibek comfortable extra soft daily wear women slipper Flip Flops Online at Best Price - Shop Online for Footwears in India | Flipkart.com,₹176,http://rukmini1.flixcart.com/image/300/300/xif0q/slipper-flip-flop/f/v/v/-original-imahg24fxc62ee87.jpeg,https://www.flipkart.com/cibek-women-doctor-step-comfortable-extra-soft-daily-wear-slipper-flip-flops/p/itm830670bbf4284?pid=SFFH5GGDMZYQWZWF&lid=LSTSFFH5GGDMZYQWZWF0SEF2C&marketplace=FLIPKART&store=osp%2Fiko&srno=b_2_64&otracker=browse&fm=organic&iid=464c9e9f-a691-419d-8fd2-680b9c4477eb.SFFH5GGDMZYQWZWF.SEARCH&ppt=browse&ppn=browse&ssid=w8w25ktupc0000001768226402885
asian Victoria-01 Women’s Chunky Sneakers with Lightweight | Stylish Shoes for Girls Sneakers For Women - Buy asian Victoria-01 Women’s Chunky Sneakers with Lightweight | Stylish Shoes for Girls Sneakers For Women Online at Best Price - Shop Online for Footwears in India | Flipkart.com,₹819,http://rukmini1.flixcart.com/image/300/300/xif0q/shoe/b/y/5/4-victoria-01-spl-4-asian-offwhite-pink-original-imahjfpdhcuf47mz.jpeg,https://www.flipkart.com/asian-victoria-01-womens-chunky-sneakers-lightweight-stylish-shoes-girls-women/p/itm2aa1c215d99f3?pid=SHOHGXK3RZM2FBTF&lid=LSTSHOHGXK3RZM2FBTFWLEY4U&marketplace=FLIPKART&store=osp%2Fiko&srno=b_14_550&otracker=browse&fm=organic&iid=d4e3f038-b31e-4096-9ab1-fe0a83cf4fc4.SHOHGXK3RZM2FBTF.SEARCH&ppt=browse&ppn=browse&ssid=hrwjiqjte80000001768226600931
TWO SOFT Women Combo Pack Of 2 Stylish Casual Light & Soft Comfortable Daily Wear Slippers - Buy TWO SOFT Women Combo Pack Of 2 Stylish Casual Light & Soft Comfortable Daily Wear Slippers Online at Best Price - Shop Online for Footwears in India | Flipkart.com,₹263,http://rukmini1.flixcart.com/image/300/300/xif0q/slipper-flip-flop/f/1/z/-original-imahftr8j3edee4f.jpeg,https://www.flipkart.com/two-soft-women-combo-pack-2-stylish-casual-light-comfortable-daily-wear-slippers/p/itm52d5fb8753745?pid=SFFGMBGHBKTXYZ3S&lid=LSTSFFGMBGHBKTXYZ3SOWUFV9&marketplace=FLIPKART&store=osp%2Fiko&srno=b_2_48&otracker=browse&fm=organic&iid=en_gTq8owYLy1hXM2xQT4S-bA2WPpROM5pB8HlXhKpC5ISFSYS1-X0GqmOp-n-YZv_jDyUYyJvtEzbA6Ec6AowF0A%3D%3D&ppt=browse&ppn=browse&ssid=w8w25ktupc0000001768226402885
ARKER Women Bellies - Buy ARKER Women Bellies Online at Best Price - Shop Online for Footwears in India | Flipkart.com,₹455,http://rukmini1.flixcart.com/image/300/300/xif0q/sandal/k/y/s/8-s-11-41-0-arker-black-original-imahd2mfh9399ezq.jpeg,https://www.flipkart.com/arker-women-bellies/p/itmf58cce75b2d35?pid=SNDHHCFQRCAEX6QS&lid=LSTSNDHHCFQRCAEX6QS8VZCMU&marketplace=FLIPKART&store=osp%2Fiko&srno=b_6_226&otracker=browse&fm=organic&iid=0a381c2d-9ed4-4919-9097-d81da66e9544.SNDHHCFQRCAEX6QS.SEARCH&ppt=browse&ppn=browse&ssid=jtks0xz00w0000001768226479320
FLITE Women Slippers - Buy FLITE Women Slippers Online at Best Price - Shop Online for Footwears in India | Flipkart.com,₹229,http://rukmini1.flixcart.com/image/300/300/xif0q/slipper-flip-flop/5/u/e/5-fl-472-flite-black-black-original-imahbqsxyvezydkr.jpeg,https://www.flipkart.com/flite-women-slippers/p/itm2313b3487c010?pid=SFFHBQSXYU98UXYZ&lid=LSTSFFHBQSXYU98UXYZBXTZWH&marketplace=FLIPKART&store=osp%2Fiko&srno=b_13_509&otracker=browse&fm=organic&iid=ac0383e4-33b1-4776-ade8-aae7a7f6dc44.SFFHBQSXYU98UXYZ.SEARCH&ppt=browse&ppn=browse&ssid=q7vp90axtc0000001768226586549
TRYME Women Heels - Buy TRYME Women Heels Online at Best Price - Shop Online for Footwears in India | Flipkart.com,₹711,http://rukmini1.flixcart.com/image/300/300/xif0q/kids-sandal/w/a/o/8-6sbzhl1154-kid-tryme-original-imahgfg6w5z7wsae.jpeg,https://www.flipkart.com/tryme-women-heels/p/itm3ef15f61a7f25?pid=SNDGWTMWSKXRSGBG&lid=LSTSNDGWTMWSKXRSGBGLPMEVT&marketplace=FLIPKART&store=osp%2Fiko&srno=b_1_10&otracker=browse&fm=organic&iid=27a448ff-87bd-4ea6-984d-908d0a814445.SNDGWTMWSKXRSGBG.SEARCH&ppt=None&ppn=None&ssid=uekt84okeo0000001768226382861
CAMPUS OGL-4 Sneakers For Women - Buy CAMPUS OGL-4 Sneakers For Women Online at Best Price - Shop Online for Footwears in India | Flipkart.com,"₹1,001",http://rukmini1.flixcart.com/image/300/300/xif0q/shoe/w/j/0/4-ogl-4-4-campus-wht-ice-blu-original-imahfqp6aghjsgzh.jpeg,https://www.flipkart.com/campus-ogl-4-sneakers-women/p/itm2d8dd60a16065?pid=SHOHCG93AK29YTHE&lid=LSTSHOHCG93AK29YTHERGMSVR&marketplace=FLIPKART&store=osp%2Fiko&srno=b_6_203&otracker=browse&fm=organic&iid=0a381c2d-9ed4-4919-9097-d81da66e9544.SHOHCG93AK29YTHE.SEARCH&ppt=browse&ppn=browse&ssid=jtks0xz00w0000001768226479320
TWO SOFT Women Combo Pack Of 2 Stylish Casual Light & Soft Comfortable Daily Wear Slippers - Buy TWO SOFT Women Combo Pack Of 2 Stylish Casual Light & Soft Comfortable Daily Wear Slippers Online at Best Price - Shop Online for Footwears in India | Flipkart.com,₹263,http://rukmini1.flixcart.com/image/300/300/xif0q/slipper-flip-flop/f/1/z/-original-imahftr8j3edee4f.jpeg,https://www.flipkart.com/two-soft-women-combo-pack-2-stylish-casual-light-comfortable-daily-wear-slippers/p/itm52d5fb8753745?pid=SFFGMBGHBKTXYZ3S&lid=LSTSFFGMBGHBKTXYZ3SOWUFV9&marketplace=FLIPKART&store=osp%2Fiko&srno=b_3_88&otracker=browse&fm=organic&iid=en_RAZjS9M4pbKu14UKMNDI4m6TFZJ_so7CIuKdOfWnqpCyJIwo6qDXxGBh4LCd4y9iDyUYyJvtEzbA6Ec6AowF0A%3D%3D&ppt=browse&ppn=browse&ssid=7of36l05000000001768226424463
Deals4you Sneakers For Women - Buy Deals4you Sneakers For Women Online at Best Price - Shop Online for Footwears in India | Flipkart.com,₹422,http://rukmini1.flixcart.com/image/300/300/xif0q/shoe/l/5/s/6-1326-pnk-blk-6-deals4you-white-pink-blk-original-imahgzgnjbfmpz65.jpeg,https://www.flipkart.com/deals4you-sneakers-women/p/itm6dd0e5a6dc9f6?pid=SHOGRW7NPGUFMMBW&lid=LSTSHOGRW7NPGUFMMBWZHX9UN&marketplace=FLIPKART&store=osp%2Fiko&srno=b_8_292&otracker=browse&fm=organic&iid=en_EEM0Z8bU_Rhw0iEruWD7IknRK1asvTkmmjvzvzdwOpSXpNaQOI8e7m-pzuJT8YqyK6JfR-XCBkA_ZAJZBY7z2Q%3D%3D&ppt=browse&ppn=browse&ssid=2go0snlczk0000001768226510439
Birde Women Clogs - Buy Birde Women Clogs Online at Best Price - Shop Online for Footwears in India | Flipkart.com,₹453,http://rukmini1.flixcart.com/image/300/300/xif0q/sandal/s/y/4/-original-imahgyc5mvvgqrfj.jpeg,https://www.flipkart.com/birde-women-clogs/p/itme980a02719ccf?pid=SNDH448PXTDUWVH5&lid=LSTSNDH448PXTDUWVH55INUAR&marketplace=FLIPKART&store=osp%2Fiko&srno=b_16_628&otracker=browse&fm=organic&iid=en_r6jE2bFuVoC3-Xm07u_rlTuKR8b77BFlQp2ofdjatrBBLmW67_tdIlCu8xtb-TTH7M2d76IJawWBoeqkDalbJA%3D%3D&ppt=browse&ppn=browse&ssid=g8rc5k3vsw0000001768226631080
Embe EMBE-11 Outdoors For Women - Buy Embe EMBE-11 Outdoors For Women Online at Best Price - Shop Online for Footwears in India | Flipkart.com,₹295,http://rukmini1.flixcart.com/image/300/300/xif0q/shoe/d/3/n/-original-imahegzqzvs7epzn.jpeg,https://www.flipkart.com/embe-embe-11-outdoors-women/p/itm3bcd8b5ee86db?pid=SHOH92JJWGW3EREV&lid=LSTSHOH92JJWGW3EREVUU5SXP&marketplace=FLIPKART&store=osp%2Fiko&srno=b_6_239&otracker=browse&fm=organic&iid=0a381c2d-9ed4-4919-9097-d81da66e9544.SHOH92JJWGW3EREV.SEARCH&ppt=browse&ppn=browse&ssid=jtks0xz00w0000001768226479320
Scholl Women Slippers - Buy Scholl Women Slippers Online at Best Price - Shop Online for Footwears in India | Flipkart.com,"₹1,022",http://rukmini1.flixcart.com/image/300/300/xif0q/slipper-flip-flop/v/q/q/6-5715758-scholl-red-original-imahcfgjhgr86z5z.jpeg,https://www.flipkart.com/scholl-women-slippers/p/itmdbc4b401ca3bb?pid=SFFHCFGKFB49KCGA&lid=LSTSFFHCFGKFB49KCGAACYP1B&marketplace=FLIPKART&store=osp%2Fiko&srno=b_8_303&otracker=browse&fm=organic&iid=79f2c90c-e0c0-4aba-9a8f-665fed88ffe8.SFFHCFGKFB49KCGA.SEARCH&ppt=browse&ppn=browse&ssid=2go0snlczk0000001768226510439
Abros ARMA Running Shoes For Women - Buy Abros ARMA Running Shoes For Women Online at Best Price - Shop Online for Footwears in India | Flipkart.com,₹802,http://rukmini1.flixcart.com/image/300/300/xif0q/shoe/n/x/k/-original-imahfhpvqe4xhppp.jpeg,https://www.flipkart.com/abros-arma-running-shoes-women/p/itmdd63f46e12031?pid=SHOHF9J9FMHPSVK6&lid=LSTSHOHF9J9FMHPSVK6CB40P0&marketplace=FLIPKART&store=osp%2Fiko&srno=b_1_18&otracker=browse&fm=organic&iid=en_Z7IyGFzCQO8WtPj1yaORbO1Lm7-B6HNHu2MwJuRzvuArsEfu4dL0X5A31epxwgEXEM3D09uBBMDSQxPcW3aR44nfEY2D5bWfIUmTlXs_oiU%3D&ppt=None&ppn=None&ssid=uekt84okeo0000001768226382861
TOMSY CHOICE Women Clogs - Buy TOMSY CHOICE Women Clogs Online at Best Price - Shop Online for Footwears in India | Flipkart.com,₹338,http://rukmini1.flixcart.com/image/300/300/xif0q/sandal/e/g/r/8-tcc-liza-clogs-white-8-tomsy-choice-white-original-imahgmhmbnvmc5ya.jpeg,https://www.flipkart.com/tomsy-choice-women-clogs/p/itm43771f1648fd2?pid=SNDHA8GH7JA2ZBHC&lid=LSTSNDHA8GH7JA2ZBHC72D92J&marketplace=FLIPKART&store=osp%2Fiko&srno=b_6_216&otracker=browse&fm=organic&iid=0a381c2d-9ed4-4919-9097-d81da66e9544.SNDHA8GH7JA2ZBHC.SEARCH&ppt=browse&ppn=browse&ssid=jtks0xz00w0000001768226479320
Flopsie Flopsie Women Winter Stylish Comfortable Bellies for Women & Girl Loafers For Women - Buy Flopsie Flopsie Women Winter Stylish Comfortable Bellies for Women & Girl Loafers For Women Online at Best Price - Shop Online for Footwears in India | Flipkart.com,₹364,http://rukmini1.flixcart.com/image/300/300/xif0q/shoe/d/d/a/4-ts-304-blu-4-flopsie-blue-original-imahhq9urdh9ghap.jpeg,https://www.flipkart.com/flopsie-women-winter-stylish-comfortable-bellies-girl-loafers/p/itm173c2f56238cf?pid=SHOH6T6ZQGH6GY7W&lid=LSTSHOH6T6ZQGH6GY7W3VD0IQ&marketplace=FLIPKART&store=osp%2Fiko&srno=b_6_237&otracker=browse&fm=organic&iid=en_FdZ7yfzNiLSuTZt3ug5zoWIjYKMzdeLPs-DtXUP-fn2z6NpF87DYdnxq_ceid7LtM8okM-wfjdoHrgIoQVQ5tQ%3D%3D&ppt=browse&ppn=browse&ssid=jtks0xz00w0000001768226479320
Flopsie Women TWO SOFT Comfortable Stylish Doctor Ortho | Adjustable Toe Hook Slippers - Buy Flopsie Women TWO SOFT Comfortable Stylish Doctor Ortho | Adjustable Toe Hook Slippers Online at Best Price - Shop Online for Footwears in India | Flipkart.com,₹206,http://rukmini1.flixcart.com/image/300/300/xif0q/slipper-flip-flop/r/u/s/8-new-035-pink-flopsie-pink-original-imahgepuf4s79zgr.jpeg,https://www.flipkart.com/flopsie-women-two-soft-comfortable-stylish-doctor-ortho-adjustable-toe-hook-slippers/p/itm2e9b435784dc1?pid=SFFH6U8TMGHHHHQ7&lid=LSTSFFH6U8TMGHHHHQ7EN3JLC&marketplace=FLIPKART&store=osp%2Fiko&srno=b_2_67&otracker=browse&fm=organic&iid=en_gTq8owYLy1hXM2xQT4S-bA2WPpROM5pB8HlXhKpC5ITww8-_iC-lku8DhOSDrUJJcLkIqa5zItZ2x_vV9LQqNw%3D%3D&ppt=browse&ppn=browse&ssid=w8w25ktupc0000001768226402885
PUMA Puma Lightstorm Wns Casuals For Women - Buy PUMA Puma Lightstorm Wns Casuals For Women Online at Best Price - Shop Online for Footwears in India | Flipkart.com,"₹2,070",http://rukmini1.flixcart.com/image/300/300/xif0q/shoe/j/b/w/-original-imahfz7zrtzk2bnt.jpeg,https://www.flipkart.com/puma-lightstorm-wns-casuals-women/p/itm5ec6051a61776?pid=SHOGQANYHXGZMYG3&lid=LSTSHOGQANYHXGZMYG3ETTNRI&marketplace=FLIPKART&store=osp%2Fiko&srno=b_19_737&otracker=browse&fm=organic&iid=en_mGV1yjXtWpAvBu-vSkfb7k6vQxCPvcS0YlxYkHZThtQmoHy21yvd4fSwvjV4t18ReDK8pQgOFTrc-XbPiiwJjg%3D%3D&ppt=browse&ppn=browse&ssid=3d4mzm90og0000001768226678442
Aqualite Slip On Sneakers For Women - Buy Grey & Copper Color Aqualite Slip On Sneakers For Women Online at Best Price - Shop Online for Footwears in India | Flipkart.com,₹469,http://rukmini1.flixcart.com/image/300/300/xif0q/shoe/n/b/f/4-mpb01353l-4-aqualite-grey-copper-original-imagtg26qaa4z8fy.jpeg,https://www.flipkart.com/aqualite-slip-sneakers-women/p/itmeccc13155a2fb?pid=SHOGTGY76KX8JXWM&lid=LSTSHOGTGY76KX8JXWMBYY0BH&marketplace=FLIPKART&store=osp%2Fiko&srno=b_3_90&otracker=browse&fm=organic&iid=9895b54a-05d8-4486-a10f-6b2521abf21a.SHOGTGY76KX8JXWM.SEARCH&ppt=browse&ppn=browse&ssid=7of36l05000000001768226424463
Layasa Womens And Girls Multicolor Casual Sneakers For Women - Buy Layasa Womens And Girls Multicolor Casual Sneakers For Women Online at Best Price - Shop Online for Footwears in India | Flipkart.com,₹469,http://rukmini1.flixcart.com/image/300/300/xif0q/shoe/j/t/i/3-ldf2095-3-layasa-mlt-original-imagzrmnahbkratt.jpeg,https://www.flipkart.com/layasa-womens-girls-multicolor-casual-sneakers-women/p/itm2ca8a03be250a?pid=SHOGZRMYMYT7MHHB&lid=LSTSHOGZRMYMYT7MHHBSWFVPP&marketplace=FLIPKART&store=osp%2Fiko&srno=b_10_375&otracker=browse&fm=organic&iid=en_QgQ6nGD2rAj3cKP0gzxkX9VwQbY8QFRbQVtWwIS-YzSLneU7cB2D04wcSVrB0y9Uu_kVkn2mGMQoTSKrTUTcpQ%3D%3D&ppt=browse&ppn=browse&ssid=my7hzbekzk0000001768226539546
PUMA Zod Runner V3 Wn's Casuals For Women - Buy PUMA Zod Runner V3 Wn's Casuals For Women Online at Best Price - Shop Online for Footwears in India | Flipkart.com,"₹1,276",http://rukmini1.flixcart.com/image/300/300/xif0q/shoe/1/c/k/-original-imahjghrywtqxwqn.jpeg,https://www.flipkart.com/puma-zod-runner-v3-wn-s-casuals-women/p/itm0e5f3a45945cf?pid=SHOFUFGRADHJYZU4&lid=LSTSHOFUFGRADHJYZU4J6ICHZ&marketplace=FLIPKART&store=osp%2Fiko&srno=b_19_741&otracker=browse&fm=organic&iid=en_mGV1yjXtWpAvBu-vSkfb7k6vQxCPvcS0YlxYkHZThtQxLi97T-55BJArstiGnClhFfqhlmpYGexXsCwUvjPGz04IsYyWu-Pj9cxFjFAoaLk%3D&ppt=browse&ppn=browse&ssid=3d4mzm90og0000001768226678442
SHOETOPIA Women Bellies - Buy SHOETOPIA Women Bellies Online at Best Price - Shop Online for Footwears in India | Flipkart.com,₹760,http://rukmini1.flixcart.com/image/300/300/xif0q/sandal/p/e/v/-original-imahfts79ye8h3rt.jpeg,https://www.flipkart.com/shoetopia-women-bellies/p/itm9f98861af8bf2?pid=SNDH4FKCDPTGHWXF&lid=LSTSNDH4FKCDPTGHWXFPD0KT1&marketplace=FLIPKART&store=osp%2Fiko&srno=b_11_409&otracker=browse&fm=organic&iid=d9f69b20-3523-485c-a484-27a8b56a461d.SNDH4FKCDPTGHWXF.SEARCH&ppt=browse&ppn=browse&ssid=xkwuilrkog0000001768226554244
CAMPUS OGL-01 Sneakers For Women - Buy CAMPUS OGL-01 Sneakers For Women Online at Best Price - Shop Online for Footwears in India | Flipkart.com,"₹1,052",http://rukmini1.flixcart.com/image/300/300/xif0q/shoe/m/t/a/-original-imagsnyws54cukpp.jpeg,https://www.flipkart.com/campus-ogl-01-sneakers-women/p/itmeb31d3e8221cd?pid=SHOGRT3GDKFKFKX9&lid=LSTSHOGRT3GDKFKFKX9HQ5LYN&marketplace=FLIPKART&store=osp%2Fiko&srno=b_7_279&otracker=browse&fm=organic&iid=2255f9d1-351c-40af-ba87-3dde238f6414.SHOGRT3GDKFKFKX9.SEARCH&ppt=browse&ppn=browse&ssid=l4zc74md9s0000001768226494682
Fabbmate Fabbmate Trendy Memory Foam Walking Slip On Sneakers For Women - Buy Fabbmate Fabbmate Trendy Memory Foam Walking Slip On Sneakers For Women Online at Best Price - Shop Online for Footwears in India | Flipkart.com,₹367,http://rukmini1.flixcart.com/image/300/300/xif0q/shoe/o/7/i/-original-imahfz7ntjmacdug.jpeg,https://www.flipkart.com/fabbmate-trendy-memory-foam-walking-slip-sneakers-women/p/itmeb53f0ab7e18c?pid=SHOHDG2ZUWHJCG5M&lid=LSTSHOHDG2ZUWHJCG5MHL22ZY&marketplace=FLIPKART&store=osp%2Fiko&srno=b_15_566&otracker=browse&fm=organic&iid=e6ebe926-2018-479d-b73a-c70125b560f3.SHOHDG2ZUWHJCG5M.SEARCH&ppt=browse&ppn=browse&ssid=4i65va4gdc0000001768226615069
DUOSOFT Women Doctor Slipper|Super Soft|Orthopedic|Lightweight|Diabetic|Antiskid Slippers - Buy DUOSOFT Women Doctor Slipper|Super Soft|Orthopedic|Lightweight|Diabetic|Antiskid Slippers Online at Best Price - Shop Online for Footwears in India | Flipkart.com,₹218,http://rukmini1.flixcart.com/image/300/300/xif0q/slipper-flip-flop/r/r/m/-original-imahg24fcrrzv6cy.jpeg,https://www.flipkart.com/duosoft-women-doctor-slipper-super-soft-orthopedic-lightweight-diabetic-antiskid-slippers/p/itme7a3ff7529013?pid=SFFGXHHZQYTZH8GH&lid=LSTSFFGXHHZQYTZH8GH0PHTD4&marketplace=FLIPKART&store=osp%2Fiko&srno=b_8_286&otracker=browse&fm=organic&iid=79f2c90c-e0c0-4aba-9a8f-665fed88ffe8.SFFGXHHZQYTZH8GH.SEARCH&ppt=browse&ppn=browse&ssid=2go0snlczk0000001768226510439
Birde Women Clogs - Buy Birde Women Clogs Online at Best Price - Shop Online for Footwears in India | Flipkart.com,₹462,http://rukmini1.flixcart.com/image/300/300/xif0q/kids-sandal/d/z/b/5-brd-sn-1193-birde-original-imah4m3xexyjcc9m.jpeg,https://www.flipkart.com/birde-women-clogs/p/itm3e48cd2d6510e?pid=SNDHF6WWUCSXTBMH&lid=LSTSNDHF6WWUCSXTBMHE9DBL5&marketplace=FLIPKART&store=osp%2Fiko&srno=b_18_701&otracker=browse&fm=organic&iid=en_NTAPhKckpBzXDWfOGFjUWzRzaPcflmG2rU7-fo2H0qwzZmJhLn8_J5RZHMFaNTRKXRNYlvG7dpQm2Us8scxJYQ%3D%3D&ppt=browse&ppn=browse&ssid=kfeo5jgxww0000001768226663673
PUMA Powermax Wns Casuals For Women - Buy PUMA Powermax Wns Casuals For Women Online at Best Price - Shop Online for Footwears in India | Flipkart.com,"₹1,949",http://rukmini1.flixcart.com/image/300/300/xif0q/shoe/v/0/c/-original-imahjgs7reabmers.jpeg,https://www.flipkart.com/puma-powermax-wns-casuals-women/p/itm3e37f4aa59f11?pid=SHOGYBKY5HVBKYD9&lid=LSTSHOGYBKY5HVBKYD9XJEGFU&marketplace=FLIPKART&store=osp%2Fiko&srno=b_1_6&otracker=browse&fm=organic&iid=en_Z7IyGFzCQO8WtPj1yaORbO1Lm7-B6HNHu2MwJuRzvuC7VSItKBXcF3pA_I38xwbtkwPyOWuBI8jnnLW99pRIcOI7uWi7bi3WLqk6JF-UYDE%3D&ppt=None&ppn=None&ssid=uekt84okeo0000001768226382861
DUOSOFT Premium Look|Non Slip Lightweight|Dailywear Women Bellies - Buy DUOSOFT Premium Look|Non Slip Lightweight|Dailywear Women Bellies Online at Best Price - Shop Online for Footwears in India | Flipkart.com,₹328,http://rukmini1.flixcart.com/image/300/300/xif0q/sandal/x/9/e/-original-imahfts78xxenz4a.jpeg,https://www.flipkart.com/duosoft-premium-look-non-slip-lightweight-dailywear-women-bellies/p/itm06b983fd21a67?pid=SNDH8MRKPRCXFRJX&lid=LSTSNDH8MRKPRCXFRJXCBC1VO&marketplace=FLIPKART&store=osp%2Fiko&srno=b_6_210&otracker=browse&fm=organic&iid=0a381c2d-9ed4-4919-9097-d81da66e9544.SNDH8MRKPRCXFRJX.SEARCH&ppt=browse&ppn=browse&ssid=jtks0xz00w0000001768226479320
Deals4you Sneakers For Women - Buy Deals4you Sneakers For Women Online at Best Price - Shop Online for Footwears in India | Flipkart.com,₹422,http://rukmini1.flixcart.com/image/300/300/xif0q/shoe/l/5/s/6-1326-pnk-blk-6-deals4you-white-pink-blk-original-imahgzgnjbfmpz65.jpeg,https://www.flipkart.com/deals4you-sneakers-women/p/itm6dd0e5a6dc9f6?pid=SHOGRW7NPGUFMMBW&lid=LSTSHOGRW7NPGUFMMBWZHX9UN&marketplace=FLIPKART&store=osp%2Fiko&srno=b_5_171&otracker=browse&fm=organic&iid=en_veuji5O5oxhJ0IBY-vJKNHnFzc2n3kvDK_Yl7nBJXWEEeEw7IF0k1qQnY8U9EUhkMZXSli_EGJcqBOZgbR7qTg%3D%3D&ppt=browse&ppn=browse&ssid=39jjfmw7uo0000001768226462876
Deals4you Sneakers For Women - Buy Deals4you Sneakers For Women Online at Best Price - Shop Online for Footwears in India | Flipkart.com,₹423,http://rukmini1.flixcart.com/image/300/300/xif0q/shopsy-shoe/4/o/r/6-875-mlt-6-deals4you-multi-original-imahgucfjdknvu92.jpeg,https://www.flipkart.com/deals4you-sneakers-women/p/itmfe58f4b5b1425?pid=SHOGGFYT7PGH5WEP&lid=LSTSHOGGFYT7PGH5WEPXFX1TT&marketplace=FLIPKART&store=osp%2Fiko&srno=b_6_225&otracker=browse&fm=organic&iid=en_FdZ7yfzNiLSuTZt3ug5zoWIjYKMzdeLPs-DtXUP-fn1Pt2bOgIo_G0eD5W1o0rLd5u0Wstqak5w1Pk4V_6ds4Q%3D%3D&ppt=browse&ppn=browse&ssid=jtks0xz00w0000001768226479320
Birde Women Clogs - Buy Birde Women Clogs Online at Best Price - Shop Online for Footwears in India | Flipkart.com,₹462,http://rukmini1.flixcart.com/image/300/300/xif0q/kids-sandal/d/z/b/5-brd-sn-1193-birde-original-imah4m3xexyjcc9m.jpeg,https://www.flipkart.com/birde-women-clogs/p/itm3e48cd2d6510e?pid=SNDHF6WWUCSXTBMH&lid=LSTSNDHF6WWUCSXTBMHE9DBL5&marketplace=FLIPKART&store=osp%2Fiko&srno=b_11_411&otracker=browse&fm=organic&iid=en_yzKT70zsUvLVIiVJzjcGD6y4PwfYgrFyB-JPR4zv0wCZ33xpwVQbTwXC7g5unQoI22mWtTPiZkSgGowW2xz2BQ%3D%3D&ppt=browse&ppn=browse&ssid=xkwuilrkog0000001768226554244
Birde Women Clogs - Buy Birde Women Clogs Online at Best Price - Shop Online for Footwears in India | Flipkart.com,₹462,http://rukmini1.flixcart.com/image/300/300/xif0q/kids-sandal/d/z/b/5-brd-sn-1193-birde-original-imah4m3xexyjcc9m.jpeg,https://www.flipkart.com/birde-women-clogs/p/itm3e48cd2d6510e?pid=SNDHF6WWUCSXTBMH&lid=LSTSNDHF6WWUCSXTBMHE9DBL5&marketplace=FLIPKART&store=osp%2Fiko&srno=b_2_58&otracker=browse&fm=organic&iid=en_gTq8owYLy1hXM2xQT4S-bA2WPpROM5pB8HlXhKpC5ISwEzArGKI7KCd6c0PJOq0JS6qtdjSFU9Zg4J3AqaVwQg%3D%3D&ppt=browse&ppn=browse&ssid=w8w25ktupc0000001768226402885
,,,https://www.flipkart.com/bata-comfit-women-casual/p/itm5d8b63604bfc9?pid=SFFGQKDZZW7Y4FMF&lid=LSTSFFGQKDZZW7Y4FMFS3SDVA&marketplace=FLIPKART&store=osp%2Fiko&srno=b_19_740&otracker=browse&fm=organic&iid=4367eae6-781b-4f71-84d5-98c38bcd1ce8.SFFGQKDZZW7Y4FMF.SEARCH&ppt=browse&ppn=browse&ssid=3d4mzm90og0000001768226678442
asian Running Shoes For Women - Buy asian Running Shoes For Women Online at Best Price - Shop Online for Footwears in India | Flipkart.com,₹811,http://rukmini1.flixcart.com/image/300/300/xif0q/shoe/r/c/e/-original-imagvqbmxszkteqa.jpeg,https://www.flipkart.com/asian-running-shoes-women/p/itm8b461c6433a0b?pid=SHOGPDFB3HR35XZF&lid=LSTSHOGPDFB3HR35XZFUQXBIB&marketplace=FLIPKART&store=osp%2Fiko&srno=b_8_309&otracker=browse&fm=organic&iid=79f2c90c-e0c0-4aba-9a8f-665fed88ffe8.SHOGPDFB3HR35XZF.SEARCH&ppt=browse&ppn=browse&ssid=2go0snlczk0000001768226510439
PUMA Galaxis Pro Performance Boost Running Shoes For Women - Buy PUMA Galaxis Pro Performance Boost Running Shoes For Women Online at Best Price - Shop Online for Footwears in India | Flipkart.com,"₹4,199",http://rukmini1.flixcart.com/image/300/300/xif0q/shoe/t/m/r/-original-imahgaz5hgmsdrad.jpeg,https://www.flipkart.com/puma-galaxis-pro-performance-boost-running-shoes-women/p/itm8440cd2c02602?pid=SHOHEF8ZSTR2CFUX&lid=LSTSHOHEF8ZSTR2CFUXCBGQNC&marketplace=FLIPKART&store=osp%2Fiko&srno=b_1_11&otracker=browse&fm=organic&iid=en_Z7IyGFzCQO8WtPj1yaORbO1Lm7-B6HNHu2MwJuRzvuBFEl0-hfdnc_IWzgXBENjJMSgNZVHlNu9DcOsrfjNO8IQEIsITtCzc4bHaOMTqL08%3D&ppt=None&ppn=None&ssid=uekt84okeo0000001768226382861
BOKZZON Comfortable sport shoes for women stylish women shoes casual women Training & Gym Shoes For Women - Buy BOKZZON Comfortable sport shoes for women stylish women shoes casual women Training & Gym Shoes For Women Online at Best Price - Shop Online for Footwears in India | Flipkart.com,₹358,http://rukmini1.flixcart.com/image/300/300/xif0q/shoe/q/d/s/7-03-alexa-purple-7-cooperwings-purple-original-imahbj92pfwtmthm.jpeg,https://www.flipkart.com/bokzzon-comfortable-sport-shoes-women-stylish-casual-training-gym/p/itma3bb13a22b173?pid=SHOHFBWNBDWGJWKW&lid=LSTSHOHFBWNBDWGJWKWBZINAJ&marketplace=FLIPKART&store=osp%2Fiko&srno=b_9_340&otracker=browse&fm=organic&iid=dbcc83ce-aca9-4f02-99f6-46c63dc65f87.SHOHFBWNBDWGJWKW.SEARCH&ppt=browse&ppn=browse&ssid=xqf91pbbtc0000001768226524489
SHOETOPIA Loafers For Women - Buy SHOETOPIA Loafers For Women Online at Best Price - Shop Online for Footwears in India | Flipkart.com,₹757,http://rukmini1.flixcart.com/image/300/300/xif0q/kids-shoe/f/d/w/3-girls-jam-cream-shoetopia-original-imahb3nanga6pqha.jpeg,https://www.flipkart.com/shoetopia-loafers-women/p/itm96983ffe6fed9?pid=SHOHAYFM8VWRJTZS&lid=LSTSHOHAYFM8VWRJTZSQSHHST&marketplace=FLIPKART&store=osp%2Fiko&srno=b_17_643&otracker=browse&fm=organic&iid=a651fdd0-6b03-4c05-9376-7c1e494b32f5.SHOHAYFM8VWRJTZS.SEARCH&ppt=browse&ppn=browse&ssid=vnotkb0e2o0000001768226647060
"BERSACHE Bersache Premium Sports ,Gym, Trending Stylish Running Shoes Walking Shoes For Women - Buy BERSACHE Bersache Premium Sports ,Gym, Trending Stylish Running Shoes Walking Shoes For Women Online at Best Price - Shop Online for Footwears in India | Flipkart.com",₹498,http://rukmini1.flixcart.com/image/300/300/xif0q/shoe/a/5/d/-original-imahftqsvwfbgbv3.jpeg,https://www.flipkart.com/bersache-premium-sports-gym-trending-stylish-running-shoes-walking-women/p/itmbff30f0c0f356?pid=SHOHFK4B64X2XXVX&lid=LSTSHOHFK4B64X2XXVXOZMVPO&marketplace=FLIPKART&store=osp%2Fiko&srno=b_16_610&otracker=browse&fm=organic&iid=f851c3a1-fab8-4070-ad3d-84b4cbacc113.SHOHFK4B64X2XXVX.SEARCH&ppt=browse&ppn=browse&ssid=g8rc5k3vsw0000001768226631080
Flopsie Women Winter Comfortable Indoor Outdoor Heavy Sole Star Printed Fur Slipper Slippers - Buy Flopsie Women Winter Comfortable Indoor Outdoor Heavy Sole Star Printed Fur Slipper Slippers Online at Best Price - Shop Online for Footwears in India | Flipkart.com,₹297,http://rukmini1.flixcart.com/image/300/300/xif0q/slipper-flip-flop/h/e/w/6-ts-307-gry-flopsie-grey-original-imahestujrfzhkgr.jpeg,https://www.flipkart.com/flopsie-women-winter-comfortable-indoor-outdoor-heavy-sole-star-printed-fur-slipper-slippers/p/itm334dd4051990d?pid=SFFH6WJJJU8UBNDA&lid=LSTSFFH6WJJJU8UBNDAMQW5DO&marketplace=FLIPKART&store=osp%2Fiko&srno=b_9_332&otracker=browse&fm=organic&iid=en_jKiTE6Xmr9FQVVFK71OPaiDktBYzHs-QOOuNf_RPcUBc94QxSWTpsmiOE6KwYBsQdKQii8gIAKkLfADM7gkQmQ%3D%3D&ppt=browse&ppn=browse&ssid=xqf91pbbtc0000001768226524489
BLANCCY Sneakers For Women - Buy BLANCCY Sneakers For Women Online at Best Price - Shop Online for Footwears in India | Flipkart.com,₹419,http://rukmini1.flixcart.com/image/300/300/xif0q/shoe/4/o/i/-original-imahgybyaqnvthgp.jpeg,https://www.flipkart.com/blanccy-sneakers-women/p/itm87ed8af94d6ab?pid=SHOHBCSEQWVFYK7W&lid=LSTSHOHBCSEQWVFYK7WQK2DYN&marketplace=FLIPKART&store=osp%2Fiko&srno=b_15_599&otracker=browse&fm=organic&iid=e6ebe926-2018-479d-b73a-c70125b560f3.SHOHBCSEQWVFYK7W.SEARCH&ppt=browse&ppn=browse&ssid=4i65va4gdc0000001768226615069
Shozie Women Slippers - Buy Shozie Women Slippers Online at Best Price - Shop Online for Footwears in India | Flipkart.com,₹262,http://rukmini1.flixcart.com/image/300/300/xif0q/slipper-flip-flop/8/n/m/4-1005-green-shozie-green-original-imahgrw4qrtkb8wh.jpeg,https://www.flipkart.com/shozie-women-slippers/p/itmbd00ceb66fa4a?pid=SFFHBDHKTDRVKMKF&lid=LSTSFFHBDHKTDRVKMKFDGU9CJ&marketplace=FLIPKART&store=osp%2Fiko&srno=b_16_639&otracker=browse&fm=organic&iid=f851c3a1-fab8-4070-ad3d-84b4cbacc113.SFFHBDHKTDRVKMKF.SEARCH&ppt=browse&ppn=browse&ssid=g8rc5k3vsw0000001768226631080
shoptegic Women Flip Flops - Buy shoptegic Women Flip Flops Online at Best Price - Shop Online for Footwears in India | Flipkart.com,₹200,http://rukmini1.flixcart.com/image/300/300/xif0q/slipper-flip-flop/k/8/4/7-indifr-shoptegic-grey-original-imahjyegpxfu8fby.jpeg,https://www.flipkart.com/shoptegic-women-flip-flops/p/itm7cfaa4823de71?pid=SFFHJYEK6HVZ6M3Q&lid=LSTSFFHJYEK6HVZ6M3QZ47QTU&marketplace=FLIPKART&store=osp%2Fiko&srno=b_18_689&otracker=browse&fm=organic&iid=5a1d23a5-08d7-4630-ac04-42a5e235080b.SFFHJYEK6HVZ6M3Q.SEARCH&ppt=browse&ppn=browse&ssid=kfeo5jgxww0000001768226663673
PUMA Essex Comfort Wn's Running Shoes For Women - Buy PUMA Essex Comfort Wn's Running Shoes For Women Online at Best Price - Shop Online for Footwears in India | Flipkart.com,"₹1,244",http://rukmini1.flixcart.com/image/300/300/xif0q/shoe/u/b/l/-original-imahjgru9fsh4vgz.jpeg,https://www.flipkart.com/puma-essex-comfort-wn-s-running-shoes-women/p/itm8497c1801a24b?pid=SHOGH3GNFYZNWUYT&lid=LSTSHOGH3GNFYZNWUYTR7JILC&marketplace=FLIPKART&store=osp%2Fiko&srno=b_19_738&otracker=browse&fm=organic&iid=en_mGV1yjXtWpAvBu-vSkfb7k6vQxCPvcS0YlxYkHZThtSWv4JtVqT1Yd9TXCFVTKIFpEouleucWVUoKF2HB5qzOIE8waCTrWcncKeK_ydPfoM%3D&ppt=browse&ppn=browse&ssid=3d4mzm90og0000001768226678442
JUMPLITE Women Flats - Buy JUMPLITE Women Flats Online at Best Price - Shop Online for Footwears in India | Flipkart.com,₹473,http://rukmini1.flixcart.com/image/300/300/xif0q/sandal/q/e/r/-original-imahgyc4mgfrcgnr.jpeg,https://www.flipkart.com/jumplite-women-flats/p/itm5c593f279c394?pid=SNDHCHGKHNVZNSV8&lid=LSTSNDHCHGKHNVZNSV8JH14JX&marketplace=FLIPKART&store=osp%2Fiko&srno=b_7_268&otracker=browse&fm=organic&iid=en_AGnRzahflnjrzyGSofhuYuObKQCu69iMSBfo6h9bNg3uHCDxsuQX296oh5qFYp0c_hwDS9h9ipJpLJwON9Kbeg%3D%3D&ppt=browse&ppn=browse&ssid=l4zc74md9s0000001768226494682
Rowlans Comfortable Durable Korean shoe Walking Shoes For Women - Buy Rowlans Comfortable Durable Korean shoe Walking Shoes For Women Online at Best Price - Shop Online for Footwears in India | Flipkart.com,₹449,http://rukmini1.flixcart.com/image/300/300/xif0q/shoe/y/e/g/3-704-3-rowlans-black-original-imahays2fhszvsnu.jpeg,https://www.flipkart.com/rowlans-comfortable-durable-korean-shoe-walking-shoes-women/p/itmfb805f8b313f7?pid=SHOH26NRMH84HNTX&lid=LSTSHOH26NRMH84HNTXCLJOYX&marketplace=FLIPKART&store=osp%2Fiko&srno=b_3_99&otracker=browse&fm=organic&iid=9895b54a-05d8-4486-a10f-6b2521abf21a.SHOH26NRMH84HNTX.SEARCH&ppt=browse&ppn=browse&ssid=7of36l05000000001768226424463
,,,https://www.flipkart.com/metro-cross-strap-block-women-heels/p/itm2039bb629d750?pid=SNDGQKR6UGMQWWGN&lid=LSTSNDGQKR6UGMQWWGNIJBX9X&marketplace=FLIPKART&store=osp%2Fiko&srno=b_18_710&otracker=browse&fm=organic&iid=5a1d23a5-08d7-4630-ac04-42a5e235080b.SNDGQKR6UGMQWWGN.SEARCH&ppt=browse&ppn=browse&ssid=kfeo5jgxww0000001768226663673
DOCTOR ORTHO PLUS COMFY Women Slippers - Buy DOCTOR ORTHO PLUS COMFY Women Slippers Online at Best Price - Shop Online for Footwears in India | Flipkart.com,₹294,http://rukmini1.flixcart.com/image/300/300/xif0q/slipper-flip-flop/o/b/w/-original-imahg24ysdhw5m7e.jpeg,https://www.flipkart.com/doctor-ortho-plus-comfy-women-slippers/p/itm61b085ba1f81c?pid=SFFGXMGGWEUGEBJ2&lid=LSTSFFGXMGGWEUGEBJ2QSEG3L&marketplace=FLIPKART&store=osp%2Fiko&srno=b_16_605&otracker=browse&fm=organic&iid=en_r6jE2bFuVoC3-Xm07u_rlTuKR8b77BFlQp2ofdjatrCKgt4t1bwZzHFOlmu40lnAdZzWsBsJPA6YeTc0rV-TMQ%3D%3D&ppt=browse&ppn=browse&ssid=g8rc5k3vsw0000001768226631080
FLITE Women Flip Flops - Buy FLITE Women Flip Flops Online at Best Price - Shop Online for Footwears in India | Flipkart.com,₹264,http://rukmini1.flixcart.com/image/300/300/xif0q/slipper-flip-flop/j/t/f/-original-imahhqc9s5syphyz.jpeg,https://www.flipkart.com/flite-women-flip-flops/p/itm2962dcbb6e7c2?pid=SFFFXVSWG6K2VVHH&lid=LSTSFFFXVSWG6K2VVHHIZPXH7&marketplace=FLIPKART&store=osp%2Fiko&srno=b_15_600&otracker=browse&fm=organic&iid=e6ebe926-2018-479d-b73a-c70125b560f3.SFFFXVSWG6K2VVHH.SEARCH&ppt=browse&ppn=browse&ssid=4i65va4gdc0000001768226615069
TWO SOFT Boots For Women - Buy TWO SOFT Boots For Women Online at Best Price - Shop Online for Footwears in India | Flipkart.com,₹370,http://rukmini1.flixcart.com/image/300/300/xif0q/shoe/i/g/8/4-ts-511-blk-4-two-soft-black-original-imah4gs5fax6mvau.jpeg,https://www.flipkart.com/two-soft-boots-women/p/itme1c11a8c77d0f?pid=SHOH44H7ZBKGCKKF&lid=LSTSHOH44H7ZBKGCKKFYOD1YW&marketplace=FLIPKART&store=osp%2Fiko&srno=b_7_277&otracker=browse&fm=organic&iid=en_AGnRzahflnjrzyGSofhuYuObKQCu69iMSBfo6h9bNg0bxREOg2hr6K2FuJF9-qwYPJsPmadvos6i2NE0FMoPIQ%3D%3D&ppt=browse&ppn=browse&ssid=l4zc74md9s0000001768226494682
TRYME Women Bellies - Buy TRYME Women Bellies Online at Best Price - Shop Online for Footwears in India | Flipkart.com,₹666,http://rukmini1.flixcart.com/image/300/300/xif0q/sandal/p/5/b/8-6shby0719-41-tryme-black-original-imahhuxyjwvg7xp7.jpeg,https://www.flipkart.com/tryme-women-bellies/p/itmf8caf2ce61346?pid=SNDGZ9XXCQGQMARU&lid=LSTSNDGZ9XXCQGQMARUSMHUVM&marketplace=FLIPKART&store=osp%2Fiko&srno=b_2_53&otracker=browse&fm=organic&iid=464c9e9f-a691-419d-8fd2-680b9c4477eb.SNDGZ9XXCQGQMARU.SEARCH&ppt=browse&ppn=browse&ssid=w8w25ktupc0000001768226402885
Miss beauty Jutis For Women - Buy Miss beauty Jutis For Women Online at Best Price - Shop Online for Footwears in India | Flipkart.com,₹246,http://rukmini1.flixcart.com/image/300/300/xif0q/shoe/l/d/s/-original-imahg24yxhyxhurn.jpeg,https://www.flipkart.com/miss-beauty-jutis-women/p/itm01cdf0c5eb1b5?pid=SHOGXCF5GKBRPMQZ&lid=LSTSHOGXCF5GKBRPMQZKBLFFU&marketplace=FLIPKART&store=osp%2Fiko&srno=b_3_94&otracker=browse&fm=organic&iid=9895b54a-05d8-4486-a10f-6b2521abf21a.SHOGXCF5GKBRPMQZ.SEARCH&ppt=browse&ppn=browse&ssid=7of36l05000000001768226424463
Deals4you Sneakers For Women - Buy Deals4you Sneakers For Women Online at Best Price - Shop Online for Footwears in India | Flipkart.com,₹423,http://rukmini1.flixcart.com/image/300/300/xif0q/shopsy-shoe/4/o/r/6-875-mlt-6-deals4you-multi-original-imahgucfjdknvu92.jpeg,https://www.flipkart.com/deals4you-sneakers-women/p/itmfe58f4b5b1425?pid=SHOGGFYT7PGH5WEP&lid=LSTSHOGGFYT7PGH5WEPXFX1TT&marketplace=FLIPKART&store=osp%2Fiko&srno=b_14_537&otracker=browse&fm=organic&iid=en_FWKCXMnY93lvHSnL9zoj1bCqUwlx2_zmrJUoWPwyFeTkQc8k0dvhBuxfs_Qnf7040bNlShRlHBP9zAaQPJ93jg%3D%3D&ppt=browse&ppn=browse&ssid=hrwjiqjte80000001768226600931
Doctor Health Super Soft Newly Launch | Classic Ultra Soft | Memory Foam | Comfortable|Stylish|Trendy Bellies For Women - Buy Doctor Health Super Soft Newly Launch | Classic Ultra Soft | Memory Foam | Comfortable|Stylish|Trendy Bellies For Women Online at Best Price - Shop Online for Footwears in India | Flipkart.com,₹498,http://rukmini1.flixcart.com/image/300/300/xif0q/shopsy-shoe/x/9/2/6-sh-dhss-215-elegant-pink-39-0-doctor-health-super-soft-pink-original-imahgybq88kzffgd.jpeg,https://www.flipkart.com/doctor-health-super-soft-newly-launch-classic-ultra-memory-foam-comfortable-stylish-trendy-bellies-women/p/itm3964abf0d7553?pid=SHOH7N79GR34XMSK&lid=LSTSHOH7N79GR34XMSK7SNE6K&marketplace=FLIPKART&store=osp%2Fiko&srno=b_6_221&otracker=browse&fm=organic&iid=en_FdZ7yfzNiLSuTZt3ug5zoWIjYKMzdeLPs-DtXUP-fn2uvPd2RzVd_GDx2OHtOzqVEoYGvW7NaRCMoE3KOjqQ6A%3D%3D&ppt=browse&ppn=browse&ssid=jtks0xz00w0000001768226479320
Rambo Latest Trendy White Sneakers For Women - Buy Rambo Latest Trendy White Sneakers For Women Online at Best Price - Shop Online for Footwears in India | Flipkart.com,₹599,http://rukmini1.flixcart.com/image/300/300/xif0q/shoe/9/m/n/-original-imahf8ku8nmkcejz.jpeg,https://www.flipkart.com/rambo-latest-trendy-white-sneakers-women/p/itm175289467b1a2?pid=SHOH68Y8MNGT3W8X&lid=LSTSHOH68Y8MNGT3W8XXUOIZQ&marketplace=FLIPKART&store=osp%2Fiko&srno=b_1_7&otracker=browse&fm=organic&iid=27a448ff-87bd-4ea6-984d-908d0a814445.SHOH68Y8MNGT3W8X.SEARCH&ppt=None&ppn=None&ssid=uekt84okeo0000001768226382861
Layasa Colorblock Flat Sneakers with Ultra Soft Cushion Lace-Up All-Day Comfort Shoes| Sneakers For Women - Buy Layasa Colorblock Flat Sneakers with Ultra Soft Cushion Lace-Up All-Day Comfort Shoes| Sneakers For Women Online at Best Price - Shop Online for Footwears in India | Flipkart.com,₹442,http://rukmini1.flixcart.com/image/300/300/xif0q/shoe/5/d/m/-original-imahgybyghhtkgk7.jpeg,https://www.flipkart.com/layasa-colorblock-flat-sneakers-ultra-soft-cushion-lace-up-all-day-comfort-shoes-women/p/itm88d5a0d0906f5?pid=SHOHBF5RFHYFMX2J&lid=LSTSHOHBF5RFHYFMX2JV8XZUQ&marketplace=FLIPKART&store=osp%2Fiko&srno=b_16_604&otracker=browse&fm=organic&iid=f851c3a1-fab8-4070-ad3d-84b4cbacc113.SHOHBF5RFHYFMX2J.SEARCH&ppt=browse&ppn=browse&ssid=g8rc5k3vsw0000001768226631080
Picktoes SC-535 Lightweight Comfort Summer Trendy Premium Stylish Party disigin Women Casual - Buy Picktoes SC-535 Lightweight Comfort Summer Trendy Premium Stylish Party disigin Women Casual Online at Best Price - Shop Online for Footwears in India | Flipkart.com,₹699,http://rukmini1.flixcart.com/image/300/300/xif0q/sandal/v/0/p/-original-imahfts7fzvrtt9n.jpeg,https://www.flipkart.com/picktoes-sc-535-lightweight-comfort-summer-trendy-premium-stylish-party-disigin-women-casual/p/itm9b004f1a63f90?pid=SNDFTEHETMTJE3HR&lid=LSTSNDFTEHETMTJE3HRG8XSGF&marketplace=FLIPKART&store=osp%2Fiko&srno=b_1_32&otracker=browse&fm=organic&iid=en_Z7IyGFzCQO8WtPj1yaORbO1Lm7-B6HNHu2MwJuRzvuD9yMaYO6EHglBN5aegee2B9-MtueNLA_MDn_vK1YZvIA%3D%3D&ppt=None&ppn=None&ssid=uekt84okeo0000001768226382861
Deals4you Sneakers For Women - Buy Deals4you Sneakers For Women Online at Best Price - Shop Online for Footwears in India | Flipkart.com,₹423,http://rukmini1.flixcart.com/image/300/300/xif0q/shopsy-shoe/4/o/r/6-875-mlt-6-deals4you-multi-original-imahgucfjdknvu92.jpeg,https://www.flipkart.com/deals4you-sneakers-women/p/itmfe58f4b5b1425?pid=SHOGGFYT7PGH5WEP&lid=LSTSHOGGFYT7PGH5WEPXFX1TT&marketplace=FLIPKART&store=osp%2Fiko&srno=b_7_258&otracker=browse&fm=organic&iid=en_AGnRzahflnjrzyGSofhuYuObKQCu69iMSBfo6h9bNg2O2QLy7m2JNSi3drPfDGodDx__cqA-SPXGk_M4uAErdQ%3D%3D&ppt=browse&ppn=browse&ssid=l4zc74md9s0000001768226494682
RED TAPE Women Slides - Buy RED TAPE Women Slides Online at Best Price - Shop Online for Footwears in India | Flipkart.com,₹422,http://rukmini1.flixcart.com/image/300/300/xif0q/slipper-flip-flop/5/i/v/4-rdl0275-red-tape-lavender-original-imahg8ah2scrwjgg.jpeg,https://www.flipkart.com/red-tape-women-slides/p/itm504cb4a617e81?pid=SFFH3DNTN2HKQZSC&lid=LSTSFFH3DNTN2HKQZSCTIVZ8V&marketplace=FLIPKART&store=osp%2Fiko&srno=b_14_543&otracker=browse&fm=organic&iid=d4e3f038-b31e-4096-9ab1-fe0a83cf4fc4.SFFH3DNTN2HKQZSC.SEARCH&ppt=browse&ppn=browse&ssid=hrwjiqjte80000001768226600931
Rasambh Women Comfortable Stylish and Trending Colorful Printed Flip Flops Slides - Buy Rasambh Women Comfortable Stylish and Trending Colorful Printed Flip Flops Slides Online at Best Price - Shop Online for Footwears in India | Flipkart.com,₹231,http://rukmini1.flixcart.com/image/300/300/xif0q/slipper-flip-flop/j/p/q/-original-imahftsfzwhz8dun.jpeg,https://www.flipkart.com/rasambh-women-comfortable-stylish-trending-colorful-printed-flip-flops-slides/p/itm9d7d34a719135?pid=SFFGYBEKWJX4UA7Z&lid=LSTSFFGYBEKWJX4UA7ZPRWROW&marketplace=FLIPKART&store=osp%2Fiko&srno=b_19_746&otracker=browse&fm=organic&iid=4367eae6-781b-4f71-84d5-98c38bcd1ce8.SFFGYBEKWJX4UA7Z.SEARCH&ppt=browse&ppn=browse&ssid=3d4mzm90og0000001768226678442
Birde Women Clogs - Buy Birde Women Clogs Online at Best Price - Shop Online for Footwears in India | Flipkart.com,₹462,http://rukmini1.flixcart.com/image/300/300/xif0q/kids-sandal/d/z/b/5-brd-sn-1193-birde-original-imah4m3xexyjcc9m.jpeg,https://www.flipkart.com/birde-women-clogs/p/itm3e48cd2d6510e?pid=SNDHF6WWUCSXTBMH&lid=LSTSNDHF6WWUCSXTBMHE9DBL5&marketplace=FLIPKART&store=osp%2Fiko&srno=b_4_138&otracker=browse&fm=organic&iid=en_0D43y1Gkov2fa4f2QX2QfRL0_YJcqARvUPQbUbgzRN7NTUb-xKyzvAc9KOChh5VuS6qtdjSFU9Zg4J3AqaVwQg%3D%3D&ppt=browse&ppn=browse&ssid=e6nkya0vfk0000001768226446152
Doctor Health Super Soft Newly Launch | Classic Ultra Soft | Memory Foam | Comfortable|Stylish|Trendy Bellies For Women - Buy Doctor Health Super Soft Newly Launch | Classic Ultra Soft | Memory Foam | Comfortable|Stylish|Trendy Bellies For Women Online at Best Price - Shop Online for Footwears in India | Flipkart.com,₹498,http://rukmini1.flixcart.com/image/300/300/xif0q/shopsy-shoe/x/9/2/6-sh-dhss-215-elegant-pink-39-0-doctor-health-super-soft-pink-original-imahgybq88kzffgd.jpeg,https://www.flipkart.com/doctor-health-super-soft-newly-launch-classic-ultra-memory-foam-comfortable-stylish-trendy-bellies-women/p/itm3964abf0d7553?pid=SHOH7N79GR34XMSK&lid=LSTSHOH7N79GR34XMSK7SNE6K&marketplace=FLIPKART&store=osp%2Fiko&srno=b_11_415&otracker=browse&fm=organic&iid=en_yzKT70zsUvLVIiVJzjcGD6y4PwfYgrFyB-JPR4zv0wAopCBWtWBIMFSW6FXSn34HQLqnb99UfRQAR3uGjRrWnA%3D%3D&ppt=browse&ppn=browse&ssid=xkwuilrkog0000001768226554244
Aqualite Aqualite Trending SKY-04 Casuals Walking Shoes with lace-up & Slip-Resistance Sneakers For Women - Buy Aqualite Aqualite Trending SKY-04 Casuals Walking Shoes with lace-up & Slip-Resistance Sneakers For Women Online at Best Price - Shop Online for Footwears in India | Flipkart.com,₹499,http://rukmini1.flixcart.com/image/300/300/xif0q/shoe/8/v/z/-original-imahfskwsctkjzxf.jpeg,https://www.flipkart.com/aqualite-trending-sky-04-casuals-walking-shoes-lace-up-slip-resistance-sneakers-women/p/itmcdf8f1b21467d?pid=SHOGMVGHHFR6WTEC&lid=LSTSHOGMVGHHFR6WTEC4B4VIA&marketplace=FLIPKART&store=osp%2Fiko&srno=b_10_376&otracker=browse&fm=organic&iid=4ad595d9-2879-4175-951e-b6349d2847c2.SHOGMVGHHFR6WTEC.SEARCH&ppt=browse&ppn=browse&ssid=my7hzbekzk0000001768226539546
SHOKIYA Women Flats - Buy SHOKIYA Women Flats Online at Best Price - Shop Online for Footwears in India | Flipkart.com,₹234,http://rukmini1.flixcart.com/image/300/300/xif0q/sandal/l/m/f/4-555-4-shokiya-tan-original-imahawszcj5dkpsb.jpeg,https://www.flipkart.com/shokiya-women-flats/p/itm10f2a3ea9b645?pid=SNDHBPVB43YJNDFZ&lid=LSTSNDHBPVB43YJNDFZ8VXJEB&marketplace=FLIPKART&store=osp%2Fiko&srno=b_13_493&otracker=browse&fm=organic&iid=ac0383e4-33b1-4776-ade8-aae7a7f6dc44.SNDHBPVB43YJNDFZ.SEARCH&ppt=browse&ppn=browse&ssid=q7vp90axtc0000001768226586549
Hitway Trendy Lightweight Comfortable Alluring Boots For Women - Buy Hitway Trendy Lightweight Comfortable Alluring Boots For Women Online at Best Price - Shop Online for Footwears in India | Flipkart.com,₹769,http://rukmini1.flixcart.com/image/300/300/xif0q/shoe/f/u/2/3-6trunboot39-new-36-hitway-black-original-imahewe3n9yszzde.jpeg,https://www.flipkart.com/hitway-trendy-lightweight-comfortable-alluring-boots-women/p/itm2f4ab230f707c?pid=SHOH59HEMTAJZQUU&lid=LSTSHOH59HEMTAJZQUU6YFU2K&marketplace=FLIPKART&store=osp%2Fiko&srno=b_4_139&otracker=browse&fm=organic&iid=3d830cc9-e5ad-48ef-84c3-482f55642135.SHOH59HEMTAJZQUU.SEARCH&ppt=browse&ppn=browse&ssid=e6nkya0vfk0000001768226446152
"asian Elasto-02 sports shoes for women | Running shoes for girls stylish latest design new fashion |casual sneakers for ladies | Lace up Lightweight peach shoes for jogging, walking, gym & party Running Shoes For Women - Buy asian Elasto-02 sports shoes for women | Running shoes for girls stylish latest design new fashion |casual sneakers for ladies | Lace up Lightweight peach shoes for jogging, walking, gym & party Running Shoes For Women Online at Best Price - Shop Online for Footwears in India | Flipkart.com",₹786,http://rukmini1.flixcart.com/image/300/300/xif0q/shoe/t/r/q/4-elasto-02-l-cpeachpnk-4-asian-peach-original-imahhhufpnts5afa.jpeg,https://www.flipkart.com/asian-elasto-02-sports-shoes-women-running-girls-stylish-latest-design-new-fashion-casual-sneakers-ladies-lace-up-lightweight-peach-jogging-walking-gym-party/p/itm048e42e0d1702?pid=SHOFM75W4JHBHZFB&lid=LSTSHOFM75W4JHBHZFB0DRFVD&marketplace=FLIPKART&store=osp%2Fiko&srno=b_12_466&otracker=browse&fm=organic&iid=3beba5be-cff5-4b74-8ac4-2f92765b4e5d.SHOFM75W4JHBHZFB.SEARCH&ppt=browse&ppn=browse&ssid=ecse3v9ai80000001768226569451
RED TAPE Women's Athleisure Sports Shoes for Active Everyday Style Walking Shoes For Women - Buy RED TAPE Women's Athleisure Sports Shoes for Active Everyday Style Walking Shoes For Women Online at Best Price - Shop Online for Footwears in India | Flipkart.com,"₹1,097",http://rukmini1.flixcart.com/image/300/300/xif0q/shoe/v/q/c/-original-imahjhjny4eytrcj.jpeg,https://www.flipkart.com/red-tape-women-s-athleisure-sports-shoes-active-everyday-style-walking-women/p/itmb05ff265eedc4?pid=SHOHFMMNY3NH5RF7&lid=LSTSHOHFMMNY3NH5RF7STHW39&marketplace=FLIPKART&store=osp%2Fiko&srno=b_5_162&otracker=browse&fm=organic&iid=en_veuji5O5oxhJ0IBY-vJKNHnFzc2n3kvDK_Yl7nBJXWEHVxfxwRNjw3HOHza9STw3BHWujxpNK-wKj40vfSERWvUFjCTyOHoHZs-Z5_PS_w0%3D&ppt=browse&ppn=browse&ssid=39jjfmw7uo0000001768226462876
,,,https://www.flipkart.com/sukart-boots-women/p/itmf5d596f58390e?pid=SHOHEU7SCAYPDZZJ&lid=LSTSHOHEU7SCAYPDZZJVZMGLI&marketplace=FLIPKART&store=osp%2Fiko&srno=b_9_323&otracker=browse&fm=organic&iid=dbcc83ce-aca9-4f02-99f6-46c63dc65f87.SHOHEU7SCAYPDZZJ.SEARCH&ppt=browse&ppn=browse&ssid=xqf91pbbtc0000001768226524489
Deals4you Sneakers For Women - Buy Deals4you Sneakers For Women Online at Best Price - Shop Online for Footwears in India | Flipkart.com,₹423,http://rukmini1.flixcart.com/image/300/300/xif0q/shopsy-shoe/4/o/r/6-875-mlt-6-deals4you-multi-original-imahgucfjdknvu92.jpeg,https://www.flipkart.com/deals4you-sneakers-women/p/itmfe58f4b5b1425?pid=SHOGGFYT7PGH5WEP&lid=LSTSHOGGFYT7PGH5WEPXFX1TT&marketplace=FLIPKART&store=osp%2Fiko&srno=b_11_412&otracker=browse&fm=organic&iid=en_yzKT70zsUvLVIiVJzjcGD6y4PwfYgrFyB-JPR4zv0wBWNMFB6ztc3yAdvmoMOMnqjoTxtYMMxTlnhLOTs75Hjw%3D%3D&ppt=browse&ppn=browse&ssid=xkwuilrkog0000001768226554244
Birde Women Clogs - Buy Birde Women Clogs Online at Best Price - Shop Online for Footwears in India | Flipkart.com,₹462,http://rukmini1.flixcart.com/image/300/300/xif0q/kids-sandal/d/z/b/5-brd-sn-1193-birde-original-imah4m3xexyjcc9m.jpeg,https://www.flipkart.com/birde-women-clogs/p/itm3e48cd2d6510e?pid=SNDHF6WWUCSXTBMH&lid=LSTSNDHF6WWUCSXTBMHE9DBL5&marketplace=FLIPKART&store=osp%2Fiko&srno=b_5_178&otracker=browse&fm=organic&iid=en_veuji5O5oxhJ0IBY-vJKNHnFzc2n3kvDK_Yl7nBJXWGzxnz2Nz3EG-Rfs-1tiu8cS6qtdjSFU9Zg4J3AqaVwQg%3D%3D&ppt=browse&ppn=browse&ssid=39jjfmw7uo0000001768226462876
FLITE Women Slides - Buy FLITE Women Slides Online at Best Price - Shop Online for Footwears in India | Flipkart.com,₹319,http://rukmini1.flixcart.com/image/300/300/xif0q/slipper-flip-flop/k/u/n/-original-imagyyzjevj7zggc.jpeg,https://www.flipkart.com/flite-women-slides/p/itmbf2c2c9c3b19d?pid=SFFGS6GPXD3NT3FG&lid=LSTSFFGS6GPXD3NT3FGHGBTWM&marketplace=FLIPKART&store=osp%2Fiko&srno=b_18_690&otracker=browse&fm=organic&iid=5a1d23a5-08d7-4630-ac04-42a5e235080b.SFFGS6GPXD3NT3FG.SEARCH&ppt=browse&ppn=browse&ssid=kfeo5jgxww0000001768226663673
RED TAPE Sneakers for Women | Trendy Boldstep Lifestyle Casual Shoes for Women Sneakers For Women - Buy RED TAPE Sneakers for Women | Trendy Boldstep Lifestyle Casual Shoes for Women Sneakers For Women Online at Best Price - Shop Online for Footwears in India | Flipkart.com,"₹1,097",http://rukmini1.flixcart.com/image/300/300/xif0q/shoe/u/x/w/-original-imahgapfwnezvgc8.jpeg,https://www.flipkart.com/red-tape-sneakers-women-trendy-boldstep-lifestyle-casual-shoes/p/itm87d098ed89a00?pid=SHOHBRVFZGRNCHFJ&lid=LSTSHOHBRVFZGRNCHFJHY7VWK&marketplace=FLIPKART&store=osp%2Fiko&srno=b_4_133&otracker=browse&fm=organic&iid=3d830cc9-e5ad-48ef-84c3-482f55642135.SHOHBRVFZGRNCHFJ.SEARCH&ppt=browse&ppn=browse&ssid=e6nkya0vfk0000001768226446152
DOCTOR ULTRA Women Flip Flops - Buy DOCTOR ULTRA Women Flip Flops Online at Best Price - Shop Online for Footwears in India | Flipkart.com,₹358,http://rukmini1.flixcart.com/image/300/300/xif0q/kids-slipper-flip-flop/w/t/r/1-5-2232-wh-shozie-original-imahgwa6rtnhztuf.jpeg,https://www.flipkart.com/doctor-ultra-women-flip-flops/p/itm8f96836fea46c?pid=SFFHBV72ZHQXMGZS&lid=LSTSFFHBV72ZHQXMGZSMS9UMI&marketplace=FLIPKART&store=osp%2Fiko&srno=b_10_396&otracker=browse&fm=organic&iid=4ad595d9-2879-4175-951e-b6349d2847c2.SFFHBV72ZHQXMGZS.SEARCH&ppt=browse&ppn=browse&ssid=my7hzbekzk0000001768226539546
Aqualite Women Slippers - Buy Aqualite Women Slippers Online at Best Price - Shop Online for Footwears in India | Flipkart.com,₹323,http://rukmini1.flixcart.com/image/300/300/xif0q/slipper-flip-flop/u/e/g/-original-imahgybynvdcb9zv.jpeg,https://www.flipkart.com/aqualite-women-slippers/p/itm5c92cc2587a9c?pid=SFFG9H3PNKGCFGV7&lid=LSTSFFG9H3PNKGCFGV7VDIY01&marketplace=FLIPKART&store=osp%2Fiko&srno=b_16_614&otracker=browse&fm=organic&iid=f851c3a1-fab8-4070-ad3d-84b4cbacc113.SFFG9H3PNKGCFGV7.SEARCH&ppt=browse&ppn=browse&ssid=g8rc5k3vsw0000001768226631080
WALKAROO Women Casual - Buy WALKAROO Women Casual Online at Best Price - Shop Online for Footwears in India | Flipkart.com,₹309,http://rukmini1.flixcart.com/image/300/300/xif0q/sandal/a/1/f/7-wl7573-ladies-prl-7-walkaroo-purple-original-imahh7acpnhratgz.jpeg,https://www.flipkart.com/walkaroo-women-casual/p/itm7eeb302d9ce80?pid=SNDH5ZYTZW3ACQXD&lid=LSTSNDH5ZYTZW3ACQXD9VICIK&marketplace=FLIPKART&store=osp%2Fiko&srno=b_1_4&otracker=browse&fm=organic&iid=27a448ff-87bd-4ea6-984d-908d0a814445.SNDH5ZYTZW3ACQXD.SEARCH&ppt=None&ppn=None&ssid=uekt84okeo0000001768226382861
AROSY Women Casual - Buy AROSY Women Casual Online at Best Price - Shop Online for Footwears in India | Flipkart.com,₹358,http://rukmini1.flixcart.com/image/300/300/xif0q/sandal/p/k/4/6-arsy-bakal-cream-arosy-beige-original-imahbqnhabzvju9v.jpeg,https://www.flipkart.com/arosy-women-casual/p/itmc4cc0c9a5ec06?pid=SNDHBQNHARFZCAGP&lid=LSTSNDHBQNHARFZCAGP0SXQVE&marketplace=FLIPKART&store=osp%2Fiko&srno=b_17_659&otracker=browse&fm=organic&iid=a651fdd0-6b03-4c05-9376-7c1e494b32f5.SNDHBQNHARFZCAGP.SEARCH&ppt=browse&ppn=browse&ssid=vnotkb0e2o0000001768226647060
PUMA Puma Buzz Wmn Casuals For Women - Buy PUMA Puma Buzz Wmn Casuals For Women Online at Best Price - Shop Online for Footwears in India | Flipkart.com,"₹1,338",http://rukmini1.flixcart.com/image/300/300/xif0q/shoe/c/z/u/-original-imahjghvevww6zjg.jpeg,https://www.flipkart.com/puma-buzz-wmn-casuals-women/p/itme8ea6a6f0a75a?pid=SHOGGF422DSXTHEY&lid=LSTSHOGGF422DSXTHEYCIQA31&marketplace=FLIPKART&store=osp%2Fiko&srno=b_19_745&otracker=browse&fm=organic&iid=en_mGV1yjXtWpAvBu-vSkfb7k6vQxCPvcS0YlxYkHZThtRusGcya2ibsWuYRkCFFzAtqk6JDQk4ll7USgqXfBsClkKsf8s6I2Oz2HOgbXTo_9U%3D&ppt=browse&ppn=browse&ssid=3d4mzm90og0000001768226678442
Deals4you Sneakers For Women - Buy Deals4you Sneakers For Women Online at Best Price - Shop Online for Footwears in India | Flipkart.com,₹423,http://rukmini1.flixcart.com/image/300/300/xif0q/shopsy-shoe/4/o/r/6-875-mlt-6-deals4you-multi-original-imahgucfjdknvu92.jpeg,https://www.flipkart.com/deals4you-sneakers-women/p/itmfe58f4b5b1425?pid=SHOGGFYT7PGH5WEP&lid=LSTSHOGGFYT7PGH5WEPXFX1TT&marketplace=FLIPKART&store=osp%2Fiko&srno=b_3_101&otracker=browse&fm=organic&iid=en_RAZjS9M4pbKu14UKMNDI4m6TFZJ_so7CIuKdOfWnqpBfQhQ0mJhV7MOey6uyccdRDx__cqA-SPXGk_M4uAErdQ%3D%3D&ppt=browse&ppn=browse&ssid=7of36l05000000001768226424463
Flopsie Women Flopsie Women Stylish Soft Comfortable Slipper Lightweight Dailywear Slippers - Buy Flopsie Women Flopsie Women Stylish Soft Comfortable Slipper Lightweight Dailywear Slippers Online at Best Price - Shop Online for Footwears in India | Flipkart.com,₹195,http://rukmini1.flixcart.com/image/300/300/xif0q/slipper-flip-flop/a/g/y/-original-imahfz7zgeskgcgw.jpeg,https://www.flipkart.com/flopsie-women-stylish-soft-comfortable-slipper-lightweight-dailywear-slippers/p/itme457640427578?pid=SFFH6U8THFPYZHFA&lid=LSTSFFH6U8THFPYZHFARVBL33&marketplace=FLIPKART&store=osp%2Fiko&srno=b_18_681&otracker=browse&fm=organic&iid=en_NTAPhKckpBzXDWfOGFjUWzRzaPcflmG2rU7-fo2H0qwFMlSLMkuMCgRj00iq_-Jo-c5GgTdDjE-lyEAq8HSJWQ%3D%3D&ppt=browse&ppn=browse&ssid=kfeo5jgxww0000001768226663673
DUOSOFT Premium Look|Non Slip Lightweight|Dailywear Women Bellies - Buy DUOSOFT Premium Look|Non Slip Lightweight|Dailywear Women Bellies Online at Best Price - Shop Online for Footwears in India | Flipkart.com,₹328,http://rukmini1.flixcart.com/image/300/300/xif0q/sandal/x/9/e/-original-imahfts78xxenz4a.jpeg,https://www.flipkart.com/duosoft-premium-look-non-slip-lightweight-dailywear-women-bellies/p/itm06b983fd21a67?pid=SNDH8MRKPRCXFRJX&lid=LSTSNDH8MRKPRCXFRJXCBC1VO&marketplace=FLIPKART&store=osp%2Fiko&srno=b_1_36&otracker=browse&fm=organic&iid=27a448ff-87bd-4ea6-984d-908d0a814445.SNDH8MRKPRCXFRJX.SEARCH&ppt=None&ppn=None&ssid=uekt84okeo0000001768226382861
PUMA Women Slippers - Buy PUMA Women Slippers Online at Best Price - Shop Online for Footwears in India | Flipkart.com,₹559,http://rukmini1.flixcart.com/image/300/300/xif0q/slipper-flip-flop/n/h/h/-original-imahgybwgrtkrgan.jpeg,https://www.flipkart.com/puma-women-slippers/p/itmdffa4edb898c1?pid=SFFGVGBU4Q9GTVSQ&lid=LSTSFFGVGBU4Q9GTVSQFPMGEM&marketplace=FLIPKART&store=osp%2Fiko&srno=b_19_727&otracker=browse&fm=organic&iid=en_mGV1yjXtWpAvBu-vSkfb7k6vQxCPvcS0YlxYkHZThtQAY1XBPz68W8eKUnP_W3PQumcD7Deklgt4jdZrBv5nqw%3D%3D&ppt=browse&ppn=browse&ssid=3d4mzm90og0000001768226678442
,,,https://www.flipkart.com/puma-pacific-maze-wn-s-idp-casuals-women/p/itm54d515a0306aa?pid=SHOGFX6FSDRYHZYE&lid=LSTSHOGFX6FSDRYHZYEWPHH0J&marketplace=FLIPKART&store=osp%2Fiko&srno=b_15_568&otracker=browse&fm=organic&iid=en_vXCl6X7Zoly2o-ZSBHC_VUkVU5Ea8NIcliS224j0uaJeM9bqy7NmkSDHhXnn4XI7odGcMxFZl0NrtkUeiQWDHg%3D%3D&ppt=browse&ppn=browse&ssid=4i65va4gdc0000001768226615069
Flopsie Women Flopsie Women Stylish Soft Comfortable Slipper Lightweight Dailywear Slippers - Buy Flopsie Women Flopsie Women Stylish Soft Comfortable Slipper Lightweight Dailywear Slippers Online at Best Price - Shop Online for Footwears in India | Flipkart.com,₹195,http://rukmini1.flixcart.com/image/300/300/xif0q/slipper-flip-flop/a/g/y/-original-imahfz7zgeskgcgw.jpeg,https://www.flipkart.com/flopsie-women-stylish-soft-comfortable-slipper-lightweight-dailywear-slippers/p/itme457640427578?pid=SFFH6U8THFPYZHFA&lid=LSTSFFH6U8THFPYZHFARVBL33&marketplace=FLIPKART&store=osp%2Fiko&srno=b_14_521&otracker=browse&fm=organic&iid=en_FWKCXMnY93lvHSnL9zoj1bCqUwlx2_zmrJUoWPwyFeSAeC-mBsHXPsdLn7Tn7QQU-c5GgTdDjE-lyEAq8HSJWQ%3D%3D&ppt=browse&ppn=browse&ssid=hrwjiqjte80000001768226600931
Roadster Comfortable Outdoor Lightweight Women Casual - Buy Roadster Comfortable Outdoor Lightweight Women Casual Online at Best Price - Shop Online for Footwears in India | Flipkart.com,₹482,http://rukmini1.flixcart.com/image/300/300/xif0q/sandal/a/s/g/7-db-9201-40-dressberry-peach-original-imahg63ffhhmwanr.jpeg,https://www.flipkart.com/roadster-comfortable-outdoor-lightweight-women-casual/p/itmdd35b7476460f?pid=SNDHGFEEDVEM2HPR&lid=LSTSNDHGFEEDVEM2HPRXW1P4C&marketplace=FLIPKART&store=osp%2Fiko&srno=b_6_230&otracker=browse&fm=organic&iid=0a381c2d-9ed4-4919-9097-d81da66e9544.SNDHGFEEDVEM2HPR.SEARCH&ppt=browse&ppn=browse&ssid=jtks0xz00w0000001768226479320
Roadster Trending Stylish Comfortable lightweight Sneakers For Women - Buy Roadster Trending Stylish Comfortable lightweight Sneakers For Women Online at Best Price - Shop Online for Footwears in India | Flipkart.com,₹499,http://rukmini1.flixcart.com/image/300/300/xif0q/shoe/m/v/r/3-w-4023-white-36-roadster-white-original-imahgzsyx5xcnuz7.jpeg,https://www.flipkart.com/roadster-trending-stylish-comfortable-lightweight-sneakers-women/p/itmfe79efce6d2a1?pid=SHOHCD9A4HNHY9CX&lid=LSTSHOHCD9A4HNHY9CX5WFUPH&marketplace=FLIPKART&store=osp%2Fiko&srno=b_14_539&otracker=browse&fm=organic&iid=d4e3f038-b31e-4096-9ab1-fe0a83cf4fc4.SHOHCD9A4HNHY9CX.SEARCH&ppt=browse&ppn=browse&ssid=hrwjiqjte80000001768226600931
TWO SOFT Women Combo Pack Of 2 Stylish Casual Light & Soft Comfortable Daily Wear Slippers - Buy TWO SOFT Women Combo Pack Of 2 Stylish Casual Light & Soft Comfortable Daily Wear Slippers Online at Best Price - Shop Online for Footwears in India | Flipkart.com,₹263,http://rukmini1.flixcart.com/image/300/300/xif0q/slipper-flip-flop/f/1/z/-original-imahftr8j3edee4f.jpeg,https://www.flipkart.com/two-soft-women-combo-pack-2-stylish-casual-light-comfortable-daily-wear-slippers/p/itm52d5fb8753745?pid=SFFGMBGHBKTXYZ3S&lid=LSTSFFGMBGHBKTXYZ3SOWUFV9&marketplace=FLIPKART&store=osp%2Fiko&srno=b_16_607&otracker=browse&fm=organic&iid=en_r6jE2bFuVoC3-Xm07u_rlTuKR8b77BFlQp2ofdjatrBG3QfG_jypz-HmxyoTPkyGPVQLiD9Tpx6gFYJNZG6E-A%3D%3D&ppt=browse&ppn=browse&ssid=g8rc5k3vsw0000001768226631080
Beonza Women Slides - Buy Beonza Women Slides Online at Best Price - Shop Online for Footwears in India | Flipkart.com,₹349,http://rukmini1.flixcart.com/image/300/300/xif0q/slipper-flip-flop/b/b/m/5-cherry-001-beonza-pink-original-imahh6mjytgrhgjz.jpeg,https://www.flipkart.com/beonza-women-slides/p/itmef3395600f045?pid=SFFH7XFXUGFQ6WXD&lid=LSTSFFH7XFXUGFQ6WXD1MP09S&marketplace=FLIPKART&store=osp%2Fiko&srno=b_12_454&otracker=browse&fm=organic&iid=3beba5be-cff5-4b74-8ac4-2f92765b4e5d.SFFH7XFXUGFQ6WXD.SEARCH&ppt=browse&ppn=browse&ssid=ecse3v9ai80000001768226569451
TWO SOFT Women Combo Pack Of 2 Stylish Casual Light & Soft Comfortable Daily Wear Slippers - Buy TWO SOFT Women Combo Pack Of 2 Stylish Casual Light & Soft Comfortable Daily Wear Slippers Online at Best Price - Shop Online for Footwears in India | Flipkart.com,₹263,http://rukmini1.flixcart.com/image/300/300/xif0q/slipper-flip-flop/f/1/z/-original-imahftr8j3edee4f.jpeg,https://www.flipkart.com/two-soft-women-combo-pack-2-stylish-casual-light-comfortable-daily-wear-slippers/p/itm52d5fb8753745?pid=SFFGMBGHBKTXYZ3S&lid=LSTSFFGMBGHBKTXYZ3SOWUFV9&marketplace=FLIPKART&store=osp%2Fiko&srno=b_9_328&otracker=browse&fm=organic&iid=en_jKiTE6Xmr9FQVVFK71OPaiDktBYzHs-QOOuNf_RPcUD9ko1Gc5YgeuwDxZsN3T0-DyUYyJvtEzbA6Ec6AowF0A%3D%3D&ppt=browse&ppn=browse&ssid=xqf91pbbtc0000001768226524489
BERSACHE Women Clogs - Buy BERSACHE Women Clogs Online at Best Price - Shop Online for Footwears in India | Flipkart.com,₹395,http://rukmini1.flixcart.com/image/300/300/xif0q/sandal/l/k/x/-original-imahgffmsb2y6h56.jpeg,https://www.flipkart.com/bersache-women-clogs/p/itm28aa6d4a8c186?pid=SNDH57E84F5JDHCW&lid=LSTSNDH57E84F5JDHCWSSE6DM&marketplace=FLIPKART&store=osp%2Fiko&srno=b_5_190&otracker=browse&fm=organic&iid=dacca31e-67ab-42b6-a39c-2196d8d752b0.SNDH57E84F5JDHCW.SEARCH&ppt=browse&ppn=browse&ssid=39jjfmw7uo0000001768226462876
asian Casual Sneaker Shoes For Women | Stylish and Comfortable | Paradise-01 Sneakers For Women - Buy asian Casual Sneaker Shoes For Women | Stylish and Comfortable | Paradise-01 Sneakers For Women Online at Best Price - Shop Online for Footwears in India | Flipkart.com,₹724,http://rukmini1.flixcart.com/image/300/300/xif0q/shoe/e/k/n/-original-imahfgbfzsccf9v8.jpeg,https://www.flipkart.com/asian-casual-sneaker-shoes-women-stylish-comfortable-paradise-01-sneakers/p/itmabe97ebdba800?pid=SHOGUGZYF4VW3ZHF&lid=LSTSHOGUGZYF4VW3ZHFVJCRDC&marketplace=FLIPKART&store=osp%2Fiko&srno=b_7_250&otracker=browse&fm=organic&iid=2255f9d1-351c-40af-ba87-3dde238f6414.SHOGUGZYF4VW3ZHF.SEARCH&ppt=browse&ppn=browse&ssid=l4zc74md9s0000001768226494682
TAFSHA Women Flip Flops - Buy TAFSHA Women Flip Flops Online at Best Price - Shop Online for Footwears in India | Flipkart.com,₹294,http://rukmini1.flixcart.com/image/300/300/xif0q/slipper-flip-flop/0/a/0/9-carpet-winterf13-brown9-tafsha-brown-original-imahdq34skradnwg.jpeg,https://www.flipkart.com/tafsha-women-flip-flops/p/itm2ccab4b85dfd8?pid=SFFHDQ34FYQCFXTF&lid=LSTSFFHDQ34FYQCFXTF1STGQP&marketplace=FLIPKART&store=osp%2Fiko&srno=b_7_278&otracker=browse&fm=organic&iid=en_AGnRzahflnjrzyGSofhuYuObKQCu69iMSBfo6h9bNg2W7_SH5efIPXfhe91mzoEy5sp8sHAv7ZCJ7O_A_dkSNg%3D%3D&ppt=browse&ppn=browse&ssid=l4zc74md9s0000001768226494682
DOCTOR ORTHO PLUS COMFY Women Slippers - Buy DOCTOR ORTHO PLUS COMFY Women Slippers Online at Best Price - Shop Online for Footwears in India | Flipkart.com,₹294,http://rukmini1.flixcart.com/image/300/300/xif0q/slipper-flip-flop/o/b/w/-original-imahg24ysdhw5m7e.jpeg,https://www.flipkart.com/doctor-ortho-plus-comfy-women-slippers/p/itm61b085ba1f81c?pid=SFFGXMGGWEUGEBJ2&lid=LSTSFFGXMGGWEUGEBJ2QSEG3L&marketplace=FLIPKART&store=osp%2Fiko&srno=b_11_408&otracker=browse&fm=organic&iid=en_yzKT70zsUvLVIiVJzjcGD6y4PwfYgrFyB-JPR4zv0wBV60GQFWloDvfG9yWMtKKT3rXhk2D9Bvaw90zJAnnWbA%3D%3D&ppt=browse&ppn=browse&ssid=xkwuilrkog0000001768226554244
CAMPUS Women's Casual Shoes | Memory Insole with PilloFoam Comfort | Slip-On Casuals For Women - Buy CAMPUS Women's Casual Shoes | Memory Insole with PilloFoam Comfort | Slip-On Casuals For Women Online at Best Price - Shop Online for Footwears in India | Flipkart.com,"₹1,001",http://rukmini1.flixcart.com/image/300/300/xif0q/shoe/y/3/e/7-22l-953-7-campus-navy-stbry-pnk-original-imahhdgyqqdj5bzh.jpeg,https://www.flipkart.com/campus-women-s-casual-shoes-memory-insole-pillofoam-comfort-slip-on-casuals-women/p/itmf8332519e0eb8?pid=SHOHF5KZ8SWM7YGW&lid=LSTSHOHF5KZ8SWM7YGWL8KQI2&marketplace=FLIPKART&store=osp%2Fiko&srno=b_6_234&otracker=browse&fm=organic&iid=0a381c2d-9ed4-4919-9097-d81da66e9544.SHOHF5KZ8SWM7YGW.SEARCH&ppt=browse&ppn=browse&ssid=jtks0xz00w0000001768226479320
Flopsie Women TWO SOFT Comfortable Stylish Doctor Ortho | Adjustable Toe Hook Slippers - Buy Flopsie Women TWO SOFT Comfortable Stylish Doctor Ortho | Adjustable Toe Hook Slippers Online at Best Price - Shop Online for Footwears in India | Flipkart.com,₹206,http://rukmini1.flixcart.com/image/300/300/xif0q/slipper-flip-flop/r/u/s/8-new-035-pink-flopsie-pink-original-imahgepuf4s79zgr.jpeg,https://www.flipkart.com/flopsie-women-two-soft-comfortable-stylish-doctor-ortho-adjustable-toe-hook-slippers/p/itm2e9b435784dc1?pid=SFFH6U8TMGHHHHQ7&lid=LSTSFFH6U8TMGHHHHQ7EN3JLC&marketplace=FLIPKART&store=osp%2Fiko&srno=b_17_665&otracker=browse&fm=organic&iid=en_-1UVHzCH-jLPIUjhAaIh3CfP-_LzqvWxPxjV9QMLdvI4zaz6JoGsqdnb5tl6nHjzmI6hnaUEPzTWmOhDz2TOSA%3D%3D&ppt=browse&ppn=browse&ssid=vnotkb0e2o0000001768226647060
Fabbmate Fabbmate Casual Sports shoes White Sneakers for Women Girls White Shoes Sneakers For Women - Buy Fabbmate Fabbmate Casual Sports shoes White Sneakers for Women Girls White Shoes Sneakers For Women Online at Best Price - Shop Online for Footwears in India | Flipkart.com,₹430,http://rukmini1.flixcart.com/image/300/300/xif0q/shoe/y/o/8/-original-imahgybzagp4fb5z.jpeg,https://www.flipkart.com/fabbmate-casual-sports-shoes-white-sneakers-women-girls/p/itm13d239387dce2?pid=SHOH2W6ZB2MH2QGV&lid=LSTSHOH2W6ZB2MH2QGVK1DW0L&marketplace=FLIPKART&store=osp%2Fiko&srno=b_2_65&otracker=browse&fm=organic&iid=en_gTq8owYLy1hXM2xQT4S-bA2WPpROM5pB8HlXhKpC5ITB_YW6uOGX_-GSaky8wUGHmOPuDC5tKLvEquEpi6graw%3D%3D&ppt=browse&ppn=browse&ssid=w8w25ktupc0000001768226402885
RED TAPE Women's Athleisure Sports Shoes for Active Everyday Style Walking Shoes For Women - Buy RED TAPE Women's Athleisure Sports Shoes for Active Everyday Style Walking Shoes For Women Online at Best Price - Shop Online for Footwears in India | Flipkart.com,"₹1,097",http://rukmini1.flixcart.com/image/300/300/xif0q/shoe/v/q/c/-original-imahjhjny4eytrcj.jpeg,https://www.flipkart.com/red-tape-women-s-athleisure-sports-shoes-active-everyday-style-walking-women/p/itmb05ff265eedc4?pid=SHOHFMMNY3NH5RF7&lid=LSTSHOHFMMNY3NH5RF7STHW39&marketplace=FLIPKART&store=osp%2Fiko&srno=b_10_361&otracker=browse&fm=organic&iid=en_QgQ6nGD2rAj3cKP0gzxkX9VwQbY8QFRbQVtWwIS-YzQzx2hyLhGYoL528cNvZAW1-7L1X-9OBwHzqCShsssyifUFjCTyOHoHZs-Z5_PS_w0%3D&ppt=browse&ppn=browse&ssid=my7hzbekzk0000001768226539546
asian Casual Sneaker Shoes For Women | Stylish and Comfortable | FLORA-03 Sneakers For Women - Buy asian Casual Sneaker Shoes For Women | Stylish and Comfortable | FLORA-03 Sneakers For Women Online at Best Price - Shop Online for Footwears in India | Flipkart.com,₹729,http://rukmini1.flixcart.com/image/300/300/xif0q/shoe/2/p/k/-original-imahfgbuw7xuakth.jpeg,https://www.flipkart.com/asian-casual-sneaker-shoes-women-stylish-comfortable-flora-03-sneakers/p/itme0fe6e65ab0d1?pid=SHOH56AF7Q2E6CPT&lid=LSTSHOH56AF7Q2E6CPTH89BU9&marketplace=FLIPKART&store=osp%2Fiko&srno=b_5_163&otracker=browse&fm=organic&iid=dacca31e-67ab-42b6-a39c-2196d8d752b0.SHOH56AF7Q2E6CPT.SEARCH&ppt=browse&ppn=browse&ssid=39jjfmw7uo0000001768226462876
Flopsie Flopsie Premium Women Winter Sneaker MemoryFoam Gym & Casual Outdoor Sneakers For Women - Buy Flopsie Flopsie Premium Women Winter Sneaker MemoryFoam Gym & Casual Outdoor Sneakers For Women Online at Best Price - Shop Online for Footwears in India | Flipkart.com,₹364,http://rukmini1.flixcart.com/image/300/300/xif0q/shoe/9/t/d/7-ts-509-purple-7-flopsie-purple-original-imah77zfdu8nurgg.jpeg,https://www.flipkart.com/flopsie-premium-women-winter-sneaker-memoryfoam-gym-casual-outdoor-sneakers/p/itm07bfdd53efaed?pid=SHOH6T4HHMFRQGRH&lid=LSTSHOH6T4HHMFRQGRHDGRCUN&marketplace=FLIPKART&store=osp%2Fiko&srno=b_17_662&otracker=browse&fm=organic&iid=en_-1UVHzCH-jLPIUjhAaIh3CfP-_LzqvWxPxjV9QMLdvIHLwUOBk1wWDHXMustgcdUtZVm-iOpY4xMWw_K2NtjLw%3D%3D&ppt=browse&ppn=browse&ssid=vnotkb0e2o0000001768226647060
PUMA Zod Runner V3 Wn's Casuals For Women - Buy PUMA Zod Runner V3 Wn's Casuals For Women Online at Best Price - Shop Online for Footwears in India | Flipkart.com,"₹1,224",http://rukmini1.flixcart.com/image/300/300/xif0q/shoe/u/e/q/-original-imahjghrzrxyysg3.jpeg,https://www.flipkart.com/puma-zod-runner-v3-wn-s-casuals-women/p/itm9df6544ae0501?pid=SHOFUFGRZYZCP6BP&lid=LSTSHOFUFGRZYZCP6BPKAVMSH&marketplace=FLIPKART&store=osp%2Fiko&srno=b_19_742&otracker=browse&fm=organic&iid=en_mGV1yjXtWpAvBu-vSkfb7k6vQxCPvcS0YlxYkHZThtRHi0YxuZOEBIxk1OO4rBMXca5hY9JOvTULyXTfR0sNqoQEIsITtCzc4bHaOMTqL08%3D&ppt=browse&ppn=browse&ssid=3d4mzm90og0000001768226678442
TWO SOFT Women Combo Pack Of 2 Stylish Casual Light & Soft Comfortable Daily Wear Slippers - Buy TWO SOFT Women Combo Pack Of 2 Stylish Casual Light & Soft Comfortable Daily Wear Slippers Online at Best Price - Shop Online for Footwears in India | Flipkart.com,₹263,http://rukmini1.flixcart.com/image/300/300/xif0q/slipper-flip-flop/f/1/z/-original-imahftr8j3edee4f.jpeg,https://www.flipkart.com/two-soft-women-combo-pack-2-stylish-casual-light-comfortable-daily-wear-slippers/p/itm52d5fb8753745?pid=SFFGMBGHBKTXYZ3S&lid=LSTSFFGMBGHBKTXYZ3SOWUFV9&marketplace=FLIPKART&store=osp%2Fiko&srno=b_11_427&otracker=browse&fm=organic&iid=en_yzKT70zsUvLVIiVJzjcGD6y4PwfYgrFyB-JPR4zv0wDweM6PsrG_gZiihOfTsyGIaJpUs33UeDwjgaZTyn8YNA%3D%3D&ppt=browse&ppn=browse&ssid=xkwuilrkog0000001768226554244
TWO SOFT Women Women's Ortho Slippers Stylish Comfort Orthopedic for Pain Relief Slippers - Buy TWO SOFT Women Women's Ortho Slippers Stylish Comfort Orthopedic for Pain Relief Slippers Online at Best Price - Shop Online for Footwears in India | Flipkart.com,₹363,http://rukmini1.flixcart.com/image/300/300/xif0q/slipper-flip-flop/p/e/b/8-ts-052-grn-flopsie-green-original-imahh5cnpc3dv4sb.jpeg,https://www.flipkart.com/two-soft-women-women-s-ortho-slippers-stylish-comfort-orthopedic-pain-relief/p/itm4c771c09867d8?pid=SFFHH5CSEEEYGMAV&lid=LSTSFFHH5CSEEEYGMAVC7RVBX&marketplace=FLIPKART&store=osp%2Fiko&srno=b_18_714&otracker=browse&fm=organic&iid=5a1d23a5-08d7-4630-ac04-42a5e235080b.SFFHH5CSEEEYGMAV.SEARCH&ppt=browse&ppn=browse&ssid=kfeo5jgxww0000001768226663673
Flopsie Flopsie Premium Women Winter Sneaker MemoryFoam Gym & Casual Outdoor Sneakers For Women - Buy Flopsie Flopsie Premium Women Winter Sneaker MemoryFoam Gym & Casual Outdoor Sneakers For Women Online at Best Price - Shop Online for Footwears in India | Flipkart.com,₹364,http://rukmini1.flixcart.com/image/300/300/xif0q/shopsy-shoe/w/r/h/7-ts-506-pnk-7-two-soft-pink-original-imah5fvnghps5mfr.jpeg,https://www.flipkart.com/flopsie-premium-women-winter-sneaker-memoryfoam-gym-casual-outdoor-sneakers/p/itm07bfdd53efaed?pid=SHOH6T4HQVZKYMZH&lid=LSTSHOH6T4HQVZKYMZH2RH8E0&marketplace=FLIPKART&store=osp%2Fiko&srno=b_3_97&otracker=browse&fm=organic&iid=en_RAZjS9M4pbKu14UKMNDI4m6TFZJ_so7CIuKdOfWnqpCgouBlrJASHP8n8nXb1y5NOHNLAZ5aABZblqsk8brlAw%3D%3D&ppt=browse&ppn=browse&ssid=7of36l05000000001768226424463
Paragon Women Slippers - Buy Paragon Women Slippers Online at Best Price - Shop Online for Footwears in India | Flipkart.com,₹360,http://rukmini1.flixcart.com/image/300/300/xif0q/slipper-flip-flop/b/1/c/5-evk3418l-snd-paragon-beige-original-imahgchzfjervmne.jpeg,https://www.flipkart.com/paragon-women-slippers/p/itm891e036f0071b?pid=SFFH3PX7BFQNPESY&lid=LSTSFFH3PX7BFQNPESYAAR4L1&marketplace=FLIPKART&store=osp%2Fiko&srno=b_15_564&otracker=browse&fm=organic&iid=e6ebe926-2018-479d-b73a-c70125b560f3.SFFH3PX7BFQNPESY.SEARCH&ppt=browse&ppn=browse&ssid=4i65va4gdc0000001768226615069
CROCS Mellow Recovery Women Clogs - Buy CROCS Mellow Recovery Women Clogs Online at Best Price - Shop Online for Footwears in India | Flipkart.com,"₹3,597",http://rukmini1.flixcart.com/image/300/300/xif0q/sandal/z/8/m/-original-imah852hjxyq9qv3.jpeg,https://www.flipkart.com/crocs-mellow-recovery-women-clogs/p/itm36c4de2e4a01d?pid=SNDGX8HPCUZEQUJG&lid=LSTSNDGX8HPCUZEQUJGACRMKE&marketplace=FLIPKART&store=osp%2Fiko&srno=b_6_236&otracker=browse&fm=organic&iid=0a381c2d-9ed4-4919-9097-d81da66e9544.SNDGX8HPCUZEQUJG.SEARCH&ppt=browse&ppn=browse&ssid=jtks0xz00w0000001768226479320
Birde Women Clogs - Buy Birde Women Clogs Online at Best Price - Shop Online for Footwears in India | Flipkart.com,₹462,http://rukmini1.flixcart.com/image/300/300/xif0q/kids-sandal/d/z/b/5-brd-sn-1193-birde-original-imah4m3xexyjcc9m.jpeg,https://www.flipkart.com/birde-women-clogs/p/itm3e48cd2d6510e?pid=SNDHF6WWUCSXTBMH&lid=LSTSNDHF6WWUCSXTBMHE9DBL5&marketplace=FLIPKART&store=osp%2Fiko&srno=b_12_452&otracker=browse&fm=organic&iid=en_SHCTXva8iVexBQNCngpF_NuHHZdPLvMAdqHvpa5ye8kUDyTiJf4Ux0dWHhAxzBHi8fkKXhozWGEYJe9sWVVmKg%3D%3D&ppt=browse&ppn=browse&ssid=ecse3v9ai80000001768226569451
RED TAPE Women's Athleisure Sports Shoes for Active Everyday Style Walking Shoes For Women - Buy RED TAPE Women's Athleisure Sports Shoes for Active Everyday Style Walking Shoes For Women Online at Best Price - Shop Online for Footwears in India | Flipkart.com,"₹1,097",http://rukmini1.flixcart.com/image/300/300/xif0q/shoe/v/q/c/-original-imahjhjny4eytrcj.jpeg,https://www.flipkart.com/red-tape-women-s-athleisure-sports-shoes-active-everyday-style-walking-women/p/itmb05ff265eedc4?pid=SHOHFMMNY3NH5RF7&lid=LSTSHOHFMMNY3NH5RF7STHW39&marketplace=FLIPKART&store=osp%2Fiko&srno=b_6_202&otracker=browse&fm=organic&iid=en_FdZ7yfzNiLSuTZt3ug5zoWIjYKMzdeLPs-DtXUP-fn2ZVqVybR0a1lqFkLyAtu4PBHWujxpNK-wKj40vfSERWvUFjCTyOHoHZs-Z5_PS_w0%3D&ppt=browse&ppn=browse&ssid=jtks0xz00w0000001768226479320
VENDOZ HIGH HEEL SHOES Sneakers For Women - Buy VENDOZ HIGH HEEL SHOES Sneakers For Women Online at Best Price - Shop Online for Footwears in India | Flipkart.com,₹689,http://rukmini1.flixcart.com/image/300/300/xif0q/shoe/1/v/r/-original-imahgybz4ufmah2a.jpeg,https://www.flipkart.com/vendoz-high-heel-shoes-sneakers-women/p/itm496ebe97bd17e?pid=SHOGGGHPHYYNVYGJ&lid=LSTSHOGGGHPHYYNVYGJ9PDZYW&marketplace=FLIPKART&store=osp%2Fiko&srno=b_16_640&otracker=browse&fm=organic&iid=f851c3a1-fab8-4070-ad3d-84b4cbacc113.SHOGGGHPHYYNVYGJ.SEARCH&ppt=browse&ppn=browse&ssid=g8rc5k3vsw0000001768226631080
JUMPLITE Women Flats - Buy JUMPLITE Women Flats Online at Best Price - Shop Online for Footwears in India | Flipkart.com,₹473,http://rukmini1.flixcart.com/image/300/300/xif0q/sandal/q/e/r/-original-imahgyc4mgfrcgnr.jpeg,https://www.flipkart.com/jumplite-women-flats/p/itm5c593f279c394?pid=SNDHCHGKHNVZNSV8&lid=LSTSNDHCHGKHNVZNSV8JH14JX&marketplace=FLIPKART&store=osp%2Fiko&srno=b_9_352&otracker=browse&fm=organic&iid=en_jKiTE6Xmr9FQVVFK71OPaiDktBYzHs-QOOuNf_RPcUBoEzYHCzqtHKf8lHW9_XpZbIyirbWYPE69-M7T9401BA%3D%3D&ppt=browse&ppn=browse&ssid=xqf91pbbtc0000001768226524489
Flopsie Flopsie Premium Women Winter Sneaker MemoryFoam Gym & Casual Outdoor For Women - Buy Flopsie Flopsie Premium Women Winter Sneaker MemoryFoam Gym & Casual Outdoor For Women Online at Best Price - Shop Online for Footwears in India | Flipkart.com,₹272,http://rukmini1.flixcart.com/image/300/300/xif0q/shoe/p/c/b/8-ts-206-multi-8-flopsie-multi-original-imah6t4k5dhqpd8g.jpeg,https://www.flipkart.com/flopsie-premium-women-winter-sneaker-memoryfoam-gym-casual-outdoor/p/itmeac7a738693c9?pid=SHOH6T5VZQVCSWD8&lid=LSTSHOH6T5VZQVCSWD8UVLSTO&marketplace=FLIPKART&store=osp%2Fiko&srno=b_5_165&otracker=browse&fm=organic&iid=en_veuji5O5oxhJ0IBY-vJKNHnFzc2n3kvDK_Yl7nBJXWGIy5bPw5lEIdvJi-zQ2UOgpdUJNyI2YYu8Dec-SkV6cw%3D%3D&ppt=browse&ppn=browse&ssid=39jjfmw7uo0000001768226462876
ARKER Women Bellies - Buy ARKER Women Bellies Online at Best Price - Shop Online for Footwears in India | Flipkart.com,₹408,http://rukmini1.flixcart.com/image/300/300/xif0q/sandal/s/h/n/-original-imahftqrcyqwxchy.jpeg,https://www.flipkart.com/arker-women-bellies/p/itm21909b8ea9916?pid=SNDH38ACCBGUGFDM&lid=LSTSNDH38ACCBGUGFDMJRMYRG&marketplace=FLIPKART&store=osp%2Fiko&srno=b_17_674&otracker=browse&fm=organic&iid=a651fdd0-6b03-4c05-9376-7c1e494b32f5.SNDH38ACCBGUGFDM.SEARCH&ppt=browse&ppn=browse&ssid=vnotkb0e2o0000001768226647060
DUOSOFT Women Doctor Slipper|Super Soft|Orthopedic|Lightweight|Diabetic|Antiskid Slippers - Buy DUOSOFT Women Doctor Slipper|Super Soft|Orthopedic|Lightweight|Diabetic|Antiskid Slippers Online at Best Price - Shop Online for Footwears in India | Flipkart.com,₹208,http://rukmini1.flixcart.com/image/300/300/xif0q/slipper-flip-flop/r/s/w/-original-imahftr69adgjarz.jpeg,https://www.flipkart.com/duosoft-women-doctor-slipper-super-soft-orthopedic-lightweight-diabetic-antiskid-slippers/p/itm88fabafa76093?pid=SFFGP3EZGEGYSYTP&lid=LSTSFFGP3EZGEGYSYTPFGQ9QS&marketplace=FLIPKART&store=osp%2Fiko&srno=b_4_140&otracker=browse&fm=organic&iid=3d830cc9-e5ad-48ef-84c3-482f55642135.SFFGP3EZGEGYSYTP.SEARCH&ppt=browse&ppn=browse&ssid=e6nkya0vfk0000001768226446152
Birde Women Clogs - Buy Birde Women Clogs Online at Best Price - Shop Online for Footwears in India | Flipkart.com,₹453,http://rukmini1.flixcart.com/image/300/300/xif0q/sandal/s/y/4/-original-imahgyc5mvvgqrfj.jpeg,https://www.flipkart.com/birde-women-clogs/p/itme980a02719ccf?pid=SNDH448PXTDUWVH5&lid=LSTSNDH448PXTDUWVH55INUAR&marketplace=FLIPKART&store=osp%2Fiko&srno=b_6_231&otracker=browse&fm=organic&iid=en_FdZ7yfzNiLSuTZt3ug5zoWIjYKMzdeLPs-DtXUP-fn3wfetsHzMpu7FJQsdZdNsF3MOa39FfwXaMRxAdJmOWFA%3D%3D&ppt=browse&ppn=browse&ssid=jtks0xz00w0000001768226479320
PUMA Galaxis Pro Performance Boost Running Shoes For Women - Buy PUMA Galaxis Pro Performance Boost Running Shoes For Women Online at Best Price - Shop Online for Footwears in India | Flipkart.com,"₹3,500",http://rukmini1.flixcart.com/image/300/300/xif0q/shoe/s/q/u/-original-imahgveg4z744p7h.jpeg,https://www.flipkart.com/puma-galaxis-pro-performance-boost-running-shoes-women/p/itmf3edf9a360bf4?pid=SHOH95Z3QTPMGGNN&lid=LSTSHOH95Z3QTPMGGNN4O9DZO&marketplace=FLIPKART&store=osp%2Fiko&srno=b_15_597&otracker=browse&fm=organic&iid=en_vXCl6X7Zoly2o-ZSBHC_VUkVU5Ea8NIcliS224j0uaJE57rZAB99wvWLo8Q3CHqOatQJQurtxXRqKMny1UStgOI7uWi7bi3WLqk6JF-UYDE%3D&ppt=browse&ppn=browse&ssid=4i65va4gdc0000001768226615069
PUMA Galaxis Pro Performance Boost Running Shoes For Women - Buy PUMA Galaxis Pro Performance Boost Running Shoes For Women Online at Best Price - Shop Online for Footwears in India | Flipkart.com,"₹3,500",http://rukmini1.flixcart.com/image/300/300/xif0q/shoe/s/q/u/-original-imahgveg4z744p7h.jpeg,https://www.flipkart.com/puma-galaxis-pro-performance-boost-running-shoes-women/p/itmf3edf9a360bf4?pid=SHOH95Z3QTPMGGNN&lid=LSTSHOH95Z3QTPMGGNN4O9DZO&marketplace=FLIPKART&store=osp%2Fiko&srno=b_19_758&otracker=browse&fm=organic&iid=en_mGV1yjXtWpAvBu-vSkfb7k6vQxCPvcS0YlxYkHZThtSq7tO20OlBy6TkZHW6I3uEOnkVsIL_iyABIZUFTde6ooE8waCTrWcncKeK_ydPfoM%3D&ppt=browse&ppn=browse&ssid=3d4mzm90og0000001768226678442
Deals4you Sneakers For Women - Buy Deals4you Sneakers For Women Online at Best Price - Shop Online for Footwears in India | Flipkart.com,₹422,http://rukmini1.flixcart.com/image/300/300/xif0q/shoe/l/5/s/6-1326-pnk-blk-6-deals4you-white-pink-blk-original-imahgzgnjbfmpz65.jpeg,https://www.flipkart.com/deals4you-sneakers-women/p/itm6dd0e5a6dc9f6?pid=SHOGRW7NPGUFMMBW&lid=LSTSHOGRW7NPGUFMMBWZHX9UN&marketplace=FLIPKART&store=osp%2Fiko&srno=b_9_331&otracker=browse&fm=organic&iid=en_jKiTE6Xmr9FQVVFK71OPaiDktBYzHs-QOOuNf_RPcUBHuMami6ZwRAhB2JNI4OLpMZXSli_EGJcqBOZgbR7qTg%3D%3D&ppt=browse&ppn=browse&ssid=xqf91pbbtc0000001768226524489
TRYME Women Bellies - Buy TRYME Women Bellies Online at Best Price - Shop Online for Footwears in India | Flipkart.com,₹767,http://rukmini1.flixcart.com/image/300/300/xif0q/sandal/r/u/k/-original-imahesydg4zmy48v.jpeg,https://www.flipkart.com/tryme-women-bellies/p/itme4f09d8127d6a?pid=SNDGZXCGMTHMRXPF&lid=LSTSNDGZXCGMTHMRXPFEGHABR&marketplace=FLIPKART&store=osp%2Fiko&srno=b_4_130&otracker=browse&fm=organic&iid=3d830cc9-e5ad-48ef-84c3-482f55642135.SNDGZXCGMTHMRXPF.SEARCH&ppt=browse&ppn=browse&ssid=e6nkya0vfk0000001768226446152
Flopsie Women TWO SOFT Comfortable Stylish Doctor Ortho | Adjustable Toe Hook Slippers - Buy Flopsie Women TWO SOFT Comfortable Stylish Doctor Ortho | Adjustable Toe Hook Slippers Online at Best Price - Shop Online for Footwears in India | Flipkart.com,₹206,http://rukmini1.flixcart.com/image/300/300/xif0q/slipper-flip-flop/r/u/s/8-new-035-pink-flopsie-pink-original-imahgepuf4s79zgr.jpeg,https://www.flipkart.com/flopsie-women-two-soft-comfortable-stylish-doctor-ortho-adjustable-toe-hook-slippers/p/itm2e9b435784dc1?pid=SFFH6U8TMGHHHHQ7&lid=LSTSFFH6U8TMGHHHHQ7EN3JLC&marketplace=FLIPKART&store=osp%2Fiko&srno=b_16_627&otracker=browse&fm=organic&iid=en_r6jE2bFuVoC3-Xm07u_rlTuKR8b77BFlQp2ofdjatrCyPUTTselEUczi2fjvnEXTcLkIqa5zItZ2x_vV9LQqNw%3D%3D&ppt=browse&ppn=browse&ssid=g8rc5k3vsw0000001768226631080
,,,https://www.flipkart.com/mcr-health-care-women-slippers/p/itm623d05bb12df3?pid=SFFH33QXCZRK2GSQ&lid=LSTSFFH33QXCZRK2GSQ2PR4GC&marketplace=FLIPKART&store=osp%2Fiko&srno=b_15_563&otracker=browse&fm=organic&iid=e6ebe926-2018-479d-b73a-c70125b560f3.SFFH33QXCZRK2GSQ.SEARCH&ppt=browse&ppn=browse&ssid=4i65va4gdc0000001768226615069
FIT O FIT Women Flat Soft Ortho Diabetic Orthopaedic Dr. Flip Flops For Women's Flip Flops - Buy FIT O FIT Women Flat Soft Ortho Diabetic Orthopaedic Dr. Flip Flops For Women's Flip Flops Online at Best Price - Shop Online for Footwears in India | Flipkart.com,₹267,http://rukmini1.flixcart.com/image/300/300/xif0q/slipper-flip-flop/j/i/a/-original-imahftsfnpeju3ht.jpeg,https://www.flipkart.com/fit-o-women-flat-soft-ortho-diabetic-orthopaedic-dr-flip-flops-women-s/p/itm8ae748c15782d?pid=SFFFSXSQBCZY6GZW&lid=LSTSFFFSXSQBCZY6GZWRWETVM&marketplace=FLIPKART&store=osp%2Fiko&srno=b_11_433&otracker=browse&fm=organic&iid=d9f69b20-3523-485c-a484-27a8b56a461d.SFFFSXSQBCZY6GZW.SEARCH&ppt=browse&ppn=browse&ssid=xkwuilrkog0000001768226554244
,,,https://www.flipkart.com/t-rock-sneakers-women/p/itmcde580b75316f?pid=SHOHE9SJAPZMGFXH&lid=LSTSHOHE9SJAPZMGFXHRIWGNR&marketplace=FLIPKART&store=osp%2Fiko&srno=b_3_117&otracker=browse&fm=organic&iid=en_RAZjS9M4pbKu14UKMNDI4m6TFZJ_so7CIuKdOfWnqpAQ6_R7fRKl1Ku7QPI9Zwfryuo40dsEOR2z6bJcOWuAUA%3D%3D&ppt=browse&ppn=browse&ssid=7of36l05000000001768226424463
Fabbmate Fabbmate Casual Sports shoes White Sneakers for Women Girls White Shoes Sneakers For Women - Buy Fabbmate Fabbmate Casual Sports shoes White Sneakers for Women Girls White Shoes Sneakers For Women Online at Best Price - Shop Online for Footwears in India | Flipkart.com,₹430,http://rukmini1.flixcart.com/image/300/300/xif0q/shoe/y/o/8/-original-imahgybzagp4fb5z.jpeg,https://www.flipkart.com/fabbmate-casual-sports-shoes-white-sneakers-women-girls/p/itm13d239387dce2?pid=SHOH2W6ZB2MH2QGV&lid=LSTSHOH2W6ZB2MH2QGVK1DW0L&marketplace=FLIPKART&store=osp%2Fiko&srno=b_13_497&otracker=browse&fm=organic&iid=en_oTiHhq5sCa4wyoPUe1Jja7z0X67n8q4OQWl7fgPeTTqFqhQZOVd72SHrfpJgRQH-ztiVtiOnagEm7h_u9ICJFw%3D%3D&ppt=browse&ppn=browse&ssid=q7vp90axtc0000001768226586549
Abros SHIRA Running Shoes For Women - Buy Abros SHIRA Running Shoes For Women Online at Best Price - Shop Online for Footwears in India | Flipkart.com,₹779,http://rukmini1.flixcart.com/image/300/300/xif0q/shoe/j/g/l/-original-imahfhpukgfgmdgm.jpeg,https://www.flipkart.com/abros-shira-running-shoes-women/p/itmb9ccde00b3a13?pid=SHOHF9J96UDJZBEG&lid=LSTSHOHF9J96UDJZBEGO75BNK&marketplace=FLIPKART&store=osp%2Fiko&srno=b_1_21&otracker=browse&fm=organic&iid=en_Z7IyGFzCQO8WtPj1yaORbO1Lm7-B6HNHu2MwJuRzvuAjidpMwtfYxGMlSsAm3XXplj1-HrWaK2lm2vsn13z0rGVkv0XZFiOX7bbXdlao_f8%3D&ppt=None&ppn=None&ssid=uekt84okeo0000001768226382861
PUMA Running Shoes For Women - Buy PUMA Running Shoes For Women Online at Best Price - Shop Online for Footwears in India | Flipkart.com,"₹2,479",http://rukmini1.flixcart.com/image/300/300/xif0q/shoe/6/r/m/-original-imahjhjjeygqntr6.jpeg,https://www.flipkart.com/puma-running-shoes-women/p/itm5690c4c6ac5b4?pid=SHOHDMMYGKFMGCKX&lid=LSTSHOHDMMYGKFMGCKXINR06P&marketplace=FLIPKART&store=osp%2Fiko&srno=b_15_567&otracker=browse&fm=organic&iid=en_vXCl6X7Zoly2o-ZSBHC_VUkVU5Ea8NIcliS224j0uaLJIc8bTKA3zq39INHURs6uNVsoN95JrgREGTnZ8j6t2g%3D%3D&ppt=browse&ppn=browse&ssid=4i65va4gdc0000001768226615069
Miss beauty Jutis For Women - Buy Miss beauty Jutis For Women Online at Best Price - Shop Online for Footwears in India | Flipkart.com,₹246,http://rukmini1.flixcart.com/image/300/300/xif0q/shoe/l/d/s/-original-imahg24yxhyxhurn.jpeg,https://www.flipkart.com/miss-beauty-jutis-women/p/itm01cdf0c5eb1b5?pid=SHOGXCF5GKBRPMQZ&lid=LSTSHOGXCF5GKBRPMQZKBLFFU&marketplace=FLIPKART&store=osp%2Fiko&srno=b_10_364&otracker=browse&fm=organic&iid=4ad595d9-2879-4175-951e-b6349d2847c2.SHOGXCF5GKBRPMQZ.SEARCH&ppt=browse&ppn=browse&ssid=my7hzbekzk0000001768226539546
RAVIS Wrinkle patent Heel Slip On For Women - Buy RAVIS Wrinkle patent Heel Slip On For Women Online at Best Price - Shop Online for Footwears in India | Flipkart.com,₹400,http://rukmini1.flixcart.com/image/300/300/xif0q/shoe/e/e/y/6-wrinkle-patent-heel-6-ravis-black-original-imahjdbbtjczqrhh.jpeg,https://www.flipkart.com/ravis-wrinkle-patent-heel-slip-women/p/itm6c8931fe4f7a2?pid=SHOHJDBBSGHXUZPC&lid=LSTSHOHJDBBSGHXUZPCMJRWQR&marketplace=FLIPKART&store=osp%2Fiko&srno=b_12_443&otracker=browse&fm=organic&iid=3beba5be-cff5-4b74-8ac4-2f92765b4e5d.SHOHJDBBSGHXUZPC.SEARCH&ppt=browse&ppn=browse&ssid=ecse3v9ai80000001768226569451
Birde Women Clogs - Buy Birde Women Clogs Online at Best Price - Shop Online for Footwears in India | Flipkart.com,₹462,http://rukmini1.flixcart.com/image/300/300/xif0q/kids-sandal/d/z/b/5-brd-sn-1193-birde-original-imah4m3xexyjcc9m.jpeg,https://www.flipkart.com/birde-women-clogs/p/itm3e48cd2d6510e?pid=SNDHF6WWUCSXTBMH&lid=LSTSNDHF6WWUCSXTBMHE9DBL5&marketplace=FLIPKART&store=osp%2Fiko&srno=b_8_298&otracker=browse&fm=organic&iid=en_EEM0Z8bU_Rhw0iEruWD7IknRK1asvTkmmjvzvzdwOpS7xx9UZtlQJS1V5wy_MwNpS6qtdjSFU9Zg4J3AqaVwQg%3D%3D&ppt=browse&ppn=browse&ssid=2go0snlczk0000001768226510439
JUMPLITE Women Flats - Buy JUMPLITE Women Flats Online at Best Price - Shop Online for Footwears in India | Flipkart.com,₹473,http://rukmini1.flixcart.com/image/300/300/xif0q/sandal/q/e/r/-original-imahgyc4mgfrcgnr.jpeg,https://www.flipkart.com/jumplite-women-flats/p/itm5c593f279c394?pid=SNDHCHGKHNVZNSV8&lid=LSTSNDHCHGKHNVZNSV8JH14JX&marketplace=FLIPKART&store=osp%2Fiko&srno=b_6_235&otracker=browse&fm=organic&iid=en_FdZ7yfzNiLSuTZt3ug5zoWIjYKMzdeLPs-DtXUP-fn0Xb-eeYxJfyNrFt6oZWRCXrxm2xvAyfCTlUVeXLICShQ%3D%3D&ppt=browse&ppn=browse&ssid=jtks0xz00w0000001768226479320
Flopsie Flopsie Women Winter Stylish Comfortable Bellies for Women & Girl Loafers For Women - Buy Flopsie Flopsie Women Winter Stylish Comfortable Bellies for Women & Girl Loafers For Women Online at Best Price - Shop Online for Footwears in India | Flipkart.com,₹364,http://rukmini1.flixcart.com/image/300/300/xif0q/shoe/d/d/a/4-ts-304-blu-4-flopsie-blue-original-imahhq9urdh9ghap.jpeg,https://www.flipkart.com/flopsie-women-winter-stylish-comfortable-bellies-girl-loafers/p/itm173c2f56238cf?pid=SHOH6T6ZQGH6GY7W&lid=LSTSHOH6T6ZQGH6GY7W3VD0IQ&marketplace=FLIPKART&store=osp%2Fiko&srno=b_9_355&otracker=browse&fm=organic&iid=en_jKiTE6Xmr9FQVVFK71OPaiDktBYzHs-QOOuNf_RPcUAI5Q9dv2QsOCqlZGXktjQaXpyaaHd2kardrFgSA_LOrQ%3D%3D&ppt=browse&ppn=browse&ssid=xqf91pbbtc0000001768226524489
Layasa Women Flip Flops - Buy Layasa Women Flip Flops Online at Best Price - Shop Online for Footwears in India | Flipkart.com,₹298,http://rukmini1.flixcart.com/image/300/300/xif0q/slipper-flip-flop/x/u/r/-original-imahfz7nhxx7dvby.jpeg,https://www.flipkart.com/layasa-women-flip-flops/p/itm68f1daadb6adf?pid=SFFGXHJ9NXMYNBDY&lid=LSTSFFGXHJ9NXMYNBDYNPG2NY&marketplace=FLIPKART&store=osp%2Fiko&srno=b_9_344&otracker=browse&fm=organic&iid=dbcc83ce-aca9-4f02-99f6-46c63dc65f87.SFFGXHJ9NXMYNBDY.SEARCH&ppt=browse&ppn=browse&ssid=xqf91pbbtc0000001768226524489
Svaar Women Clogs - Buy Svaar Women Clogs Online at Best Price - Shop Online for Footwears in India | Flipkart.com,₹499,http://rukmini1.flixcart.com/image/300/300/xif0q/sandal/x/e/z/5-svr1125kbrv-5-svaar-pure-white-original-imah74zsm3hqxgmb.jpeg,https://www.flipkart.com/svaar-women-clogs/p/itmc27e09582768e?pid=SNDH6WHX2UHNGE8S&lid=LSTSNDH6WHX2UHNGE8SUKOT3A&marketplace=FLIPKART&store=osp%2Fiko&srno=b_9_351&otracker=browse&fm=organic&iid=en_jKiTE6Xmr9FQVVFK71OPaiDktBYzHs-QOOuNf_RPcUAG8pwr5FnrpN3zcdHvgBzGYpNkQJoZXBoVc7UuLraGZg%3D%3D&ppt=browse&ppn=browse&ssid=xqf91pbbtc0000001768226524489
Flopsie Flopsie Premium Women Winter Sneaker MemoryFoam Gym & Casual Outdoor For Women - Buy Flopsie Flopsie Premium Women Winter Sneaker MemoryFoam Gym & Casual Outdoor For Women Online at Best Price - Shop Online for Footwears in India | Flipkart.com,₹272,http://rukmini1.flixcart.com/image/300/300/xif0q/shoe/p/c/b/8-ts-206-multi-8-flopsie-multi-original-imah6t4k5dhqpd8g.jpeg,https://www.flipkart.com/flopsie-premium-women-winter-sneaker-memoryfoam-gym-casual-outdoor/p/itmeac7a738693c9?pid=SHOH6T5VZQVCSWD8&lid=LSTSHOH6T5VZQVCSWD8UVLSTO&marketplace=FLIPKART&store=osp%2Fiko&srno=b_8_285&otracker=browse&fm=organic&iid=en_EEM0Z8bU_Rhw0iEruWD7IknRK1asvTkmmjvzvzdwOpStcwK7In8dX5ajYcWPzG7zpdUJNyI2YYu8Dec-SkV6cw%3D%3D&ppt=browse&ppn=browse&ssid=2go0snlczk0000001768226510439
Svaar Women Clogs - Buy Svaar Women Clogs Online at Best Price - Shop Online for Footwears in India | Flipkart.com,₹499,http://rukmini1.flixcart.com/image/300/300/xif0q/sandal/x/e/z/5-svr1125kbrv-5-svaar-pure-white-original-imah74zsm3hqxgmb.jpeg,https://www.flipkart.com/svaar-women-clogs/p/itmc27e09582768e?pid=SNDH6WHX2UHNGE8S&lid=LSTSNDH6WHX2UHNGE8SUKOT3A&marketplace=FLIPKART&store=osp%2Fiko&srno=b_16_635&otracker=browse&fm=organic&iid=en_r6jE2bFuVoC3-Xm07u_rlTuKR8b77BFlQp2ofdjatrDazV6-Un7jBOSGPkQRyluvZe_pTkaPkuzhGwEDQ2oPpQ%3D%3D&ppt=browse&ppn=browse&ssid=g8rc5k3vsw0000001768226631080
Birde Women Clogs - Buy Birde Women Clogs Online at Best Price - Shop Online for Footwears in India | Flipkart.com,₹462,http://rukmini1.flixcart.com/image/300/300/xif0q/kids-sandal/d/z/b/5-brd-sn-1193-birde-original-imah4m3xexyjcc9m.jpeg,https://www.flipkart.com/birde-women-clogs/p/itm3e48cd2d6510e?pid=SNDHF6WWUCSXTBMH&lid=LSTSNDHF6WWUCSXTBMHE9DBL5&marketplace=FLIPKART&store=osp%2Fiko&srno=b_16_621&otracker=browse&fm=organic&iid=en_r6jE2bFuVoC3-Xm07u_rlTuKR8b77BFlQp2ofdjatrAhN-VEKqpZCnLnKQcWvfC6XRNYlvG7dpQm2Us8scxJYQ%3D%3D&ppt=browse&ppn=browse&ssid=g8rc5k3vsw0000001768226631080
Fabbmate Fabbmate Casual Sports shoes White Sneakers for Women Girls White Shoes Sneakers For Women - Buy Fabbmate Fabbmate Casual Sports shoes White Sneakers for Women Girls White Shoes Sneakers For Women Online at Best Price - Shop Online for Footwears in India | Flipkart.com,₹430,http://rukmini1.flixcart.com/image/300/300/xif0q/shoe/y/o/8/-original-imahgybzagp4fb5z.jpeg,https://www.flipkart.com/fabbmate-casual-sports-shoes-white-sneakers-women-girls/p/itm13d239387dce2?pid=SHOH2W6ZB2MH2QGV&lid=LSTSHOH2W6ZB2MH2QGVK1DW0L&marketplace=FLIPKART&store=osp%2Fiko&srno=b_18_695&otracker=browse&fm=organic&iid=en_NTAPhKckpBzXDWfOGFjUWzRzaPcflmG2rU7-fo2H0qyRG9nh6dEqixY8npnGmdiOkF-1EXPxV7RbgIs736jvkw%3D%3D&ppt=browse&ppn=browse&ssid=kfeo5jgxww0000001768226663673
PUMA Zod Runner V3 Wn's Casuals For Women - Buy PUMA Zod Runner V3 Wn's Casuals For Women Online at Best Price - Shop Online for Footwears in India | Flipkart.com,"₹1,224",http://rukmini1.flixcart.com/image/300/300/xif0q/shoe/u/e/q/-original-imahjghrzrxyysg3.jpeg,https://www.flipkart.com/puma-zod-runner-v3-wn-s-casuals-women/p/itm9df6544ae0501?pid=SHOFUFGRZYZCP6BP&lid=LSTSHOFUFGRZYZCP6BPKAVMSH&marketplace=FLIPKART&store=osp%2Fiko&srno=b_15_587&otracker=browse&fm=organic&iid=en_vXCl6X7Zoly2o-ZSBHC_VUkVU5Ea8NIcliS224j0uaJLG5hB9AQgTw6OWM08f1V_ca5hY9JOvTULyXTfR0sNquo15S0a61Wzzbg3qNOknKY%3D&ppt=browse&ppn=browse&ssid=4i65va4gdc0000001768226615069
Layasa Womens And Girls Multicolor Casual Sneakers For Women - Buy Layasa Womens And Girls Multicolor Casual Sneakers For Women Online at Best Price - Shop Online for Footwears in India | Flipkart.com,₹469,http://rukmini1.flixcart.com/image/300/300/xif0q/shoe/j/t/i/3-ldf2095-3-layasa-mlt-original-imagzrmnahbkratt.jpeg,https://www.flipkart.com/layasa-womens-girls-multicolor-casual-sneakers-women/p/itm2ca8a03be250a?pid=SHOGZRMYMYT7MHHB&lid=LSTSHOGZRMYMYT7MHHBSWFVPP&marketplace=FLIPKART&store=osp%2Fiko&srno=b_12_455&otracker=browse&fm=organic&iid=en_SHCTXva8iVexBQNCngpF_NuHHZdPLvMAdqHvpa5ye8lK05EW1iekvdAUjmK5jZMou_kVkn2mGMQoTSKrTUTcpQ%3D%3D&ppt=browse&ppn=browse&ssid=ecse3v9ai80000001768226569451
"asian Cute sports shoes for women | Running shoes for girls stylish latest design new fashion | casual sneakers for ladies | Lace up Lightweight peach shoes for jogging, walking, gym & party Running Shoes For Women - Buy asian Cute sports shoes for women | Running shoes for girls stylish latest design new fashion | casual sneakers for ladies | Lace up Lightweight peach shoes for jogging, walking, gym & party Running Shoes For Women Online at Best Price - Shop Online for Footwears in India | Flipkart.com",₹704,http://rukmini1.flixcart.com/image/300/300/xif0q/shoe/h/q/d/7-cutecgrypeach-7-asian-peach-original-imah3pt7ynzpztwy.jpeg,https://www.flipkart.com/asian-cute-sports-shoes-women-running-girls-stylish-latest-design-new-fashion-casual-sneakers-ladies-lace-up-lightweight-peach-jogging-walking-gym-party/p/itmb152f91cc5259?pid=SHOFMY6JKHJCCHTA&lid=LSTSHOFMY6JKHJCCHTA4WSAJE&marketplace=FLIPKART&store=osp%2Fiko&srno=b_8_313&otracker=browse&fm=organic&iid=79f2c90c-e0c0-4aba-9a8f-665fed88ffe8.SHOFMY6JKHJCCHTA.SEARCH&ppt=browse&ppn=browse&ssid=2go0snlczk0000001768226510439
BERSACHE Women Clogs - Buy BERSACHE Women Clogs Online at Best Price - Shop Online for Footwears in India | Flipkart.com,₹258,http://rukmini1.flixcart.com/image/300/300/xif0q/sandal/9/l/k/-original-imahgybxf8gzn6md.jpeg,https://www.flipkart.com/bersache-women-clogs/p/itm3eb5a65d62464?pid=SNDGZJ9XKMGN8D2W&lid=LSTSNDGZJ9XKMGN8D2WUIQRS8&marketplace=FLIPKART&store=osp%2Fiko&srno=b_8_284&otracker=browse&fm=organic&iid=79f2c90c-e0c0-4aba-9a8f-665fed88ffe8.SNDGZJ9XKMGN8D2W.SEARCH&ppt=browse&ppn=browse&ssid=2go0snlczk0000001768226510439
Layasa Womens And Girls Multicolor Casual Sneakers For Women - Buy Layasa Womens And Girls Multicolor Casual Sneakers For Women Online at Best Price - Shop Online for Footwears in India | Flipkart.com,₹469,http://rukmini1.flixcart.com/image/300/300/xif0q/shoe/j/t/i/3-ldf2095-3-layasa-mlt-original-imagzrmnahbkratt.jpeg,https://www.flipkart.com/layasa-womens-girls-multicolor-casual-sneakers-women/p/itm2ca8a03be250a?pid=SHOGZRMYMYT7MHHB&lid=LSTSHOGZRMYMYT7MHHBSWFVPP&marketplace=FLIPKART&store=osp%2Fiko&srno=b_18_691&otracker=browse&fm=organic&iid=en_NTAPhKckpBzXDWfOGFjUWzRzaPcflmG2rU7-fo2H0qxIdAj3-eaGAvlN2q9D6OD9r6qqbOo72JUBmcc6ykdX3A%3D%3D&ppt=browse&ppn=browse&ssid=kfeo5jgxww0000001768226663673
MISTWALK Women Bellies - Buy MISTWALK Women Bellies Online at Best Price - Shop Online for Footwears in India | Flipkart.com,₹360,http://rukmini1.flixcart.com/image/300/300/xif0q/sandal/2/4/g/4-200-itsliger-37-bl-its-liger-black-original-imahae2hgcfyaz5n.jpeg,https://www.flipkart.com/mistwalk-women-bellies/p/itm8fd6200b7689a?pid=SNDHG3REDEZUGKBA&lid=LSTSNDHG3REDEZUGKBA0JXQKH&marketplace=FLIPKART&store=osp%2Fiko&srno=b_17_680&otracker=browse&fm=organic&iid=a651fdd0-6b03-4c05-9376-7c1e494b32f5.SNDHG3REDEZUGKBA.SEARCH&ppt=browse&ppn=browse&ssid=vnotkb0e2o0000001768226647060
K' Footlance Stylish Casual Sports Shoe Sneakers For Women Sneakers For Women - Buy K' Footlance Stylish Casual Sports Shoe Sneakers For Women Sneakers For Women Online at Best Price - Shop Online for Footwears in India | Flipkart.com,₹366,http://rukmini1.flixcart.com/image/300/300/xif0q/shoe/b/n/y/-original-imahftqubbg8dwwr.jpeg,https://www.flipkart.com/k-footlance-stylish-casual-sports-shoe-sneakers-women/p/itmf7e2f97fde84d?pid=SHOGHKNQFKXDYET4&lid=LSTSHOGHKNQFKXDYET4CZVX2C&marketplace=FLIPKART&store=osp%2Fiko&srno=b_3_120&otracker=browse&fm=organic&iid=9895b54a-05d8-4486-a10f-6b2521abf21a.SHOGHKNQFKXDYET4.SEARCH&ppt=browse&ppn=browse&ssid=7of36l05000000001768226424463
,,,https://www.flipkart.com/shoestail-women-heels/p/itm0730ba5e5592c?pid=SNDH4YY5GSVQFEKK&lid=LSTSNDH4YY5GSVQFEKKW1U2DG&marketplace=FLIPKART&store=osp%2Fiko&srno=b_10_383&otracker=browse&fm=organic&iid=4ad595d9-2879-4175-951e-b6349d2847c2.SNDH4YY5GSVQFEKK.SEARCH&ppt=browse&ppn=browse&ssid=my7hzbekzk0000001768226539546
STYRAFEET Women Flats - Buy STYRAFEET Women Flats Online at Best Price - Shop Online for Footwears in India | Flipkart.com,₹247,http://rukmini1.flixcart.com/image/300/300/kbnz8nk0/sandal/x/e/m/jlaser-br-03-36-jsstyle-brown-original-imafsyxzwc8rrtxu.jpeg,https://www.flipkart.com/styrafeet-women-flats/p/itm6dd7244fa536d?pid=SNDGWFM7BGEUB2VG&lid=LSTSNDGWFM7BGEUB2VGTQIRUK&marketplace=FLIPKART&store=osp%2Fiko&srno=b_6_240&otracker=browse&fm=organic&iid=0a381c2d-9ed4-4919-9097-d81da66e9544.SNDGWFM7BGEUB2VG.SEARCH&ppt=browse&ppn=browse&ssid=jtks0xz00w0000001768226479320
TRYME Women Heels - Buy TRYME Women Heels Online at Best Price - Shop Online for Footwears in India | Flipkart.com,₹682,http://rukmini1.flixcart.com/image/300/300/xif0q/sandal/f/8/s/4-6amnhl1168-new4-tryme-black-original-imahbfpzvjwqkan5.jpeg,https://www.flipkart.com/tryme-women-heels/p/itm2eca25257fe6e?pid=SNDGY5WZQBZJJETK&lid=LSTSNDGY5WZQBZJJETKOLEZMB&marketplace=FLIPKART&store=osp%2Fiko&srno=b_1_39&otracker=browse&fm=organic&iid=27a448ff-87bd-4ea6-984d-908d0a814445.SNDGY5WZQBZJJETK.SEARCH&ppt=None&ppn=None&ssid=uekt84okeo0000001768226382861
Deals4you Sneakers For Women - Buy Deals4you Sneakers For Women Online at Best Price - Shop Online for Footwears in India | Flipkart.com,₹423,http://rukmini1.flixcart.com/image/300/300/xif0q/shopsy-shoe/4/o/r/6-875-mlt-6-deals4you-multi-original-imahgucfjdknvu92.jpeg,https://www.flipkart.com/deals4you-sneakers-women/p/itmfe58f4b5b1425?pid=SHOGGFYT7PGH5WEP&lid=LSTSHOGGFYT7PGH5WEPXFX1TT&marketplace=FLIPKART&store=osp%2Fiko&srno=b_18_697&otracker=browse&fm=organic&iid=en_NTAPhKckpBzXDWfOGFjUWzRzaPcflmG2rU7-fo2H0qzxu6ReQ73eIc12BPr_hikH0bNlShRlHBP9zAaQPJ93jg%3D%3D&ppt=browse&ppn=browse&ssid=kfeo5jgxww0000001768226663673
T-ROCK Sneakers For Women - Buy T-ROCK Sneakers For Women Online at Best Price - Shop Online for Footwears in India | Flipkart.com,₹426,http://rukmini1.flixcart.com/image/300/300/xif0q/shoe/0/b/f/3-11331-wt-3-t-rock-white-original-imahe9sfqg9upxe7.jpeg,https://www.flipkart.com/t-rock-sneakers-women/p/itmcde580b75316f?pid=SHOHE9SJAPZMGFXH&lid=LSTSHOHE9SJAPZMGFXHRIWGNR&marketplace=FLIPKART&store=osp%2Fiko&srno=b_4_158&otracker=browse&fm=organic&iid=en_0D43y1Gkov2fa4f2QX2QfRL0_YJcqARvUPQbUbgzRN46aJC9LiAtS4DwMo4PGYIBj4FLwqQmhTEKm3LzM1GyuQ%3D%3D&ppt=browse&ppn=browse&ssid=e6nkya0vfk0000001768226446152
ZenG Men Casual Shoes Lightweight Flyknit Upper Slip on Shoes Sneakers For Women - Buy ZenG Men Casual Shoes Lightweight Flyknit Upper Slip on Shoes Sneakers For Women Online at Best Price - Shop Online for Footwears in India | Flipkart.com,₹439,http://rukmini1.flixcart.com/image/300/300/xif0q/shoe/q/a/y/4-brd-961-zeng-grey-original-imah8thb7znytcbd.jpeg,https://www.flipkart.com/zeng-men-casual-shoes-lightweight-flyknit-upper-slip-sneakers-women/p/itm765fe71b3a182?pid=SHOH8THC7CUHCCPP&lid=LSTSHOH8THC7CUHCCPPOVLTYK&marketplace=FLIPKART&store=osp%2Fiko&srno=b_17_670&otracker=browse&fm=organic&iid=a651fdd0-6b03-4c05-9376-7c1e494b32f5.SHOH8THC7CUHCCPP.SEARCH&ppt=browse&ppn=browse&ssid=vnotkb0e2o0000001768226647060
Flopsie Women TWO SOFT Comfortable Stylish Doctor Ortho | Adjustable Toe Hook Slippers - Buy Flopsie Women TWO SOFT Comfortable Stylish Doctor Ortho | Adjustable Toe Hook Slippers Online at Best Price - Shop Online for Footwears in India | Flipkart.com,₹206,http://rukmini1.flixcart.com/image/300/300/xif0q/slipper-flip-flop/r/u/s/8-new-035-pink-flopsie-pink-original-imahgepuf4s79zgr.jpeg,https://www.flipkart.com/flopsie-women-two-soft-comfortable-stylish-doctor-ortho-adjustable-toe-hook-slippers/p/itm2e9b435784dc1?pid=SFFH6U8TMGHHHHQ7&lid=LSTSFFH6U8TMGHHHHQ7EN3JLC&marketplace=FLIPKART&store=osp%2Fiko&srno=b_7_262&otracker=browse&fm=organic&iid=en_AGnRzahflnjrzyGSofhuYuObKQCu69iMSBfo6h9bNg2AYVRut5LwSnhWUqwVPu1imI6hnaUEPzTWmOhDz2TOSA%3D%3D&ppt=browse&ppn=browse&ssid=l4zc74md9s0000001768226494682
Flopsie Women TWO SOFT Comfortable Stylish Doctor Ortho | Adjustable Toe Hook Slippers - Buy Flopsie Women TWO SOFT Comfortable Stylish Doctor Ortho | Adjustable Toe Hook Slippers Online at Best Price - Shop Online for Footwears in India | Flipkart.com,₹206,http://rukmini1.flixcart.com/image/300/300/xif0q/slipper-flip-flop/r/u/s/8-new-035-pink-flopsie-pink-original-imahgepuf4s79zgr.jpeg,https://www.flipkart.com/flopsie-women-two-soft-comfortable-stylish-doctor-ortho-adjustable-toe-hook-slippers/p/itm2e9b435784dc1?pid=SFFH6U8TMGHHHHQ7&lid=LSTSFFH6U8TMGHHHHQ7EN3JLC&marketplace=FLIPKART&store=osp%2Fiko&srno=b_18_707&otracker=browse&fm=organic&iid=en_NTAPhKckpBzXDWfOGFjUWzRzaPcflmG2rU7-fo2H0qwV8o2LZpYFjOlP-UezBNiRcLkIqa5zItZ2x_vV9LQqNw%3D%3D&ppt=browse&ppn=browse&ssid=kfeo5jgxww0000001768226663673
PUMA Zod Runner V3 Wn's Casuals For Women - Buy PUMA Zod Runner V3 Wn's Casuals For Women Online at Best Price - Shop Online for Footwears in India | Flipkart.com,"₹1,276",http://rukmini1.flixcart.com/image/300/300/xif0q/shoe/f/j/a/-original-imahjghrutsjczy2.jpeg,https://www.flipkart.com/puma-zod-runner-v3-wn-s-casuals-women/p/itma5651107cbaa1?pid=SHOFUFGRDVVYPGDH&lid=LSTSHOFUFGRDVVYPGDHIR4DNK&marketplace=FLIPKART&store=osp%2Fiko&srno=b_19_721&otracker=browse&fm=organic&iid=en_mGV1yjXtWpAvBu-vSkfb7k6vQxCPvcS0YlxYkHZThtRgfLX660IKmS27h9x2Yao5xxqG56vZF6ldiDi4pE_Q-w%3D%3D&ppt=browse&ppn=browse&ssid=3d4mzm90og0000001768226678442
Paduki Women Flats - Buy Paduki Women Flats Online at Best Price - Shop Online for Footwears in India | Flipkart.com,₹226,http://rukmini1.flixcart.com/image/300/300/xif0q/sandal/r/s/s/7-3136-40-40-paduki-green-original-imahgfzzqntyddc4.jpeg,https://www.flipkart.com/paduki-women-flats/p/itm5bc5cdcbbd41f?pid=SNDHDQ4YMWU66VAU&lid=LSTSNDHDQ4YMWU66VAUJRB7KY&marketplace=FLIPKART&store=osp%2Fiko&srno=b_11_439&otracker=browse&fm=organic&iid=d9f69b20-3523-485c-a484-27a8b56a461d.SNDHDQ4YMWU66VAU.SEARCH&ppt=browse&ppn=browse&ssid=xkwuilrkog0000001768226554244
Flopsie Flopsie Women Winter Stylish Comfortable Bellies for Women & Girl Loafers For Women - Buy Flopsie Flopsie Women Winter Stylish Comfortable Bellies for Women & Girl Loafers For Women Online at Best Price - Shop Online for Footwears in India | Flipkart.com,₹364,http://rukmini1.flixcart.com/image/300/300/xif0q/shoe/d/d/a/4-ts-304-blu-4-flopsie-blue-original-imahhq9urdh9ghap.jpeg,https://www.flipkart.com/flopsie-women-winter-stylish-comfortable-bellies-girl-loafers/p/itm173c2f56238cf?pid=SHOH6T6ZGP4FK5GJ&lid=LSTSHOH6T6ZGP4FK5GJB0AMXB&marketplace=FLIPKART&store=osp%2Fiko&srno=b_14_542&otracker=browse&fm=organic&iid=en_FWKCXMnY93lvHSnL9zoj1bCqUwlx2_zmrJUoWPwyFeTrvWnRYvf7Xj3ybVHdjDRXVrtj0c9LpyhyToUo20MqMA%3D%3D&ppt=browse&ppn=browse&ssid=hrwjiqjte80000001768226600931
Sparx SL 9047 Running Shoes For Women - Buy Sparx SL 9047 Running Shoes For Women Online at Best Price - Shop Online for Footwears in India | Flipkart.com,₹769,http://rukmini1.flixcart.com/image/300/300/xif0q/shoe/y/h/a/3-sl-9047-3-sparx-black-original-imahd9ecyy6j97cx.jpeg,https://www.flipkart.com/sparx-sl-9047-running-shoes-women/p/itmb24f0a5595f6e?pid=SHOHC7DAMCGGGHD4&lid=LSTSHOHC7DAMCGGGHD4W2YRWN&marketplace=FLIPKART&store=osp%2Fiko&srno=b_15_589&otracker=browse&fm=organic&iid=e6ebe926-2018-479d-b73a-c70125b560f3.SHOHC7DAMCGGGHD4.SEARCH&ppt=browse&ppn=browse&ssid=4i65va4gdc0000001768226615069
Deals4you Sneakers For Women - Buy Deals4you Sneakers For Women Online at Best Price - Shop Online for Footwears in India | Flipkart.com,₹423,http://rukmini1.flixcart.com/image/300/300/xif0q/shopsy-shoe/4/o/r/6-875-mlt-6-deals4you-multi-original-imahgucfjdknvu92.jpeg,https://www.flipkart.com/deals4you-sneakers-women/p/itmfe58f4b5b1425?pid=SHOGGFYT7PGH5WEP&lid=LSTSHOGGFYT7PGH5WEPXFX1TT&marketplace=FLIPKART&store=osp%2Fiko&srno=b_4_142&otracker=browse&fm=organic&iid=en_0D43y1Gkov2fa4f2QX2QfRL0_YJcqARvUPQbUbgzRN4PTPrQHoBa4UiAvpbkcbDW410Gx7Mo58-ud_QWKZbfEg%3D%3D&ppt=browse&ppn=browse&ssid=e6nkya0vfk0000001768226446152
Deals4you Sneakers For Women - Buy Deals4you Sneakers For Women Online at Best Price - Shop Online for Footwears in India | Flipkart.com,₹423,http://rukmini1.flixcart.com/image/300/300/xif0q/shopsy-shoe/4/o/r/6-875-mlt-6-deals4you-multi-original-imahgucfjdknvu92.jpeg,https://www.flipkart.com/deals4you-sneakers-women/p/itmfe58f4b5b1425?pid=SHOGGFYT7PGH5WEP&lid=LSTSHOGGFYT7PGH5WEPXFX1TT&marketplace=FLIPKART&store=osp%2Fiko&srno=b_5_182&otracker=browse&fm=organic&iid=en_veuji5O5oxhJ0IBY-vJKNHnFzc2n3kvDK_Yl7nBJXWEJ9M7gD5-kMv4idFaSjNy1410Gx7Mo58-ud_QWKZbfEg%3D%3D&ppt=browse&ppn=browse&ssid=39jjfmw7uo0000001768226462876
Doctor Health Super Soft Newly Launch | Classic Ultra Soft | Memory Foam | Comfortable|Stylish|Trendy Bellies For Women - Buy Doctor Health Super Soft Newly Launch | Classic Ultra Soft | Memory Foam | Comfortable|Stylish|Trendy Bellies For Women Online at Best Price - Shop Online for Footwears in India | Flipkart.com,₹498,http://rukmini1.flixcart.com/image/300/300/xif0q/shopsy-shoe/x/9/2/6-sh-dhss-215-elegant-pink-39-0-doctor-health-super-soft-pink-original-imahgybq88kzffgd.jpeg,https://www.flipkart.com/doctor-health-super-soft-newly-launch-classic-ultra-memory-foam-comfortable-stylish-trendy-bellies-women/p/itm3964abf0d7553?pid=SHOH7N79GR34XMSK&lid=LSTSHOH7N79GR34XMSK7SNE6K&marketplace=FLIPKART&store=osp%2Fiko&srno=b_14_538&otracker=browse&fm=organic&iid=en_FWKCXMnY93lvHSnL9zoj1bCqUwlx2_zmrJUoWPwyFeRdm___FeVvTIG0O7FPMMyOLCjUkaizW0Uf8So-SALQLA%3D%3D&ppt=browse&ppn=browse&ssid=hrwjiqjte80000001768226600931
TWO SOFT Boots For Women - Buy TWO SOFT Boots For Women Online at Best Price - Shop Online for Footwears in India | Flipkart.com,₹370,http://rukmini1.flixcart.com/image/300/300/xif0q/shoe/i/g/8/4-ts-511-blk-4-two-soft-black-original-imah4gs5fax6mvau.jpeg,https://www.flipkart.com/two-soft-boots-women/p/itme1c11a8c77d0f?pid=SHOH44H7ZBKGCKKF&lid=LSTSHOH44H7ZBKGCKKFYOD1YW&marketplace=FLIPKART&store=osp%2Fiko&srno=b_17_675&otracker=browse&fm=organic&iid=en_-1UVHzCH-jLPIUjhAaIh3CfP-_LzqvWxPxjV9QMLdvLM4piplUa8807FtdD_8oNGuQOn63aciqXAZtDkvTuIlA%3D%3D&ppt=browse&ppn=browse&ssid=vnotkb0e2o0000001768226647060
PUMA Zod Runner V3 Wn's Sneakers For Women - Buy PUMA Zod Runner V3 Wn's Sneakers For Women Online at Best Price - Shop Online for Footwears in India | Flipkart.com,"₹1,241",http://rukmini1.flixcart.com/image/300/300/xif0q/shoe/w/3/b/-original-imahjghqnhdhyxpy.jpeg,https://www.flipkart.com/puma-zod-runner-v3-wn-s-sneakers-women/p/itm136689c6812dd?pid=SHOFUFGRRTFVA5SM&lid=LSTSHOFUFGRRTFVA5SMUTKCEZ&marketplace=FLIPKART&store=osp%2Fiko&srno=b_15_592&otracker=browse&fm=organic&iid=en_vXCl6X7Zoly2o-ZSBHC_VUkVU5Ea8NIcliS224j0uaKnAeB7aDN8FKOiPRi0D4OsYsRfsKn1pS48hLHQxIcD92Vkv0XZFiOX7bbXdlao_f8%3D&ppt=browse&ppn=browse&ssid=4i65va4gdc0000001768226615069
RED TAPE Women's Athleisure Sports Shoes for Active Everyday Style Walking Shoes For Women - Buy RED TAPE Women's Athleisure Sports Shoes for Active Everyday Style Walking Shoes For Women Online at Best Price - Shop Online for Footwears in India | Flipkart.com,"₹1,097",http://rukmini1.flixcart.com/image/300/300/xif0q/shoe/v/q/c/-original-imahjhjny4eytrcj.jpeg,https://www.flipkart.com/red-tape-women-s-athleisure-sports-shoes-active-everyday-style-walking-women/p/itmb05ff265eedc4?pid=SHOHFMMNY3NH5RF7&lid=LSTSHOHFMMNY3NH5RF7STHW39&marketplace=FLIPKART&store=osp%2Fiko&srno=b_2_42&otracker=browse&fm=organic&iid=en_gTq8owYLy1hXM2xQT4S-bA2WPpROM5pB8HlXhKpC5ITDC_aKwCzFkvAZ73xTN0BdBHWujxpNK-wKj40vfSERWvUFjCTyOHoHZs-Z5_PS_w0%3D&ppt=browse&ppn=browse&ssid=w8w25ktupc0000001768226402885
Svaar Women Clogs - Buy Svaar Women Clogs Online at Best Price - Shop Online for Footwears in India | Flipkart.com,₹499,http://rukmini1.flixcart.com/image/300/300/xif0q/sandal/x/e/z/5-svr1125kbrv-5-svaar-pure-white-original-imah74zsm3hqxgmb.jpeg,https://www.flipkart.com/svaar-women-clogs/p/itmc27e09582768e?pid=SNDH6WHX2UHNGE8S&lid=LSTSNDH6WHX2UHNGE8SUKOT3A&marketplace=FLIPKART&store=osp%2Fiko&srno=b_6_232&otracker=browse&fm=organic&iid=en_FdZ7yfzNiLSuTZt3ug5zoWIjYKMzdeLPs-DtXUP-fn1dXayJSv0McN5RgQ240LYBJ82pTT3WpjmHYyesQdOyEQ%3D%3D&ppt=browse&ppn=browse&ssid=jtks0xz00w0000001768226479320
Deals4you Sneakers For Women - Buy Deals4you Sneakers For Women Online at Best Price - Shop Online for Footwears in India | Flipkart.com,₹423,http://rukmini1.flixcart.com/image/300/300/xif0q/shopsy-shoe/4/o/r/6-875-mlt-6-deals4you-multi-original-imahgucfjdknvu92.jpeg,https://www.flipkart.com/deals4you-sneakers-women/p/itmfe58f4b5b1425?pid=SHOGGFYT7PGH5WEP&lid=LSTSHOGGFYT7PGH5WEPXFX1TT&marketplace=FLIPKART&store=osp%2Fiko&srno=b_2_62&otracker=browse&fm=organic&iid=en_gTq8owYLy1hXM2xQT4S-bA2WPpROM5pB8HlXhKpC5IT_I2cLZsb0p79s4953zjX3410Gx7Mo58-ud_QWKZbfEg%3D%3D&ppt=browse&ppn=browse&ssid=w8w25ktupc0000001768226402885
DOCTOR EXTRA SOFT Women Flip Flops - Buy DOCTOR EXTRA SOFT Women Flip Flops Online at Best Price - Shop Online for Footwears in India | Flipkart.com,₹399,http://rukmini1.flixcart.com/image/300/300/xif0q/slipper-flip-flop/5/n/8/-original-imahfskvz6mqvg7q.jpeg,https://www.flipkart.com/doctor-extra-soft-women-flip-flops/p/itm1b143b2b37a70?pid=SFFH6XG7XVTZHXXT&lid=LSTSFFH6XG7XVTZHXXTIR9IG1&marketplace=FLIPKART&store=osp%2Fiko&srno=b_13_510&otracker=browse&fm=organic&iid=ac0383e4-33b1-4776-ade8-aae7a7f6dc44.SFFH6XG7XVTZHXXT.SEARCH&ppt=browse&ppn=browse&ssid=q7vp90axtc0000001768226586549
,,,https://www.flipkart.com/abros-ginny-running-shoes-women/p/itm7b7b8c526d5b8?pid=SHOHF9J9KFMRBGZB&lid=LSTSHOHF9J9KFMRBGZBVRYYPF&marketplace=FLIPKART&store=osp%2Fiko&srno=b_1_28&otracker=browse&fm=organic&iid=en_Z7IyGFzCQO8WtPj1yaORbO1Lm7-B6HNHu2MwJuRzvuCYhEIlispCsXTqKEKp1P7DVGGkz2d99P24Bkq5is6djXXqPaaSDPMoUoCqpxGDqcY%3D&ppt=None&ppn=None&ssid=uekt84okeo0000001768226382861
Layasa Womens And Girls Multicolor Casual Sneakers For Women - Buy Layasa Womens And Girls Multicolor Casual Sneakers For Women Online at Best Price - Shop Online for Footwears in India | Flipkart.com,₹469,http://rukmini1.flixcart.com/image/300/300/xif0q/shoe/j/t/i/3-ldf2095-3-layasa-mlt-original-imagzrmnahbkratt.jpeg,https://www.flipkart.com/layasa-womens-girls-multicolor-casual-sneakers-women/p/itm2ca8a03be250a?pid=SHOGZRMYMYT7MHHB&lid=LSTSHOGZRMYMYT7MHHBSWFVPP&marketplace=FLIPKART&store=osp%2Fiko&srno=b_14_531&otracker=browse&fm=organic&iid=en_FWKCXMnY93lvHSnL9zoj1bCqUwlx2_zmrJUoWPwyFeRz5fdWv6vD9_nu6EpgW2q1TmoybAsxDyo2IstagBHCSw%3D%3D&ppt=browse&ppn=browse&ssid=hrwjiqjte80000001768226600931
GLB Women Flats - Buy GLB Women Flats Online at Best Price - Shop Online for Footwears in India | Flipkart.com,₹241,http://rukmini1.flixcart.com/image/300/300/xif0q/sandal/o/e/k/8-amy-tan-8-8-glb-tan-original-imahgsbjg5vvxghm.jpeg,https://www.flipkart.com/glb-women-flats/p/itmd960531c598ab?pid=SNDHGCP4WAUVKKUB&lid=LSTSNDHGCP4WAUVKKUBSMOBJV&marketplace=FLIPKART&store=osp%2Fiko&srno=b_15_584&otracker=browse&fm=organic&iid=e6ebe926-2018-479d-b73a-c70125b560f3.SNDHGCP4WAUVKKUB.SEARCH&ppt=browse&ppn=browse&ssid=4i65va4gdc0000001768226615069
TWO SOFT Women Combo Pack Of 2 Stylish Casual Light & Soft Comfortable Daily Wear Slippers - Buy TWO SOFT Women Combo Pack Of 2 Stylish Casual Light & Soft Comfortable Daily Wear Slippers Online at Best Price - Shop Online for Footwears in India | Flipkart.com,₹263,http://rukmini1.flixcart.com/image/300/300/xif0q/slipper-flip-flop/f/1/z/-original-imahftr8j3edee4f.jpeg,https://www.flipkart.com/two-soft-women-combo-pack-2-stylish-casual-light-comfortable-daily-wear-slippers/p/itm52d5fb8753745?pid=SFFGMBGHBKTXYZ3S&lid=LSTSFFGMBGHBKTXYZ3SOWUFV9&marketplace=FLIPKART&store=osp%2Fiko&srno=b_10_395&otracker=browse&fm=organic&iid=en_QgQ6nGD2rAj3cKP0gzxkX9VwQbY8QFRbQVtWwIS-YzRj-m1JAl1CsxxY3OFNnUBPNFM4bGPeXKjazFi_OWwuzQ%3D%3D&ppt=browse&ppn=browse&ssid=my7hzbekzk0000001768226539546
Flopsie Women Flopsie Women Stylish Soft Comfortable Slipper Lightweight Dailywear Slippers - Buy Flopsie Women Flopsie Women Stylish Soft Comfortable Slipper Lightweight Dailywear Slippers Online at Best Price - Shop Online for Footwears in India | Flipkart.com,₹195,http://rukmini1.flixcart.com/image/300/300/xif0q/slipper-flip-flop/a/g/y/-original-imahfz7zgeskgcgw.jpeg,https://www.flipkart.com/flopsie-women-stylish-soft-comfortable-slipper-lightweight-dailywear-slippers/p/itme457640427578?pid=SFFH6U8THFPYZHFA&lid=LSTSFFH6U8THFPYZHFARVBL33&marketplace=FLIPKART&store=osp%2Fiko&srno=b_4_121&otracker=browse&fm=organic&iid=en_0D43y1Gkov2fa4f2QX2QfRL0_YJcqARvUPQbUbgzRN6J3nFNZA5nKqcTMLV1HEPx-c5GgTdDjE-lyEAq8HSJWQ%3D%3D&ppt=browse&ppn=browse&ssid=e6nkya0vfk0000001768226446152
Deals4you Sneakers For Women - Buy Deals4you Sneakers For Women Online at Best Price - Shop Online for Footwears in India | Flipkart.com,₹422,http://rukmini1.flixcart.com/image/300/300/xif0q/shoe/l/5/s/6-1326-pnk-blk-6-deals4you-white-pink-blk-original-imahgzgnjbfmpz65.jpeg,https://www.flipkart.com/deals4you-sneakers-women/p/itm6dd0e5a6dc9f6?pid=SHOGRW7NPGUFMMBW&lid=LSTSHOGRW7NPGUFMMBWZHX9UN&marketplace=FLIPKART&store=osp%2Fiko&srno=b_3_91&otracker=browse&fm=organic&iid=en_RAZjS9M4pbKu14UKMNDI4m6TFZJ_so7CIuKdOfWnqpDKaqgc9xMXxhX1-zRK0uajxS-WhAy6mHxl8b6BlIA83g%3D%3D&ppt=browse&ppn=browse&ssid=7of36l05000000001768226424463
albela Ethnnic Embroidred Juti And Mojari Jutis For Women - Buy albela Ethnnic Embroidred Juti And Mojari Jutis For Women Online at Best Price - Shop Online for Footwears in India | Flipkart.com,₹433,http://rukmini1.flixcart.com/image/300/300/xif0q/shoe/j/s/h/-original-imahftqtjbgvbjz3.jpeg,https://www.flipkart.com/albela-ethnnic-embroidred-juti-mojari-jutis-women/p/itm29bcf7b48b8c4?pid=SHOHYW8Q6YMFZMGX&lid=LSTSHOHYW8Q6YMFZMGX3UUSEI&marketplace=FLIPKART&store=osp%2Fiko&srno=b_7_280&otracker=browse&fm=organic&iid=2255f9d1-351c-40af-ba87-3dde238f6414.SHOHYW8Q6YMFZMGX.SEARCH&ppt=browse&ppn=browse&ssid=l4zc74md9s0000001768226494682
WOLVESDEN Women Slides - Buy WOLVESDEN Women Slides Online at Best Price - Shop Online for Footwears in India | Flipkart.com,₹277,http://rukmini1.flixcart.com/image/300/300/xif0q/slipper-flip-flop/e/o/q/-original-imahftr5fxbvptjy.jpeg,https://www.flipkart.com/wolvesden-women-slides/p/itm98289c5ced827?pid=SFFH2J2AZWTZHGWG&lid=LSTSFFH2J2AZWTZHGWGZAU8AG&marketplace=FLIPKART&store=osp%2Fiko&srno=b_3_104&otracker=browse&fm=organic&iid=9895b54a-05d8-4486-a10f-6b2521abf21a.SFFH2J2AZWTZHGWG.SEARCH&ppt=browse&ppn=browse&ssid=7of36l05000000001768226424463
Abros KAYA Running Shoes For Women - Buy Abros KAYA Running Shoes For Women Online at Best Price - Shop Online for Footwears in India | Flipkart.com,₹872,http://rukmini1.flixcart.com/image/300/300/xif0q/shoe/e/o/v/-original-imahfhptqdqkrznm.jpeg,https://www.flipkart.com/abros-kaya-running-shoes-women/p/itm9d53aa8a9b56d?pid=SHOHF9J94EHCYKF5&lid=LSTSHOHF9J94EHCYKF5UVJX1M&marketplace=FLIPKART&store=osp%2Fiko&srno=b_9_358&otracker=browse&fm=organic&iid=en_jKiTE6Xmr9FQVVFK71OPaiDktBYzHs-QOOuNf_RPcUBU85Nt20WHJ-_E6PcB9lsdZlljJQA7Qh3HL0lxPpPs5IE8waCTrWcncKeK_ydPfoM%3D&ppt=browse&ppn=browse&ssid=xqf91pbbtc0000001768226524489
,,,https://www.flipkart.com/tafsha-women-slides/p/itm3830aaf7933a7?pid=SFFH3UCTKKGVHRNW&lid=LSTSFFH3UCTKKGVHRNWDHBWZP&marketplace=FLIPKART&store=osp%2Fiko&srno=b_11_418&otracker=browse&fm=organic&iid=en_yzKT70zsUvLVIiVJzjcGD6y4PwfYgrFyB-JPR4zv0wATwhvpm-CCRqC-Jxkfb552Ye1HPiNuvgYqrOKth1-0xQ%3D%3D&ppt=browse&ppn=browse&ssid=xkwuilrkog0000001768226554244
HRX by Hrithik Roshan -060 01 Running Shoes For Women - Buy HRX by Hrithik Roshan -060 01 Running Shoes For Women Online at Best Price - Shop Online for Footwears in India | Flipkart.com,"₹1,069",http://rukmini1.flixcart.com/image/300/300/xif0q/shoe/y/9/5/3-22799380-3-hrx-by-hrithik-roshan-black-original-imahfsemweagxyhm.jpeg,https://www.flipkart.com/hrx-hrithik-roshan-060-01-running-shoes-women/p/itmb66db84283a02?pid=SHOGRHXNHAHGTPSS&lid=LSTSHOGRHXNHAHGTPSSQIDIZF&marketplace=FLIPKART&store=osp%2Fiko&srno=b_5_176&otracker=browse&fm=organic&iid=dacca31e-67ab-42b6-a39c-2196d8d752b0.SHOGRHXNHAHGTPSS.SEARCH&ppt=browse&ppn=browse&ssid=39jjfmw7uo0000001768226462876
,,,https://www.flipkart.com/svaar-women-clogs/p/itmc27e09582768e?pid=SNDH6WHX2UHNGE8S&lid=LSTSNDH6WHX2UHNGE8SUKOT3A&marketplace=FLIPKART&store=osp%2Fiko&srno=b_18_715&otracker=browse&fm=organic&iid=en_NTAPhKckpBzXDWfOGFjUWzRzaPcflmG2rU7-fo2H0qztYllWsaZAj67kFzVYJeVGZe_pTkaPkuzhGwEDQ2oPpQ%3D%3D&ppt=browse&ppn=browse&ssid=kfeo5jgxww0000001768226663673
Birde Women Clogs - Buy Birde Women Clogs Online at Best Price - Shop Online for Footwears in India | Flipkart.com,₹453,http://rukmini1.flixcart.com/image/300/300/xif0q/sandal/s/y/4/-original-imahgyc5mvvgqrfj.jpeg,https://www.flipkart.com/birde-women-clogs/p/itme980a02719ccf?pid=SNDH448PXTDUWVH5&lid=LSTSNDH448PXTDUWVH55INUAR&marketplace=FLIPKART&store=osp%2Fiko&srno=b_14_548&otracker=browse&fm=organic&iid=en_FWKCXMnY93lvHSnL9zoj1bCqUwlx2_zmrJUoWPwyFeQC8qZo0yXggJ6oH82Pu_Pi7M2d76IJawWBoeqkDalbJA%3D%3D&ppt=browse&ppn=browse&ssid=hrwjiqjte80000001768226600931
FLITE Women Slippers - Buy FLITE Women Slippers Online at Best Price - Shop Online for Footwears in India | Flipkart.com,₹249,http://rukmini1.flixcart.com/image/300/300/xif0q/slipper-flip-flop/b/e/8/-original-imahgzgjffgr9kh5.jpeg,https://www.flipkart.com/flite-women-slippers/p/itmd686f05a9de68?pid=SFFGHGDDFKAGFRSX&lid=LSTSFFGHGDDFKAGFRSXJE12RL&marketplace=FLIPKART&store=osp%2Fiko&srno=b_13_489&otracker=browse&fm=organic&iid=ac0383e4-33b1-4776-ade8-aae7a7f6dc44.SFFGHGDDFKAGFRSX.SEARCH&ppt=browse&ppn=browse&ssid=q7vp90axtc0000001768226586549
T-ROCK Sneakers For Women - Buy T-ROCK Sneakers For Women Online at Best Price - Shop Online for Footwears in India | Flipkart.com,₹426,http://rukmini1.flixcart.com/image/300/300/xif0q/shoe/0/b/f/3-11331-wt-3-t-rock-white-original-imahe9sfqg9upxe7.jpeg,https://www.flipkart.com/t-rock-sneakers-women/p/itmcde580b75316f?pid=SHOHE9SJAPZMGFXH&lid=LSTSHOHE9SJAPZMGFXHRIWGNR&marketplace=FLIPKART&store=osp%2Fiko&srno=b_17_667&otracker=browse&fm=organic&iid=en_-1UVHzCH-jLPIUjhAaIh3CfP-_LzqvWxPxjV9QMLdvKIyc-2YQ7l32BXJlCAOABdj9qgPf1Uoj_YeSyi2tQ0sw%3D%3D&ppt=browse&ppn=browse&ssid=vnotkb0e2o0000001768226647060
T-ROCK Sneakers For Women - Buy T-ROCK Sneakers For Women Online at Best Price - Shop Online for Footwears in India | Flipkart.com,₹426,http://rukmini1.flixcart.com/image/300/300/xif0q/shoe/0/b/f/3-11331-wt-3-t-rock-white-original-imahe9sfqg9upxe7.jpeg,https://www.flipkart.com/t-rock-sneakers-women/p/itmcde580b75316f?pid=SHOHE9SJAPZMGFXH&lid=LSTSHOHE9SJAPZMGFXHRIWGNR&marketplace=FLIPKART&store=osp%2Fiko&srno=b_9_357&otracker=browse&fm=organic&iid=en_jKiTE6Xmr9FQVVFK71OPaiDktBYzHs-QOOuNf_RPcUD3cy2Gb01VhkGg2mdQZPe7yuo40dsEOR2z6bJcOWuAUA%3D%3D&ppt=browse&ppn=browse&ssid=xqf91pbbtc0000001768226524489
JUMPLITE Women Flats - Buy JUMPLITE Women Flats Online at Best Price - Shop Online for Footwears in India | Flipkart.com,₹473,http://rukmini1.flixcart.com/image/300/300/xif0q/sandal/n/9/n/-original-imahgffn4tdhpvej.jpeg,https://www.flipkart.com/jumplite-women-flats/p/itm02e4316bc9878?pid=SNDHCHGKZHURGWZG&lid=LSTSNDHCHGKZHURGWZG897IPG&marketplace=FLIPKART&store=osp%2Fiko&srno=b_14_546&otracker=browse&fm=organic&iid=d4e3f038-b31e-4096-9ab1-fe0a83cf4fc4.SNDHCHGKZHURGWZG.SEARCH&ppt=browse&ppn=browse&ssid=hrwjiqjte80000001768226600931
"Vokline Vokline Sports shoes,trekking shoes, Running shoes,gym shoes For Women Walking Shoes For Women - Buy Vokline Vokline Sports shoes,trekking shoes, Running shoes,gym shoes For Women Walking Shoes For Women Online at Best Price - Shop Online for Footwears in India | Flipkart.com",₹383,http://rukmini1.flixcart.com/image/300/300/xif0q/shoe/i/h/r/-original-imahfz7ncvpfkazn.jpeg,https://www.flipkart.com/vokline-sports-shoes-trekking-shoes-running-shoes-gym-shoes-women-walking/p/itm95073f01aa682?pid=SHOGKRMTBHKYZTZX&lid=LSTSHOGKRMTBHKYZTZX472RHL&marketplace=FLIPKART&store=osp%2Fiko&srno=b_11_414&otracker=browse&fm=organic&iid=d9f69b20-3523-485c-a484-27a8b56a461d.SHOGKRMTBHKYZTZX.SEARCH&ppt=browse&ppn=browse&ssid=xkwuilrkog0000001768226554244
SKOLL Women Bellies - Buy SKOLL Women Bellies Online at Best Price - Shop Online for Footwears in India | Flipkart.com,₹351,http://rukmini1.flixcart.com/image/300/300/xif0q/sandal/d/d/m/-original-imahgybypwcftmhd.jpeg,https://www.flipkart.com/skoll-women-bellies/p/itmfa813d6db0ef1?pid=SNDGZKJ8GHRBDYTJ&lid=LSTSNDGZKJ8GHRBDYTJBFU8DV&marketplace=FLIPKART&store=osp%2Fiko&srno=b_13_499&otracker=browse&fm=organic&iid=ac0383e4-33b1-4776-ade8-aae7a7f6dc44.SNDGZKJ8GHRBDYTJ.SEARCH&ppt=browse&ppn=browse&ssid=q7vp90axtc0000001768226586549
SELFIEE Women Heels - Buy SELFIEE Women Heels Online at Best Price - Shop Online for Footwears in India | Flipkart.com,₹648,http://rukmini1.flixcart.com/image/300/300/xif0q/sandal/v/w/r/6-6amnhl1194-tryme-cream-original-imahysc9rzajyznd.jpeg,https://www.flipkart.com/selfiee-women-heels/p/itmda672a29530f9?pid=SNDHYSGWCFYGAYSU&lid=LSTSNDHYSGWCFYGAYSUPIC4MZ&marketplace=FLIPKART&store=osp%2Fiko&srno=b_5_173&otracker=browse&fm=organic&iid=dacca31e-67ab-42b6-a39c-2196d8d752b0.SNDHYSGWCFYGAYSU.SEARCH&ppt=browse&ppn=browse&ssid=39jjfmw7uo0000001768226462876
PKKART Women Slippers - Buy PKKART Women Slippers Online at Best Price - Shop Online for Footwears in India | Flipkart.com,₹313,http://rukmini1.flixcart.com/image/300/300/xif0q/slipper-flip-flop/h/t/d/-original-imahftr8zfpaggbr.jpeg,https://www.flipkart.com/pkkart-women-slippers/p/itm02206a5173f04?pid=SFFG7HFZENTQDFSU&lid=LSTSFFG7HFZENTQDFSUMFTYVQ&marketplace=FLIPKART&store=osp%2Fiko&srno=b_2_74&otracker=browse&fm=organic&iid=464c9e9f-a691-419d-8fd2-680b9c4477eb.SFFG7HFZENTQDFSU.SEARCH&ppt=browse&ppn=browse&ssid=w8w25ktupc0000001768226402885
Doctor Health Super Soft NewlyLaunch|Classic Soft|Cushion|Comfortable|Premium|Stylish Women Clogs - Buy Doctor Health Super Soft NewlyLaunch|Classic Soft|Cushion|Comfortable|Premium|Stylish Women Clogs Online at Best Price - Shop Online for Footwears in India | Flipkart.com,₹498,http://rukmini1.flixcart.com/image/300/300/xif0q/sandal/l/l/s/3-dhss-219-delight-cream-3-doctor-health-super-soft-cream-original-imahagckucfzvpta.jpeg,https://www.flipkart.com/doctor-health-super-soft-newlylaunch-classic-soft-cushion-comfortable-premium-stylish-women-clogs/p/itm4a6da3fc0921f?pid=SNDH9N8GZWPNSZJ7&lid=LSTSNDH9N8GZWPNSZJ71VDVNM&marketplace=FLIPKART&store=osp%2Fiko&srno=b_7_253&otracker=browse&fm=organic&iid=2255f9d1-351c-40af-ba87-3dde238f6414.SNDH9N8GZWPNSZJ7.SEARCH&ppt=browse&ppn=browse&ssid=l4zc74md9s0000001768226494682
TAFSHA Women Slides - Buy TAFSHA Women Slides Online at Best Price - Shop Online for Footwears in India | Flipkart.com,₹294,http://rukmini1.flixcart.com/image/300/300/xif0q/slipper-flip-flop/u/u/h/6-carpet-sports2-purple-6-tafsha-purple-original-imah3ucscykhacmb.jpeg,https://www.flipkart.com/tafsha-women-slides/p/itm3830aaf7933a7?pid=SFFH3UCTKKGVHRNW&lid=LSTSFFH3UCTKKGVHRNWDHBWZP&marketplace=FLIPKART&store=osp%2Fiko&srno=b_16_612&otracker=browse&fm=organic&iid=en_r6jE2bFuVoC3-Xm07u_rlTuKR8b77BFlQp2ofdjatrBIOZrTRrKw2vKWPceZxwTD21aqTQ9LAEqbCf8M10wTAw%3D%3D&ppt=browse&ppn=browse&ssid=g8rc5k3vsw0000001768226631080
Doctor Health Super Soft Newly Launch | Classic Ultra Soft | Memory Foam | Comfortable|Stylish|Trendy Bellies For Women - Buy Doctor Health Super Soft Newly Launch | Classic Ultra Soft | Memory Foam | Comfortable|Stylish|Trendy Bellies For Women Online at Best Price - Shop Online for Footwears in India | Flipkart.com,₹498,http://rukmini1.flixcart.com/image/300/300/xif0q/shopsy-shoe/x/9/2/6-sh-dhss-215-elegant-pink-39-0-doctor-health-super-soft-pink-original-imahgybq88kzffgd.jpeg,https://www.flipkart.com/doctor-health-super-soft-newly-launch-classic-ultra-memory-foam-comfortable-stylish-trendy-bellies-women/p/itm3964abf0d7553?pid=SHOH7N79GR34XMSK&lid=LSTSHOH7N79GR34XMSK7SNE6K&marketplace=FLIPKART&store=osp%2Fiko&srno=b_3_102&otracker=browse&fm=organic&iid=en_RAZjS9M4pbKu14UKMNDI4m6TFZJ_so7CIuKdOfWnqpANWrdGKzfwkeS7-9G7bcxYRiZo1FgjjUMGN-KR5mIhMw%3D%3D&ppt=browse&ppn=browse&ssid=7of36l05000000001768226424463
Flopsie Women Flopsie Women Stylish Soft Comfortable Slipper Lightweight Dailywear Slippers - Buy Flopsie Women Flopsie Women Stylish Soft Comfortable Slipper Lightweight Dailywear Slippers Online at Best Price - Shop Online for Footwears in India | Flipkart.com,₹195,http://rukmini1.flixcart.com/image/300/300/xif0q/slipper-flip-flop/a/g/y/-original-imahfz7zgeskgcgw.jpeg,https://www.flipkart.com/flopsie-women-stylish-soft-comfortable-slipper-lightweight-dailywear-slippers/p/itme457640427578?pid=SFFH6U8THFPYZHFA&lid=LSTSFFH6U8THFPYZHFARVBL33&marketplace=FLIPKART&store=osp%2Fiko&srno=b_11_402&otracker=browse&fm=organic&iid=en_yzKT70zsUvLVIiVJzjcGD6y4PwfYgrFyB-JPR4zv0wBY-MAn2eESryvxZgIKrYUB7yuPjtT_9No1NiTANqPVIQ%3D%3D&ppt=browse&ppn=browse&ssid=xkwuilrkog0000001768226554244
Doctor Health Super Soft Newly Launch | Classic Ultra Soft | Memory Foam | Comfortable|Stylish|Trendy Bellies For Women - Buy Doctor Health Super Soft Newly Launch | Classic Ultra Soft | Memory Foam | Comfortable|Stylish|Trendy Bellies For Women Online at Best Price - Shop Online for Footwears in India | Flipkart.com,₹498,http://rukmini1.flixcart.com/image/300/300/xif0q/shopsy-shoe/x/9/2/6-sh-dhss-215-elegant-pink-39-0-doctor-health-super-soft-pink-original-imahgybq88kzffgd.jpeg,https://www.flipkart.com/doctor-health-super-soft-newly-launch-classic-ultra-memory-foam-comfortable-stylish-trendy-bellies-women/p/itm3964abf0d7553?pid=SHOH7N79GR34XMSK&lid=LSTSHOH7N79GR34XMSK7SNE6K&marketplace=FLIPKART&store=osp%2Fiko&srno=b_4_145&otracker=browse&fm=organic&iid=en_0D43y1Gkov2fa4f2QX2QfRL0_YJcqARvUPQbUbgzRN7h9FztZZv9hlDV473G1wz7-p3NM5yZ5Km2iVdU1DivXA%3D%3D&ppt=browse&ppn=browse&ssid=e6nkya0vfk0000001768226446152
PUMA Running Shoes For Women - Buy PUMA Running Shoes For Women Online at Best Price - Shop Online for Footwears in India | Flipkart.com,"₹2,479",http://rukmini1.flixcart.com/image/300/300/xif0q/shoe/6/r/m/-original-imahjhjjeygqntr6.jpeg,https://www.flipkart.com/puma-running-shoes-women/p/itm5690c4c6ac5b4?pid=SHOHDMMYGKFMGCKX&lid=LSTSHOHDMMYGKFMGCKXINR06P&marketplace=FLIPKART&store=osp%2Fiko&srno=b_19_725&otracker=browse&fm=organic&iid=en_mGV1yjXtWpAvBu-vSkfb7k6vQxCPvcS0YlxYkHZThtSXfjukeGjja04Di0arqjGW2019JVRkYXdlaTG5GVYkvA%3D%3D&ppt=browse&ppn=browse&ssid=3d4mzm90og0000001768226678442
Knoos Sneakers For Women - Buy Knoos Sneakers For Women Online at Best Price - Shop Online for Footwears in India | Flipkart.com,₹554,http://rukmini1.flixcart.com/image/300/300/xif0q/shoe/k/t/e/-original-imahftqty4bcnhph.jpeg,https://www.flipkart.com/knoos-sneakers-women/p/itme080338be687c?pid=SHOGXHZGGR28EAK6&lid=LSTSHOGXHZGGR28EAK6EWPHJT&marketplace=FLIPKART&store=osp%2Fiko&srno=b_19_736&otracker=browse&fm=organic&iid=4367eae6-781b-4f71-84d5-98c38bcd1ce8.SHOGXHZGGR28EAK6.SEARCH&ppt=browse&ppn=browse&ssid=3d4mzm90og0000001768226678442
Svaar Women Clogs - Buy Svaar Women Clogs Online at Best Price - Shop Online for Footwears in India | Flipkart.com,₹499,http://rukmini1.flixcart.com/image/300/300/xif0q/sandal/x/e/z/5-svr1125kbrv-5-svaar-pure-white-original-imah74zsm3hqxgmb.jpeg,https://www.flipkart.com/svaar-women-clogs/p/itmc27e09582768e?pid=SNDH6WHX2UHNGE8S&lid=LSTSNDH6WHX2UHNGE8SUKOT3A&marketplace=FLIPKART&store=osp%2Fiko&srno=b_2_71&otracker=browse&fm=organic&iid=en_gTq8owYLy1hXM2xQT4S-bA2WPpROM5pB8HlXhKpC5IRKNlPpy_ZgJQtmvyyiounRYpNkQJoZXBoVc7UuLraGZg%3D%3D&ppt=browse&ppn=browse&ssid=w8w25ktupc0000001768226402885
asian Sports Walking Shoes for Women | Memory Foam Insole Slip On Sneakers For Women - Buy asian Sports Walking Shoes for Women | Memory Foam Insole Slip On Sneakers For Women Online at Best Price - Shop Online for Footwears in India | Flipkart.com,₹759,http://rukmini1.flixcart.com/image/300/300/xif0q/shoe/k/z/y/6-firefly-111-6-asian-lgrey-peach-original-imahg7vxtgheeabv.jpeg,https://www.flipkart.com/asian-sports-walking-shoes-women-memory-foam-insole-slip-sneakers/p/itmf5d95aa11b99e?pid=SHOGKTYPHJ2TZGGF&lid=LSTSHOGKTYPHJ2TZGGF5IHYMJ&marketplace=FLIPKART&store=osp%2Fiko&srno=b_7_249&otracker=browse&fm=organic&iid=2255f9d1-351c-40af-ba87-3dde238f6414.SHOGKTYPHJ2TZGGF.SEARCH&ppt=browse&ppn=browse&ssid=l4zc74md9s0000001768226494682
PUMA Puma Buzz Wmn Casuals For Women - Buy PUMA Puma Buzz Wmn Casuals For Women Online at Best Price - Shop Online for Footwears in India | Flipkart.com,"₹1,435",http://rukmini1.flixcart.com/image/300/300/xif0q/shoe/l/h/p/-original-imahjghv8zhcqntc.jpeg,https://www.flipkart.com/puma-buzz-wmn-casuals-women/p/itm877bfe3da9934?pid=SHOGGEYG59HEJVHH&lid=LSTSHOGGEYG59HEJVHHRE2QOE&marketplace=FLIPKART&store=osp%2Fiko&srno=b_19_732&otracker=browse&fm=organic&iid=en_mGV1yjXtWpAvBu-vSkfb7k6vQxCPvcS0YlxYkHZThtTw8lJYM7x9UDOWDFKWcDeI8hKvKZo7Xv7dgneB6n4aRg%3D%3D&ppt=browse&ppn=browse&ssid=3d4mzm90og0000001768226678442
Fabbmate Fabbmate Casual Sports shoes White Sneakers for Women Girls White Shoes Sneakers For Women - Buy Fabbmate Fabbmate Casual Sports shoes White Sneakers for Women Girls White Shoes Sneakers For Women Online at Best Price - Shop Online for Footwears in India | Flipkart.com,₹430,http://rukmini1.flixcart.com/image/300/300/xif0q/shoe/y/o/8/-original-imahgybzagp4fb5z.jpeg,https://www.flipkart.com/fabbmate-casual-sports-shoes-white-sneakers-women-girls/p/itm13d239387dce2?pid=SHOH2W6ZB2MH2QGV&lid=LSTSHOH2W6ZB2MH2QGVK1DW0L&marketplace=FLIPKART&store=osp%2Fiko&srno=b_10_381&otracker=browse&fm=organic&iid=en_QgQ6nGD2rAj3cKP0gzxkX9VwQbY8QFRbQVtWwIS-YzTJB2sHqBbCo8ifKsrGws3_6PtiBHKJkXzdGXK_LA-CsA%3D%3D&ppt=browse&ppn=browse&ssid=my7hzbekzk0000001768226539546
,,,https://www.flipkart.com/campus-jessica-running-shoes-women/p/itm869a5319268bc?pid=SHOGCXTUMCTC7WMT&lid=LSTSHOGCXTUMCTC7WMTQXHQVE&marketplace=FLIPKART&store=osp%2Fiko&srno=b_8_283&otracker=browse&fm=organic&iid=79f2c90c-e0c0-4aba-9a8f-665fed88ffe8.SHOGCXTUMCTC7WMT.SEARCH&ppt=browse&ppn=browse&ssid=2go0snlczk0000001768226510439
"Vokline Vokline Women sports shoes,Running shoes,Trekking Shoes,gym shoes for women Outdoors For Women - Buy Vokline Vokline Women sports shoes,Running shoes,Trekking Shoes,gym shoes for women Outdoors For Women Online at Best Price - Shop Online for Footwears in India | Flipkart.com",₹352,http://rukmini1.flixcart.com/image/300/300/xif0q/shopsy-shoe/q/g/k/8-567-8-shreepaduka-pink-original-imahgsewd2hkamqq.jpeg,https://www.flipkart.com/vokline-women-sports-shoes-running-shoes-trekking-shoes-gym-shoes-outdoors/p/itm119cf8f5a660d?pid=SHOGBSKGKU7HUNVQ&lid=LSTSHOGBSKGKU7HUNVQK1341V&marketplace=FLIPKART&store=osp%2Fiko&spotlightTagId=default_BestsellerId_osp%2Fiko&srno=b_1_34&otracker=browse&fm=organic&iid=27a448ff-87bd-4ea6-984d-908d0a814445.SHOGBSKGKU7HUNVQ.SEARCH&ppt=None&ppn=None&ssid=uekt84okeo0000001768226382861
WOLVESDEN Women Flip Flops - Buy WOLVESDEN Women Flip Flops Online at Best Price - Shop Online for Footwears in India | Flipkart.com,₹188,http://rukmini1.flixcart.com/image/300/300/xif0q/slipper-flip-flop/2/h/l/6-crossband-f2-black6-wolvesden-black-original-imahehfbvzxvkqhm.jpeg,https://www.flipkart.com/wolvesden-women-flip-flops/p/itme1aff9d20c4e3?pid=SFFHFF7W2YE9JTVP&lid=LSTSFFHFF7W2YE9JTVP8KRKRN&marketplace=FLIPKART&store=osp%2Fiko&srno=b_19_754&otracker=browse&fm=organic&iid=4367eae6-781b-4f71-84d5-98c38bcd1ce8.SFFHFF7W2YE9JTVP.SEARCH&ppt=browse&ppn=browse&ssid=3d4mzm90og0000001768226678442
Pharaoh Stylish White-Brown Sneakers with Fashion Branding and Elevated Sole Party Wear For Women - Buy Pharaoh Stylish White-Brown Sneakers with Fashion Branding and Elevated Sole Party Wear For Women Online at Best Price - Shop Online for Footwears in India | Flipkart.com,₹498,http://rukmini1.flixcart.com/image/300/300/xif0q/shoe/h/1/o/8-sku-fs-010-brwhite-8-pharaoh-brown-white-original-imahgz7mzbmzv4jf.jpeg,https://www.flipkart.com/pharaoh-stylish-white-brown-sneakers-fashion-branding-elevated-sole-party-wear-women/p/itmb6d31e8b18b37?pid=SHOHGU5QZN2VPXW9&lid=LSTSHOHGU5QZN2VPXW9ZJDD9P&marketplace=FLIPKART&store=osp%2Fiko&srno=b_1_8&otracker=browse&fm=organic&iid=27a448ff-87bd-4ea6-984d-908d0a814445.SHOHGU5QZN2VPXW9.SEARCH&ppt=None&ppn=None&ssid=uekt84okeo0000001768226382861
Birde Women Clogs - Buy Birde Women Clogs Online at Best Price - Shop Online for Footwears in India | Flipkart.com,₹453,http://rukmini1.flixcart.com/image/300/300/xif0q/sandal/s/y/4/-original-imahgyc5mvvgqrfj.jpeg,https://www.flipkart.com/birde-women-clogs/p/itme980a02719ccf?pid=SNDH448PXTDUWVH5&lid=LSTSNDH448PXTDUWVH55INUAR&marketplace=FLIPKART&store=osp%2Fiko&srno=b_9_348&otracker=browse&fm=organic&iid=en_jKiTE6Xmr9FQVVFK71OPaiDktBYzHs-QOOuNf_RPcUCP-Gq2PeAtwSvalbf3a2cy7M2d76IJawWBoeqkDalbJA%3D%3D&ppt=browse&ppn=browse&ssid=xqf91pbbtc0000001768226524489
"asian Firefly-10 Navy Sports,Training,Gym,Walking,Stylish Walking Shoes For Women - Buy asian Firefly-10 Navy Sports,Training,Gym,Walking,Stylish Walking Shoes For Women Online at Best Price - Shop Online for Footwears in India | Flipkart.com",₹832,http://rukmini1.flixcart.com/image/300/300/xif0q/shoe/e/g/l/7-firefly-10-welcro-7-asian-navy-peach-original-imah3pugygfxhexm.jpeg,https://www.flipkart.com/asian-firefly-10-navy-sports-training-gym-walking-stylish-walking-shoes-women/p/itmc321e16501953?pid=SHOGHHFGBFQGDNNC&lid=LSTSHOGHHFGBFQGDNNCU1SA4E&marketplace=FLIPKART&store=osp%2Fiko&srno=b_12_456&otracker=browse&fm=organic&iid=3beba5be-cff5-4b74-8ac4-2f92765b4e5d.SHOGHHFGBFQGDNNC.SEARCH&ppt=browse&ppn=browse&ssid=ecse3v9ai80000001768226569451
,,,https://www.flipkart.com/flopsie-women-two-soft-comfortable-stylish-doctor-ortho-adjustable-toe-hook-slippers/p/itm2e9b435784dc1?pid=SFFH6U8TMGHHHHQ7&lid=LSTSFFH6U8TMGHHHHQ7EN3JLC&marketplace=FLIPKART&store=osp%2Fiko&srno=b_14_545&otracker=browse&fm=organic&iid=en_FWKCXMnY93lvHSnL9zoj1bCqUwlx2_zmrJUoWPwyFeRGqiKNPwj5S9tW_DeUM1NamI6hnaUEPzTWmOhDz2TOSA%3D%3D&ppt=browse&ppn=browse&ssid=hrwjiqjte80000001768226600931
Abros KAYA Running Shoes For Women - Buy Abros KAYA Running Shoes For Women Online at Best Price - Shop Online for Footwears in India | Flipkart.com,₹872,http://rukmini1.flixcart.com/image/300/300/xif0q/shoe/e/o/v/-original-imahfhptqdqkrznm.jpeg,https://www.flipkart.com/abros-kaya-running-shoes-women/p/itm9d53aa8a9b56d?pid=SHOHF9J94EHCYKF5&lid=LSTSHOHF9J94EHCYKF5UVJX1M&marketplace=FLIPKART&store=osp%2Fiko&srno=b_12_471&otracker=browse&fm=organic&iid=en_SHCTXva8iVexBQNCngpF_NuHHZdPLvMAdqHvpa5ye8kQV4U1mEYIpTDk3OS40iE7RhjGWK4Ef2g_RhtNBSfpeYnfEY2D5bWfIUmTlXs_oiU%3D&ppt=browse&ppn=browse&ssid=ecse3v9ai80000001768226569451
aurish Women Flats - Buy aurish Women Flats Online at Best Price - Shop Online for Footwears in India | Flipkart.com,₹423,http://rukmini1.flixcart.com/image/300/300/xif0q/sandal/u/c/j/-original-imahfts8jrgb76tn.jpeg,https://www.flipkart.com/aurish-women-flats/p/itm606b2790a45ec?pid=SNDGVSN8JGTY8BD7&lid=LSTSNDGVSN8JGTY8BD7YT2TZS&marketplace=FLIPKART&store=osp%2Fiko&srno=b_12_459&otracker=browse&fm=organic&iid=3beba5be-cff5-4b74-8ac4-2f92765b4e5d.SNDGVSN8JGTY8BD7.SEARCH&ppt=browse&ppn=browse&ssid=ecse3v9ai80000001768226569451
Birde Women Clogs - Buy Birde Women Clogs Online at Best Price - Shop Online for Footwears in India | Flipkart.com,₹453,http://rukmini1.flixcart.com/image/300/300/xif0q/sandal/s/y/4/-original-imahgyc5mvvgqrfj.jpeg,https://www.flipkart.com/birde-women-clogs/p/itme980a02719ccf?pid=SNDH448PXTDUWVH5&lid=LSTSNDH448PXTDUWVH55INUAR&marketplace=FLIPKART&store=osp%2Fiko&srno=b_3_108&otracker=browse&fm=organic&iid=en_RAZjS9M4pbKu14UKMNDI4m6TFZJ_so7CIuKdOfWnqpDwZfEuCkZE9g_oAtM_w-io7M2d76IJawWBoeqkDalbJA%3D%3D&ppt=browse&ppn=browse&ssid=7of36l05000000001768226424463
VENDOZ Casual Stylish Trending Sneakers For Women - Buy VENDOZ Casual Stylish Trending Sneakers For Women Online at Best Price - Shop Online for Footwears in India | Flipkart.com,₹660,http://rukmini1.flixcart.com/image/300/300/xif0q/shoe/f/p/b/-original-imahg242wzav35gk.jpeg,https://www.flipkart.com/vendoz-casual-stylish-trending-sneakers-women/p/itmce792f6d59fa8?pid=SHOGFXEPCHBJ9GBN&lid=LSTSHOGFXEPCHBJ9GBNX2IEZQ&marketplace=FLIPKART&store=osp%2Fiko&srno=b_3_109&otracker=browse&fm=organic&iid=9895b54a-05d8-4486-a10f-6b2521abf21a.SHOGFXEPCHBJ9GBN.SEARCH&ppt=browse&ppn=browse&ssid=7of36l05000000001768226424463
Flopsie Women Winter Comfortable Indoor Outdoor Heavy Sole Star Printed Fur Slipper Slippers - Buy Flopsie Women Winter Comfortable Indoor Outdoor Heavy Sole Star Printed Fur Slipper Slippers Online at Best Price - Shop Online for Footwears in India | Flipkart.com,₹297,http://rukmini1.flixcart.com/image/300/300/xif0q/slipper-flip-flop/h/e/w/6-ts-307-gry-flopsie-grey-original-imahestujrfzhkgr.jpeg,https://www.flipkart.com/flopsie-women-winter-comfortable-indoor-outdoor-heavy-sole-star-printed-fur-slipper-slippers/p/itm334dd4051990d?pid=SFFH6WJJJU8UBNDA&lid=LSTSFFH6WJJJU8UBNDAMQW5DO&marketplace=FLIPKART&store=osp%2Fiko&srno=b_7_251&otracker=browse&fm=organic&iid=en_AGnRzahflnjrzyGSofhuYuObKQCu69iMSBfo6h9bNg3BGwoWxXUizBYdXwropMkZdKQii8gIAKkLfADM7gkQmQ%3D%3D&ppt=browse&ppn=browse&ssid=l4zc74md9s0000001768226494682
Abros KAYA Running Shoes For Women - Buy Abros KAYA Running Shoes For Women Online at Best Price - Shop Online for Footwears in India | Flipkart.com,₹872,http://rukmini1.flixcart.com/image/300/300/xif0q/shoe/e/o/v/-original-imahfhptqdqkrznm.jpeg,https://www.flipkart.com/abros-kaya-running-shoes-women/p/itm9d53aa8a9b56d?pid=SHOHF9J94EHCYKF5&lid=LSTSHOHF9J94EHCYKF5UVJX1M&marketplace=FLIPKART&store=osp%2Fiko&srno=b_13_507&otracker=browse&fm=organic&iid=en_oTiHhq5sCa4wyoPUe1Jja7z0X67n8q4OQWl7fgPeTTpZ8pm_p8hbB7TVQk6MHZ7QRhjGWK4Ef2g_RhtNBSfpeeo15S0a61Wzzbg3qNOknKY%3D&ppt=browse&ppn=browse&ssid=q7vp90axtc0000001768226586549
FLITE Women Slippers - Buy FLITE Women Slippers Online at Best Price - Shop Online for Footwears in India | Flipkart.com,₹329,http://rukmini1.flixcart.com/image/300/300/xif0q/slipper-flip-flop/1/q/0/-original-imah84xrv28zptsh.jpeg,https://www.flipkart.com/flite-women-slippers/p/itm8ce0ad367713a?pid=SFFGCZUDDQFHTGHW&lid=LSTSFFGCZUDDQFHTGHWEFHHIO&marketplace=FLIPKART&store=osp%2Fiko&srno=b_11_403&otracker=browse&fm=organic&iid=d9f69b20-3523-485c-a484-27a8b56a461d.SFFGCZUDDQFHTGHW.SEARCH&ppt=browse&ppn=browse&ssid=xkwuilrkog0000001768226554244
Flopsie Flopsie Premium Women Winter Sneaker MemoryFoam Gym & Casual Outdoor Sneakers For Women - Buy Flopsie Flopsie Premium Women Winter Sneaker MemoryFoam Gym & Casual Outdoor Sneakers For Women Online at Best Price - Shop Online for Footwears in India | Flipkart.com,₹364,http://rukmini1.flixcart.com/image/300/300/xif0q/shopsy-shoe/w/r/h/7-ts-506-pnk-7-two-soft-pink-original-imah5fvnghps5mfr.jpeg,https://www.flipkart.com/flopsie-premium-women-winter-sneaker-memoryfoam-gym-casual-outdoor-sneakers/p/itm07bfdd53efaed?pid=SHOH6T4HQVZKYMZH&lid=LSTSHOH6T4HQVZKYMZH2RH8E0&marketplace=FLIPKART&store=osp%2Fiko&srno=b_5_177&otracker=browse&fm=organic&iid=en_veuji5O5oxhJ0IBY-vJKNHnFzc2n3kvDK_Yl7nBJXWF6wvOfnyhW_m5cHPuz37BPOHNLAZ5aABZblqsk8brlAw%3D%3D&ppt=browse&ppn=browse&ssid=39jjfmw7uo0000001768226462876
TAFSHA Women Slides - Buy TAFSHA Women Slides Online at Best Price - Shop Online for Footwears in India | Flipkart.com,₹294,http://rukmini1.flixcart.com/image/300/300/xif0q/slipper-flip-flop/u/u/h/6-carpet-sports2-purple-6-tafsha-purple-original-imah3ucscykhacmb.jpeg,https://www.flipkart.com/tafsha-women-slides/p/itm3830aaf7933a7?pid=SFFH3UCTKKGVHRNW&lid=LSTSFFH3UCTKKGVHRNWDHBWZP&marketplace=FLIPKART&store=osp%2Fiko&srno=b_8_295&otracker=browse&fm=organic&iid=en_EEM0Z8bU_Rhw0iEruWD7IknRK1asvTkmmjvzvzdwOpQGeuX-aTVAZ3in-MDZDuHLEo0uubj94mPljwc1DwOcBA%3D%3D&ppt=browse&ppn=browse&ssid=2go0snlczk0000001768226510439
DOCTOR ORTHO PLUS COMFY Women Extra Soft Orthopedic Diabetic Light Weight Slippers - Buy DOCTOR ORTHO PLUS COMFY Women Extra Soft Orthopedic Diabetic Light Weight Slippers Online at Best Price - Shop Online for Footwears in India | Flipkart.com,₹294,http://rukmini1.flixcart.com/image/300/300/xif0q/slipper-flip-flop/w/l/k/-original-imahgybxxjdpx8zv.jpeg,https://www.flipkart.com/doctor-ortho-plus-comfy-women-extra-soft-orthopedic-diabetic-light-weight-slippers/p/itm4031a91e882ce?pid=SFFG8KXMHZMYSS2G&lid=LSTSFFG8KXMHZMYSS2G7CDRH5&marketplace=FLIPKART&store=osp%2Fiko&srno=b_15_594&otracker=browse&fm=organic&iid=e6ebe926-2018-479d-b73a-c70125b560f3.SFFG8KXMHZMYSS2G.SEARCH&ppt=browse&ppn=browse&ssid=4i65va4gdc0000001768226615069
Flopsie Women Flopsie Women Stylish Soft Comfortable Slipper Lightweight Dailywear Slippers - Buy Flopsie Women Flopsie Women Stylish Soft Comfortable Slipper Lightweight Dailywear Slippers Online at Best Price - Shop Online for Footwears in India | Flipkart.com,₹195,http://rukmini1.flixcart.com/image/300/300/xif0q/slipper-flip-flop/a/g/y/-original-imahfz7zgeskgcgw.jpeg,https://www.flipkart.com/flopsie-women-stylish-soft-comfortable-slipper-lightweight-dailywear-slippers/p/itme457640427578?pid=SFFH6U8THFPYZHFA&lid=LSTSFFH6U8THFPYZHFARVBL33&marketplace=FLIPKART&store=osp%2Fiko&srno=b_8_281&otracker=browse&fm=organic&iid=en_EEM0Z8bU_Rhw0iEruWD7IknRK1asvTkmmjvzvzdwOpRJKykoKKghrRxJELfmaN4F-c5GgTdDjE-lyEAq8HSJWQ%3D%3D&ppt=browse&ppn=browse&ssid=2go0snlczk0000001768226510439
ARKER Women Bellies - Buy ARKER Women Bellies Online at Best Price - Shop Online for Footwears in India | Flipkart.com,₹473,http://rukmini1.flixcart.com/image/300/300/xif0q/sandal/4/l/s/5-s-11-38-arker-cream-original-imahjna4kf2arzdn.jpeg,https://www.flipkart.com/arker-women-bellies/p/itmcfb19ba3246fe?pid=SNDHD2MFRDFJYGGR&lid=LSTSNDHD2MFRDFJYGGREBWMJA&marketplace=FLIPKART&store=osp%2Fiko&srno=b_2_46&otracker=browse&fm=organic&iid=464c9e9f-a691-419d-8fd2-680b9c4477eb.SNDHD2MFRDFJYGGR.SEARCH&ppt=browse&ppn=browse&ssid=w8w25ktupc0000001768226402885
WOLVESDEN Women Flip Flops - Buy WOLVESDEN Women Flip Flops Online at Best Price - Shop Online for Footwears in India | Flipkart.com,₹319,http://rukmini1.flixcart.com/image/300/300/xif0q/slipper-flip-flop/v/6/6/7-ds-ribbion-ff1-pink-7-wolvesden-pink-original-imahec4ttgjca5yz.jpeg,https://www.flipkart.com/wolvesden-women-flip-flops/p/itmb267a185253b1?pid=SFFHEC4UHHX2U3JE&lid=LSTSFFHEC4UHHX2U3JEZW6OKW&marketplace=FLIPKART&store=osp%2Fiko&srno=b_1_23&otracker=browse&fm=organic&iid=27a448ff-87bd-4ea6-984d-908d0a814445.SFFHEC4UHHX2U3JE.SEARCH&ppt=None&ppn=None&ssid=uekt84okeo0000001768226382861
TWO SOFT Women Combo Pack Of 2 Stylish Casual Light & Soft Comfortable Daily Wear Slippers - Buy TWO SOFT Women Combo Pack Of 2 Stylish Casual Light & Soft Comfortable Daily Wear Slippers Online at Best Price - Shop Online for Footwears in India | Flipkart.com,₹263,http://rukmini1.flixcart.com/image/300/300/xif0q/slipper-flip-flop/f/1/z/-original-imahftr8j3edee4f.jpeg,https://www.flipkart.com/two-soft-women-combo-pack-2-stylish-casual-light-comfortable-daily-wear-slippers/p/itm52d5fb8753745?pid=SFFGMBGHBKTXYZ3S&lid=LSTSFFGMBGHBKTXYZ3SOWUFV9&marketplace=FLIPKART&store=osp%2Fiko&srno=b_14_527&otracker=browse&fm=organic&iid=en_FWKCXMnY93lvHSnL9zoj1bCqUwlx2_zmrJUoWPwyFeT48aQjRKofYzNWoWubsncaPVQLiD9Tpx6gFYJNZG6E-A%3D%3D&ppt=browse&ppn=browse&ssid=hrwjiqjte80000001768226600931
Flopsie Women Flopsie Women Stylish Soft Comfortable Slipper Lightweight Dailywear Slippers - Buy Flopsie Women Flopsie Women Stylish Soft Comfortable Slipper Lightweight Dailywear Slippers Online at Best Price - Shop Online for Footwears in India | Flipkart.com,₹195,http://rukmini1.flixcart.com/image/300/300/xif0q/slipper-flip-flop/a/g/y/-original-imahfz7zgeskgcgw.jpeg,https://www.flipkart.com/flopsie-women-stylish-soft-comfortable-slipper-lightweight-dailywear-slippers/p/itme457640427578?pid=SFFH6U8THFPYZHFA&lid=LSTSFFH6U8THFPYZHFARVBL33&marketplace=FLIPKART&store=osp%2Fiko&srno=b_12_441&otracker=browse&fm=organic&iid=en_SHCTXva8iVexBQNCngpF_NuHHZdPLvMAdqHvpa5ye8kL9Yj3UBXswLnkFI6GZNpu-c5GgTdDjE-lyEAq8HSJWQ%3D%3D&ppt=browse&ppn=browse&ssid=ecse3v9ai80000001768226569451
Deals4you Sneakers For Women - Buy Deals4you Sneakers For Women Online at Best Price - Shop Online for Footwears in India | Flipkart.com,₹419,http://rukmini1.flixcart.com/image/300/300/xif0q/shoe/j/4/5/5-2075-wt-5-deals4you-white-original-imahegqbrqkt3bae.jpeg,https://www.flipkart.com/deals4you-sneakers-women/p/itm77dab1e452a9a?pid=SHOHDEHAVY8TRSRQ&lid=LSTSHOHDEHAVY8TRSRQGEHAOA&marketplace=FLIPKART&store=osp%2Fiko&srno=b_17_676&otracker=browse&fm=organic&iid=a651fdd0-6b03-4c05-9376-7c1e494b32f5.SHOHDEHAVY8TRSRQ.SEARCH&ppt=browse&ppn=browse&ssid=vnotkb0e2o0000001768226647060
PUMA Women Slides - Buy PUMA Women Slides Online at Best Price - Shop Online for Footwears in India | Flipkart.com,"₹1,294",http://rukmini1.flixcart.com/image/300/300/xif0q/slipper-flip-flop/s/u/n/-original-imahjghnephswpzu.jpeg,https://www.flipkart.com/puma-women-slides/p/itmd3c6df9eaf9c3?pid=SFFGYBNJZRQB7TKZ&lid=LSTSFFGYBNJZRQB7TKZMR8APO&marketplace=FLIPKART&store=osp%2Fiko&srno=b_15_581&otracker=browse&fm=organic&iid=en_vXCl6X7Zoly2o-ZSBHC_VUkVU5Ea8NIcliS224j0uaKSE3LRS2tRfQ3trDFe896KrmShU9DcDnXR-xT7Q9IcjE4IsYyWu-Pj9cxFjFAoaLk%3D&ppt=browse&ppn=browse&ssid=4i65va4gdc0000001768226615069
Roadster Trending Stylish Comfortable lightweight Sneakers For Women - Buy Roadster Trending Stylish Comfortable lightweight Sneakers For Women Online at Best Price - Shop Online for Footwears in India | Flipkart.com,₹499,http://rukmini1.flixcart.com/image/300/300/xif0q/shoe/k/f/v/6-w-4009-white-39-roadster-white-original-imahhedpwtz8hmv4.jpeg,https://www.flipkart.com/roadster-trending-stylish-comfortable-lightweight-sneakers-women/p/itm82a2be9e39010?pid=SHOHCD99GZKKJ8BG&lid=LSTSHOHCD99GZKKJ8BGIWNETZ&marketplace=FLIPKART&store=osp%2Fiko&srno=b_16_609&otracker=browse&fm=organic&iid=f851c3a1-fab8-4070-ad3d-84b4cbacc113.SHOHCD99GZKKJ8BG.SEARCH&ppt=browse&ppn=browse&ssid=g8rc5k3vsw0000001768226631080
DOCTOR ORTHO PLUS COMFY Women Slippers - Buy DOCTOR ORTHO PLUS COMFY Women Slippers Online at Best Price - Shop Online for Footwears in India | Flipkart.com,₹294,http://rukmini1.flixcart.com/image/300/300/xif0q/slipper-flip-flop/o/b/w/-original-imahg24ysdhw5m7e.jpeg,https://www.flipkart.com/doctor-ortho-plus-comfy-women-slippers/p/itm61b085ba1f81c?pid=SFFGXMGGWEUGEBJ2&lid=LSTSFFGXMGGWEUGEBJ2QSEG3L&marketplace=FLIPKART&store=osp%2Fiko&srno=b_10_372&otracker=browse&fm=organic&iid=en_QgQ6nGD2rAj3cKP0gzxkX9VwQbY8QFRbQVtWwIS-YzTp9YtKloMOougZ4cP457lijNdgjssPgxGhUqFKiyLJjA%3D%3D&ppt=browse&ppn=browse&ssid=my7hzbekzk0000001768226539546
PUMA Evoflex MaxGrip Wns Running Shoes For Women - Buy PUMA Evoflex MaxGrip Wns Running Shoes For Women Online at Best Price - Shop Online for Footwears in India | Flipkart.com,"₹2,479",http://rukmini1.flixcart.com/image/300/300/xif0q/shoe/b/q/i/-original-imahgczkegvjyhdy.jpeg,https://www.flipkart.com/puma-evoflex-maxgrip-wns-running-shoes-women/p/itm4b87b364fb069?pid=SHOHBA76CZP54HUY&lid=LSTSHOHBA76CZP54HUYKGQ4ZQ&marketplace=FLIPKART&store=osp%2Fiko&srno=b_19_735&otracker=browse&fm=organic&iid=en_mGV1yjXtWpAvBu-vSkfb7k6vQxCPvcS0YlxYkHZThtQrDSoxPyE5654I4BYQVkf5JmMn43VxhhTGHhC6yQLwrw%3D%3D&ppt=browse&ppn=browse&ssid=3d4mzm90og0000001768226678442
Sparx SL 168 Running Shoes For Women - Buy Sparx SL 168 Running Shoes For Women Online at Best Price - Shop Online for Footwears in India | Flipkart.com,₹899,http://rukmini1.flixcart.com/image/300/300/xif0q/shoe/k/s/a/-original-imahd2zmkuuh36fc.jpeg,https://www.flipkart.com/sparx-sl-168-running-shoes-women/p/itmc6991047b3e43?pid=SHOH2AZECEJ7DNGX&lid=LSTSHOH2AZECEJ7DNGXRDMXUR&marketplace=FLIPKART&store=osp%2Fiko&srno=b_4_123&otracker=browse&fm=organic&iid=3d830cc9-e5ad-48ef-84c3-482f55642135.SHOH2AZECEJ7DNGX.SEARCH&ppt=browse&ppn=browse&ssid=e6nkya0vfk0000001768226446152
PUMA ComfortCush Lite Wns Running Shoes For Women - Buy PUMA ComfortCush Lite Wns Running Shoes For Women Online at Best Price - Shop Online for Footwears in India | Flipkart.com,"₹3,354",http://rukmini1.flixcart.com/image/300/300/xif0q/shoe/q/k/b/-original-imahgczkj6se4ypx.jpeg,https://www.flipkart.com/puma-comfortcush-lite-wns-running-shoes-women/p/itmfe4db59d10727?pid=SHOHBA76HW4NSZZR&lid=LSTSHOHBA76HW4NSZZRUBYKDV&marketplace=FLIPKART&store=osp%2Fiko&srno=b_15_578&otracker=browse&fm=organic&iid=en_vXCl6X7Zoly2o-ZSBHC_VUkVU5Ea8NIcliS224j0uaJSG_MAollTgswx9VJQzaWyjBmawvbKfRe1JJTt5mAZHYE8waCTrWcncKeK_ydPfoM%3D&ppt=browse&ppn=browse&ssid=4i65va4gdc0000001768226615069
Abros KAYA Running Shoes For Women - Buy Abros KAYA Running Shoes For Women Online at Best Price - Shop Online for Footwears in India | Flipkart.com,₹872,http://rukmini1.flixcart.com/image/300/300/xif0q/shoe/e/o/v/-original-imahfhptqdqkrznm.jpeg,https://www.flipkart.com/abros-kaya-running-shoes-women/p/itm9d53aa8a9b56d?pid=SHOHF9J94EHCYKF5&lid=LSTSHOHF9J94EHCYKF5UVJX1M&marketplace=FLIPKART&store=osp%2Fiko&srno=b_2_78&otracker=browse&fm=organic&iid=en_gTq8owYLy1hXM2xQT4S-bA2WPpROM5pB8HlXhKpC5ITMhwOtxtCSbRH7EJTcthPbZlljJQA7Qh3HL0lxPpPs5IE8waCTrWcncKeK_ydPfoM%3D&ppt=browse&ppn=browse&ssid=w8w25ktupc0000001768226402885
TWO SOFT Women Pack Of 2 Combo Stylish Extra Comfort Lightweight Dailywear Used Slippers - Buy TWO SOFT Women Pack Of 2 Combo Stylish Extra Comfort Lightweight Dailywear Used Slippers Online at Best Price - Shop Online for Footwears in India | Flipkart.com,₹263,http://rukmini1.flixcart.com/image/300/300/xif0q/slipper-flip-flop/d/k/o/-original-imahftsfrdzxmkcu.jpeg,https://www.flipkart.com/two-soft-women-pack-2-combo-stylish-extra-comfort-lightweight-dailywear-used-slippers/p/itm80a6752a96dfe?pid=SFFGFM6RPPH7HD4Q&lid=LSTSFFGFM6RPPH7HD4QWFXZYS&marketplace=FLIPKART&store=osp%2Fiko&srno=b_16_632&otracker=browse&fm=organic&iid=en_r6jE2bFuVoC3-Xm07u_rlTuKR8b77BFlQp2ofdjatrD5bCyhGDHtQ_QvoR9CXT8bCtALVgK8KfjX3YIQ5ou0Kg%3D%3D&ppt=browse&ppn=browse&ssid=g8rc5k3vsw0000001768226631080
Flopsie Women TWO SOFT Comfortable Stylish Doctor Ortho | Adjustable Toe Hook Slippers - Buy Flopsie Women TWO SOFT Comfortable Stylish Doctor Ortho | Adjustable Toe Hook Slippers Online at Best Price - Shop Online for Footwears in India | Flipkart.com,₹206,http://rukmini1.flixcart.com/image/300/300/xif0q/slipper-flip-flop/r/u/s/8-new-035-pink-flopsie-pink-original-imahgepuf4s79zgr.jpeg,https://www.flipkart.com/flopsie-women-two-soft-comfortable-stylish-doctor-ortho-adjustable-toe-hook-slippers/p/itm2e9b435784dc1?pid=SFFH6U8TMGHHHHQ7&lid=LSTSFFH6U8TMGHHHHQ7EN3JLC&marketplace=FLIPKART&store=osp%2Fiko&srno=b_5_188&otracker=browse&fm=organic&iid=en_veuji5O5oxhJ0IBY-vJKNHnFzc2n3kvDK_Yl7nBJXWFIOxdw4wrO0Xy5AhSuXK9m9s6dSnBuTs1PbR-5EbaLWQ%3D%3D&ppt=browse&ppn=browse&ssid=39jjfmw7uo0000001768226462876
Svaar Women Clogs - Buy Svaar Women Clogs Online at Best Price - Shop Online for Footwears in India | Flipkart.com,₹499,http://rukmini1.flixcart.com/image/300/300/xif0q/sandal/x/e/z/5-svr1125kbrv-5-svaar-pure-white-original-imah74zsm3hqxgmb.jpeg,https://www.flipkart.com/svaar-women-clogs/p/itmc27e09582768e?pid=SNDH6WHX2UHNGE8S&lid=LSTSNDH6WHX2UHNGE8SUKOT3A&marketplace=FLIPKART&store=osp%2Fiko&srno=b_12_467&otracker=browse&fm=organic&iid=en_SHCTXva8iVexBQNCngpF_NuHHZdPLvMAdqHvpa5ye8lJi93_cMHO6q1J-pTu4Mq87NIbeSZqTurpfJ9-f1aO6Q%3D%3D&ppt=browse&ppn=browse&ssid=ecse3v9ai80000001768226569451
Flopsie Flopsie Women Winter Stylish Comfortable Bellies for Women & Girl Loafers For Women - Buy Flopsie Flopsie Women Winter Stylish Comfortable Bellies for Women & Girl Loafers For Women Online at Best Price - Shop Online for Footwears in India | Flipkart.com,₹364,http://rukmini1.flixcart.com/image/300/300/xif0q/shoe/d/d/a/4-ts-304-blu-4-flopsie-blue-original-imahhq9urdh9ghap.jpeg,https://www.flipkart.com/flopsie-women-winter-stylish-comfortable-bellies-girl-loafers/p/itm173c2f56238cf?pid=SHOH6T6ZQGH6GY7W&lid=LSTSHOH6T6ZQGH6GY7W3VD0IQ&marketplace=FLIPKART&store=osp%2Fiko&srno=b_3_115&otracker=browse&fm=organic&iid=en_RAZjS9M4pbKu14UKMNDI4m6TFZJ_so7CIuKdOfWnqpD7OxQeeKn75aXldyenuWvbXpyaaHd2kardrFgSA_LOrQ%3D%3D&ppt=browse&ppn=browse&ssid=7of36l05000000001768226424463
Knoos Sneakers For Women - Buy Knoos Sneakers For Women Online at Best Price - Shop Online for Footwears in India | Flipkart.com,₹536,http://rukmini1.flixcart.com/image/300/300/xif0q/shoe/k/t/e/-original-imahftqty4bcnhph.jpeg,https://www.flipkart.com/knoos-sneakers-women/p/itme080338be687c?pid=SHOGXHZGNVJF6SFD&lid=LSTSHOGXHZGNVJF6SFDLVX8LX&marketplace=FLIPKART&store=osp%2Fiko&srno=b_9_360&otracker=browse&fm=organic&iid=dbcc83ce-aca9-4f02-99f6-46c63dc65f87.SHOGXHZGNVJF6SFD.SEARCH&ppt=browse&ppn=browse&ssid=xqf91pbbtc0000001768226524489
WOLVESDEN Women Flip Flops - Buy WOLVESDEN Women Flip Flops Online at Best Price - Shop Online for Footwears in India | Flipkart.com,₹288,http://rukmini1.flixcart.com/image/300/300/xif0q/slipper-flip-flop/w/e/3/6-carpethome1-ppink-6-wolvesden-burgundy-original-imah8wsvuebyqgha.jpeg,https://www.flipkart.com/wolvesden-women-flip-flops/p/itma502f9172f558?pid=SFFHFG9RHZ4BAHY9&lid=LSTSFFHFG9RHZ4BAHY9RBAYVM&marketplace=FLIPKART&store=osp%2Fiko&srno=b_15_570&otracker=browse&fm=organic&iid=e6ebe926-2018-479d-b73a-c70125b560f3.SFFHFG9RHZ4BAHY9.SEARCH&ppt=browse&ppn=browse&ssid=4i65va4gdc0000001768226615069
FLITE Women Slippers - Buy FLITE Women Slippers Online at Best Price - Shop Online for Footwears in India | Flipkart.com,₹260,http://rukmini1.flixcart.com/image/300/300/xif0q/slipper-flip-flop/d/y/l/-original-imahgzgjf3jduyr6.jpeg,https://www.flipkart.com/flite-women-slippers/p/itm9d560abc49f13?pid=SFFH7HYHHDKYFBJ5&lid=LSTSFFH7HYHHDKYFBJ5ALWBWT&marketplace=FLIPKART&store=osp%2Fiko&srno=b_3_84&otracker=browse&fm=organic&iid=9895b54a-05d8-4486-a10f-6b2521abf21a.SFFH7HYHHDKYFBJ5.SEARCH&ppt=browse&ppn=browse&ssid=7of36l05000000001768226424463
TAFSHA Women Slides - Buy TAFSHA Women Slides Online at Best Price - Shop Online for Footwears in India | Flipkart.com,₹294,http://rukmini1.flixcart.com/image/300/300/xif0q/slipper-flip-flop/u/u/h/6-carpet-sports2-purple-6-tafsha-purple-original-imah3ucscykhacmb.jpeg,https://www.flipkart.com/tafsha-women-slides/p/itm3830aaf7933a7?pid=SFFH3UCTKKGVHRNW&lid=LSTSFFH3UCTKKGVHRNWDHBWZP&marketplace=FLIPKART&store=osp%2Fiko&srno=b_2_55&otracker=browse&fm=organic&iid=en_gTq8owYLy1hXM2xQT4S-bA2WPpROM5pB8HlXhKpC5IR9pI4ADIyJgWyd3aDpUD9kEo0uubj94mPljwc1DwOcBA%3D%3D&ppt=browse&ppn=browse&ssid=w8w25ktupc0000001768226402885
,,,https://www.flipkart.com/birde-premium-memory-foam-comfortable-stylish-lightweight-bellies-women/p/itmbb4dbcf7cf4f9?pid=SHOH2W3JGHGQRGZX&lid=LSTSHOH2W3JGHGQRGZXSVMXLH&marketplace=FLIPKART&store=osp%2Fiko&srno=b_12_446&otracker=browse&fm=organic&iid=3beba5be-cff5-4b74-8ac4-2f92765b4e5d.SHOH2W3JGHGQRGZX.SEARCH&ppt=browse&ppn=browse&ssid=ecse3v9ai80000001768226569451
heighten Women Flats - Buy heighten Women Flats Online at Best Price - Shop Online for Footwears in India | Flipkart.com,₹278,http://rukmini1.flixcart.com/image/300/300/xif0q/sandal/o/b/m/-original-imahftquw79u8cte.jpeg,https://www.flipkart.com/heighten-women-flats/p/itm7bd6b799fd493?pid=SNDGQUK5JHU5HQWG&lid=LSTSNDGQUK5JHU5HQWGNGDAPZ&marketplace=FLIPKART&store=osp%2Fiko&srno=b_17_654&otracker=browse&fm=organic&iid=a651fdd0-6b03-4c05-9376-7c1e494b32f5.SNDGQUK5JHU5HQWG.SEARCH&ppt=browse&ppn=browse&ssid=vnotkb0e2o0000001768226647060
BOKZZON Comfortable sport shoes for women stylish women shoes casual women Training & Gym Shoes For Women - Buy BOKZZON Comfortable sport shoes for women stylish women shoes casual women Training & Gym Shoes For Women Online at Best Price - Shop Online for Footwears in India | Flipkart.com,₹358,http://rukmini1.flixcart.com/image/300/300/xif0q/shoe/q/d/s/7-03-alexa-purple-7-cooperwings-purple-original-imahbj92pfwtmthm.jpeg,https://www.flipkart.com/bokzzon-comfortable-sport-shoes-women-stylish-casual-training-gym/p/itma3bb13a22b173?pid=SHOHFBWNBDWGJWKW&lid=LSTSHOHFBWNBDWGJWKWBZINAJ&marketplace=FLIPKART&store=osp%2Fiko&srno=b_3_100&otracker=browse&fm=organic&iid=9895b54a-05d8-4486-a10f-6b2521abf21a.SHOHFBWNBDWGJWKW.SEARCH&ppt=browse&ppn=browse&ssid=7of36l05000000001768226424463
Flopsie Women Winter Comfortable Indoor Outdoor Heavy Sole Star Printed Fur Slipper Slippers - Buy Flopsie Women Winter Comfortable Indoor Outdoor Heavy Sole Star Printed Fur Slipper Slippers Online at Best Price - Shop Online for Footwears in India | Flipkart.com,₹297,http://rukmini1.flixcart.com/image/300/300/xif0q/slipper-flip-flop/h/e/w/6-ts-307-gry-flopsie-grey-original-imahestujrfzhkgr.jpeg,https://www.flipkart.com/flopsie-women-winter-comfortable-indoor-outdoor-heavy-sole-star-printed-fur-slipper-slippers/p/itm334dd4051990d?pid=SFFH6WJJJU8UBNDA&lid=LSTSFFH6WJJJU8UBNDAMQW5DO&marketplace=FLIPKART&store=osp%2Fiko&srno=b_3_92&otracker=browse&fm=organic&iid=en_RAZjS9M4pbKu14UKMNDI4m6TFZJ_so7CIuKdOfWnqpDYWJuD6RaPUdYR8xvM2Y3TdKQii8gIAKkLfADM7gkQmQ%3D%3D&ppt=browse&ppn=browse&ssid=7of36l05000000001768226424463
WOLVESDEN Women Slides - Buy WOLVESDEN Women Slides Online at Best Price - Shop Online for Footwears in India | Flipkart.com,₹279,http://rukmini1.flixcart.com/image/300/300/xif0q/slipper-flip-flop/k/y/b/10-half-carpetf2-grey-10-wolvesden-grey-original-imah33wvgc5ztzdv.jpeg,https://www.flipkart.com/wolvesden-women-slides/p/itm5b8b093bab877?pid=SFFH33WW7KPZYZJP&lid=LSTSFFH33WW7KPZYZJP38WS1O&marketplace=FLIPKART&store=osp%2Fiko&srno=b_3_83&otracker=browse&fm=organic&iid=9895b54a-05d8-4486-a10f-6b2521abf21a.SFFH33WW7KPZYZJP.SEARCH&ppt=browse&ppn=browse&ssid=7of36l05000000001768226424463
WINGSCRAFT Women Clogs - Buy WINGSCRAFT Women Clogs Online at Best Price - Shop Online for Footwears in India | Flipkart.com,₹234,http://rukmini1.flixcart.com/image/300/300/xif0q/sandal/0/i/w/5-pn-drack-008-13-wingscraft-cream-original-imah4rq3gfvssvze.jpeg,https://www.flipkart.com/wingscraft-women-clogs/p/itmaac16801f0fda?pid=SNDH4RQ38HYCJ2HE&lid=LSTSNDH4RQ38HYCJ2HEDEJUXI&marketplace=FLIPKART&store=osp%2Fiko&srno=b_14_523&otracker=browse&fm=organic&iid=d4e3f038-b31e-4096-9ab1-fe0a83cf4fc4.SNDH4RQ38HYCJ2HE.SEARCH&ppt=browse&ppn=browse&ssid=hrwjiqjte80000001768226600931
Abros KAYA Running Shoes For Women - Buy Abros KAYA Running Shoes For Women Online at Best Price - Shop Online for Footwears in India | Flipkart.com,₹872,http://rukmini1.flixcart.com/image/300/300/xif0q/shoe/e/o/v/-original-imahfhptqdqkrznm.jpeg,https://www.flipkart.com/abros-kaya-running-shoes-women/p/itm9d53aa8a9b56d?pid=SHOHF9J94EHCYKF5&lid=LSTSHOHF9J94EHCYKF5UVJX1M&marketplace=FLIPKART&store=osp%2Fiko&srno=b_8_318&otracker=browse&fm=organic&iid=en_EEM0Z8bU_Rhw0iEruWD7IknRK1asvTkmmjvzvzdwOpTFDkLaSkmPfF6bj26IiD-7ZlljJQA7Qh3HL0lxPpPs5IE8waCTrWcncKeK_ydPfoM%3D&ppt=browse&ppn=browse&ssid=2go0snlczk0000001768226510439
PUMA Smashic Women Casuals For Women - Buy PUMA Smashic Women Casuals For Women Online at Best Price - Shop Online for Footwears in India | Flipkart.com,"₹2,025",http://rukmini1.flixcart.com/image/300/300/xif0q/shoe/2/f/f/-original-imahheeb7mhqtyv3.jpeg,https://www.flipkart.com/puma-smashic-women-casuals/p/itm9773001e4cc02?pid=SHOGHKS9E2XREYKM&lid=LSTSHOGHKS9E2XREYKMXJKZA5&marketplace=FLIPKART&store=osp%2Fiko&srno=b_15_598&otracker=browse&fm=organic&iid=en_vXCl6X7Zoly2o-ZSBHC_VUkVU5Ea8NIcliS224j0uaIX8m-yX4JqQGSjqHHDc8V528oJM3p_rEvxp9zVBgoxUYE8waCTrWcncKeK_ydPfoM%3D&ppt=browse&ppn=browse&ssid=4i65va4gdc0000001768226615069
TWO SOFT Boots For Women - Buy TWO SOFT Boots For Women Online at Best Price - Shop Online for Footwears in India | Flipkart.com,₹370,http://rukmini1.flixcart.com/image/300/300/xif0q/shoe/i/g/8/4-ts-511-blk-4-two-soft-black-original-imah4gs5fax6mvau.jpeg,https://www.flipkart.com/two-soft-boots-women/p/itme1c11a8c77d0f?pid=SHOH44H7ZBKGCKKF&lid=LSTSHOH44H7ZBKGCKKFYOD1YW&marketplace=FLIPKART&store=osp%2Fiko&srno=b_16_637&otracker=browse&fm=organic&iid=en_r6jE2bFuVoC3-Xm07u_rlTuKR8b77BFlQp2ofdjatrBMQXMfk_ncXxB5L0dGvvsMwtZUOjJFH7hLfILzixdfFg%3D%3D&ppt=browse&ppn=browse&ssid=g8rc5k3vsw0000001768226631080
aerowalk Women Flats - Buy aerowalk Women Flats Online at Best Price - Shop Online for Footwears in India | Flipkart.com,₹339,http://rukmini1.flixcart.com/image/300/300/xif0q/sandal/w/p/6/-original-imahgybway5bjjum.jpeg,https://www.flipkart.com/aerowalk-women-flats/p/itmcc28d472d313a?pid=SNDFPUGGRSYNZBER&lid=LSTSNDFPUGGRSYNZBERMZEZTN&marketplace=FLIPKART&store=osp%2Fiko&srno=b_14_559&otracker=browse&fm=organic&iid=d4e3f038-b31e-4096-9ab1-fe0a83cf4fc4.SNDFPUGGRSYNZBER.SEARCH&ppt=browse&ppn=browse&ssid=hrwjiqjte80000001768226600931
RED TAPE Women Slides - Buy RED TAPE Women Slides Online at Best Price - Shop Online for Footwears in India | Flipkart.com,₹366,http://rukmini1.flixcart.com/image/300/300/xif0q/slipper-flip-flop/f/e/w/-original-imahgbvfgcsjasdm.jpeg,https://www.flipkart.com/red-tape-women-slides/p/itmdc8d4d1ba9c88?pid=SFFH5BRKYYVZU5CQ&lid=LSTSFFH5BRKYYVZU5CQJX36YJ&marketplace=FLIPKART&store=osp%2Fiko&srno=b_19_753&otracker=browse&fm=organic&iid=4367eae6-781b-4f71-84d5-98c38bcd1ce8.SFFH5BRKYYVZU5CQ.SEARCH&ppt=browse&ppn=browse&ssid=3d4mzm90og0000001768226678442
Layasa Womens And Girls Multicolor Casual Sneakers For Women - Buy Layasa Womens And Girls Multicolor Casual Sneakers For Women Online at Best Price - Shop Online for Footwears in India | Flipkart.com,₹469,http://rukmini1.flixcart.com/image/300/300/xif0q/shoe/j/t/i/3-ldf2095-3-layasa-mlt-original-imagzrmnahbkratt.jpeg,https://www.flipkart.com/layasa-womens-girls-multicolor-casual-sneakers-women/p/itm2ca8a03be250a?pid=SHOGZRMYMYT7MHHB&lid=LSTSHOGZRMYMYT7MHHBSWFVPP&marketplace=FLIPKART&store=osp%2Fiko&srno=b_6_222&otracker=browse&fm=organic&iid=en_FdZ7yfzNiLSuTZt3ug5zoWIjYKMzdeLPs-DtXUP-fn3rOcSJ3bKG56NOSyxTG7GZ5UAEnZ3UeMzJqsIYW-F_yQ%3D%3D&ppt=browse&ppn=browse&ssid=jtks0xz00w0000001768226479320
PUMA Puma Alfarun Metallic Wns Casuals For Women - Buy PUMA Puma Alfarun Metallic Wns Casuals For Women Online at Best Price - Shop Online for Footwears in India | Flipkart.com,"₹1,834",http://rukmini1.flixcart.com/image/300/300/xif0q/shoe/e/i/u/-original-imahjgru6zysfmyh.jpeg,https://www.flipkart.com/puma-alfarun-metallic-wns-casuals-women/p/itmef3c01569c475?pid=SHOGHQ7MTYPMHSQQ&lid=LSTSHOGHQ7MTYPMHSQQWUTJFV&marketplace=FLIPKART&store=osp%2Fiko&srno=b_19_731&otracker=browse&fm=organic&iid=en_mGV1yjXtWpAvBu-vSkfb7k6vQxCPvcS0YlxYkHZThtR9dQ9EF2VGpnfeTmwcAGM4bGeeorOErZKkTEvwc6Vquw%3D%3D&ppt=browse&ppn=browse&ssid=3d4mzm90og0000001768226678442
TWO SOFT Women Pack Of 2 Combo Stylish Extra Comfort Lightweight Dailywear Used Slippers - Buy TWO SOFT Women Pack Of 2 Combo Stylish Extra Comfort Lightweight Dailywear Used Slippers Online at Best Price - Shop Online for Footwears in India | Flipkart.com,₹262,http://rukmini1.flixcart.com/image/300/300/xif0q/slipper-flip-flop/z/i/m/-original-imahftr7xs5zhdge.jpeg,https://www.flipkart.com/two-soft-women-pack-2-combo-stylish-extra-comfort-lightweight-dailywear-used-slippers/p/itm460c4d169ab23?pid=SFFGF9Z7EDWU4YSB&lid=LSTSFFGF9Z7EDWU4YSBNBWDFW&marketplace=FLIPKART&store=osp%2Fiko&srno=b_5_179&otracker=browse&fm=organic&iid=dacca31e-67ab-42b6-a39c-2196d8d752b0.SFFGF9Z7EDWU4YSB.SEARCH&ppt=browse&ppn=browse&ssid=39jjfmw7uo0000001768226462876
oxpeo OXPEO CASUAL SNEAKERS FOR WOMEN Sneakers For Women - Buy oxpeo OXPEO CASUAL SNEAKERS FOR WOMEN Sneakers For Women Online at Best Price - Shop Online for Footwears in India | Flipkart.com,₹320,http://rukmini1.flixcart.com/image/300/300/xif0q/shoe/7/w/t/-original-imahfz7zz7vehega.jpeg,https://www.flipkart.com/oxpeo-casual-sneakers-women/p/itmf26fc34c208dd?pid=SHOHYJJUZWFGCBY4&lid=LSTSHOHYJJUZWFGCBY4OKCWBO&marketplace=FLIPKART&store=osp%2Fiko&srno=b_17_646&otracker=browse&fm=organic&iid=a651fdd0-6b03-4c05-9376-7c1e494b32f5.SHOHYJJUZWFGCBY4.SEARCH&ppt=browse&ppn=browse&ssid=vnotkb0e2o0000001768226647060
CAMPUS KURSTIN Women's Casual Shoes | Memory Insole with PilloFoam Comfort | Slip-On Walking Shoes For Women - Buy CAMPUS KURSTIN Women's Casual Shoes | Memory Insole with PilloFoam Comfort | Slip-On Walking Shoes For Women Online at Best Price - Shop Online for Footwears in India | Flipkart.com,"₹1,001",http://rukmini1.flixcart.com/image/300/300/xif0q/shoe/i/w/c/8-22l-953-8-campus-blk-rani-original-imahf3ty9ud6pzth.jpeg,https://www.flipkart.com/campus-kurstin-women-s-casual-shoes-memory-insole-pillofoam-comfort-slip-on-walking-women/p/itm85aa358604ab4?pid=SHOHF5KZM9FNENQX&lid=LSTSHOHF5KZM9FNENQXJU7OGL&marketplace=FLIPKART&store=osp%2Fiko&srno=b_8_306&otracker=browse&fm=organic&iid=79f2c90c-e0c0-4aba-9a8f-665fed88ffe8.SHOHF5KZM9FNENQX.SEARCH&ppt=browse&ppn=browse&ssid=2go0snlczk0000001768226510439
Rowlans Comfortable Durable Korean shoe Walking Shoes For Women - Buy Rowlans Comfortable Durable Korean shoe Walking Shoes For Women Online at Best Price - Shop Online for Footwears in India | Flipkart.com,₹449,http://rukmini1.flixcart.com/image/300/300/xif0q/shoe/y/e/g/3-704-3-rowlans-black-original-imahays2fhszvsnu.jpeg,https://www.flipkart.com/rowlans-comfortable-durable-korean-shoe-walking-shoes-women/p/itmfb805f8b313f7?pid=SHOH26NRMH84HNTX&lid=LSTSHOH26NRMH84HNTXCLJOYX&marketplace=FLIPKART&store=osp%2Fiko&srno=b_11_437&otracker=browse&fm=organic&iid=en_yzKT70zsUvLVIiVJzjcGD6y4PwfYgrFyB-JPR4zv0wBso4QQPyn8uMPTM6lUcACKQIbo3jxGAr30SslXHrdSvg%3D%3D&ppt=browse&ppn=browse&ssid=xkwuilrkog0000001768226554244
,,,https://www.flipkart.com/flopsie-premium-women-winter-sneaker-memoryfoam-gym-casual-outdoor-sneakers/p/itm07bfdd53efaed?pid=SHOH6T4HQVZKYMZH&lid=LSTSHOH6T4HQVZKYMZH2RH8E0&marketplace=FLIPKART&store=osp%2Fiko&srno=b_10_368&otracker=browse&fm=organic&iid=en_QgQ6nGD2rAj3cKP0gzxkX9VwQbY8QFRbQVtWwIS-YzTTU6LgAQTljhR0PB0xgcJpOYdNHsuuneyV0Z2Coa5kBw%3D%3D&ppt=browse&ppn=browse&ssid=my7hzbekzk0000001768226539546
,,,https://www.flipkart.com/gerief-women-heels/p/itm72977f93f1b49?pid=SNDHDGMGQUKADDHC&lid=LSTSNDHDGMGQUKADDHCMFRPRC&marketplace=FLIPKART&store=osp%2Fiko&srno=b_13_483&otracker=browse&fm=organic&iid=ac0383e4-33b1-4776-ade8-aae7a7f6dc44.SNDHDGMGQUKADDHC.SEARCH&ppt=browse&ppn=browse&ssid=q7vp90axtc0000001768226586549
WALKLINE sports and gym shoes for women|Running and casual shoes for women Walking Shoes For Women - Buy WALKLINE sports and gym shoes for women|Running and casual shoes for women Walking Shoes For Women Online at Best Price - Shop Online for Footwears in India | Flipkart.com,₹397,http://rukmini1.flixcart.com/image/300/300/xif0q/shoe/5/i/p/-original-imahfz7h3snrsxzy.jpeg,https://www.flipkart.com/walkline-sports-gym-shoes-women-running-casual-women-walking/p/itm0e99b42f1f159?pid=SHOH7SK4B5ZZHQ4T&lid=LSTSHOH7SK4B5ZZHQ4THVUAFX&marketplace=FLIPKART&store=osp%2Fiko&srno=b_6_206&otracker=browse&fm=organic&iid=0a381c2d-9ed4-4919-9097-d81da66e9544.SHOH7SK4B5ZZHQ4T.SEARCH&ppt=browse&ppn=browse&ssid=jtks0xz00w0000001768226479320
Deals4you Sneakers For Women - Buy Deals4you Sneakers For Women Online at Best Price - Shop Online for Footwears in India | Flipkart.com,₹423,http://rukmini1.flixcart.com/image/300/300/xif0q/shopsy-shoe/4/o/r/6-875-mlt-6-deals4you-multi-original-imahgucfjdknvu92.jpeg,https://www.flipkart.com/deals4you-sneakers-women/p/itmfe58f4b5b1425?pid=SHOGGFYT7PGH5WEP&lid=LSTSHOGGFYT7PGH5WEPXFX1TT&marketplace=FLIPKART&store=osp%2Fiko&srno=b_13_495&otracker=browse&fm=organic&iid=en_oTiHhq5sCa4wyoPUe1Jja7z0X67n8q4OQWl7fgPeTTrLWvtDwQMhF0UJqM2VBPBH_hwDeZlrY0xCGo00oWNXEQ%3D%3D&ppt=browse&ppn=browse&ssid=q7vp90axtc0000001768226586549
TAFSHA Women Flip Flops - Buy TAFSHA Women Flip Flops Online at Best Price - Shop Online for Footwears in India | Flipkart.com,₹294,http://rukmini1.flixcart.com/image/300/300/xif0q/slipper-flip-flop/d/h/w/7-carpet-sports5-purple-7-tafsha-purple-original-imah3ucs24xd4dgx.jpeg,https://www.flipkart.com/tafsha-women-flip-flops/p/itm81e6e80070cf9?pid=SFFH3UCTEWTFUDCJ&lid=LSTSFFH3UCTEWTFUDCJN0X2IQ&marketplace=FLIPKART&store=osp%2Fiko&srno=b_12_450&otracker=browse&fm=organic&iid=3beba5be-cff5-4b74-8ac4-2f92765b4e5d.SFFH3UCTEWTFUDCJ.SEARCH&ppt=browse&ppn=browse&ssid=ecse3v9ai80000001768226569451
Flopsie Women TWO SOFT Comfortable Stylish Doctor Ortho | Adjustable Toe Hook Slippers - Buy Flopsie Women TWO SOFT Comfortable Stylish Doctor Ortho | Adjustable Toe Hook Slippers Online at Best Price - Shop Online for Footwears in India | Flipkart.com,₹206,http://rukmini1.flixcart.com/image/300/300/xif0q/slipper-flip-flop/r/u/s/8-new-035-pink-flopsie-pink-original-imahgepuf4s79zgr.jpeg,https://www.flipkart.com/flopsie-women-two-soft-comfortable-stylish-doctor-ortho-adjustable-toe-hook-slippers/p/itm2e9b435784dc1?pid=SFFH6U8TMGHHHHQ7&lid=LSTSFFH6U8TMGHHHHQ7EN3JLC&marketplace=FLIPKART&store=osp%2Fiko&srno=b_6_228&otracker=browse&fm=organic&iid=en_FdZ7yfzNiLSuTZt3ug5zoWIjYKMzdeLPs-DtXUP-fn3bUgGD0zDruxkPABSXmTYq9s6dSnBuTs1PbR-5EbaLWQ%3D%3D&ppt=browse&ppn=browse&ssid=jtks0xz00w0000001768226479320
TRYME Women Bellies - Buy TRYME Women Bellies Online at Best Price - Shop Online for Footwears in India | Flipkart.com,₹767,http://rukmini1.flixcart.com/image/300/300/xif0q/sandal/r/u/k/-original-imahesydg4zmy48v.jpeg,https://www.flipkart.com/tryme-women-bellies/p/itme4f09d8127d6a?pid=SNDGZXCGMTHMRXPF&lid=LSTSNDGZXCGMTHMRXPFEGHABR&marketplace=FLIPKART&store=osp%2Fiko&srno=b_1_13&otracker=browse&fm=organic&iid=27a448ff-87bd-4ea6-984d-908d0a814445.SNDGZXCGMTHMRXPF.SEARCH&ppt=None&ppn=None&ssid=uekt84okeo0000001768226382861
STREETLOOK STREETLOOK Mesh Casual Shoe For Women's & Girl's Slip On Sneakers For Women - Buy STREETLOOK STREETLOOK Mesh Casual Shoe For Women's & Girl's Slip On Sneakers For Women Online at Best Price - Shop Online for Footwears in India | Flipkart.com,₹458,http://rukmini1.flixcart.com/image/300/300/xif0q/shopsy-shoe/k/s/j/7-shopsy-dbl-2023-6-7-overstar-black-original-imahfckpafwaqmzt.jpeg,https://www.flipkart.com/streetlook-mesh-casual-shoe-women-s-girl-s-slip-sneakers-women/p/itm25d329c555604?pid=SHOGHSCGGSY8AHQF&lid=LSTSHOGHSCGGSY8AHQF6OFQH5&marketplace=FLIPKART&store=osp%2Fiko&srno=b_11_419&otracker=browse&fm=organic&iid=d9f69b20-3523-485c-a484-27a8b56a461d.SHOGHSCGGSY8AHQF.SEARCH&ppt=browse&ppn=browse&ssid=xkwuilrkog0000001768226554244
OUOU Women Slippers - Buy OUOU Women Slippers Online at Best Price - Shop Online for Footwears in India | Flipkart.com,₹253,http://rukmini1.flixcart.com/image/300/300/xif0q/slipper-flip-flop/w/d/y/8-rk-liv-easy-8-jasvi-black-original-imahcd9gd8vphkd5.jpeg,https://www.flipkart.com/ouou-women-slippers/p/itm6760490d17f79?pid=SFFHEC4FEPC6DPZ8&lid=LSTSFFHEC4FEPC6DPZ87GKTVC&marketplace=FLIPKART&store=osp%2Fiko&srno=b_12_464&otracker=browse&fm=organic&iid=3beba5be-cff5-4b74-8ac4-2f92765b4e5d.SFFHEC4FEPC6DPZ8.SEARCH&ppt=browse&ppn=browse&ssid=ecse3v9ai80000001768226569451
TWO SOFT Women Pack Of 2 Combo Stylish Extra Comfort Lightweight Dailywear Used Slippers - Buy TWO SOFT Women Pack Of 2 Combo Stylish Extra Comfort Lightweight Dailywear Used Slippers Online at Best Price - Shop Online for Footwears in India | Flipkart.com,₹262,http://rukmini1.flixcart.com/image/300/300/xif0q/slipper-flip-flop/t/0/p/-original-imahftsfsuurdgb5.jpeg,https://www.flipkart.com/two-soft-women-pack-2-combo-stylish-extra-comfort-lightweight-dailywear-used-slippers/p/itme4acf33b1a2c6?pid=SFFGFM6RMYXSZUAZ&lid=LSTSFFGFM6RMYXSZUAZIQZGZ0&marketplace=FLIPKART&store=osp%2Fiko&srno=b_17_677&otracker=browse&fm=organic&iid=en_-1UVHzCH-jLPIUjhAaIh3CfP-_LzqvWxPxjV9QMLdvK8iZ_N0iGs-MDpmlRGJ4E3pChGjfIiV0uj66aRBgRUfg%3D%3D&ppt=browse&ppn=browse&ssid=vnotkb0e2o0000001768226647060
RVA Fashion Women Bellies - Buy RVA Fashion Women Bellies Online at Best Price - Shop Online for Footwears in India | Flipkart.com,₹231,http://rukmini1.flixcart.com/image/300/300/xif0q/shopsy-sandal/3/m/q/6-s4-shopsy-6-rva-fashion-black-original-imahjh2xkftg97rw.jpeg,https://www.flipkart.com/rva-fashion-women-bellies/p/itm2681ce9d41df8?pid=SNDGNQA9HSYGW2KS&lid=LSTSNDGNQA9HSYGW2KSDGYDJJ&marketplace=FLIPKART&store=osp%2Fiko&srno=b_9_346&otracker=browse&fm=organic&iid=dbcc83ce-aca9-4f02-99f6-46c63dc65f87.SNDGNQA9HSYGW2KS.SEARCH&ppt=browse&ppn=browse&ssid=xqf91pbbtc0000001768226524489
Deals4you Sneakers For Women - Buy Deals4you Sneakers For Women Online at Best Price - Shop Online for Footwears in India | Flipkart.com,₹422,http://rukmini1.flixcart.com/image/300/300/xif0q/shoe/l/5/s/6-1326-pnk-blk-6-deals4you-white-pink-blk-original-imahgzgnjbfmpz65.jpeg,https://www.flipkart.com/deals4you-sneakers-women/p/itm6dd0e5a6dc9f6?pid=SHOGRW7NPGUFMMBW&lid=LSTSHOGRW7NPGUFMMBWZHX9UN&marketplace=FLIPKART&store=osp%2Fiko&srno=b_16_608&otracker=browse&fm=organic&iid=en_r6jE2bFuVoC3-Xm07u_rlTuKR8b77BFlQp2ofdjatrCAuENXTxRnhur04ZtLLsDib4UdbCGu9MDD-UicACD1bg%3D%3D&ppt=browse&ppn=browse&ssid=g8rc5k3vsw0000001768226631080
Doctor Health Super Soft Newly Launch | Classic Ultra Soft | Memory Foam | Comfortable|Stylish|Trendy Bellies For Women - Buy Doctor Health Super Soft Newly Launch | Classic Ultra Soft | Memory Foam | Comfortable|Stylish|Trendy Bellies For Women Online at Best Price - Shop Online for Footwears in India | Flipkart.com,₹498,http://rukmini1.flixcart.com/image/300/300/xif0q/shopsy-shoe/x/9/2/6-sh-dhss-215-elegant-pink-39-0-doctor-health-super-soft-pink-original-imahgybq88kzffgd.jpeg,https://www.flipkart.com/doctor-health-super-soft-newly-launch-classic-ultra-memory-foam-comfortable-stylish-trendy-bellies-women/p/itm3964abf0d7553?pid=SHOH7N79GR34XMSK&lid=LSTSHOH7N79GR34XMSK7SNE6K&marketplace=FLIPKART&store=osp%2Fiko&srno=b_9_342&otracker=browse&fm=organic&iid=en_jKiTE6Xmr9FQVVFK71OPaiDktBYzHs-QOOuNf_RPcUBOXCgsCNwCMjt_P38DmuOyRiZo1FgjjUMGN-KR5mIhMw%3D%3D&ppt=browse&ppn=browse&ssid=xqf91pbbtc0000001768226524489
DOCTOR ORTHO PLUS COMFY Women Slippers - Buy DOCTOR ORTHO PLUS COMFY Women Slippers Online at Best Price - Shop Online for Footwears in India | Flipkart.com,₹294,http://rukmini1.flixcart.com/image/300/300/xif0q/slipper-flip-flop/o/b/w/-original-imahg24ysdhw5m7e.jpeg,https://www.flipkart.com/doctor-ortho-plus-comfy-women-slippers/p/itm61b085ba1f81c?pid=SFFGXMGGWEUGEBJ2&lid=LSTSFFGXMGGWEUGEBJ2QSEG3L&marketplace=FLIPKART&store=osp%2Fiko&srno=b_13_485&otracker=browse&fm=organic&iid=en_oTiHhq5sCa4wyoPUe1Jja7z0X67n8q4OQWl7fgPeTToqXUlqn8VaL5LsPdI2diBIdZzWsBsJPA6YeTc0rV-TMQ%3D%3D&ppt=browse&ppn=browse&ssid=q7vp90axtc0000001768226586549
Fabbmate Fabbmate Casual Sports shoes White Sneakers for Women Girls White Shoes Sneakers For Women - Buy Fabbmate Fabbmate Casual Sports shoes White Sneakers for Women Girls White Shoes Sneakers For Women Online at Best Price - Shop Online for Footwears in India | Flipkart.com,₹430,http://rukmini1.flixcart.com/image/300/300/xif0q/shoe/y/o/8/-original-imahgybzagp4fb5z.jpeg,https://www.flipkart.com/fabbmate-casual-sports-shoes-white-sneakers-women-girls/p/itm13d239387dce2?pid=SHOH2W6ZB2MH2QGV&lid=LSTSHOH2W6ZB2MH2QGVK1DW0L&marketplace=FLIPKART&store=osp%2Fiko&srno=b_9_345&otracker=browse&fm=organic&iid=en_jKiTE6Xmr9FQVVFK71OPaiDktBYzHs-QOOuNf_RPcUCAQliwJEHeZYck8qoNaiJfiQXyBx0u5vMSaJoRS6fRXg%3D%3D&ppt=browse&ppn=browse&ssid=xqf91pbbtc0000001768226524489
CIBEK Women Comfortable Stylish and Trending Colorful Printed Slippers Flip Flops - Buy CIBEK Women Comfortable Stylish and Trending Colorful Printed Slippers Flip Flops Online at Best Price - Shop Online for Footwears in India | Flipkart.com,₹179,http://rukmini1.flixcart.com/image/300/300/xif0q/slipper-flip-flop/l/2/p/6-flipkart-a6-pink-6-cibek-pink-original-imah35typus2yvp9.jpeg,https://www.flipkart.com/cibek-women-comfortable-stylish-trending-colorful-printed-slippers-flip-flops/p/itm981de8a4a2efd?pid=SFFHYXSR5H39UTAD&lid=LSTSFFHYXSR5H39UTADDE5HER&marketplace=FLIPKART&store=osp%2Fiko&srno=b_15_590&otracker=browse&fm=organic&iid=e6ebe926-2018-479d-b73a-c70125b560f3.SFFHYXSR5H39UTAD.SEARCH&ppt=browse&ppn=browse&ssid=4i65va4gdc0000001768226615069
FLITE Women Slippers - Buy FLITE Women Slippers Online at Best Price - Shop Online for Footwears in India | Flipkart.com,₹289,http://rukmini1.flixcart.com/image/300/300/xif0q/slipper-flip-flop/s/u/b/4-fl-469-flite-purple-purple-original-imahgzsmdzd9akzn.jpeg,https://www.flipkart.com/flite-women-slippers/p/itm8022ffbfa754a?pid=SFFHDBEPVRGNHWG3&lid=LSTSFFHDBEPVRGNHWG351FPTI&marketplace=FLIPKART&store=osp%2Fiko&srno=b_17_679&otracker=browse&fm=organic&iid=a651fdd0-6b03-4c05-9376-7c1e494b32f5.SFFHDBEPVRGNHWG3.SEARCH&ppt=browse&ppn=browse&ssid=vnotkb0e2o0000001768226647060
PUMA Women Slippers - Buy PUMA Women Slippers Online at Best Price - Shop Online for Footwears in India | Flipkart.com,₹559,http://rukmini1.flixcart.com/image/300/300/xif0q/slipper-flip-flop/n/h/h/-original-imahgybwgrtkrgan.jpeg,https://www.flipkart.com/puma-women-slippers/p/itmdffa4edb898c1?pid=SFFGVGBU4Q9GTVSQ&lid=LSTSFFGVGBU4Q9GTVSQFPMGEM&marketplace=FLIPKART&store=osp%2Fiko&srno=b_15_565&otracker=browse&fm=organic&iid=en_vXCl6X7Zoly2o-ZSBHC_VUkVU5Ea8NIcliS224j0uaJYZx7rYCVvnvfWwTcNSgfbKdFtzSaOpWhDEV8eWmQQIw%3D%3D&ppt=browse&ppn=browse&ssid=4i65va4gdc0000001768226615069
"asian Melody-71 Baby Pink Sports,Slip-On,Training,Gym, Slip On Sneakers For Women - Buy asian Melody-71 Baby Pink Sports,Slip-On,Training,Gym, Slip On Sneakers For Women Online at Best Price - Shop Online for Footwears in India | Flipkart.com",₹631,http://rukmini1.flixcart.com/image/300/300/xif0q/shoe/k/o/i/6-melody-71cbabypnk-6-asian-baby-pink-original-imah3zzegrhhkzqp.jpeg,https://www.flipkart.com/asian-melody-71-baby-pink-sports-slip-on-training-gym-slip-sneakers-women/p/itmb762291e8bafc?pid=SHOGJZUUY4EHNBKR&lid=LSTSHOGJZUUY4EHNBKR8G2HIL&marketplace=FLIPKART&store=osp%2Fiko&srno=b_10_380&otracker=browse&fm=organic&iid=4ad595d9-2879-4175-951e-b6349d2847c2.SHOGJZUUY4EHNBKR.SEARCH&ppt=browse&ppn=browse&ssid=my7hzbekzk0000001768226539546
SELFIEE Women Bellies - Buy SELFIEE Women Bellies Online at Best Price - Shop Online for Footwears in India | Flipkart.com,₹691,http://rukmini1.flixcart.com/image/300/300/xif0q/sandal/n/v/i/7-6shby0719-40-selfiee-black-original-imahg65mc5y74wve.jpeg,https://www.flipkart.com/selfiee-women-bellies/p/itm44b5f7dc1f3fb?pid=SNDGZ9YHSEBAEJJ2&lid=LSTSNDGZ9YHSEBAEJJ2KASXBT&marketplace=FLIPKART&store=osp%2Fiko&srno=b_5_189&otracker=browse&fm=organic&iid=dacca31e-67ab-42b6-a39c-2196d8d752b0.SNDGZ9YHSEBAEJJ2.SEARCH&ppt=browse&ppn=browse&ssid=39jjfmw7uo0000001768226462876
SELFIEE Women Wedges - Buy SELFIEE Women Wedges Online at Best Price - Shop Online for Footwears in India | Flipkart.com,₹642,http://rukmini1.flixcart.com/image/300/300/xif0q/sandal/u/k/r/-original-imahf5bqpgnwm2tt.jpeg,https://www.flipkart.com/selfiee-women-wedges/p/itm3b34ac53b1379?pid=SNDGVTNAXCS6QHGT&lid=LSTSNDGVTNAXCS6QHGTC5UMJS&marketplace=FLIPKART&store=osp%2Fiko&srno=b_5_196&otracker=browse&fm=organic&iid=dacca31e-67ab-42b6-a39c-2196d8d752b0.SNDGVTNAXCS6QHGT.SEARCH&ppt=browse&ppn=browse&ssid=39jjfmw7uo0000001768226462876
T-ROCK Sneakers For Women - Buy T-ROCK Sneakers For Women Online at Best Price - Shop Online for Footwears in India | Flipkart.com,₹426,http://rukmini1.flixcart.com/image/300/300/xif0q/shoe/0/b/f/3-11331-wt-3-t-rock-white-original-imahe9sfqg9upxe7.jpeg,https://www.flipkart.com/t-rock-sneakers-women/p/itmcde580b75316f?pid=SHOHE9SJAPZMGFXH&lid=LSTSHOHE9SJAPZMGFXHRIWGNR&marketplace=FLIPKART&store=osp%2Fiko&srno=b_2_77&otracker=browse&fm=organic&iid=en_gTq8owYLy1hXM2xQT4S-bA2WPpROM5pB8HlXhKpC5IRdi1bzVMxSlAWS-sFCGzNfyuo40dsEOR2z6bJcOWuAUA%3D%3D&ppt=browse&ppn=browse&ssid=w8w25ktupc0000001768226402885
TWO SOFT Women Combo Pack Of 2 Stylish Casual Light & Soft Comfortable Daily Wear Slippers - Buy TWO SOFT Women Combo Pack Of 2 Stylish Casual Light & Soft Comfortable Daily Wear Slippers Online at Best Price - Shop Online for Footwears in India | Flipkart.com,₹263,http://rukmini1.flixcart.com/image/300/300/xif0q/slipper-flip-flop/f/1/z/-original-imahftr8j3edee4f.jpeg,https://www.flipkart.com/two-soft-women-combo-pack-2-stylish-casual-light-comfortable-daily-wear-slippers/p/itm52d5fb8753745?pid=SFFGMBGHBKTXYZ3S&lid=LSTSFFGMBGHBKTXYZ3SOWUFV9&marketplace=FLIPKART&store=osp%2Fiko&srno=b_8_288&otracker=browse&fm=organic&iid=en_EEM0Z8bU_Rhw0iEruWD7IknRK1asvTkmmjvzvzdwOpSN8UmPcifCz-Rw5WL5WJj7DyUYyJvtEzbA6Ec6AowF0A%3D%3D&ppt=browse&ppn=browse&ssid=2go0snlczk0000001768226510439
,,,https://www.flipkart.com/arvok-women-clogs/p/itm31ad38747a684?pid=SNDHFTFHFH7X5UFE&lid=LSTSNDHFTFHFH7X5UFE6P2IOV&marketplace=FLIPKART&store=osp%2Fiko&srno=b_3_103&otracker=browse&fm=organic&iid=9895b54a-05d8-4486-a10f-6b2521abf21a.SNDHFTFHFH7X5UFE.SEARCH&ppt=browse&ppn=browse&ssid=7of36l05000000001768226424463
TAFSHA Women Flip Flops - Buy TAFSHA Women Flip Flops Online at Best Price - Shop Online for Footwears in India | Flipkart.com,₹295,http://rukmini1.flixcart.com/image/300/300/xif0q/slipper-flip-flop/o/k/k/5-20-kartoonteddy-b2-pink-5-tafsha-pink-original-imahfhdqq2hyteby.jpeg,https://www.flipkart.com/tafsha-women-flip-flops/p/itm87b087d0ea6c4?pid=SFFHFHEHBJ37UWNY&lid=LSTSFFHFHEHBJ37UWNY517OBZ&marketplace=FLIPKART&store=osp%2Fiko&srno=b_10_399&otracker=browse&fm=organic&iid=4ad595d9-2879-4175-951e-b6349d2847c2.SFFHFHEHBJ37UWNY.SEARCH&ppt=browse&ppn=browse&ssid=my7hzbekzk0000001768226539546
Flopsie Women Winter Comfortable Indoor Outdoor Heavy Sole Star Printed Fur Slipper Slippers - Buy Flopsie Women Winter Comfortable Indoor Outdoor Heavy Sole Star Printed Fur Slipper Slippers Online at Best Price - Shop Online for Footwears in India | Flipkart.com,₹297,http://rukmini1.flixcart.com/image/300/300/xif0q/slipper-flip-flop/h/e/w/6-ts-307-gry-flopsie-grey-original-imahestujrfzhkgr.jpeg,https://www.flipkart.com/flopsie-women-winter-comfortable-indoor-outdoor-heavy-sole-star-printed-fur-slipper-slippers/p/itm334dd4051990d?pid=SFFH6WJJJU8UBNDA&lid=LSTSFFH6WJJJU8UBNDAMQW5DO&marketplace=FLIPKART&store=osp%2Fiko&srno=b_2_51&otracker=browse&fm=organic&iid=en_gTq8owYLy1hXM2xQT4S-bA2WPpROM5pB8HlXhKpC5IR2DP1tMA_4EfvalbiRxAN5R8v-nHG-sHJhT7UWyRKqUA%3D%3D&ppt=browse&ppn=browse&ssid=w8w25ktupc0000001768226402885
BERSACHE Women Flip Flops - Buy BERSACHE Women Flip Flops Online at Best Price - Shop Online for Footwears in India | Flipkart.com,₹313,http://rukmini1.flixcart.com/image/300/300/xif0q/slipper-flip-flop/0/1/5/7-women-6066-bersache-dark-grey-original-imaheednspzxgzmz.jpeg,https://www.flipkart.com/bersache-women-flip-flops/p/itmb40653113855a?pid=SFFH3ZTGZ9C3GCGF&lid=LSTSFFH3ZTGZ9C3GCGFW72VJE&marketplace=FLIPKART&store=osp%2Fiko&srno=b_8_299&otracker=browse&fm=organic&iid=79f2c90c-e0c0-4aba-9a8f-665fed88ffe8.SFFH3ZTGZ9C3GCGF.SEARCH&ppt=browse&ppn=browse&ssid=2go0snlczk0000001768226510439
Flopsie Women TWO SOFT Comfortable Stylish Doctor Ortho | Adjustable Toe Hook Slippers - Buy Flopsie Women TWO SOFT Comfortable Stylish Doctor Ortho | Adjustable Toe Hook Slippers Online at Best Price - Shop Online for Footwears in India | Flipkart.com,₹206,http://rukmini1.flixcart.com/image/300/300/xif0q/slipper-flip-flop/r/u/s/8-new-035-pink-flopsie-pink-original-imahgepuf4s79zgr.jpeg,https://www.flipkart.com/flopsie-women-two-soft-comfortable-stylish-doctor-ortho-adjustable-toe-hook-slippers/p/itm2e9b435784dc1?pid=SFFH6U8TMGHHHHQ7&lid=LSTSFFH6U8TMGHHHHQ7EN3JLC&marketplace=FLIPKART&store=osp%2Fiko&srno=b_13_498&otracker=browse&fm=organic&iid=en_oTiHhq5sCa4wyoPUe1Jja7z0X67n8q4OQWl7fgPeTTopDEbIxaANNHB8dDYGQ2R85GwFsIsk6p8oWQaQxPnO4A%3D%3D&ppt=browse&ppn=browse&ssid=q7vp90axtc0000001768226586549
heighten Women Wedges - Buy heighten Women Wedges Online at Best Price - Shop Online for Footwears in India | Flipkart.com,₹416,http://rukmini1.flixcart.com/image/300/300/xif0q/sandal/w/w/l/7-732-40-0-heighten-lavender-original-imahev7ch88gv3s4.jpeg,https://www.flipkart.com/heighten-women-wedges/p/itmb3936b4eb0092?pid=SNDHEVBZM5R2AYCB&lid=LSTSNDHEVBZM5R2AYCBDAYHKG&marketplace=FLIPKART&store=osp%2Fiko&srno=b_16_613&otracker=browse&fm=organic&iid=f851c3a1-fab8-4070-ad3d-84b4cbacc113.SNDHEVBZM5R2AYCB.SEARCH&ppt=browse&ppn=browse&ssid=g8rc5k3vsw0000001768226631080
Marc Loire Walking Shoes For Women - Buy Marc Loire Walking Shoes For Women Online at Best Price - Shop Online for Footwears in India | Flipkart.com,₹989,http://rukmini1.flixcart.com/image/300/300/kufuikw0/shoe/v/o/7/8-ml00127608-marc-loire-grey-original-imag7kemgh7zkmjp.jpeg,https://www.flipkart.com/marc-loire-walking-shoes-women/p/itmd0d51fda5da9b?pid=SHOG7KEMX9MTPHFX&lid=LSTSHOG7KEMX9MTPHFX34WING&marketplace=FLIPKART&store=osp%2Fiko&srno=b_4_136&otracker=browse&fm=organic&iid=3d830cc9-e5ad-48ef-84c3-482f55642135.SHOG7KEMX9MTPHFX.SEARCH&ppt=browse&ppn=browse&ssid=e6nkya0vfk0000001768226446152
TAFSHA Women Flip Flops - Buy TAFSHA Women Flip Flops Online at Best Price - Shop Online for Footwears in India | Flipkart.com,₹294,http://rukmini1.flixcart.com/image/300/300/xif0q/slipper-flip-flop/0/a/0/9-carpet-winterf13-brown9-tafsha-brown-original-imahdq34skradnwg.jpeg,https://www.flipkart.com/tafsha-women-flip-flops/p/itm2ccab4b85dfd8?pid=SFFHDQ34FYQCFXTF&lid=LSTSFFHDQ34FYQCFXTF1STGQP&marketplace=FLIPKART&store=osp%2Fiko&srno=b_14_558&otracker=browse&fm=organic&iid=en_FWKCXMnY93lvHSnL9zoj1bCqUwlx2_zmrJUoWPwyFeSoZgv6K8N7BsB6XYASFYGoOs-VU19Q-Ybe8cyX6bBliA%3D%3D&ppt=browse&ppn=browse&ssid=hrwjiqjte80000001768226600931
Deals4you Sneakers For Women - Buy Deals4you Sneakers For Women Online at Best Price - Shop Online for Footwears in India | Flipkart.com,₹422,http://rukmini1.flixcart.com/image/300/300/xif0q/shoe/l/5/s/6-1326-pnk-blk-6-deals4you-white-pink-blk-original-imahgzgnjbfmpz65.jpeg,https://www.flipkart.com/deals4you-sneakers-women/p/itm6dd0e5a6dc9f6?pid=SHOGRW7NPGUFMMBW&lid=LSTSHOGRW7NPGUFMMBWZHX9UN&marketplace=FLIPKART&store=osp%2Fiko&srno=b_13_488&otracker=browse&fm=organic&iid=en_oTiHhq5sCa4wyoPUe1Jja7z0X67n8q4OQWl7fgPeTTrWN-1xsxEndmNk9eoSAg8Wb4UdbCGu9MDD-UicACD1bg%3D%3D&ppt=browse&ppn=browse&ssid=q7vp90axtc0000001768226586549
T-ROCK Sneakers For Women - Buy T-ROCK Sneakers For Women Online at Best Price - Shop Online for Footwears in India | Flipkart.com,₹425,http://rukmini1.flixcart.com/image/300/300/xif0q/shopsy-shoe/n/4/r/6-1325-wt-6-deals4you-white-original-imah8xszn5tua8cy.jpeg,https://www.flipkart.com/t-rock-sneakers-women/p/itm891d30f67c2b8?pid=SHOHD97MGHWRYHCP&lid=LSTSHOHD97MGHWRYHCPDDM0GA&marketplace=FLIPKART&store=osp%2Fiko&srno=b_11_435&otracker=browse&fm=organic&iid=en_yzKT70zsUvLVIiVJzjcGD6y4PwfYgrFyB-JPR4zv0wDsLuINno2TXOgkDR_XHzmtbRGxEsc2qdxeyXBrL2H7Vg%3D%3D&ppt=browse&ppn=browse&ssid=xkwuilrkog0000001768226554244
Deals4you Sneakers For Women - Buy Deals4you Sneakers For Women Online at Best Price - Shop Online for Footwears in India | Flipkart.com,₹422,http://rukmini1.flixcart.com/image/300/300/xif0q/shoe/l/5/s/6-1326-pnk-blk-6-deals4you-white-pink-blk-original-imahgzgnjbfmpz65.jpeg,https://www.flipkart.com/deals4you-sneakers-women/p/itm6dd0e5a6dc9f6?pid=SHOGRW7NPGUFMMBW&lid=LSTSHOGRW7NPGUFMMBWZHX9UN&marketplace=FLIPKART&store=osp%2Fiko&srno=b_18_688&otracker=browse&fm=organic&iid=en_NTAPhKckpBzXDWfOGFjUWzRzaPcflmG2rU7-fo2H0qygVqP32-IUbpQaHw_7HJ5Zb4UdbCGu9MDD-UicACD1bg%3D%3D&ppt=browse&ppn=browse&ssid=kfeo5jgxww0000001768226663673
RED TAPE Women's Athleisure Sports Shoes for Active Everyday Style Walking Shoes For Women - Buy RED TAPE Women's Athleisure Sports Shoes for Active Everyday Style Walking Shoes For Women Online at Best Price - Shop Online for Footwears in India | Flipkart.com,"₹1,097",http://rukmini1.flixcart.com/image/300/300/xif0q/shoe/v/q/c/-original-imahjhjny4eytrcj.jpeg,https://www.flipkart.com/red-tape-women-s-athleisure-sports-shoes-active-everyday-style-walking-women/p/itmb05ff265eedc4?pid=SHOHFMMNY3NH5RF7&lid=LSTSHOHFMMNY3NH5RF7STHW39&marketplace=FLIPKART&store=osp%2Fiko&srno=b_11_401&otracker=browse&fm=organic&iid=en_yzKT70zsUvLVIiVJzjcGD6y4PwfYgrFyB-JPR4zv0wAAzwNPhDKJdCzEYDbdzyBW-7L1X-9OBwHzqCShsssyifUFjCTyOHoHZs-Z5_PS_w0%3D&ppt=browse&ppn=browse&ssid=xkwuilrkog0000001768226554244
DOCTOR ORTHO PLUS COMFY Women Slippers - Buy DOCTOR ORTHO PLUS COMFY Women Slippers Online at Best Price - Shop Online for Footwears in India | Flipkart.com,₹294,http://rukmini1.flixcart.com/image/300/300/xif0q/slipper-flip-flop/o/b/w/-original-imahg24ysdhw5m7e.jpeg,https://www.flipkart.com/doctor-ortho-plus-comfy-women-slippers/p/itm61b085ba1f81c?pid=SFFGXMGGWEUGEBJ2&lid=LSTSFFGXMGGWEUGEBJ2QSEG3L&marketplace=FLIPKART&store=osp%2Fiko&srno=b_17_645&otracker=browse&fm=organic&iid=en_-1UVHzCH-jLPIUjhAaIh3CfP-_LzqvWxPxjV9QMLdvJYgascxSY4MpQYSN0_gAardZzWsBsJPA6YeTc0rV-TMQ%3D%3D&ppt=browse&ppn=browse&ssid=vnotkb0e2o0000001768226647060
"asian Fashion-02 sports shoes for women without laces | Running shoes for girls stylish latest design new fashion | casual sneakers for ladies | Slip on blue shoes for jogging, walking, gym & party Walking Shoes For Women - Buy asian Fashion-02 sports shoes for women without laces | Running shoes for girls stylish latest design new fashion | casual sneakers for ladies | Slip on blue shoes for jogging, walking, gym & party Walking Shoes For Women Online at Best Price - Shop Online for Footwears in India | Flipkart.com",₹724,http://rukmini1.flixcart.com/image/300/300/xif0q/shoe/g/5/t/5-fashion-02cnblpnk-5-asian-navy-pink-original-imagsgghhgyjez3v.jpeg,https://www.flipkart.com/asian-fashion-02-sports-shoes-women-without-laces-running-girls-stylish-latest-design-new-fashion-casual-sneakers-ladies-slip-blue-jogging-walking-gym-party-walking/p/itmf7ct5vmzhpge3?pid=SHOF7CRTZSZBQ8FH&lid=LSTSHOF7CRTZSZBQ8FHY12GIX&marketplace=FLIPKART&store=osp%2Fiko&srno=b_4_154&otracker=browse&fm=organic&iid=3d830cc9-e5ad-48ef-84c3-482f55642135.SHOF7CRTZSZBQ8FH.SEARCH&ppt=browse&ppn=browse&ssid=e6nkya0vfk0000001768226446152
TWO SOFT Boots For Women - Buy TWO SOFT Boots For Women Online at Best Price - Shop Online for Footwears in India | Flipkart.com,₹370,http://rukmini1.flixcart.com/image/300/300/xif0q/shoe/i/g/8/4-ts-511-blk-4-two-soft-black-original-imah4gs5fax6mvau.jpeg,https://www.flipkart.com/two-soft-boots-women/p/itme1c11a8c77d0f?pid=SHOH44H7ZBKGCKKF&lid=LSTSHOH44H7ZBKGCKKFYOD1YW&marketplace=FLIPKART&store=osp%2Fiko&srno=b_12_472&otracker=browse&fm=organic&iid=en_SHCTXva8iVexBQNCngpF_NuHHZdPLvMAdqHvpa5ye8nis1uYzNx-Cm6RZUOPur4aji1cpCSua_BRKzm3K8e51A%3D%3D&ppt=browse&ppn=browse&ssid=ecse3v9ai80000001768226569451
RED TAPE Women's Athleisure Sports Shoes for Active Everyday Style Walking Shoes For Women - Buy RED TAPE Women's Athleisure Sports Shoes for Active Everyday Style Walking Shoes For Women Online at Best Price - Shop Online for Footwears in India | Flipkart.com,"₹1,097",http://rukmini1.flixcart.com/image/300/300/xif0q/shoe/v/q/c/-original-imahjhjny4eytrcj.jpeg,https://www.flipkart.com/red-tape-women-s-athleisure-sports-shoes-active-everyday-style-walking-women/p/itmb05ff265eedc4?pid=SHOHFMMNY3NH5RF7&lid=LSTSHOHFMMNY3NH5RF7STHW39&marketplace=FLIPKART&store=osp%2Fiko&srno=b_12_442&otracker=browse&fm=organic&iid=en_SHCTXva8iVexBQNCngpF_NuHHZdPLvMAdqHvpa5ye8lmJ93RkA2LQS1vKwtNbuMIBHWujxpNK-wKj40vfSERWvUFjCTyOHoHZs-Z5_PS_w0%3D&ppt=browse&ppn=browse&ssid=ecse3v9ai80000001768226569451
Shoestail Women Heels - Buy Shoestail Women Heels Online at Best Price - Shop Online for Footwears in India | Flipkart.com,₹233,http://rukmini1.flixcart.com/image/300/300/xif0q/sandal/p/j/s/-original-imahftquqkhgxxcw.jpeg,https://www.flipkart.com/shoestail-women-heels/p/itmc12b2681f8b84?pid=SNDH3YYEGZEQNCDZ&lid=LSTSNDH3YYEGZEQNCDZX2JZGY&marketplace=FLIPKART&store=osp%2Fiko&srno=b_15_579&otracker=browse&fm=organic&iid=e6ebe926-2018-479d-b73a-c70125b560f3.SNDH3YYEGZEQNCDZ.SEARCH&ppt=browse&ppn=browse&ssid=4i65va4gdc0000001768226615069
TRYME Boots For Women - Buy TRYME Boots For Women Online at Best Price - Shop Online for Footwears in India | Flipkart.com,₹695,http://rukmini1.flixcart.com/image/300/300/xif0q/shoe/h/j/k/4-6trunboot34-37-tryme-tan-original-imahewe2d6zcqeae.jpeg,https://www.flipkart.com/tryme-boots-women/p/itmd02c0d2f7085f?pid=SHOH3PY6SMD3GVHD&lid=LSTSHOH3PY6SMD3GVHDRLNGVV&marketplace=FLIPKART&store=osp%2Fiko&srno=b_1_20&otracker=browse&fm=organic&iid=27a448ff-87bd-4ea6-984d-908d0a814445.SHOH3PY6SMD3GVHD.SEARCH&ppt=None&ppn=None&ssid=uekt84okeo0000001768226382861
TWO SOFT Women Pack Of 2 Combo Stylish Extra Comfort Lightweight Dailywear Used Slippers - Buy TWO SOFT Women Pack Of 2 Combo Stylish Extra Comfort Lightweight Dailywear Used Slippers Online at Best Price - Shop Online for Footwears in India | Flipkart.com,₹263,http://rukmini1.flixcart.com/image/300/300/xif0q/slipper-flip-flop/d/k/o/-original-imahftsfrdzxmkcu.jpeg,https://www.flipkart.com/two-soft-women-pack-2-combo-stylish-extra-comfort-lightweight-dailywear-used-slippers/p/itm80a6752a96dfe?pid=SFFGFM6RPPH7HD4Q&lid=LSTSFFGFM6RPPH7HD4QWFXZYS&marketplace=FLIPKART&store=osp%2Fiko&srno=b_18_712&otracker=browse&fm=organic&iid=en_NTAPhKckpBzXDWfOGFjUWzRzaPcflmG2rU7-fo2H0qx_uORlvtI5gpq0aYGw2wHRCtALVgK8KfjX3YIQ5ou0Kg%3D%3D&ppt=browse&ppn=browse&ssid=kfeo5jgxww0000001768226663673
SHOETOPIA Women Heels - Buy SHOETOPIA Women Heels Online at Best Price - Shop Online for Footwears in India | Flipkart.com,₹699,http://rukmini1.flixcart.com/image/300/300/xif0q/sandal/n/x/w/-original-imahfz7mrdgbasbr.jpeg,https://www.flipkart.com/shoetopia-women-heels/p/itm1b346cab3130b?pid=SNDGU5HZJSHSFBWA&lid=LSTSNDGU5HZJSHSFBWAOF8LSA&marketplace=FLIPKART&store=osp%2Fiko&srno=b_18_683&otracker=browse&fm=organic&iid=5a1d23a5-08d7-4630-ac04-42a5e235080b.SNDGU5HZJSHSFBWA.SEARCH&ppt=browse&ppn=browse&ssid=kfeo5jgxww0000001768226663673
PUMA Zod Runner V3 Wn's Sneakers For Women - Buy PUMA Zod Runner V3 Wn's Sneakers For Women Online at Best Price - Shop Online for Footwears in India | Flipkart.com,"₹1,241",http://rukmini1.flixcart.com/image/300/300/xif0q/shoe/w/3/b/-original-imahjghqnhdhyxpy.jpeg,https://www.flipkart.com/puma-zod-runner-v3-wn-s-sneakers-women/p/itm136689c6812dd?pid=SHOFUFGRRTFVA5SM&lid=LSTSHOFUFGRRTFVA5SMUTKCEZ&marketplace=FLIPKART&store=osp%2Fiko&srno=b_19_752&otracker=browse&fm=organic&iid=en_mGV1yjXtWpAvBu-vSkfb7k6vQxCPvcS0YlxYkHZThtStChzuC931Uc270GCmHbA3YsRfsKn1pS48hLHQxIcD92Vkv0XZFiOX7bbXdlao_f8%3D&ppt=browse&ppn=browse&ssid=3d4mzm90og0000001768226678442
patriarchy Women Heels - Buy patriarchy Women Heels Online at Best Price - Shop Online for Footwears in India | Flipkart.com,₹319,http://rukmini1.flixcart.com/image/300/300/xif0q/sandal/x/n/w/5-nora-pink-10-38-patriarchy-pink-original-imahgfjqysjtzvys.jpeg,https://www.flipkart.com/patriarchy-women-heels/p/itm51499179eacf5?pid=SNDGZVJEAU6GH7GV&lid=LSTSNDGZVJEAU6GH7GVCBMFML&marketplace=FLIPKART&store=osp%2Fiko&srno=b_19_739&otracker=browse&fm=organic&iid=4367eae6-781b-4f71-84d5-98c38bcd1ce8.SNDGZVJEAU6GH7GV.SEARCH&ppt=browse&ppn=browse&ssid=3d4mzm90og0000001768226678442
DOCTOR ORTHO PLUS COMFY Women Slippers - Buy DOCTOR ORTHO PLUS COMFY Women Slippers Online at Best Price - Shop Online for Footwears in India | Flipkart.com,₹294,http://rukmini1.flixcart.com/image/300/300/xif0q/slipper-flip-flop/o/b/w/-original-imahg24ysdhw5m7e.jpeg,https://www.flipkart.com/doctor-ortho-plus-comfy-women-slippers/p/itm61b085ba1f81c?pid=SFFGXMGGWEUGEBJ2&lid=LSTSFFGXMGGWEUGEBJ2QSEG3L&marketplace=FLIPKART&store=osp%2Fiko&srno=b_7_247&otracker=browse&fm=organic&iid=en_AGnRzahflnjrzyGSofhuYuObKQCu69iMSBfo6h9bNg0dJs2nXw1hTh2j4LmvXU24_IZH0lSCt5pWg1EonkPLqg%3D%3D&ppt=browse&ppn=browse&ssid=l4zc74md9s0000001768226494682
Flopsie Flopsie Premium Women Winter Sneaker MemoryFoam Gym & Casual Outdoor Sneakers For Women - Buy Flopsie Flopsie Premium Women Winter Sneaker MemoryFoam Gym & Casual Outdoor Sneakers For Women Online at Best Price - Shop Online for Footwears in India | Flipkart.com,₹364,http://rukmini1.flixcart.com/image/300/300/xif0q/shopsy-shoe/w/r/h/7-ts-506-pnk-7-two-soft-pink-original-imah5fvnghps5mfr.jpeg,https://www.flipkart.com/flopsie-premium-women-winter-sneaker-memoryfoam-gym-casual-outdoor-sneakers/p/itm07bfdd53efaed?pid=SHOH6T4HQVZKYMZH&lid=LSTSHOH6T4HQVZKYMZH2RH8E0&marketplace=FLIPKART&store=osp%2Fiko&srno=b_9_337&otracker=browse&fm=organic&iid=en_jKiTE6Xmr9FQVVFK71OPaiDktBYzHs-QOOuNf_RPcUDGoV9UskPCod5q4EDH8BE9OHNLAZ5aABZblqsk8brlAw%3D%3D&ppt=browse&ppn=browse&ssid=xqf91pbbtc0000001768226524489
Flopsie Women Winter Comfortable Indoor Outdoor Heavy Sole Star Printed Fur Slipper Slippers - Buy Flopsie Women Winter Comfortable Indoor Outdoor Heavy Sole Star Printed Fur Slipper Slippers Online at Best Price - Shop Online for Footwears in India | Flipkart.com,₹297,http://rukmini1.flixcart.com/image/300/300/xif0q/slipper-flip-flop/h/e/w/6-ts-307-gry-flopsie-grey-original-imahestujrfzhkgr.jpeg,https://www.flipkart.com/flopsie-women-winter-comfortable-indoor-outdoor-heavy-sole-star-printed-fur-slipper-slippers/p/itm334dd4051990d?pid=SFFH6WJJJU8UBNDA&lid=LSTSFFH6WJJJU8UBNDAMQW5DO&marketplace=FLIPKART&store=osp%2Fiko&srno=b_5_172&otracker=browse&fm=organic&iid=en_veuji5O5oxhJ0IBY-vJKNHnFzc2n3kvDK_Yl7nBJXWGrOOeO8bOlAu0IpBtZ1OEFdKQii8gIAKkLfADM7gkQmQ%3D%3D&ppt=browse&ppn=browse&ssid=39jjfmw7uo0000001768226462876
Birde Women Clogs - Buy Birde Women Clogs Online at Best Price - Shop Online for Footwears in India | Flipkart.com,₹453,http://rukmini1.flixcart.com/image/300/300/xif0q/sandal/s/y/4/-original-imahgyc5mvvgqrfj.jpeg,https://www.flipkart.com/birde-women-clogs/p/itme980a02719ccf?pid=SNDH448PXTDUWVH5&lid=LSTSNDH448PXTDUWVH55INUAR&marketplace=FLIPKART&store=osp%2Fiko&srno=b_18_708&otracker=browse&fm=organic&iid=en_NTAPhKckpBzXDWfOGFjUWzRzaPcflmG2rU7-fo2H0qy9M1A7xvL4VQWiakJiy_QV7M2d76IJawWBoeqkDalbJA%3D%3D&ppt=browse&ppn=browse&ssid=kfeo5jgxww0000001768226663673
Zapatoz Embellished Horsebit Loafers For Women - Buy Zapatoz Embellished Horsebit Loafers For Women Online at Best Price - Shop Online for Footwears in India | Flipkart.com,₹498,http://rukmini1.flixcart.com/image/300/300/xif0q/shoe/h/b/7/-original-imahfz7nqek3zm3r.jpeg,https://www.flipkart.com/zapatoz-embellished-horsebit-loafers-women/p/itmb461d6b6b36cb?pid=SHOGSE7UGVQKFSTF&lid=LSTSHOGSE7UGVQKFSTFWYCFJG&marketplace=FLIPKART&store=osp%2Fiko&srno=b_19_744&otracker=browse&fm=organic&iid=4367eae6-781b-4f71-84d5-98c38bcd1ce8.SHOGSE7UGVQKFSTF.SEARCH&ppt=browse&ppn=browse&ssid=3d4mzm90og0000001768226678442
RED TAPE Women's Athleisure Sports Shoes for Active Everyday Style Walking Shoes For Women - Buy RED TAPE Women's Athleisure Sports Shoes for Active Everyday Style Walking Shoes For Women Online at Best Price - Shop Online for Footwears in India | Flipkart.com,"₹1,097",http://rukmini1.flixcart.com/image/300/300/xif0q/shoe/v/q/c/-original-imahjhjny4eytrcj.jpeg,https://www.flipkart.com/red-tape-women-s-athleisure-sports-shoes-active-everyday-style-walking-women/p/itmb05ff265eedc4?pid=SHOHFMMNY3NH5RF7&lid=LSTSHOHFMMNY3NH5RF7STHW39&marketplace=FLIPKART&store=osp%2Fiko&srno=b_17_642&otracker=browse&fm=organic&iid=en_-1UVHzCH-jLPIUjhAaIh3CfP-_LzqvWxPxjV9QMLdvLcWHdEH1pPERQD9wvB7WSzBHWujxpNK-wKj40vfSERWvUFjCTyOHoHZs-Z5_PS_w0%3D&ppt=browse&ppn=browse&ssid=vnotkb0e2o0000001768226647060
T-ROCK Sneakers For Women - Buy T-ROCK Sneakers For Women Online at Best Price - Shop Online for Footwears in India | Flipkart.com,₹426,http://rukmini1.flixcart.com/image/300/300/xif0q/shoe/0/b/f/3-11331-wt-3-t-rock-white-original-imahe9sfqg9upxe7.jpeg,https://www.flipkart.com/t-rock-sneakers-women/p/itmcde580b75316f?pid=SHOHE9SJAPZMGFXH&lid=LSTSHOHE9SJAPZMGFXHRIWGNR&marketplace=FLIPKART&store=osp%2Fiko&srno=b_13_505&otracker=browse&fm=organic&iid=en_oTiHhq5sCa4wyoPUe1Jja7z0X67n8q4OQWl7fgPeTTpPwCxYkUvtVsyQhbsPuwb34G82RzcQkclHh1ZFpOZpJg%3D%3D&ppt=browse&ppn=browse&ssid=q7vp90axtc0000001768226586549
DUOSOFT Women Doctor Slipper|Super Soft|Orthopedic|Lightweight|Diabetic|Antiskid Slippers - Buy DUOSOFT Women Doctor Slipper|Super Soft|Orthopedic|Lightweight|Diabetic|Antiskid Slippers Online at Best Price - Shop Online for Footwears in India | Flipkart.com,₹208,http://rukmini1.flixcart.com/image/300/300/xif0q/slipper-flip-flop/7/b/t/-original-imahgybz6xkg8xhq.jpeg,https://www.flipkart.com/duosoft-women-doctor-slipper-super-soft-orthopedic-lightweight-diabetic-antiskid-slippers/p/itm565e3b5538eef?pid=SFFGNZ63D4CHHNX7&lid=LSTSFFGNZ63D4CHHNX7PNXQG0&marketplace=FLIPKART&store=osp%2Fiko&srno=b_15_569&otracker=browse&fm=organic&iid=e6ebe926-2018-479d-b73a-c70125b560f3.SFFGNZ63D4CHHNX7.SEARCH&ppt=browse&ppn=browse&ssid=4i65va4gdc0000001768226615069
,,,https://www.flipkart.com/zapatoz-lifestyle-co-women-mesh-stylish-casual-comfort-sneaker-sneakers/p/itm595ca8df37adf?pid=SHOH5JEEDFDBQYBR&lid=LSTSHOH5JEEDFDBQYBR8XEPJG&marketplace=FLIPKART&store=osp%2Fiko&srno=b_11_406&otracker=browse&fm=organic&iid=d9f69b20-3523-485c-a484-27a8b56a461d.SHOH5JEEDFDBQYBR.SEARCH&ppt=browse&ppn=browse&ssid=xkwuilrkog0000001768226554244
ARKER Women Bellies - Buy ARKER Women Bellies Online at Best Price - Shop Online for Footwears in India | Flipkart.com,₹455,http://rukmini1.flixcart.com/image/300/300/xif0q/sandal/k/y/s/8-s-11-41-0-arker-black-original-imahd2mfh9399ezq.jpeg,https://www.flipkart.com/arker-women-bellies/p/itmf58cce75b2d35?pid=SNDHHCFQRCAEX6QS&lid=LSTSNDHHCFQRCAEX6QS8VZCMU&marketplace=FLIPKART&store=osp%2Fiko&srno=b_3_116&otracker=browse&fm=organic&iid=9895b54a-05d8-4486-a10f-6b2521abf21a.SNDHHCFQRCAEX6QS.SEARCH&ppt=browse&ppn=browse&ssid=7of36l05000000001768226424463
FLITE Women Flip Flops - Buy FLITE Women Flip Flops Online at Best Price - Shop Online for Footwears in India | Flipkart.com,₹269,http://rukmini1.flixcart.com/image/300/300/xif0q/slipper-flip-flop/s/n/i/-original-imahgzgj8sshvvds.jpeg,https://www.flipkart.com/flite-women-flip-flops/p/itm62e0117c2662c?pid=SFFF8RQYGFWSFDFY&lid=LSTSFFF8RQYGFWSFDFYHOE2OH&marketplace=FLIPKART&store=osp%2Fiko&srno=b_11_430&otracker=browse&fm=organic&iid=d9f69b20-3523-485c-a484-27a8b56a461d.SFFF8RQYGFWSFDFY.SEARCH&ppt=browse&ppn=browse&ssid=xkwuilrkog0000001768226554244
SHOKIYA Women Flats - Buy SHOKIYA Women Flats Online at Best Price - Shop Online for Footwears in India | Flipkart.com,₹233,http://rukmini1.flixcart.com/image/300/300/xif0q/shopsy-sandal/y/y/p/8-vy-ss-555-shokiya-pink-original-imahc5gndm6h4jhy.jpeg,https://www.flipkart.com/shokiya-women-flats/p/itm68cbc8e2a86c1?pid=SNDHBPVBDECPYMUF&lid=LSTSNDHBPVBDECPYMUFBYLEXM&marketplace=FLIPKART&store=osp%2Fiko&srno=b_9_330&otracker=browse&fm=organic&iid=dbcc83ce-aca9-4f02-99f6-46c63dc65f87.SNDHBPVBDECPYMUF.SEARCH&ppt=browse&ppn=browse&ssid=xqf91pbbtc0000001768226524489
TWO SOFT Women Pack Of 2 Combo Stylish Extra Comfort Lightweight Dailywear Used Slippers - Buy TWO SOFT Women Pack Of 2 Combo Stylish Extra Comfort Lightweight Dailywear Used Slippers Online at Best Price - Shop Online for Footwears in India | Flipkart.com,₹262,http://rukmini1.flixcart.com/image/300/300/xif0q/slipper-flip-flop/x/p/y/-original-imahftsfhzm3njgf.jpeg,https://www.flipkart.com/two-soft-women-pack-2-combo-stylish-extra-comfort-lightweight-dailywear-used-slippers/p/itm49878f159187a?pid=SFFGFH89YZN5TGXG&lid=LSTSFFGFH89YZN5TGXGXZW2P6&marketplace=FLIPKART&store=osp%2Fiko&srno=b_18_720&otracker=browse&fm=organic&iid=5a1d23a5-08d7-4630-ac04-42a5e235080b.SFFGFH89YZN5TGXG.SEARCH&ppt=browse&ppn=browse&ssid=kfeo5jgxww0000001768226663673
"Cordmans Women’s Lightweight Sports Shoes | Stylish Running,Gym& Walking Sneakers Casuals For Women - Buy Cordmans Women’s Lightweight Sports Shoes | Stylish Running,Gym& Walking Sneakers Casuals For Women Online at Best Price - Shop Online for Footwears in India | Flipkart.com",₹320,http://rukmini1.flixcart.com/image/300/300/xif0q/shoe/a/v/i/6-navy-shoes-6-cordmans-navy-original-imahgwqh9eepzmdp.jpeg,https://www.flipkart.com/cordmans-womens-lightweight-sports-shoes-stylish-running-gym-walking-sneakers-casuals-women/p/itm7bb00afc6cd04?pid=SHOH8Q6TPGHCBWVJ&lid=LSTSHOH8Q6TPGHCBWVJYBC41H&marketplace=FLIPKART&store=osp%2Fiko&srno=b_5_183&otracker=browse&fm=organic&iid=dacca31e-67ab-42b6-a39c-2196d8d752b0.SHOH8Q6TPGHCBWVJ.SEARCH&ppt=browse&ppn=browse&ssid=39jjfmw7uo0000001768226462876
TWO SOFT Women Pack Of 2 Combo Stylish Extra Comfort Lightweight Dailywear Used Slippers - Buy TWO SOFT Women Pack Of 2 Combo Stylish Extra Comfort Lightweight Dailywear Used Slippers Online at Best Price - Shop Online for Footwears in India | Flipkart.com,₹263,http://rukmini1.flixcart.com/image/300/300/xif0q/slipper-flip-flop/d/k/o/-original-imahftsfrdzxmkcu.jpeg,https://www.flipkart.com/two-soft-women-pack-2-combo-stylish-extra-comfort-lightweight-dailywear-used-slippers/p/itm80a6752a96dfe?pid=SFFGFM6RPPH7HD4Q&lid=LSTSFFGFM6RPPH7HD4QWFXZYS&marketplace=FLIPKART&store=osp%2Fiko&srno=b_14_551&otracker=browse&fm=organic&iid=en_FWKCXMnY93lvHSnL9zoj1bCqUwlx2_zmrJUoWPwyFeT2lXjtht1EvWjDoh01ur78b8LXp6ke6j6pFAxTfoCmuA%3D%3D&ppt=browse&ppn=browse&ssid=hrwjiqjte80000001768226600931
Flopsie Flopsie Premium Women Winter Sneaker MemoryFoam Gym & Casual Outdoor Sneakers For Women - Buy Flopsie Flopsie Premium Women Winter Sneaker MemoryFoam Gym & Casual Outdoor Sneakers For Women Online at Best Price - Shop Online for Footwears in India | Flipkart.com,₹364,http://rukmini1.flixcart.com/image/300/300/xif0q/shopsy-shoe/w/r/h/7-ts-506-pnk-7-two-soft-pink-original-imah5fvnghps5mfr.jpeg,https://www.flipkart.com/flopsie-premium-women-winter-sneaker-memoryfoam-gym-casual-outdoor-sneakers/p/itm07bfdd53efaed?pid=SHOH6T4HQVZKYMZH&lid=LSTSHOH6T4HQVZKYMZH2RH8E0&marketplace=FLIPKART&store=osp%2Fiko&srno=b_6_217&otracker=browse&fm=organic&iid=en_FdZ7yfzNiLSuTZt3ug5zoWIjYKMzdeLPs-DtXUP-fn0hC40KZoA03bxkMbh47vVVOHNLAZ5aABZblqsk8brlAw%3D%3D&ppt=browse&ppn=browse&ssid=jtks0xz00w0000001768226479320
Fabbmate Fabbmate Casual Sports shoes White Sneakers for Women Girls White Shoes Sneakers For Women - Buy Fabbmate Fabbmate Casual Sports shoes White Sneakers for Women Girls White Shoes Sneakers For Women Online at Best Price - Shop Online for Footwears in India | Flipkart.com,₹430,http://rukmini1.flixcart.com/image/300/300/xif0q/shoe/y/o/8/-original-imahgybzagp4fb5z.jpeg,https://www.flipkart.com/fabbmate-casual-sports-shoes-white-sneakers-women-girls/p/itm13d239387dce2?pid=SHOH2W6ZB2MH2QGV&lid=LSTSHOH2W6ZB2MH2QGVK1DW0L&marketplace=FLIPKART&store=osp%2Fiko&srno=b_14_535&otracker=browse&fm=organic&iid=en_FWKCXMnY93lvHSnL9zoj1bCqUwlx2_zmrJUoWPwyFeR7JGK_K76EqB6PNN6yvcX2kF-1EXPxV7RbgIs736jvkw%3D%3D&ppt=browse&ppn=browse&ssid=hrwjiqjte80000001768226600931
"Fabbmate Fabbmate Thick Heel Sports Shoes for Women Running,Gym Casual Wear Sneakers For Women - Buy Fabbmate Fabbmate Thick Heel Sports Shoes for Women Running,Gym Casual Wear Sneakers For Women Online at Best Price - Shop Online for Footwears in India | Flipkart.com",₹491,http://rukmini1.flixcart.com/image/300/300/xif0q/shoe/w/3/b/8-flp-980-wht-8-fabbmate-white-multicolor-original-imahddpst26nyznz.jpeg,https://www.flipkart.com/fabbmate-thick-heel-sports-shoes-women-running-gym-casual-wear-sneakers/p/itmcc11da97e5d80?pid=SHOHC6JSDHXHWXEW&lid=LSTSHOHC6JSDHXHWXEW7I0RXE&marketplace=FLIPKART&store=osp%2Fiko&srno=b_15_576&otracker=browse&fm=organic&iid=e6ebe926-2018-479d-b73a-c70125b560f3.SHOHC6JSDHXHWXEW.SEARCH&ppt=browse&ppn=browse&ssid=4i65va4gdc0000001768226615069
Deals4you Sneakers For Women - Buy Deals4you Sneakers For Women Online at Best Price - Shop Online for Footwears in India | Flipkart.com,₹422,http://rukmini1.flixcart.com/image/300/300/xif0q/shoe/l/5/s/6-1326-pnk-blk-6-deals4you-white-pink-blk-original-imahgzgnjbfmpz65.jpeg,https://www.flipkart.com/deals4you-sneakers-women/p/itm6dd0e5a6dc9f6?pid=SHOGRW7NPGUFMMBW&lid=LSTSHOGRW7NPGUFMMBWZHX9UN&marketplace=FLIPKART&store=osp%2Fiko&srno=b_2_52&otracker=browse&fm=organic&iid=en_gTq8owYLy1hXM2xQT4S-bA2WPpROM5pB8HlXhKpC5IS8djeUiRzpFy5ytwMMKuJu4cpx-3yiPjBq1s11KfFjnA%3D%3D&ppt=browse&ppn=browse&ssid=w8w25ktupc0000001768226402885
Sparx Women Flip Flops - Buy Sparx Women Flip Flops Online at Best Price - Shop Online for Footwears in India | Flipkart.com,₹299,http://rukmini1.flixcart.com/image/300/300/xif0q/slipper-flip-flop/d/d/z/-original-imah2urtvp8h8xkr.jpeg,https://www.flipkart.com/sparx-women-flip-flops/p/itm8028dd01bbf48?pid=SFFGSJPQT7MYUZBV&lid=LSTSFFGSJPQT7MYUZBV5YGYAH&marketplace=FLIPKART&store=osp%2Fiko&srno=b_19_733&otracker=browse&fm=organic&iid=4367eae6-781b-4f71-84d5-98c38bcd1ce8.SFFGSJPQT7MYUZBV.SEARCH&ppt=browse&ppn=browse&ssid=3d4mzm90og0000001768226678442
Flopsie Flopsie Premium Women Winter Sneaker MemoryFoam Gym & Casual Outdoor For Women - Buy Flopsie Flopsie Premium Women Winter Sneaker MemoryFoam Gym & Casual Outdoor For Women Online at Best Price - Shop Online for Footwears in India | Flipkart.com,₹272,http://rukmini1.flixcart.com/image/300/300/xif0q/shoe/p/c/b/8-ts-206-multi-8-flopsie-multi-original-imah6t4k5dhqpd8g.jpeg,https://www.flipkart.com/flopsie-premium-women-winter-sneaker-memoryfoam-gym-casual-outdoor/p/itmeac7a738693c9?pid=SHOH6T5VZQVCSWD8&lid=LSTSHOH6T5VZQVCSWD8UVLSTO&marketplace=FLIPKART&store=osp%2Fiko&srno=b_9_325&otracker=browse&fm=organic&iid=en_jKiTE6Xmr9FQVVFK71OPaiDktBYzHs-QOOuNf_RPcUAvyh2J2zLPRnSWN7fzS9AupdUJNyI2YYu8Dec-SkV6cw%3D%3D&ppt=browse&ppn=browse&ssid=xqf91pbbtc0000001768226524489
WALKAROO Women Casual - Buy WALKAROO Women Casual Online at Best Price - Shop Online for Footwears in India | Flipkart.com,₹299,http://rukmini1.flixcart.com/image/300/300/xif0q/sandal/w/m/y/8-wlr74018-women-mav-8-walkaroo-mauve-original-imahg5vs46s6hsnj.jpeg,https://www.flipkart.com/walkaroo-women-casual/p/itmfd6cf17966070?pid=SNDHFHXKPRZHZVZX&lid=LSTSNDHFHXKPRZHZVZXEE1PAI&marketplace=FLIPKART&store=osp%2Fiko&srno=b_17_669&otracker=browse&fm=organic&iid=a651fdd0-6b03-4c05-9376-7c1e494b32f5.SNDHFHXKPRZHZVZX.SEARCH&ppt=browse&ppn=browse&ssid=vnotkb0e2o0000001768226647060
DRACKFOOT Women Clogs - Buy DRACKFOOT Women Clogs Online at Best Price - Shop Online for Footwears in India | Flipkart.com,₹252,http://rukmini1.flixcart.com/image/300/300/xif0q/sandal/k/z/i/6-spj-new-297-beige6-6-drackfoot-beige-original-imah3du3h5zfgnwx.jpeg,https://www.flipkart.com/drackfoot-women-clogs/p/itm7d2c4a5e12b60?pid=SNDH3DU3K5QNSDSH&lid=LSTSNDH3DU3K5QNSDSHEBB73T&marketplace=FLIPKART&store=osp%2Fiko&srno=b_4_134&otracker=browse&fm=organic&iid=3d830cc9-e5ad-48ef-84c3-482f55642135.SNDH3DU3K5QNSDSH.SEARCH&ppt=browse&ppn=browse&ssid=e6nkya0vfk0000001768226446152
VENDOZ Casual Stylish Trending Sneakers For Women - Buy VENDOZ Casual Stylish Trending Sneakers For Women Online at Best Price - Shop Online for Footwears in India | Flipkart.com,₹660,http://rukmini1.flixcart.com/image/300/300/xif0q/shoe/f/p/b/-original-imahg242wzav35gk.jpeg,https://www.flipkart.com/vendoz-casual-stylish-trending-sneakers-women/p/itmce792f6d59fa8?pid=SHOGFXEPCHBJ9GBN&lid=LSTSHOGFXEPCHBJ9GBNX2IEZQ&marketplace=FLIPKART&store=osp%2Fiko&srno=b_5_169&otracker=browse&fm=organic&iid=dacca31e-67ab-42b6-a39c-2196d8d752b0.SHOGFXEPCHBJ9GBN.SEARCH&ppt=browse&ppn=browse&ssid=39jjfmw7uo0000001768226462876
Fabbmate Trendy Memory Foam Walking Slip On Sneakers For Women - Buy Fabbmate Trendy Memory Foam Walking Slip On Sneakers For Women Online at Best Price - Shop Online for Footwears in India | Flipkart.com,₹350,http://rukmini1.flixcart.com/image/300/300/xif0q/shoe/x/r/g/8-flp-976-mrn-8-fabbmate-maroon-original-imahgcs9h8c6zdfv.jpeg,https://www.flipkart.com/fabbmate-trendy-memory-foam-walking-slip-sneakers-women/p/itm755d41f651738?pid=SHOHGCS9HXYH5ZVT&lid=LSTSHOHGCS9HXYH5ZVTUME9JK&marketplace=FLIPKART&store=osp%2Fiko&srno=b_17_644&otracker=browse&fm=organic&iid=a651fdd0-6b03-4c05-9376-7c1e494b32f5.SHOHGCS9HXYH5ZVT.SEARCH&ppt=browse&ppn=browse&ssid=vnotkb0e2o0000001768226647060
FLIPJONES Slip On Sneakers For Women - Buy FLIPJONES Slip On Sneakers For Women Online at Best Price - Shop Online for Footwears in India | Flipkart.com,₹317,http://rukmini1.flixcart.com/image/300/300/xif0q/shoe/j/q/r/5-flynet-06-5-flipjones-green-original-imahavrwvme637y6.jpeg,https://www.flipkart.com/flipjones-slip-sneakers-women/p/itmf407772e1eeaa?pid=SHOH8UKF2QCFQM5Z&lid=LSTSHOH8UKF2QCFQM5ZVFZCGT&marketplace=FLIPKART&store=osp%2Fiko&srno=b_15_596&otracker=browse&fm=organic&iid=e6ebe926-2018-479d-b73a-c70125b560f3.SHOH8UKF2QCFQM5Z.SEARCH&ppt=browse&ppn=browse&ssid=4i65va4gdc0000001768226615069
WOLVESDEN Women Slides - Buy WOLVESDEN Women Slides Online at Best Price - Shop Online for Footwears in India | Flipkart.com,₹281,http://rukmini1.flixcart.com/image/300/300/xif0q/slipper-flip-flop/d/j/j/-original-imahfz7nxtwptkmz.jpeg,https://www.flipkart.com/wolvesden-women-slides/p/itmeaeb19ea18a02?pid=SFFH33WWWWWBUSQJ&lid=LSTSFFH33WWWWWBUSQJ19567G&marketplace=FLIPKART&store=osp%2Fiko&srno=b_1_40&otracker=browse&fm=organic&iid=27a448ff-87bd-4ea6-984d-908d0a814445.SFFH33WWWWWBUSQJ.SEARCH&ppt=None&ppn=None&ssid=uekt84okeo0000001768226382861
TWO SOFT Women Combo Pack Of 2 Stylish Casual Light & Soft Comfortable Daily Wear Slippers - Buy TWO SOFT Women Combo Pack Of 2 Stylish Casual Light & Soft Comfortable Daily Wear Slippers Online at Best Price - Shop Online for Footwears in India | Flipkart.com,₹263,http://rukmini1.flixcart.com/image/300/300/xif0q/slipper-flip-flop/f/1/z/-original-imahftr8j3edee4f.jpeg,https://www.flipkart.com/two-soft-women-combo-pack-2-stylish-casual-light-comfortable-daily-wear-slippers/p/itm52d5fb8753745?pid=SFFGMBGHBKTXYZ3S&lid=LSTSFFGMBGHBKTXYZ3SOWUFV9&marketplace=FLIPKART&store=osp%2Fiko&srno=b_5_168&otracker=browse&fm=organic&iid=en_veuji5O5oxhJ0IBY-vJKNHnFzc2n3kvDK_Yl7nBJXWE8RHzZIIckcDaFLoEbQwPgDyUYyJvtEzbA6Ec6AowF0A%3D%3D&ppt=browse&ppn=browse&ssid=39jjfmw7uo0000001768226462876
Deals4you Sneakers For Women - Buy Deals4you Sneakers For Women Online at Best Price - Shop Online for Footwears in India | Flipkart.com,₹422,http://rukmini1.flixcart.com/image/300/300/xif0q/shoe/l/5/s/6-1326-pnk-blk-6-deals4you-white-pink-blk-original-imahgzgnjbfmpz65.jpeg,https://www.flipkart.com/deals4you-sneakers-women/p/itm6dd0e5a6dc9f6?pid=SHOGRW7NPGUFMMBW&lid=LSTSHOGRW7NPGUFMMBWZHX9UN&marketplace=FLIPKART&store=osp%2Fiko&srno=b_12_448&otracker=browse&fm=organic&iid=en_SHCTXva8iVexBQNCngpF_NuHHZdPLvMAdqHvpa5ye8nAY6Tj1kaG1Qr4cMQhLxhab4UdbCGu9MDD-UicACD1bg%3D%3D&ppt=browse&ppn=browse&ssid=ecse3v9ai80000001768226569451
DEFLOW Women Clogs - Buy DEFLOW Women Clogs Online at Best Price - Shop Online for Footwears in India | Flipkart.com,₹344,http://rukmini1.flixcart.com/image/300/300/xif0q/shopsy-sandal/v/7/t/8-lc-clogs-8-cogs-grey-blue-original-imah8xv7q2wnp4ht.jpeg,https://www.flipkart.com/deflow-women-clogs/p/itmf64b27d38b490?pid=SNDH8XHVKT6C6VFT&lid=LSTSNDH8XHVKT6C6VFTQTJFBN&marketplace=FLIPKART&store=osp%2Fiko&srno=b_3_96&otracker=browse&fm=organic&iid=9895b54a-05d8-4486-a10f-6b2521abf21a.SNDH8XHVKT6C6VFT.SEARCH&ppt=browse&ppn=browse&ssid=7of36l05000000001768226424463
RED TAPE Women's Athleisure Sports Shoes for Active Everyday Style Walking Shoes For Women - Buy RED TAPE Women's Athleisure Sports Shoes for Active Everyday Style Walking Shoes For Women Online at Best Price - Shop Online for Footwears in India | Flipkart.com,"₹1,097",http://rukmini1.flixcart.com/image/300/300/xif0q/shoe/v/q/c/-original-imahjhjny4eytrcj.jpeg,https://www.flipkart.com/red-tape-women-s-athleisure-sports-shoes-active-everyday-style-walking-women/p/itmb05ff265eedc4?pid=SHOHFMMNY3NH5RF7&lid=LSTSHOHFMMNY3NH5RF7STHW39&marketplace=FLIPKART&store=osp%2Fiko&srno=b_8_282&otracker=browse&fm=organic&iid=en_EEM0Z8bU_Rhw0iEruWD7IknRK1asvTkmmjvzvzdwOpTO5owfkM5WPlBmmW98tVBYBHWujxpNK-wKj40vfSERWvUFjCTyOHoHZs-Z5_PS_w0%3D&ppt=browse&ppn=browse&ssid=2go0snlczk0000001768226510439
laporra Women Flats - Buy laporra Women Flats Online at Best Price - Shop Online for Footwears in India | Flipkart.com,₹209,http://rukmini1.flixcart.com/image/300/300/xif0q/sandal/h/7/r/6-dori-6-laporra-pink-original-imahddgzguqcvvmb.jpeg,https://www.flipkart.com/laporra-women-flats/p/itm8d99ff40d1fd1?pid=SNDHDDGZ35HN3PRQ&lid=LSTSNDHDDGZ35HN3PRQH7HPE6&marketplace=FLIPKART&store=osp%2Fiko&srno=b_12_449&otracker=browse&fm=organic&iid=3beba5be-cff5-4b74-8ac4-2f92765b4e5d.SNDHDDGZ35HN3PRQ.SEARCH&ppt=browse&ppn=browse&ssid=ecse3v9ai80000001768226569451
DOCTOR EXTRA SOFT Memory Foam for Walking Running Gym Training Sports Slip On Sneakers For Women - Buy DOCTOR EXTRA SOFT Memory Foam for Walking Running Gym Training Sports Slip On Sneakers For Women Online at Best Price - Shop Online for Footwears in India | Flipkart.com,₹799,http://rukmini1.flixcart.com/image/300/300/xif0q/shoe/b/n/2/5-d-1001-black-5-doctor-extra-soft-black-original-imahgegskfgznfgv.jpeg,https://www.flipkart.com/doctor-extra-soft-memory-foam-walking-running-gym-training-sports-slip-sneakers-women/p/itm3bfa469f07c6e?pid=SHOGGP4DQSDTTSUN&lid=LSTSHOGGP4DQSDTTSUNTPMOUM&marketplace=FLIPKART&store=osp%2Fiko&srno=b_8_294&otracker=browse&fm=organic&iid=79f2c90c-e0c0-4aba-9a8f-665fed88ffe8.SHOGGP4DQSDTTSUN.SEARCH&ppt=browse&ppn=browse&ssid=2go0snlczk0000001768226510439
asian Walking Shoes For Women - Buy asian Walking Shoes For Women Online at Best Price - Shop Online for Footwears in India | Flipkart.com,₹791,http://rukmini1.flixcart.com/image/300/300/xif0q/shoe/j/d/h/8-breeze-02-8-asian-mauve-original-imah44k67hpssdfh.jpeg,https://www.flipkart.com/asian-walking-shoes-women/p/itmb6ac27e9d56c6?pid=SHOHYZ94QVPHXMPB&lid=LSTSHOHYZ94QVPHXMPBS60YIE&marketplace=FLIPKART&store=osp%2Fiko&srno=b_14_524&otracker=browse&fm=organic&iid=d4e3f038-b31e-4096-9ab1-fe0a83cf4fc4.SHOHYZ94QVPHXMPB.SEARCH&ppt=browse&ppn=browse&ssid=hrwjiqjte80000001768226600931
PUMA Essex Comfort Wn's Running Shoes For Women - Buy PUMA Essex Comfort Wn's Running Shoes For Women Online at Best Price - Shop Online for Footwears in India | Flipkart.com,"₹1,244",http://rukmini1.flixcart.com/image/300/300/xif0q/shoe/u/b/l/-original-imahjgru9fsh4vgz.jpeg,https://www.flipkart.com/puma-essex-comfort-wn-s-running-shoes-women/p/itm8497c1801a24b?pid=SHOGH3GNFYZNWUYT&lid=LSTSHOGH3GNFYZNWUYTR7JILC&marketplace=FLIPKART&store=osp%2Fiko&srno=b_15_571&otracker=browse&fm=organic&iid=en_vXCl6X7Zoly2o-ZSBHC_VUkVU5Ea8NIcliS224j0uaL2_4jSinBZDDgX5vqjbUeFGOevgqcC2M1u_K8aK6BDGw%3D%3D&ppt=browse&ppn=browse&ssid=4i65va4gdc0000001768226615069
Flopsie Women TWO SOFT Comfortable Stylish Doctor Ortho | Adjustable Toe Hook Slippers - Buy Flopsie Women TWO SOFT Comfortable Stylish Doctor Ortho | Adjustable Toe Hook Slippers Online at Best Price - Shop Online for Footwears in India | Flipkart.com,₹206,http://rukmini1.flixcart.com/image/300/300/xif0q/slipper-flip-flop/r/u/s/8-new-035-pink-flopsie-pink-original-imahgepuf4s79zgr.jpeg,https://www.flipkart.com/flopsie-women-two-soft-comfortable-stylish-doctor-ortho-adjustable-toe-hook-slippers/p/itm2e9b435784dc1?pid=SFFH6U8TMGHHHHQ7&lid=LSTSFFH6U8TMGHHHHQ7EN3JLC&marketplace=FLIPKART&store=osp%2Fiko&srno=b_4_148&otracker=browse&fm=organic&iid=en_0D43y1Gkov2fa4f2QX2QfRL0_YJcqARvUPQbUbgzRN4f_yd0yn2IdZvaFl4jRrWY9s6dSnBuTs1PbR-5EbaLWQ%3D%3D&ppt=browse&ppn=browse&ssid=e6nkya0vfk0000001768226446152
Svaar Women Clogs - Buy Svaar Women Clogs Online at Best Price - Shop Online for Footwears in India | Flipkart.com,₹499,http://rukmini1.flixcart.com/image/300/300/xif0q/sandal/x/e/z/5-svr1125kbrv-5-svaar-pure-white-original-imah74zsm3hqxgmb.jpeg,https://www.flipkart.com/svaar-women-clogs/p/itmc27e09582768e?pid=SNDH6WHX2UHNGE8S&lid=LSTSNDH6WHX2UHNGE8SUKOT3A&marketplace=FLIPKART&store=osp%2Fiko&srno=b_7_267&otracker=browse&fm=organic&iid=en_AGnRzahflnjrzyGSofhuYuObKQCu69iMSBfo6h9bNg00a6_OnNbXVnnVve8PRkiWLexF6Crmb0uFSFKcH4XP6w%3D%3D&ppt=browse&ppn=browse&ssid=l4zc74md9s0000001768226494682
Aqualite Women Slippers - Buy Aqualite Women Slippers Online at Best Price - Shop Online for Footwears in India | Flipkart.com,₹269,http://rukmini1.flixcart.com/image/300/300/xif0q/slipper-flip-flop/9/c/w/4-mneo1505l-aqualite-cherry-original-imahfz9zhswth5fg.jpeg,https://www.flipkart.com/aqualite-women-slippers/p/itmd37779b7e4ff2?pid=SFFH5XW6EHZUJ5RU&lid=LSTSFFH5XW6EHZUJ5RUSYUHPR&marketplace=FLIPKART&store=osp%2Fiko&srno=b_8_316&otracker=browse&fm=organic&iid=79f2c90c-e0c0-4aba-9a8f-665fed88ffe8.SFFH5XW6EHZUJ5RU.SEARCH&ppt=browse&ppn=browse&ssid=2go0snlczk0000001768226510439
Abros KAYA Running Shoes For Women - Buy Abros KAYA Running Shoes For Women Online at Best Price - Shop Online for Footwears in India | Flipkart.com,₹872,http://rukmini1.flixcart.com/image/300/300/xif0q/shoe/e/o/v/-original-imahfhptqdqkrznm.jpeg,https://www.flipkart.com/abros-kaya-running-shoes-women/p/itm9d53aa8a9b56d?pid=SHOHF9J94EHCYKF5&lid=LSTSHOHF9J94EHCYKF5UVJX1M&marketplace=FLIPKART&store=osp%2Fiko&srno=b_10_398&otracker=browse&fm=organic&iid=en_QgQ6nGD2rAj3cKP0gzxkX9VwQbY8QFRbQVtWwIS-YzSZ2qhr7_XC6bnBHkpFSTmEZlljJQA7Qh3HL0lxPpPs5IE8waCTrWcncKeK_ydPfoM%3D&ppt=browse&ppn=browse&ssid=my7hzbekzk0000001768226539546
AMAZING TRADERS Women Flats - Buy AMAZING TRADERS Women Flats Online at Best Price - Shop Online for Footwears in India | Flipkart.com,₹250,http://rukmini1.flixcart.com/image/300/300/xif0q/sandal/d/e/j/9-spotted-pouch-tpr-amazing-traders-grey-color-original-imahbr9hqjmayzdx.jpeg,https://www.flipkart.com/amazing-traders-women-flats/p/itm0b04b9814cc03?pid=SNDHBR9HWB9RD5UR&lid=LSTSNDHBR9HWB9RD5UR6M4IW9&marketplace=FLIPKART&store=osp%2Fiko&srno=b_13_503&otracker=browse&fm=organic&iid=ac0383e4-33b1-4776-ade8-aae7a7f6dc44.SNDHBR9HWB9RD5UR.SEARCH&ppt=browse&ppn=browse&ssid=q7vp90axtc0000001768226586549
aadi Women Slippers - Buy aadi Women Slippers Online at Best Price - Shop Online for Footwears in India | Flipkart.com,₹277,http://rukmini1.flixcart.com/image/300/300/xif0q/slipper-flip-flop/q/9/t/-original-imahfz7zp7fjfj9h.jpeg,https://www.flipkart.com/aadi-women-slippers/p/itmd89316a90259a?pid=SFFGXSXU4FFZTXPE&lid=LSTSFFGXSXU4FFZTXPE49F6AH&marketplace=FLIPKART&store=osp%2Fiko&srno=b_9_324&otracker=browse&fm=organic&iid=dbcc83ce-aca9-4f02-99f6-46c63dc65f87.SFFGXSXU4FFZTXPE.SEARCH&ppt=browse&ppn=browse&ssid=xqf91pbbtc0000001768226524489
patriarchy Women Heels - Buy patriarchy Women Heels Online at Best Price - Shop Online for Footwears in India | Flipkart.com,₹302,http://rukmini1.flixcart.com/image/300/300/xif0q/sandal/s/z/q/5-nora-brown-15-38-patriarchy-brown-original-imah7sufgnnyg7kw.jpeg,https://www.flipkart.com/patriarchy-women-heels/p/itm986fda3b675eb?pid=SNDGZVJEWYFFGZYX&lid=LSTSNDGZVJEWYFFGZYXMSXUJS&marketplace=FLIPKART&store=osp%2Fiko&srno=b_19_750&otracker=browse&fm=organic&iid=4367eae6-781b-4f71-84d5-98c38bcd1ce8.SNDGZVJEWYFFGZYX.SEARCH&ppt=browse&ppn=browse&ssid=3d4mzm90og0000001768226678442
DOCTOR ORTHO PLUS COMFY Women Slippers - Buy DOCTOR ORTHO PLUS COMFY Women Slippers Online at Best Price - Shop Online for Footwears in India | Flipkart.com,₹294,http://rukmini1.flixcart.com/image/300/300/xif0q/slipper-flip-flop/o/b/w/-original-imahg24ysdhw5m7e.jpeg,https://www.flipkart.com/doctor-ortho-plus-comfy-women-slippers/p/itm61b085ba1f81c?pid=SFFGXMGGWEUGEBJ2&lid=LSTSFFGXMGGWEUGEBJ2QSEG3L&marketplace=FLIPKART&store=osp%2Fiko&srno=b_5_167&otracker=browse&fm=organic&iid=en_veuji5O5oxhJ0IBY-vJKNHnFzc2n3kvDK_Yl7nBJXWGmv2QIUodgrzqG5I5_rq2e_IZH0lSCt5pWg1EonkPLqg%3D%3D&ppt=browse&ppn=browse&ssid=39jjfmw7uo0000001768226462876
Dekkin Walking Shoes For Women - Buy Dekkin Walking Shoes For Women Online at Best Price - Shop Online for Footwears in India | Flipkart.com,₹998,http://rukmini1.flixcart.com/image/300/300/kbxzbm80/shoe/q/z/a/9905-3-dekkin-white-original-imaft6zs8hk9yrea.jpeg,https://www.flipkart.com/dekkin-walking-shoes-women/p/itmdb042d9c904b3?pid=SHOFT6ZSCEHPBQAQ&lid=LSTSHOFT6ZSCEHPBQAQWY4JPL&marketplace=FLIPKART&store=osp%2Fiko&srno=b_5_166&otracker=browse&fm=organic&iid=dacca31e-67ab-42b6-a39c-2196d8d752b0.SHOFT6ZSCEHPBQAQ.SEARCH&ppt=browse&ppn=browse&ssid=39jjfmw7uo0000001768226462876
RED TAPE Women's Athleisure Sports Shoes for Active Everyday Style Walking Shoes For Women - Buy RED TAPE Women's Athleisure Sports Shoes for Active Everyday Style Walking Shoes For Women Online at Best Price - Shop Online for Footwears in India | Flipkart.com,"₹1,097",http://rukmini1.flixcart.com/image/300/300/xif0q/shoe/v/q/c/-original-imahjhjny4eytrcj.jpeg,https://www.flipkart.com/red-tape-women-s-athleisure-sports-shoes-active-everyday-style-walking-women/p/itmb05ff265eedc4?pid=SHOHFMMNRVSVCQ2C&lid=LSTSHOHFMMNRVSVCQ2CKJQHKB&marketplace=FLIPKART&store=osp%2Fiko&srno=b_1_33&otracker=browse&fm=organic&iid=27a448ff-87bd-4ea6-984d-908d0a814445.SHOHFMMNRVSVCQ2C.SEARCH&ppt=None&ppn=None&ssid=uekt84okeo0000001768226382861
Chazer Women Wedges - Buy Chazer Women Wedges Online at Best Price - Shop Online for Footwears in India | Flipkart.com,₹231,http://rukmini1.flixcart.com/image/300/300/xif0q/sandal/j/z/a/5-1222-38-chazer-brown-original-imahgvcumnwggcfz.jpeg,https://www.flipkart.com/chazer-women-wedges/p/itmd239af6bb4fc2?pid=SNDH8EZAMKDDV3K6&lid=LSTSNDH8EZAMKDDV3K65I2IDB&marketplace=FLIPKART&store=osp%2Fiko&srno=b_14_560&otracker=browse&fm=organic&iid=d4e3f038-b31e-4096-9ab1-fe0a83cf4fc4.SNDH8EZAMKDDV3K6.SEARCH&ppt=browse&ppn=browse&ssid=hrwjiqjte80000001768226600931
"RED TAPE Chelsea Boots for Women | Ankle-Length Casual Style, Elastic Closure Boots For Women - Buy RED TAPE Chelsea Boots for Women | Ankle-Length Casual Style, Elastic Closure Boots For Women Online at Best Price - Shop Online for Footwears in India | Flipkart.com","₹3,208",http://rukmini1.flixcart.com/image/300/300/xif0q/shoe/e/s/m/-original-imahdh5ryehv6kxp.jpeg,https://www.flipkart.com/red-tape-chelsea-boots-women-ankle-length-casual-style-elastic-closure/p/itm61701138dc052?pid=SHOHATBZRDMMEGCE&lid=LSTSHOHATBZRDMMEGCEL6XODV&marketplace=FLIPKART&store=osp%2Fiko&srno=b_17_656&otracker=browse&fm=organic&iid=a651fdd0-6b03-4c05-9376-7c1e494b32f5.SHOHATBZRDMMEGCE.SEARCH&ppt=browse&ppn=browse&ssid=vnotkb0e2o0000001768226647060
WOLVESDEN Women Flip Flops - Buy WOLVESDEN Women Flip Flops Online at Best Price - Shop Online for Footwears in India | Flipkart.com,₹288,http://rukmini1.flixcart.com/image/300/300/xif0q/slipper-flip-flop/f/7/o/7-carpet-cross-a4-pink-7-wolvesden-pink-original-imah43gtxvxpuebs.jpeg,https://www.flipkart.com/wolvesden-women-flip-flops/p/itm8ca1a2f57514b?pid=SFFH43S4KJJ9NWHC&lid=LSTSFFH43S4KJJ9NWHCN6VKIS&marketplace=FLIPKART&store=osp%2Fiko&srno=b_5_200&otracker=browse&fm=organic&iid=dacca31e-67ab-42b6-a39c-2196d8d752b0.SFFH43S4KJJ9NWHC.SEARCH&ppt=browse&ppn=browse&ssid=39jjfmw7uo0000001768226462876
,,,https://www.flipkart.com/skechers-bobs-sparrow-flex-instant-clout-casuals-women/p/itm1cd8c386870bf?pid=SHOH32XMJN7ZZNM5&lid=LSTSHOH32XMJN7ZZNM5D59WCR&marketplace=FLIPKART&store=osp%2Fiko&srno=b_13_513&otracker=browse&fm=organic&iid=ac0383e4-33b1-4776-ade8-aae7a7f6dc44.SHOH32XMJN7ZZNM5.SEARCH&ppt=browse&ppn=browse&ssid=q7vp90axtc0000001768226586549
Fabbmate Fabbmate Casual Sports shoes White Sneakers for Women Girls White Shoes Sneakers For Women - Buy Fabbmate Fabbmate Casual Sports shoes White Sneakers for Women Girls White Shoes Sneakers For Women Online at Best Price - Shop Online for Footwears in India | Flipkart.com,₹430,http://rukmini1.flixcart.com/image/300/300/xif0q/shoe/y/o/8/-original-imahgybzagp4fb5z.jpeg,https://www.flipkart.com/fabbmate-casual-sports-shoes-white-sneakers-women-girls/p/itm13d239387dce2?pid=SHOH2W6ZB2MH2QGV&lid=LSTSHOH2W6ZB2MH2QGVK1DW0L&marketplace=FLIPKART&store=osp%2Fiko&srno=b_17_652&otracker=browse&fm=organic&iid=en_-1UVHzCH-jLPIUjhAaIh3CfP-_LzqvWxPxjV9QMLdvJ0JDVVA08hWVMvFSpn_5EjT_mNQQxYahkblSfQxuzIMQ%3D%3D&ppt=browse&ppn=browse&ssid=vnotkb0e2o0000001768226647060
Birde Women Clogs - Buy Birde Women Clogs Online at Best Price - Shop Online for Footwears in India | Flipkart.com,₹453,http://rukmini1.flixcart.com/image/300/300/xif0q/sandal/s/y/4/-original-imahgyc5mvvgqrfj.jpeg,https://www.flipkart.com/birde-women-clogs/p/itme980a02719ccf?pid=SNDH448PXTDUWVH5&lid=LSTSNDH448PXTDUWVH55INUAR&marketplace=FLIPKART&store=osp%2Fiko&srno=b_4_151&otracker=browse&fm=organic&iid=en_0D43y1Gkov2fa4f2QX2QfRL0_YJcqARvUPQbUbgzRN6W9anMf_-uzRpBomjs-MVL3MOa39FfwXaMRxAdJmOWFA%3D%3D&ppt=browse&ppn=browse&ssid=e6nkya0vfk0000001768226446152
Doctor Health Super Soft Newly Launch | Classic Ultra Soft | Memory Foam | Comfortable|Stylish|Trendy Bellies For Women - Buy Doctor Health Super Soft Newly Launch | Classic Ultra Soft | Memory Foam | Comfortable|Stylish|Trendy Bellies For Women Online at Best Price - Shop Online for Footwears in India | Flipkart.com,₹498,http://rukmini1.flixcart.com/image/300/300/xif0q/shopsy-shoe/x/9/2/6-sh-dhss-215-elegant-pink-39-0-doctor-health-super-soft-pink-original-imahgybq88kzffgd.jpeg,https://www.flipkart.com/doctor-health-super-soft-newly-launch-classic-ultra-memory-foam-comfortable-stylish-trendy-bellies-women/p/itm3964abf0d7553?pid=SHOH7N79GR34XMSK&lid=LSTSHOH7N79GR34XMSK7SNE6K&marketplace=FLIPKART&store=osp%2Fiko&srno=b_8_301&otracker=browse&fm=organic&iid=en_EEM0Z8bU_Rhw0iEruWD7IknRK1asvTkmmjvzvzdwOpQYKzugsy4x7f3HO6gMtRamEoYGvW7NaRCMoE3KOjqQ6A%3D%3D&ppt=browse&ppn=browse&ssid=2go0snlczk0000001768226510439
FOOTOXX Women Bellies - Buy FOOTOXX Women Bellies Online at Best Price - Shop Online for Footwears in India | Flipkart.com,₹231,http://rukmini1.flixcart.com/image/300/300/xif0q/sandal/b/7/b/8-666-8-0-footoxx-black-original-imahfjpz8wy7m8sa.jpeg,https://www.flipkart.com/footoxx-women-bellies/p/itmf52bb6aeb77e2?pid=SNDHFJN6UPGHCHQX&lid=LSTSNDHFJN6UPGHCHQX2ECHZV&marketplace=FLIPKART&store=osp%2Fiko&srno=b_13_514&otracker=browse&fm=organic&iid=ac0383e4-33b1-4776-ade8-aae7a7f6dc44.SNDHFJN6UPGHCHQX.SEARCH&ppt=browse&ppn=browse&ssid=q7vp90axtc0000001768226586549
Abros KAYA Running Shoes For Women - Buy Abros KAYA Running Shoes For Women Online at Best Price - Shop Online for Footwears in India | Flipkart.com,₹872,http://rukmini1.flixcart.com/image/300/300/xif0q/shoe/e/o/v/-original-imahfhptqdqkrznm.jpeg,https://www.flipkart.com/abros-kaya-running-shoes-women/p/itm9d53aa8a9b56d?pid=SHOHF9J94EHCYKF5&lid=LSTSHOHF9J94EHCYKF5UVJX1M&marketplace=FLIPKART&store=osp%2Fiko&srno=b_11_431&otracker=browse&fm=organic&iid=en_yzKT70zsUvLVIiVJzjcGD6y4PwfYgrFyB-JPR4zv0wDxy7cXJANObyIk3dG2rLLMRhjGWK4Ef2g_RhtNBSfpeYnfEY2D5bWfIUmTlXs_oiU%3D&ppt=browse&ppn=browse&ssid=xkwuilrkog0000001768226554244
Pharaoh Stylish White-Brown Sneakers with Fashion Branding and Elevated Sole Party Wear For Women - Buy Pharaoh Stylish White-Brown Sneakers with Fashion Branding and Elevated Sole Party Wear For Women Online at Best Price - Shop Online for Footwears in India | Flipkart.com,₹498,http://rukmini1.flixcart.com/image/300/300/xif0q/shoe/h/1/o/8-sku-fs-010-brwhite-8-pharaoh-brown-white-original-imahgz7mzbmzv4jf.jpeg,https://www.flipkart.com/pharaoh-stylish-white-brown-sneakers-fashion-branding-elevated-sole-party-wear-women/p/itmb6d31e8b18b37?pid=SHOHGU5QZN2VPXW9&lid=LSTSHOHGU5QZN2VPXW9ZJDD9P&marketplace=FLIPKART&store=osp%2Fiko&srno=b_4_124&otracker=browse&fm=organic&iid=3d830cc9-e5ad-48ef-84c3-482f55642135.SHOHGU5QZN2VPXW9.SEARCH&ppt=browse&ppn=browse&ssid=e6nkya0vfk0000001768226446152
Khadim's Lightweight Comfort Extra Soft Trendy Premium Stylish Women Flats - Buy Khadim's Lightweight Comfort Extra Soft Trendy Premium Stylish Women Flats Online at Best Price - Shop Online for Footwears in India | Flipkart.com,₹649,http://rukmini1.flixcart.com/image/300/300/xif0q/sandal/y/v/r/6-65102465184-6-khadim-s-beige-original-imahg5yyfvuegdzz.jpeg,https://www.flipkart.com/khadim-s-lightweight-comfort-extra-soft-trendy-premium-stylish-women-flats/p/itm815b3ad70dec2?pid=SNDG9FZAQBKXG7KG&lid=LSTSNDG9FZAQBKXG7KGRSHNHC&marketplace=FLIPKART&store=osp%2Fiko&srno=b_11_424&otracker=browse&fm=organic&iid=d9f69b20-3523-485c-a484-27a8b56a461d.SNDG9FZAQBKXG7KG.SEARCH&ppt=browse&ppn=browse&ssid=xkwuilrkog0000001768226554244
FLITE Women Slippers - Buy FLITE Women Slippers Online at Best Price - Shop Online for Footwears in India | Flipkart.com,₹255,http://rukmini1.flixcart.com/image/300/300/xif0q/slipper-flip-flop/7/i/t/-original-imahhqc9ypkkauas.jpeg,https://www.flipkart.com/flite-women-slippers/p/itmd20a206dc5318?pid=SFFH7HYGWCE8RREY&lid=LSTSFFH7HYGWCE8RREYZ5VKVV&marketplace=FLIPKART&store=osp%2Fiko&srno=b_9_329&otracker=browse&fm=organic&iid=dbcc83ce-aca9-4f02-99f6-46c63dc65f87.SFFH7HYGWCE8RREY.SEARCH&ppt=browse&ppn=browse&ssid=xqf91pbbtc0000001768226524489
Deals4you Sneakers For Women - Buy Deals4you Sneakers For Women Online at Best Price - Shop Online for Footwears in India | Flipkart.com,₹417,http://rukmini1.flixcart.com/image/300/300/xif0q/shoe/l/h/1/4-774-womn-4-deals4you-brown-beige-original-imahgstuh2jngzqc.jpeg,https://www.flipkart.com/deals4you-sneakers-women/p/itmb224093aba791?pid=SHOGD2FQ9HEUD2JC&lid=LSTSHOGD2FQ9HEUD2JCR4TJLZ&marketplace=FLIPKART&store=osp%2Fiko&srno=b_12_444&otracker=browse&fm=organic&iid=3beba5be-cff5-4b74-8ac4-2f92765b4e5d.SHOGD2FQ9HEUD2JC.SEARCH&ppt=browse&ppn=browse&ssid=ecse3v9ai80000001768226569451
T-ROCK Sneakers For Women - Buy T-ROCK Sneakers For Women Online at Best Price - Shop Online for Footwears in India | Flipkart.com,₹426,http://rukmini1.flixcart.com/image/300/300/xif0q/shoe/0/b/f/3-11331-wt-3-t-rock-white-original-imahe9sfqg9upxe7.jpeg,https://www.flipkart.com/t-rock-sneakers-women/p/itmcde580b75316f?pid=SHOHE9SJAPZMGFXH&lid=LSTSHOHE9SJAPZMGFXHRIWGNR&marketplace=FLIPKART&store=osp%2Fiko&srno=b_6_238&otracker=browse&fm=organic&iid=en_FdZ7yfzNiLSuTZt3ug5zoWIjYKMzdeLPs-DtXUP-fn3YkRf12Q1Zo_gB0X8YfhK1j4FLwqQmhTEKm3LzM1GyuQ%3D%3D&ppt=browse&ppn=browse&ssid=jtks0xz00w0000001768226479320
MOCHI Bellies For Women - Buy MOCHI Bellies For Women Online at Best Price - Shop Online for Footwears in India | Flipkart.com,"₹1,856",http://rukmini1.flixcart.com/image/300/300/xif0q/shoe/c/j/1/-original-imah84xetcsrs9vu.jpeg,https://www.flipkart.com/mochi-bellies-women/p/itm34c8d3a2bda5a?pid=SHOHFH6AK3VWSGKC&lid=LSTSHOHFH6AK3VWSGKCRA3W9J&marketplace=FLIPKART&store=osp%2Fiko&srno=b_12_470&otracker=browse&fm=organic&iid=3beba5be-cff5-4b74-8ac4-2f92765b4e5d.SHOHFH6AK3VWSGKC.SEARCH&ppt=browse&ppn=browse&ssid=ecse3v9ai80000001768226569451
T-ROCK Sneakers For Women - Buy T-ROCK Sneakers For Women Online at Best Price - Shop Online for Footwears in India | Flipkart.com,₹426,http://rukmini1.flixcart.com/image/300/300/xif0q/shoe/0/b/f/3-11331-wt-3-t-rock-white-original-imahe9sfqg9upxe7.jpeg,https://www.flipkart.com/t-rock-sneakers-women/p/itmcde580b75316f?pid=SHOHE9SJAPZMGFXH&lid=LSTSHOHE9SJAPZMGFXHRIWGNR&marketplace=FLIPKART&store=osp%2Fiko&srno=b_11_425&otracker=browse&fm=organic&iid=en_yzKT70zsUvLVIiVJzjcGD6y4PwfYgrFyB-JPR4zv0wDMb7-AEXKMUwtkJ5qltBF_4G82RzcQkclHh1ZFpOZpJg%3D%3D&ppt=browse&ppn=browse&ssid=xkwuilrkog0000001768226554244
CAMPUS ANNIE Women's Casual Shoes | Sock-Like Fit | Integrated FoamLite Tech | Slip On Walking Shoes For Women - Buy CAMPUS ANNIE Women's Casual Shoes | Sock-Like Fit | Integrated FoamLite Tech | Slip On Walking Shoes For Women Online at Best Price - Shop Online for Footwears in India | Flipkart.com,"₹1,001",http://rukmini1.flixcart.com/image/300/300/xif0q/shoe/t/u/e/7-22l-204-7-campus-gry-blk-original-imahj4bfz9khpdzj.jpeg,https://www.flipkart.com/campus-annie-women-s-casual-shoes-sock-like-fit-integrated-foamlite-tech-slip-walking-women/p/itmc0b0d71bdca42?pid=SHOGARZCXHKTHUYG&lid=LSTSHOGARZCXHKTHUYGJMZVQN&marketplace=FLIPKART&store=osp%2Fiko&srno=b_3_110&otracker=browse&fm=organic&iid=9895b54a-05d8-4486-a10f-6b2521abf21a.SHOGARZCXHKTHUYG.SEARCH&ppt=browse&ppn=browse&ssid=7of36l05000000001768226424463
T-ROCK Sneakers For Women - Buy T-ROCK Sneakers For Women Online at Best Price - Shop Online for Footwears in India | Flipkart.com,₹426,http://rukmini1.flixcart.com/image/300/300/xif0q/shoe/0/b/f/3-11331-wt-3-t-rock-white-original-imahe9sfqg9upxe7.jpeg,https://www.flipkart.com/t-rock-sneakers-women/p/itmcde580b75316f?pid=SHOHE9SJAPZMGFXH&lid=LSTSHOHE9SJAPZMGFXHRIWGNR&marketplace=FLIPKART&store=osp%2Fiko&srno=b_12_468&otracker=browse&fm=organic&iid=en_SHCTXva8iVexBQNCngpF_NuHHZdPLvMAdqHvpa5ye8m_ZM_GkUFxDG-QK9N3NWWlbKLtKKIXET7oyVzYaUjrUg%3D%3D&ppt=browse&ppn=browse&ssid=ecse3v9ai80000001768226569451
Shozie Washable Sneakers Training & Gym Shoes Sneakers For Women - Buy Shozie Washable Sneakers Training & Gym Shoes Sneakers For Women Online at Best Price - Shop Online for Footwears in India | Flipkart.com,₹441,http://rukmini1.flixcart.com/image/300/300/xif0q/kids-shoe/q/3/d/7-1335-wt-3-deals4you-original-imahfz98pjjygkap.jpeg,https://www.flipkart.com/shozie-washable-sneakers-training-gym-shoes-women/p/itmb8ada4239763f?pid=SHOHAYWMHWCJSBFX&lid=LSTSHOHAYWMHWCJSBFXVYWB3J&marketplace=FLIPKART&store=osp%2Fiko&srno=b_11_404&otracker=browse&fm=organic&iid=d9f69b20-3523-485c-a484-27a8b56a461d.SHOHAYWMHWCJSBFX.SEARCH&ppt=browse&ppn=browse&ssid=xkwuilrkog0000001768226554244
Colo Women Heels - Buy Colo Women Heels Online at Best Price - Shop Online for Footwears in India | Flipkart.com,₹498,http://rukmini1.flixcart.com/image/300/300/xif0q/sandal/l/m/h/-original-imahgyc4rt8t5r5h.jpeg,https://www.flipkart.com/colo-women-heels/p/itm34580dfc70f85?pid=SNDH35U4VPGVKTEF&lid=LSTSNDH35U4VPGVKTEFTJJH0A&marketplace=FLIPKART&store=osp%2Fiko&srno=b_17_653&otracker=browse&fm=organic&iid=a651fdd0-6b03-4c05-9376-7c1e494b32f5.SNDH35U4VPGVKTEF.SEARCH&ppt=browse&ppn=browse&ssid=vnotkb0e2o0000001768226647060
JUMPLITE Women Flats - Buy JUMPLITE Women Flats Online at Best Price - Shop Online for Footwears in India | Flipkart.com,₹473,http://rukmini1.flixcart.com/image/300/300/xif0q/sandal/n/9/n/-original-imahgffn4tdhpvej.jpeg,https://www.flipkart.com/jumplite-women-flats/p/itm02e4316bc9878?pid=SNDHCHGKWWHMYJ8E&lid=LSTSNDHCHGKWWHMYJ8EEQNUXV&marketplace=FLIPKART&store=osp%2Fiko&srno=b_1_12&otracker=browse&fm=organic&iid=en_Z7IyGFzCQO8WtPj1yaORbO1Lm7-B6HNHu2MwJuRzvuDjZFYLaybSNcRtmBpVWi8l-f_P-qap4mkd13bdQh6k3g%3D%3D&ppt=None&ppn=None&ssid=uekt84okeo0000001768226382861
SAMRIDHI HUB Women Slides - Buy SAMRIDHI HUB Women Slides Online at Best Price - Shop Online for Footwears in India | Flipkart.com,₹269,http://rukmini1.flixcart.com/image/300/300/xif0q/slipper-flip-flop/l/c/l/9-yoga-paduka-9-number-samridhi-hub-black-original-imahj8zyzcgjytys.jpeg,https://www.flipkart.com/samridhi-hub-women-slides/p/itm1285cb9d50bf2?pid=SFFGWQW3HP8FBUQZ&lid=LSTSFFGWQW3HP8FBUQZ47WBYH&marketplace=FLIPKART&store=osp%2Fiko&srno=b_18_719&otracker=browse&fm=organic&iid=5a1d23a5-08d7-4630-ac04-42a5e235080b.SFFGWQW3HP8FBUQZ.SEARCH&ppt=browse&ppn=browse&ssid=kfeo5jgxww0000001768226663673
asian Casual Sneaker Shoes For Women | Stylish and Comfortable | FLORA-03 Sneakers For Women - Buy asian Casual Sneaker Shoes For Women | Stylish and Comfortable | FLORA-03 Sneakers For Women Online at Best Price - Shop Online for Footwears in India | Flipkart.com,₹729,http://rukmini1.flixcart.com/image/300/300/xif0q/shoe/b/c/w/-original-imaheh9z88qmhn4a.jpeg,https://www.flipkart.com/asian-casual-sneaker-shoes-women-stylish-comfortable-flora-03-sneakers/p/itmb94e4665ddad0?pid=SHOH56AE4WYXTQRP&lid=LSTSHOH56AE4WYXTQRPSZ8NPX&marketplace=FLIPKART&store=osp%2Fiko&srno=b_11_436&otracker=browse&fm=organic&iid=d9f69b20-3523-485c-a484-27a8b56a461d.SHOH56AE4WYXTQRP.SEARCH&ppt=browse&ppn=browse&ssid=xkwuilrkog0000001768226554244
TWO SOFT Boots For Women - Buy TWO SOFT Boots For Women Online at Best Price - Shop Online for Footwears in India | Flipkart.com,₹370,http://rukmini1.flixcart.com/image/300/300/xif0q/shoe/i/g/8/4-ts-511-blk-4-two-soft-black-original-imah4gs5fax6mvau.jpeg,https://www.flipkart.com/two-soft-boots-women/p/itme1c11a8c77d0f?pid=SHOH44H7ZBKGCKKF&lid=LSTSHOH44H7ZBKGCKKFYOD1YW&marketplace=FLIPKART&store=osp%2Fiko&srno=b_13_508&otracker=browse&fm=organic&iid=en_oTiHhq5sCa4wyoPUe1Jja7z0X67n8q4OQWl7fgPeTTrrLqn02GXVDWOrsNgJNp5WIcv3d-QNoQ3-Vy6D5Gbp1g%3D%3D&ppt=browse&ppn=browse&ssid=q7vp90axtc0000001768226586549
Doctor Health Super Soft Newly Launch | Classic Ultra Soft | Memory Foam | Comfortable|Stylish|Trendy Bellies For Women - Buy Doctor Health Super Soft Newly Launch | Classic Ultra Soft | Memory Foam | Comfortable|Stylish|Trendy Bellies For Women Online at Best Price - Shop Online for Footwears in India | Flipkart.com,₹498,http://rukmini1.flixcart.com/image/300/300/xif0q/shopsy-shoe/x/9/2/6-sh-dhss-215-elegant-pink-39-0-doctor-health-super-soft-pink-original-imahgybq88kzffgd.jpeg,https://www.flipkart.com/doctor-health-super-soft-newly-launch-classic-ultra-memory-foam-comfortable-stylish-trendy-bellies-women/p/itm3964abf0d7553?pid=SHOH7N79GR34XMSK&lid=LSTSHOH7N79GR34XMSK7SNE6K&marketplace=FLIPKART&store=osp%2Fiko&srno=b_16_618&otracker=browse&fm=organic&iid=en_r6jE2bFuVoC3-Xm07u_rlTuKR8b77BFlQp2ofdjatrDIrR3jnSOz09ZgdqJ5ZJNvLCjUkaizW0Uf8So-SALQLA%3D%3D&ppt=browse&ppn=browse&ssid=g8rc5k3vsw0000001768226631080
TAFSHA Women Slides - Buy TAFSHA Women Slides Online at Best Price - Shop Online for Footwears in India | Flipkart.com,₹294,http://rukmini1.flixcart.com/image/300/300/xif0q/slipper-flip-flop/u/u/h/6-carpet-sports2-purple-6-tafsha-purple-original-imah3ucscykhacmb.jpeg,https://www.flipkart.com/tafsha-women-slides/p/itm3830aaf7933a7?pid=SFFH3UCTKKGVHRNW&lid=LSTSFFH3UCTKKGVHRNWDHBWZP&marketplace=FLIPKART&store=osp%2Fiko&srno=b_14_532&otracker=browse&fm=organic&iid=en_FWKCXMnY93lvHSnL9zoj1bCqUwlx2_zmrJUoWPwyFeQ1GAk0CB-x_-gkQ13F-GFx21aqTQ9LAEqbCf8M10wTAw%3D%3D&ppt=browse&ppn=browse&ssid=hrwjiqjte80000001768226600931
CAMPUS ALEXA Running Shoes For Women - Buy CAMPUS ALEXA Running Shoes For Women Online at Best Price - Shop Online for Footwears in India | Flipkart.com,"₹1,019",http://rukmini1.flixcart.com/image/300/300/xif0q/shoe/c/e/y/8-5g-663-8-campus-navy-pink-original-imagrffwxtgkyhyy.jpeg,https://www.flipkart.com/campus-alexa-running-shoes-women/p/itm59dbfa271262e?pid=SHOFJBC4JWGRYG2G&lid=LSTSHOFJBC4JWGRYG2GTHLPKS&marketplace=FLIPKART&store=osp%2Fiko&srno=b_10_400&otracker=browse&fm=organic&iid=4ad595d9-2879-4175-951e-b6349d2847c2.SHOFJBC4JWGRYG2G.SEARCH&ppt=browse&ppn=browse&ssid=my7hzbekzk0000001768226539546
TWO SOFT Women Women's Ortho Stylish|Comfort Orthopedic for Pain Relief� Slippers - Buy TWO SOFT Women Women's Ortho Stylish|Comfort Orthopedic for Pain Relief� Slippers Online at Best Price - Shop Online for Footwears in India | Flipkart.com,₹423,http://rukmini1.flixcart.com/image/300/300/xif0q/slipper-flip-flop/k/6/1/8-new-054-brn-flopsie-brown-original-imahh6gmdquavgyh.jpeg,https://www.flipkart.com/two-soft-women-women-s-ortho-stylish-comfort-orthopedic-pain-relief-slippers/p/itmcfcdb985e95d4?pid=SFFHH6GPYBBTSHVJ&lid=LSTSFFHH6GPYBBTSHVJAINASH&marketplace=FLIPKART&store=osp%2Fiko&srno=b_11_420&otracker=browse&fm=organic&iid=d9f69b20-3523-485c-a484-27a8b56a461d.SFFHH6GPYBBTSHVJ.SEARCH&ppt=browse&ppn=browse&ssid=xkwuilrkog0000001768226554244
Aqualite Aqualite Trending SKY-04 Casuals Walking Shoes with lace-up & Slip-Resistance Sneakers For Women - Buy Aqualite Aqualite Trending SKY-04 Casuals Walking Shoes with lace-up & Slip-Resistance Sneakers For Women Online at Best Price - Shop Online for Footwears in India | Flipkart.com,₹585,http://rukmini1.flixcart.com/image/300/300/xif0q/shoe/t/a/o/-original-imahfskvjxggjgx5.jpeg,https://www.flipkart.com/aqualite-trending-sky-04-casuals-walking-shoes-lace-up-slip-resistance-sneakers-women/p/itm7863a5db993db?pid=SHOGMVGZKG4C9ZME&lid=LSTSHOGMVGZKG4C9ZMECDNQHZ&marketplace=FLIPKART&store=osp%2Fiko&srno=b_9_356&otracker=browse&fm=organic&iid=dbcc83ce-aca9-4f02-99f6-46c63dc65f87.SHOGMVGZKG4C9ZME.SEARCH&ppt=browse&ppn=browse&ssid=xqf91pbbtc0000001768226524489
FLITE Women Slippers - Buy FLITE Women Slippers Online at Best Price - Shop Online for Footwears in India | Flipkart.com,₹279,http://rukmini1.flixcart.com/image/300/300/xif0q/slipper-flip-flop/j/f/x/8-fl0501l-flite-navy-blue-original-imahbucuny424wsc.jpeg,https://www.flipkart.com/flite-women-slippers/p/itm91b2b86a319da?pid=SFFHB9A7AXT652YY&lid=LSTSFFHB9A7AXT652YYW5WTD0&marketplace=FLIPKART&store=osp%2Fiko&srno=b_14_530&otracker=browse&fm=organic&iid=d4e3f038-b31e-4096-9ab1-fe0a83cf4fc4.SFFHB9A7AXT652YY.SEARCH&ppt=browse&ppn=browse&ssid=hrwjiqjte80000001768226600931
WOLVESDEN Women Slides - Buy WOLVESDEN Women Slides Online at Best Price - Shop Online for Footwears in India | Flipkart.com,₹281,http://rukmini1.flixcart.com/image/300/300/xif0q/slipper-flip-flop/m/g/5/4-half-carpetf5-pink-4-wolvesden-pink-original-imah33wvqjcjyh46.jpeg,https://www.flipkart.com/wolvesden-women-slides/p/itm774336f164778?pid=SFFH33WWG2UTMEAA&lid=LSTSFFH33WWG2UTMEAAYJLYMS&marketplace=FLIPKART&store=osp%2Fiko&srno=b_19_749&otracker=browse&fm=organic&iid=4367eae6-781b-4f71-84d5-98c38bcd1ce8.SFFH33WWG2UTMEAA.SEARCH&ppt=browse&ppn=browse&ssid=3d4mzm90og0000001768226678442
Fabbmate Fabbmate 2 Pair Sports Shoes Casuals For Women - Buy Fabbmate Fabbmate 2 Pair Sports Shoes Casuals For Women Online at Best Price - Shop Online for Footwears in India | Flipkart.com,₹550,http://rukmini1.flixcart.com/image/300/300/xif0q/shoe/c/a/x/8-flp-816-blk-816-prpl-fabbmate-multicolor-original-imagsqarytmvzqrr.jpeg,https://www.flipkart.com/fabbmate-2-pair-sports-shoes-casuals-women/p/itmacf8d87fae926?pid=SHOGSQARSSX627KB&lid=LSTSHOGSQARSSX627KBDYMS6Y&marketplace=FLIPKART&store=osp%2Fiko&srno=b_18_704&otracker=browse&fm=organic&iid=5a1d23a5-08d7-4630-ac04-42a5e235080b.SHOGSQARSSX627KB.SEARCH&ppt=browse&ppn=browse&ssid=kfeo5jgxww0000001768226663673
Deals4you Sneakers For Women - Buy Deals4you Sneakers For Women Online at Best Price - Shop Online for Footwears in India | Flipkart.com,₹423,http://rukmini1.flixcart.com/image/300/300/xif0q/shopsy-shoe/4/o/r/6-875-mlt-6-deals4you-multi-original-imahgucfjdknvu92.jpeg,https://www.flipkart.com/deals4you-sneakers-women/p/itmfe58f4b5b1425?pid=SHOGGFYT7PGH5WEP&lid=LSTSHOGGFYT7PGH5WEPXFX1TT&marketplace=FLIPKART&store=osp%2Fiko&srno=b_17_655&otracker=browse&fm=organic&iid=en_-1UVHzCH-jLPIUjhAaIh3CfP-_LzqvWxPxjV9QMLdvKuXoL5IgvHshkYGHQmL_U8_hwDeZlrY0xCGo00oWNXEQ%3D%3D&ppt=browse&ppn=browse&ssid=vnotkb0e2o0000001768226647060
Birde Women Bellies - Buy Birde Women Bellies Online at Best Price - Shop Online for Footwears in India | Flipkart.com,₹363,http://rukmini1.flixcart.com/image/300/300/xif0q/sandal/i/u/p/-original-imahftquqbxfmvvj.jpeg,https://www.flipkart.com/birde-women-bellies/p/itmaf66f638cf91a?pid=SNDH6YHVEPS6M8KE&lid=LSTSNDH6YHVEPS6M8KE2BEJLP&marketplace=FLIPKART&store=osp%2Fiko&srno=b_7_260&otracker=browse&fm=organic&iid=2255f9d1-351c-40af-ba87-3dde238f6414.SNDH6YHVEPS6M8KE.SEARCH&ppt=browse&ppn=browse&ssid=l4zc74md9s0000001768226494682
Yoga Paduka Women Slippers - Buy Yoga Paduka Women Slippers Online at Best Price - Shop Online for Footwears in India | Flipkart.com,₹262,http://rukmini1.flixcart.com/image/300/300/xif0q/slipper-flip-flop/b/l/n/5-accupressure-yoga-paduka-black-original-imahcum4hsguncsr.jpeg,https://www.flipkart.com/yoga-paduka-women-slippers/p/itm14697ae353299?pid=SFFHCUM4FS8HQQYJ&lid=LSTSFFHCUM4FS8HQQYJERFSXH&marketplace=FLIPKART&store=osp%2Fiko&srno=b_2_79&otracker=browse&fm=organic&iid=464c9e9f-a691-419d-8fd2-680b9c4477eb.SFFHCUM4FS8HQQYJ.SEARCH&ppt=browse&ppn=browse&ssid=w8w25ktupc0000001768226402885
Layasa Womens And Girls Multicolor Casual Sneakers For Women - Buy Layasa Womens And Girls Multicolor Casual Sneakers For Women Online at Best Price - Shop Online for Footwears in India | Flipkart.com,₹469,http://rukmini1.flixcart.com/image/300/300/xif0q/shoe/j/t/i/3-ldf2095-3-layasa-mlt-original-imagzrmnahbkratt.jpeg,https://www.flipkart.com/layasa-womens-girls-multicolor-casual-sneakers-women/p/itm2ca8a03be250a?pid=SHOGZRMYMYT7MHHB&lid=LSTSHOGZRMYMYT7MHHBSWFVPP&marketplace=FLIPKART&store=osp%2Fiko&srno=b_4_141&otracker=browse&fm=organic&iid=en_0D43y1Gkov2fa4f2QX2QfRL0_YJcqARvUPQbUbgzRN5Nxqz0Q51Ae9eYEFHKKRu6kwNWaWF5Ktc59Lp-1ZcpgA%3D%3D&ppt=browse&ppn=browse&ssid=e6nkya0vfk0000001768226446152
Gerief Women Heels - Buy Gerief Women Heels Online at Best Price - Shop Online for Footwears in India | Flipkart.com,₹315,http://rukmini1.flixcart.com/image/300/300/xif0q/sandal/p/b/t/5-ms714-5-gerief-rose-gold-original-imahhvdzeaeqhr4w.jpeg,https://www.flipkart.com/gerief-women-heels/p/itme3bacd823d4f1?pid=SNDHHVDZBZJHEYHN&lid=LSTSNDHHVDZBZJHEYHNMCPUJK&marketplace=FLIPKART&store=osp%2Fiko&srno=b_13_519&otracker=browse&fm=organic&iid=ac0383e4-33b1-4776-ade8-aae7a7f6dc44.SNDHHVDZBZJHEYHN.SEARCH&ppt=browse&ppn=browse&ssid=q7vp90axtc0000001768226586549
City Soles Women Canvas Shoes For Women - Buy City Soles Women Canvas Shoes For Women Online at Best Price - Shop Online for Footwears in India | Flipkart.com,₹720,http://rukmini1.flixcart.com/image/300/300/xif0q/shoe/q/r/3/7-ab-women-7-city-soles-white-original-imag8qn5qxcugg9f-bb.jpeg,https://www.flipkart.com/city-soles-women-canvas-shoes/p/itmfgb2ncxmc8jeg?pid=SHOG8QN5MUS7UPTZ&lid=LSTSHOG8QN5MUS7UPTZ7EQFBZ&marketplace=FLIPKART&store=osp%2Fiko&srno=b_14_554&otracker=browse&fm=organic&iid=d4e3f038-b31e-4096-9ab1-fe0a83cf4fc4.SHOG8QN5MUS7UPTZ.SEARCH&ppt=browse&ppn=browse&ssid=hrwjiqjte80000001768226600931
Sparx Women Flip Flops - Buy Sparx Women Flip Flops Online at Best Price - Shop Online for Footwears in India | Flipkart.com,₹369,http://rukmini1.flixcart.com/image/300/300/xif0q/slipper-flip-flop/h/o/x/7-sfl-2115-sparx-wine-white-original-imahgwmj8dzwmuwq.jpeg,https://www.flipkart.com/sparx-women-flip-flops/p/itmd40f327a2d43c?pid=SFFHGWMJNDHED343&lid=LSTSFFHGWMJNDHED343JFXVOK&marketplace=FLIPKART&store=osp%2Fiko&srno=b_11_413&otracker=browse&fm=organic&iid=d9f69b20-3523-485c-a484-27a8b56a461d.SFFHGWMJNDHED343.SEARCH&ppt=browse&ppn=browse&ssid=xkwuilrkog0000001768226554244
PUMA Smashic Women Casuals For Women - Buy PUMA Smashic Women Casuals For Women Online at Best Price - Shop Online for Footwears in India | Flipkart.com,"₹2,025",http://rukmini1.flixcart.com/image/300/300/xif0q/shoe/d/4/g/-original-imahgvegvcqu86ah.jpeg,https://www.flipkart.com/puma-smashic-women-casuals/p/itm5aedfabbe0ded?pid=SHOGHKS9SGHATEZR&lid=LSTSHOGHKS9SGHATEZRHJ5YGR&marketplace=FLIPKART&store=osp%2Fiko&srno=b_19_757&otracker=browse&fm=organic&iid=en_mGV1yjXtWpAvBu-vSkfb7k6vQxCPvcS0YlxYkHZThtS-TdzN2I-tfvnJ2-tyBUakksGVfZAin9rXKaYEFWSVwOI7uWi7bi3WLqk6JF-UYDE%3D&ppt=browse&ppn=browse&ssid=3d4mzm90og0000001768226678442
yoho Glitch|TUNIT Sole|Stylish Detachable|Switch from Ankle to Mid-Calf Easily Boots For Women - Buy yoho Glitch|TUNIT Sole|Stylish Detachable|Switch from Ankle to Mid-Calf Easily Boots For Women Online at Best Price - Shop Online for Footwears in India | Flipkart.com,"₹2,632",http://rukmini1.flixcart.com/image/300/300/xif0q/shoe/r/m/z/5-ygbwc01f-5-5-yoho-classic-black-original-imahj4gcq7afs4ux.jpeg,https://www.flipkart.com/yoho-glitch-tunit-sole-stylish-detachable-switch-ankle-mid-calf-easily-boots-women/p/itm3d8d2560352a5?pid=SHOH576AURPC4KFZ&lid=LSTSHOH576AURPC4KFZRA1Q00&marketplace=FLIPKART&store=osp%2Fiko&srno=b_16_636&otracker=browse&fm=organic&iid=f851c3a1-fab8-4070-ad3d-84b4cbacc113.SHOH576AURPC4KFZ.SEARCH&ppt=browse&ppn=browse&ssid=g8rc5k3vsw0000001768226631080
PUMA Puma Lightstorm Wns Casuals For Women - Buy PUMA Puma Lightstorm Wns Casuals For Women Online at Best Price - Shop Online for Footwears in India | Flipkart.com,"₹2,070",http://rukmini1.flixcart.com/image/300/300/xif0q/shoe/j/b/w/-original-imahfz7zrtzk2bnt.jpeg,https://www.flipkart.com/puma-lightstorm-wns-casuals-women/p/itm5ec6051a61776?pid=SHOGQANYHXGZMYG3&lid=LSTSHOGQANYHXGZMYG3ETTNRI&marketplace=FLIPKART&store=osp%2Fiko&srno=b_12_475&otracker=browse&fm=organic&iid=en_SHCTXva8iVexBQNCngpF_NuHHZdPLvMAdqHvpa5ye8mSZkJ7blXJT6Fagy0ATR3jvOFxnJFkh9rBXtLwodiqlfcUmN_6PwCReg_VTM4VLxo%3D&ppt=browse&ppn=browse&ssid=ecse3v9ai80000001768226569451
Abros KAYA Running Shoes For Women - Buy Abros KAYA Running Shoes For Women Online at Best Price - Shop Online for Footwears in India | Flipkart.com,₹872,http://rukmini1.flixcart.com/image/300/300/xif0q/shoe/w/r/x/-original-imahfhputefajhyt.jpeg,https://www.flipkart.com/abros-kaya-running-shoes-women/p/itm92b24f9d57c57?pid=SHOHF9J9WZGN2ZUM&lid=LSTSHOHF9J9WZGN2ZUM2QXVPO&marketplace=FLIPKART&store=osp%2Fiko&srno=b_1_27&otracker=browse&fm=organic&iid=en_Z7IyGFzCQO8WtPj1yaORbO1Lm7-B6HNHu2MwJuRzvuAPYWVsZ_95DQtr2_hNkO1-t1QQZ6kNFCq3KsHoflOLv4E8waCTrWcncKeK_ydPfoM%3D&ppt=None&ppn=None&ssid=uekt84okeo0000001768226382861
WOLVESDEN Women Slippers - Buy WOLVESDEN Women Slippers Online at Best Price - Shop Online for Footwears in India | Flipkart.com,₹281,http://rukmini1.flixcart.com/image/300/300/xif0q/slipper-flip-flop/3/8/v/8-half-2025carpet-ff6-purple-8-wolvesden-purple-original-imahdspmu7gka9f4.jpeg,https://www.flipkart.com/wolvesden-women-slippers/p/itm736eb0117d4e8?pid=SFFHDSPMAFYGVCSB&lid=LSTSFFHDSPMAFYGVCSBMGLVIL&marketplace=FLIPKART&store=osp%2Fiko&srno=b_15_583&otracker=browse&fm=organic&iid=e6ebe926-2018-479d-b73a-c70125b560f3.SFFHDSPMAFYGVCSB.SEARCH&ppt=browse&ppn=browse&ssid=4i65va4gdc0000001768226615069
FLITE Women Slippers - Buy FLITE Women Slippers Online at Best Price - Shop Online for Footwears in India | Flipkart.com,₹279,http://rukmini1.flixcart.com/image/300/300/xif0q/slipper-flip-flop/k/s/t/-original-imahhqc96qdkgsae.jpeg,https://www.flipkart.com/flite-women-slippers/p/itm318d7cf3d3344?pid=SFFGYBGAZFYGES68&lid=LSTSFFGYBGAZFYGES68D5JTPA&marketplace=FLIPKART&store=osp%2Fiko&srno=b_18_713&otracker=browse&fm=organic&iid=5a1d23a5-08d7-4630-ac04-42a5e235080b.SFFGYBGAZFYGES68.SEARCH&ppt=browse&ppn=browse&ssid=kfeo5jgxww0000001768226663673
Dressberry Synthetic Casual Stylish Lightweight and Comfortable Daily Wear Slip-On Bellies For Women - Buy Dressberry Synthetic Casual Stylish Lightweight and Comfortable Daily Wear Slip-On Bellies For Women Online at Best Price - Shop Online for Footwears in India | Flipkart.com,₹634,http://rukmini1.flixcart.com/image/300/300/xif0q/shoe/j/1/s/3-db-fbl-3l-36-dressberry-beige-original-imahg4z7dc66ytdx.jpeg,https://www.flipkart.com/dressberry-synthetic-casual-stylish-lightweight-comfortable-daily-wear-slip-on-bellies-women/p/itmafda47b8c8d43?pid=SHOHHYE5GFTA8UWV&lid=LSTSHOHHYE5GFTA8UWVDWDW1W&marketplace=FLIPKART&store=osp%2Fiko&srno=b_19_759&otracker=browse&fm=organic&iid=4367eae6-781b-4f71-84d5-98c38bcd1ce8.SHOHHYE5GFTA8UWV.SEARCH&ppt=browse&ppn=browse&ssid=3d4mzm90og0000001768226678442
,,,https://www.flipkart.com/tafsha-women-slides/p/itm3830aaf7933a7?pid=SFFH3UCTKKGVHRNW&lid=LSTSFFH3UCTKKGVHRNWDHBWZP&marketplace=FLIPKART&store=osp%2Fiko&srno=b_5_175&otracker=browse&fm=organic&iid=en_veuji5O5oxhJ0IBY-vJKNHnFzc2n3kvDK_Yl7nBJXWFfZG0ZujoxsmMubZpPvVAKEo0uubj94mPljwc1DwOcBA%3D%3D&ppt=browse&ppn=browse&ssid=39jjfmw7uo0000001768226462876
Deals4you Sneakers For Women - Buy Deals4you Sneakers For Women Online at Best Price - Shop Online for Footwears in India | Flipkart.com,₹403,http://rukmini1.flixcart.com/image/300/300/xif0q/shoe/d/q/e/3-779-wt-3-deals4you-white-original-imahhaszzyumxyab.jpeg,https://www.flipkart.com/deals4you-sneakers-women/p/itmd1241f2f24eb8?pid=SHOG7PJ6CBYM4AVD&lid=LSTSHOG7PJ6CBYM4AVDGU3MZK&marketplace=FLIPKART&store=osp%2Fiko&srno=b_11_423&otracker=browse&fm=organic&iid=d9f69b20-3523-485c-a484-27a8b56a461d.SHOG7PJ6CBYM4AVD.SEARCH&ppt=browse&ppn=browse&ssid=xkwuilrkog0000001768226554244
"asian -11 Navy Sports,Gym,Walking,Training,Stylish Running Shoes For Women - Buy asian -11 Navy Sports,Gym,Walking,Training,Stylish Running Shoes For Women Online at Best Price - Shop Online for Footwears in India | Flipkart.com",₹811,http://rukmini1.flixcart.com/image/300/300/xif0q/shoe/f/u/c/-original-imagz5c5yesst4tz.jpeg,https://www.flipkart.com/asian-11-navy-sports-gym-walking-training-stylish-running-shoes-women/p/itm9c86b2882cdb8?pid=SHOGPDFBYCDGDUGG&lid=LSTSHOGPDFBYCDGDUGGWF0JIA&marketplace=FLIPKART&store=osp%2Fiko&srno=b_6_204&otracker=browse&fm=organic&iid=0a381c2d-9ed4-4919-9097-d81da66e9544.SHOGPDFBYCDGDUGG.SEARCH&ppt=browse&ppn=browse&ssid=jtks0xz00w0000001768226479320
Layasa Womens And Girls Multicolor Casual Sneakers For Women - Buy Layasa Womens And Girls Multicolor Casual Sneakers For Women Online at Best Price - Shop Online for Footwears in India | Flipkart.com,₹469,http://rukmini1.flixcart.com/image/300/300/xif0q/shoe/j/t/i/3-ldf2095-3-layasa-mlt-original-imagzrmnahbkratt.jpeg,https://www.flipkart.com/layasa-womens-girls-multicolor-casual-sneakers-women/p/itm2ca8a03be250a?pid=SHOGZRMYMYT7MHHB&lid=LSTSHOGZRMYMYT7MHHBSWFVPP&marketplace=FLIPKART&store=osp%2Fiko&srno=b_8_305&otracker=browse&fm=organic&iid=en_EEM0Z8bU_Rhw0iEruWD7IknRK1asvTkmmjvzvzdwOpQd2K_6ed8iNnwyNCrz-cGh7w0fyMVT0Bg9WDLlP9i7yw%3D%3D&ppt=browse&ppn=browse&ssid=2go0snlczk0000001768226510439
Doctor Health Super Soft Newly Launch | Classic Ultra Soft | Memory Foam | Comfortable|Stylish|Trendy Bellies For Women - Buy Doctor Health Super Soft Newly Launch | Classic Ultra Soft | Memory Foam | Comfortable|Stylish|Trendy Bellies For Women Online at Best Price - Shop Online for Footwears in India | Flipkart.com,₹498,http://rukmini1.flixcart.com/image/300/300/xif0q/shopsy-shoe/x/9/2/6-sh-dhss-215-elegant-pink-39-0-doctor-health-super-soft-pink-original-imahgybq88kzffgd.jpeg,https://www.flipkart.com/doctor-health-super-soft-newly-launch-classic-ultra-memory-foam-comfortable-stylish-trendy-bellies-women/p/itm3964abf0d7553?pid=SHOH7N79GR34XMSK&lid=LSTSHOH7N79GR34XMSK7SNE6K&marketplace=FLIPKART&store=osp%2Fiko&srno=b_10_378&otracker=browse&fm=organic&iid=en_QgQ6nGD2rAj3cKP0gzxkX9VwQbY8QFRbQVtWwIS-YzQgmxVfeNZxNCE6-B1jq2WcLCjUkaizW0Uf8So-SALQLA%3D%3D&ppt=browse&ppn=browse&ssid=my7hzbekzk0000001768226539546
Vokline Women Slippers - Buy Vokline Women Slippers Online at Best Price - Shop Online for Footwears in India | Flipkart.com,₹498,http://rukmini1.flixcart.com/image/300/300/xif0q/slipper-flip-flop/y/n/0/4-art-angel-honey-vokline-honey-original-imahjhnged3pvcqj.jpeg,https://www.flipkart.com/vokline-women-slippers/p/itmc8b3cf9e4a888?pid=SFFHF8BQTXZ3DHAN&lid=LSTSFFHF8BQTXZ3DHAN2HSCJO&marketplace=FLIPKART&store=osp%2Fiko&srno=b_13_518&otracker=browse&fm=organic&iid=en_oTiHhq5sCa4wyoPUe1Jja7z0X67n8q4OQWl7fgPeTTpB5Zo1aTBSUtHtTTREEFbOUL9vfc30e_GLTpS4drPX9Q%3D%3D&ppt=browse&ppn=browse&ssid=q7vp90axtc0000001768226586549
CAMPUS FABLE Running Shoes For Women - Buy CAMPUS FABLE Running Shoes For Women Online at Best Price - Shop Online for Footwears in India | Flipkart.com,"₹1,099",http://rukmini1.flixcart.com/image/300/300/xif0q/shoe/b/m/d/8-22l-981-8-campus-blk-l-pink-original-imahhc5x2furyvnr.jpeg,https://www.flipkart.com/campus-fable-running-shoes-women/p/itm9bab5beb5d010?pid=SHOH9CAB5K5DKVAF&lid=LSTSHOH9CAB5K5DKVAFENECSV&marketplace=FLIPKART&store=osp%2Fiko&srno=b_10_386&otracker=browse&fm=organic&iid=4ad595d9-2879-4175-951e-b6349d2847c2.SHOH9CAB5K5DKVAF.SEARCH&ppt=browse&ppn=browse&ssid=my7hzbekzk0000001768226539546
Dressberry Synthetic Casual Stylish Lightweight and Comfortable Daily Wear Slip-On Bellies For Women - Buy Dressberry Synthetic Casual Stylish Lightweight and Comfortable Daily Wear Slip-On Bellies For Women Online at Best Price - Shop Online for Footwears in India | Flipkart.com,₹634,http://rukmini1.flixcart.com/image/300/300/xif0q/shoe/9/n/g/8-db-fbc-99-41-dressberry-beige-original-imahg4z8yatknu6x.jpeg,https://www.flipkart.com/dressberry-synthetic-casual-stylish-lightweight-comfortable-daily-wear-slip-on-bellies-women/p/itmba53ed6dcfdf3?pid=SHOHHYE59RPQDKET&lid=LSTSHOHHYE59RPQDKETM5HRV4&marketplace=FLIPKART&store=osp%2Fiko&srno=b_13_500&otracker=browse&fm=organic&iid=ac0383e4-33b1-4776-ade8-aae7a7f6dc44.SHOHHYE59RPQDKET.SEARCH&ppt=browse&ppn=browse&ssid=q7vp90axtc0000001768226586549
Birde Women Clogs - Buy Birde Women Clogs Online at Best Price - Shop Online for Footwears in India | Flipkart.com,₹453,http://rukmini1.flixcart.com/image/300/300/xif0q/sandal/s/y/4/-original-imahgyc5mvvgqrfj.jpeg,https://www.flipkart.com/birde-women-clogs/p/itme980a02719ccf?pid=SNDH448PXTDUWVH5&lid=LSTSNDH448PXTDUWVH55INUAR&marketplace=FLIPKART&store=osp%2Fiko&srno=b_8_311&otracker=browse&fm=organic&iid=en_EEM0Z8bU_Rhw0iEruWD7IknRK1asvTkmmjvzvzdwOpQhqkZ1JsSv3UKYqRdqyMyD3MOa39FfwXaMRxAdJmOWFA%3D%3D&ppt=browse&ppn=browse&ssid=2go0snlczk0000001768226510439
PUMA Celi Womens Sneakers For Women - Buy PUMA Celi Womens Sneakers For Women Online at Best Price - Shop Online for Footwears in India | Flipkart.com,"window.__INITIAL_STATE__ = {""abExperiments"":{""revampedFAssured"":{""value"":true,""abId"":""STG|launchedGroup|033288de|h"",""expId"":""gh-5953-fassured-logo-revamp""},""value_comms"":{""value"":true,""abId"":""STG|launchedGroup|fa30ec3a|h"",""expId"":""value_comms_shopsy""},""sonicGcpMigration"":{""value"":true,""abId"":""STG|launchedGroup|b1cfdbd0|h"",""expId"":""sonic_gcp_migration_msite""},""collapseFreebies"":{""value"":true,""abId"":""STG|launchedGroup|f69b1c4d|h"",""expId"":""gh-2934-collapse-freebie-widget""},""enableExpressCheckoutShopsy"":{""value"":true,""abId"":""STG|launchedGroup|5a11c9ad|h"",""expId"":""enableexpresscheckoutshopsy""},""ecoConfirmModalEnabled"":{""value"":""false"",""abId"":""STG|launchedGroup|5a11c9ad|h"",""expId"":""enableexpresscheckoutshopsy""},""enableSwipeButton"":{""value"":""false"",""abId"":""STG|launchedGroup|5a11c9ad|h"",""expId"":""enableexpresscheckoutshopsy""},""compactV4BPRes"":{""value"":true,""abId"":""STG|launchedGroup|d3b1f8b7|h"",""expId"":""payloadreductionbp""},""isGroceryDLSEnabled"":{""value"":true,""abId"":""STG|launchedGroup|fb587ba2|h"",""expId"":""dls_compliant_ghp""},""value_tags_feed"":{""value"":true,""abId"":""STG|launchedGroup|ba8d3149|h"",""expId"":""value_tags_on_feed""},""groceryHomePageOptimisation"":{""value"":true,""abId"":""STG|launchedGroup|ac30948b|h"",""expId"":""grocery_hp_optimisations""},""asSearchBarTheme"":{""value"":true,""abId"":""STG|launchedGroup|ba8b2352|h"",""expId"":""search_bar_theming_bau""},""searchFilterAnimation"":{""value"":true,""abId"":""STG|launchedGroup|be85cf40|h"",""expId"":""gh-5410-animation-on-search-filter""},""enableOneViewDesktopHP"":{""value"":true,""abId"":""STG|launchedGroup|33842643|h"",""expId"":""oneviewhomepagedesktop""},""isFastFashionThemeEnabled"":{""value"":true,""abId"":""STG|launchedGroup|464e29b5|h"",""expId"":""fast_fashion_v2""},""new_transition"":{""value"":true,""abId"":""STG|launchedGroup|8860a34a|h"",""expId"":""mall_transition_new""},""configPollingIntervalDesktop"":{""value"":45000,""abId"":""STG|launchedGroup|24c4218d|h"",""expId"":""appconfig_desktop""},""pointToCdnDesktop"":{""value"":true,""abId"":""STG|launchedGroup|24c4218d|h"",""expId"":""appconfig_desktop""},""abPriceVariationPPEnabled"":{""value"":true,""abId"":""STG|launchedGroup|485d3bea|h"",""expId"":""gh-3794-vas-widget-upgrade-pp-cart""},""abPVPPFinalPricePosition"":{""value"":3,""abId"":""STG|launchedGroup|485d3bea|h"",""expId"":""gh-3794-vas-widget-upgrade-pp-cart""},""abPVPPDiscountFontWeight"":{""value"":""MEDIUM"",""abId"":""STG|launchedGroup|485d3bea|h"",""expId"":""gh-3794-vas-widget-upgrade-pp-cart""},""abPVPPStrikeOffMRPPosition"":{""value"":2,""abId"":""STG|launchedGroup|485d3bea|h"",""expId"":""gh-3794-vas-widget-upgrade-pp-cart""},""abPVPPStrikeOffMRPFontWeight"":{""value"":""MEDIUM"",""abId"":""STG|launchedGroup|485d3bea|h"",""expId"":""gh-3794-vas-widget-upgrade-pp-cart""},""abPVPPFinalPriceFontWeight"":{""value"":""MEDIUM"",""abId"":""STG|launchedGroup|485d3bea|h"",""expId"":""gh-3794-vas-widget-upgrade-pp-cart""},""showBestSellerSpotlight"":{""value"":true,""abId"":""STG|launchedGroup|485d3bea|h"",""expId"":""gh-3794-vas-widget-upgrade-pp-cart""},""abPriceVariationSPCartEnabled"":{""value"":true,""abId"":""STG|launchedGroup|485d3bea|h"",""expId"":""gh-3794-vas-widget-upgrade-pp-cart""},""abPVPPDiscountPosition"":{""value"":1,""abId"":""STG|launchedGroup|485d3bea|h"",""expId"":""gh-3794-vas-widget-upgrade-pp-cart""},""enablePriceVariationForVASWidget"":{""value"":true,""abId"":""STG|launchedGroup|485d3bea|h"",""expId"":""gh-3794-vas-widget-upgrade-pp-cart""},""enhancedDealsTagAB"":{""value"":true,""abId"":""STG|launchedGroup|bd950249|h"",""expId"":""enhanced_deals_tag_experiment""},""topChartsTitleCopyVariant"":{""value"":""TITLE_COPY1"",""abId"":""STG|launchedGroup|0e06c240|h"",""expId"":""gh-3787-pp-best-seller-reco""},""topChartsSpotlightDisabled"":{""value"":false,""abId"":""STG|launchedGroup|0e06c240|h"",""expId"":""gh-3787-pp-best-seller-reco""},""recoHighlightsEnabled"":{""value"":true,""abId"":""STG|launchedGroup|0e06c240|h"",""expId"":""gh-3787-pp-best-seller-reco""},""topChartsBannerIconVariant"":{""value"":""STATIC_ICON_STAR"",""abId"":""STG|launchedGroup|0e06c240|h"",""expId"":""gh-3787-pp-best-seller-reco""},""isTopFilterAnimationV2Enabled"":{""value"":""true"",""abId"":""STG|launchedGroup|895401ca|h"",""expId"":""top_filters_animation_v1""},""isAdPositionChanged"":{""value"":true,""abId"":""STG|launchedGroup|9e6ebec3|h"",""expId"":""gh-3550-across-funnel-renaming-ads-to-sponsored""},""renameAdToSponsored"":{""value"":true,""abId"":""STG|launchedGroup|9e6ebec3|h"",""expId"":""gh-3550-across-funnel-renaming-ads-to-sponsored""},""ENABLE_NEW_WIDGET_ON_MSITE"":{""value"":true,""abId"":""STG|launchedGroup|4aad7243|h"",""expId"":""v2_on_msite_version_3""},""dynamicRecoCardHeight"":{""value"":true,""abId"":""STG|launchedGroup|18952fa7|h"",""expId"":""pp_-_dynamic_reco_card_height""},""showViewButtonOnPLAAds"":{""value"":true,""abId"":""STG|launchedGroup|2b2648f2|h"",""expId"":""ghi-213-pp-view-cta-for-pla-add""},""enableHPMUDesignChanges"":{""value"":true,""abId"":""STG|launchedGroup|f46b74f7|h"",""expId"":""hmpu_refresh_""},""shouldDisableFallbackImageForPN"":{""value"":true,""abId"":""STG|launchedGroup|a69e0810|h"",""expId"":""pn_image_load_error""},""isMsiteHtmlStreamingEnabled"":{""value"":false,""abId"":""STG|inlineTargetingRules|793472f9|h"",""expId"":""msite_html_streaming""},""minBufferMs"":{""value"":3500,""abId"":""STG|launchedGroup|0f6fc508|h"",""expId"":""video_load_strategy_experiment_layered_v5""},""bufferForPlaybackAfterRebufferMs"":{""value"":1500,""abId"":""STG|launchedGroup|0f6fc508|h"",""expId"":""video_load_strategy_experiment_layered_v5""},""maxBufferMs"":{""value"":10000,""abId"":""STG|launchedGroup|0f6fc508|h"",""expId"":""video_load_strategy_experiment_layered_v5""},""bufferForPlaybackMs"":{""value"":1500,""abId"":""STG|launchedGroup|0f6fc508|h"",""expId"":""video_load_strategy_experiment_layered_v5""},""videoResolutionViewSizeScale"":{""value"":0.75,""abId"":""STG|launchedGroup|a75d324f|h"",""expId"":""view_based_resolution_experiment_layered_v5""},""isVideoResolutionByViewSizeEnabled"":{""value"":true,""abId"":""STG|launchedGroup|a75d324f|h"",""expId"":""view_based_resolution_experiment_layered_v5""},""enableiOSJustPaySDK"":{""value"":true,""abId"":""STG|launchedGroup|99627049|h"",""expId"":""justpay__ios""},""enableiOSJustPaySDKV2"":{""value"":true,""abId"":""STG|launchedGroup|66e48ed6|h"",""expId"":""juspay_ios_v2_minutes""},""enableiOSJustPaySDKFlipkartV2"":{""value"":true,""abId"":""STG|launchedGroup|2bb14007|h"",""expId"":""juspay_ios_v2_flipkart""},""enableOneViewGhpDesktop"":{""value"":true,""abId"":""STG|launchedGroup|bf57ae88|h"",""expId"":""ghp_revamp_desktop""},""enableOneViewMhpDesktop"":{""value"":true,""abId"":""STG|launchedGroup|cccc9e27|h"",""expId"":""bh_rule_testing_for_desktop_hp_-_min_nav""},""atlas_pp"":{""value"":false,""abId"":""STG|prestart|bc0e9f22|h"",""expId"":""productpage_revamp""},""enableOneViewPP"":{""value"":false,""abId"":""STG|prestart|69879a97|h"",""expId"":""neprevamp""},""isPPLCPImagePreloadEnabled"":{""value"":false,""abId"":""STG|inlineTargetingRules|1a2d558d|h"",""expId"":""msite_pp_preload""},""isGhpMhpSSREnabled"":{""value"":false,""abId"":""STG|inlineTargetingRules|d721a3ad|h"",""expId"":""msite_ghp_mhp_ssr""},""enableHaptics"":{""value"":true,""abId"":""STG|launchedGroup|3d446348|h"",""expId"":""haptics_feedback_flo""},""enableAddressBarKeyRemount"":{""value"":true,""abId"":""STG|launchedGroup|8dff313e|h"",""expId"":""minutes-_rain_fees_and_surge""},""rules.isFloPaginationLoaderEnabled"":{""value"":true,""abId"":""STG|launchedGroup|f0c1b23b|h"",""expId"":""flo_android_pagination""},""childitemrevamp"":{""value"":true,""abId"":""STG|launchedGroup|2303dd5e|h"",""expId"":""childitemrevamp""},""isHeroAnimationEnable"":{""value"":false,""abId"":""STG|prestart|dcec5780|h"",""expId"":""hero_animation_android_layered""},""rules.enableCustomThumbnailAB"":{""value"":false,""abId"":""STG|prestart|59ebd0b8|h"",""expId"":""ios_hero_animation""},""isHeroAnimationEnableios"":{""value"":false,""abId"":""STG|prestart|59ebd0b8|h"",""expId"":""ios_hero_animation""},""GeoLandmarkEnabled"":{""value"":false,""abId"":""STG|prestart|9c3e1cc1|h"",""expId"":""landmark_ab_geocode""},""GeoLandmarkCount"":{""value"":1,""abId"":""STG|prestart|9c3e1cc1|h"",""expId"":""landmark_ab_geocode""},""LandmarkThresholdMeters"":{""value"":1,""abId"":""STG|prestart|9c3e1cc1|h"",""expId"":""landmark_ab_geocode""},""msite_parallel_fetch"":{""value"":false,""abId"":""STG|inlineTargetingRules|5b7319e8|h"",""expId"":""msite_parallel_fetch""},""enableOneviewFlipkartRevamp"":{""value"":false,""abId"":""STG|prestart|84eb2f70|h"",""expId"":""pp_revamp_desktop_v2""},""msite_svg_optimisation"":{""value"":false,""abId"":""STG|prestart|6f384292|h"",""expId"":""msite_svg_optimsiation""},""isHybridTrackerEnabled"":{""value"":false,""abId"":""STG|prestart|23f12fe0|h"",""expId"":""hybrid_condition_tracker""},""enableOneviewGroceryRevamp"":{""value"":false,""abId"":""STG|prestart|4bfb0f1e|h"",""expId"":""oneview_revamp_grocery_desktop""}},""activateVip"":{""asyncStatus"":""INIT"",""widget"":[]},""autosuggest"":{""query"":null,""payloadId"":null,""searchHistory"":[],""asyncStatus"":""INIT"",""words"":{},""searchBrowseHistoryRequest"":{}},""basket"":{""asyncStatus"":""INIT"",""pageLevelError"":false},""buyingGuides"":{""asyncStatus"":""INIT""},""cartData"":{""asyncStatus"":""INIT"",""pageLevelError"":false},""saveForLaterData"":{""asyncStatus"":""INIT"",""data"":{""requestedStores"":[]}},""checkoutPage"":{""summary"":{""asyncStatus"":""INIT""},""checkoutAsyncStatus"":""INIT"",""addressCache"":{""newAddressForm"":{""id"":""newAddressForm"",""name"":"""",""addressLine1"":"""",""addressLine2"":"""",""landmark"":"""",""city"":"""",""state"":"""",""pincode"":"""",""phone"":"""",""alternatePhone"":"""",""locationTypeTag"":""""}},""visualState"":{""login"":""EXPANDED"",""address"":""COLLAPSED"",""orderSummary"":""COLLAPSED"",""payment"":""COLLAPSED""},""loginState"":{""asyncStatus"":""INIT""},""buyNow"":{""eids"":"""",""domain"":""physical"",""analytics"":{},""quantity"":0},""addressLocation"":{""asyncStatus"":""INIT""},""staticPage"":{""asyncStatus"":""INIT""}},""claimedReward"":{""asyncStatus"":""INIT"",""widget"":[]},""compareAddProductData"":{""asyncStatus"":""INIT"",""brandvsproduct"":{},""brand"":null},""compareBrandData"":{""asyncStatus"":""INIT""},""comparePageData"":{""asyncStatus"":""INIT"",""showDifference"":false},""compareWidgetData"":[],""config"":{""asyncStatus"":""SUCCESS"",""data"":{""cobrandedExperience"":{""yahoo"":{""logo"":""https://img1a.flixcart.com/www/promos/new/20161121-160909-yahoo-store.png"",""class"":""yahoo-store"",""store-link"":""https://in.yahoo.com/"",""store-name"":""Go Back to Yahoo.in"",""tracking-name"":""yahoocobr"",""pixel-tracking-url"":""https://sp.analytics.yahoo.com/spp.pl?a=10000&.yp=10021645"",""search-pixel-url"":""https://bat.bing.com/action/0?ti=4003414&Ver=2""},""airtel"":{""logo"":""http://img5a.flixcart.com/www/promos/new/20150618-144245-header-airtel-white.png"",""class"":""airtel-store"",""store-link"":""www.airtel.in"",""store-name"":""Go Back to Airtel.in"",""tracking-name"":""airtel-cobrand-store""},""axis"":{""logo"":""https://rukminim1.flixcart.com/www/245/50/promos/02/06/2017/4a815cb2-29f5-4c5b-a5af-a9278feb1a1b.png?q=90"",""class"":""axis-store"",""store-link"":""http://axis.store.flipkart.com/"",""store-name"":""Go back to Axis Bank"",""tracking-name"":""affiliate789"",""footer"":""Exclusive Store, for Axis Bank Customers!""},""offers"":{""logo"":""https://img1a.flixcart.com/www/promos/new/20150618-145909-header-smartbuy-white.png"",""class"":""hdfc-store "",""store-link"":""www.smartbuy.hdfcbank.com"",""store-name"":""Go Back to Smart buy"",""tracking-name"":""hdfc-cobrand-store"",""footer"":""Upto 3x Reward points or 1% cashback on your HDFC Bank cards""},""bhaskar"":{""logo"":""http://img6a.flixcart.com/www/promos/new/20150618-142842-header-logo-bhaskar.png"",""class"":""bhasker-store "",""store-link"":""www.dainikbhaskar.com"",""store-name"":""Go Back to Dainik Bhaskar"",""tracking-name"":""dainik-cobrand-store""},""itzcash"":{""logo"":""https://rukminim1.flixcart.com/www/245/50/promos/09/01/2017/c1c2c887-ba6f-4346-9bac-fd98e208bb03.png?q=90"",""class"":""itzcash-store"",""store-link"":""http://itzcash.com"",""store-name"":""Go Back to Itzcash-store"",""tracking-name"":""itzcash-cobrand-store"",""footer"":""Exclusive store, for Itz cash store customers!""},""indusind"":{""logo"":""https://img1a.flixcart.com/www/promos/new/20160620-133321-powered-header-indusindbank-new.png"",""class"":""indusind-store"",""store-link"":""http://indusind.store.flipkart.com/"",""store-name"":""Go back go indsland store"",""tracking-name"":""indusind-cobrand-store"",""footer"":""Exclusive store for Induslnd Bank customers!""},""yono"":{""logo"":""https://rukminim1.flixcart.com/www/245/50/promos/13/12/2019/2ad891cf-64df-4873-a27d-2a352a36c4e3.jpg?q=100"",""class"":""sbiyono-store "",""store-link"":""http://yono.store.flipkart.com/"",""store-name"":""Go Back to SBI Yono"",""tracking-name"":""sbiyono-cobrand-store"",""footer"":""Exclusive offer for SBI Yono customers - Get a Flipkart Gift Voucher worth 5% of your transaction""}},""degradationData"":{""endPointsConfig"":{""4/page/fetch"":{""statusCodes"":[""503"",""429"",""533""],""isBlocking"":false},""5/cart"":{""statusCodes"":[""503"",""429"",""533""],""isBlocking"":false},""5/checkout"":{""statusCodes"":[""503"",""429"",""533""],""isBlocking"":false}},""isDegradationDisabled"":false,""statusCodesConfig"":{""529"":{""timeRemaining"":10,""title"":""Access Denied"",""image"":""https://rukminim1.flixcart.com/www/{@width}/{@height}/promos/28/09/2023/935ce1e9-ca68-4b8c-9e12-f10298bb86d4.png?q={@quality}"",""subtitle"":""Our systems have detected an unusual activity. For security reasons, we cannot allow access at this time. If you want this resolved quickly, write to us at app-feedback@flipkart.com."",""autoRetry"":false}}},""fillersConfig"":{""LANDSCAPE"":[{""imageUrl"":""https://rukminim1.flixcart.com/www/{@width}/{@height}/promos/22/05/2023/6350965b-ae8b-4b2a-a298-2ce4c7371f0d.jpg?q={@quality}"",""redirectUrl"":""/search?q=camera""},{""imageUrl"":""https://rukminim1.flixcart.com/www/{@width}/{@height}/promos/22/05/2023/56b829f7-d4ea-40e9-9c35-900560809a09.jpg?q={@quality}"",""redirectUrl"":""/search?q=furniture""}],""PORTRAIT"":[{""imageUrl"":""https://rukminim1.flixcart.com/www/{@width}/{@height}/promos/16/05/2023/5bbabbf4-4c7e-42cd-93af-421822916848.jpg?q={@quality}"",""redirectUrl"":""/travel/flights""},{""imageUrl"":""https://rukminim1.flixcart.com/www/{@width}/{@height}/promos/22/05/2023/44d98c6b-16de-4759-a3c4-9d6412ad8bfa.jpg?q={@quality}"",""redirectUrl"":""/search?q=sports""}]},""fkc-multi-try-on-categories-list"":[],""fkCameraCampaignOnboardingConfig"":{""default"":{""onboardingVideo"":""https://static-assets-web.flixcart.com/camera/filters/filter-onb-muted.mp4"",""titleIrisKey"":""FK_CAMERA_ENHANCED_ONBOARDING_WITHOUT_PERMISSION_TITLE"",""subTitleIrisKey"":""FK_CAMERA_ENHANCED_ONBOARDING_WITHOUT_PERMISSION_SUBTITLE""},""mobileFilters"":{""onboardingVideo"":""https://assets.mixkit.co/videos/preview/mixkit-tree-with-yellow-flowers-1173-large.mp4"",""titleIrisKey"":""FK_CAMERA_ENHANCED_ONBOARDING_WITHOUT_PERMISSION_TITLE"",""subTitleIrisKey"":""FK_CAMERA_ENHANCED_ONBOARDING_WITHOUT_PERMISSION_SUBTITLE""},""bbd22Home"":{""onboardingVideo"":""https://static-assets-web.flixcart.com/camera/filters/filter-onb-muted.mp4"",""titleIrisKey"":""FK_CAMERA_ENHANCED_ONBOARDING_WITHOUT_PERMISSION_TITLE"",""subTitleIrisKey"":""FK_CAMERA_ENHANCED_ONBOARDING_WITHOUT_PERMISSION_SUBTITLE""},""internalComms"":{""onboardingVideo"":""https://static-assets-web.flixcart.com/camera/filters/filter-onb-muted.mp4"",""titleIrisKey"":""FK_CAMERA_ENHANCED_ONBOARDING_WITHOUT_PERMISSION_TITLE"",""subTitleIrisKey"":""FK_CAMERA_ENHANCED_ONBOARDING_WITHOUT_PERMISSION_SUBTITLE""},""mobileZones"":{""onboardingVideo"":""https://assets.mixkit.co/videos/preview/mixkit-tree-with-yellow-flowers-1173-large.mp4"",""titleIrisKey"":""FK_CAMERA_ENHANCED_ONBOARDING_WITHOUT_PERMISSION_TITLE"",""subTitleIrisKey"":""FK_CAMERA_ENHANCED_ONBOARDING_WITHOUT_PERMISSION_SUBTITLE""},""mobileFestiveZone"":{""onboardingVideo"":""https://static-assets-web.flixcart.com/camera/filters/filter-onb-muted.mp4"",""titleIrisKey"":""FK_CAMERA_ENHANCED_ONBOARDING_WITHOUT_PERMISSION_TITLE"",""subTitleIrisKey"":""FK_CAMERA_ENHANCED_ONBOARDING_WITHOUT_PERMISSION_SUBTITLE""},""shaFilters"":{""onboardingVideo"":""https://static-assets-web.flixcart.com/camera/filters/filter-onb-muted.mp4"",""titleIrisKey"":""FK_CAMERA_ENHANCED_ONBOARDING_WITHOUT_PERMISSION_TITLE"",""subTitleIrisKey"":""FK_CAMERA_ENHANCED_ONBOARDING_WITHOUT_PERMISSION_SUBTITLE""},""fashionFilters"":{""onboardingVideo"":""https://static-assets-web.flixcart.com/camera/filters/filter-onb-muted.mp4"",""titleIrisKey"":""FK_CAMERA_ENHANCED_ONBOARDING_WITHOUT_PERMISSION_TITLE"",""subTitleIrisKey"":""FK_CAMERA_ENHANCED_ONBOARDING_WITHOUT_PERMISSION_SUBTITLE""},""gameFilters"":{""onboardingVideo"":""https://static-assets-web.flixcart.com/camera/filters/filter-onb-muted.mp4"",""titleIrisKey"":""FK_CAMERA_ENHANCED_ONBOARDING_WITHOUT_PERMISSION_TITLE"",""subTitleIrisKey"":""FK_CAMERA_ENHANCED_ONBOARDING_WITHOUT_PERMISSION_SUBTITLE""},""flipkartAwards"":{""onboardingVideo"":""https://static-assets-web.flixcart.com/camera/filters/filter-onb-muted.mp4"",""titleIrisKey"":""FK_CAMERA_ENHANCED_ONBOARDING_WITHOUT_PERMISSION_TITLE"",""subTitleIrisKey"":""FK_CAMERA_ENHANCED_ONBOARDING_WITHOUT_PERMISSION_SUBTITLE""},""beautyFilters"":{""onboardingVideo"":""https://static-assets-web.flixcart.com/camera/filters/filter-onb-muted.mp4"",""titleIrisKey"":""FK_CAMERA_ENHANCED_ONBOARDING_WITHOUT_PERMISSION_TITLE"",""subTitleIrisKey"":""FK_CAMERA_ENHANCED_ONBOARDING_WITHOUT_PERMISSION_SUBTITLE""},""internalFilters"":{""onboardingVideo"":""https://static-assets-web.flixcart.com/camera/filters/filter-onb-muted.mp4"",""titleIrisKey"":""FK_CAMERA_ENHANCED_ONBOARDING_WITHOUT_PERMISSION_TITLE"",""subTitleIrisKey"":""FK_CAMERA_ENHANCED_ONBOARDING_WITHOUT_PERMISSION_SUBTITLE""},""electroFilters"":{""onboardingVideo"":""https://static-assets-web.flixcart.com/camera/filters/filter-onb-muted.mp4"",""titleIrisKey"":""FK_CAMERA_ENHANCED_ONBOARDING_WITHOUT_PERMISSION_TITLE"",""subTitleIrisKey"":""FK_CAMERA_ENHANCED_ONBOARDING_WITHOUT_PERMISSION_SUBTITLE""},""test"":{""onboardingVideo"":""https://static-assets-web.flixcart.com/camera/filters/filter-onb-muted.mp4"",""titleIrisKey"":""FK_CAMERA_ENHANCED_ONBOARDING_WITHOUT_PERMISSION_TITLE"",""subTitleIrisKey"":""FK_CAMERA_ENHANCED_ONBOARDING_WITHOUT_PERMISSION_SUBTITLE""},""tes2t"":{""onboardingVideo"":""https://static-assets-web.flixcart.com/camera/filters/filter-onb-muted.mp4"",""titleIrisKey"":""FK_CAMERA_ENHANCED_ONBOARDING_WITHOUT_PERMISSION_TITLE"",""subTitleIrisKey"":""FK_CAMERA_ENHANCED_ONBOARDING_WITHOUT_PERMISSION_SUBTITLE""}},""globalConfig"":{""deferReco"":true,""disableAddNewCardOnSavedCardsSection"":true,""disableRecentlyViewed"":false,""disableSearch"":false,""disableSeo"":true,""enableRenderableSnippets"":true,""enableSnippetsInSwatches"":true,""enableProductPageServerRendering"":true,""enableBrowsePageServerRendering"":true,""enableHomePageServerRendering"":true,""enableTncPageServerRendering"":true,""enableCLPServerRendering"":true,""enableStreaming"":true,""enableH2"":true,""enableAllReviewsPageServerRendering"":true,""enablePaymentDegrade"":false,""enableYahooPixel"":false,""enableCriteo"":false,""enableFingerPrint"":true,""skipCTARender"":false,""enableNewProductTitle"":true,""enableStickyBasketV2"":true,""enableOffersAsSnippets"":true,""checkBnplMigration"":true,""autoSuggestCacheTTLInMillis"":0,""supportHeliosRedirection"":true,""enableUPIPayment"":true,""enableCryspIntegration"":false,""enableWalletExperiment"":true,""disableBrpV1"":false,""isFdpConfigIntervalEnabled"":true,""fdpBatchTimeInterval"":20000,""enableABV2Changes"":true,""enableServerSideABV2"":true,""enableClientSideABV2"":true,""sessionExpiryTime"":30,""bbdNFRFlags"":{""compactRichNav"":true,""compactRichNavTracking"":true,""seoDedupe"":false},""enableEEEChanges"":true,""returnIssueId"":""4"",""returnSubIssueId"":""6"",""enableReturnTimeline"":true,""enableGoToApps"":true,""enableNewrelic"":true,""disableCODFee"":false,""enableCOOTPView"":true,""enableSignupPassword"":false,""enableLoginPassword"":false,""enableUpdateIdentityPassword"":false,""enableNewFDPPath"":false,""enableOneView"":true,""cleanupV4Res"":true,""disableOneViewABV2"":false,""disableABV2Homepage"":true,""disableShopsyV3Chat"":false,""blobioAttachmentsDownloadEnabled"":false,""cleanupV4BPRes"":true,""enable3DS2"":true,""isImageSaveDisabled"":true,""disableDeleteAccount"":false,""isReCaptchaEnabled"":true,""enableLRU"":true,""disableFdpOnServer"":true,""postOrderSonicMigration"":true,""enableDesktopODV4"":true,""enableDesktopHlOdV4"":true,""enableEhcChatWithUs"":true,""enableDesktopOCv4"":true,""shorteningOdEnabled"":true,""enableConsignmentNote"":true,""enableMOv4"":false,""openLinkInNewTab"":true},""NewRelicConfig"":{""crashReporting"":true,""analyticsEvents"":true,""interactionTracing"":true,""defaultInteraction"":true,""networkRequests"":true,""networkErrorRequests"":true,""handledException"":true,""distributedTracing"":false,""nativeReporting"":true},""supportHeliosRedirection"":true,""tooltip-zion-services"":{""deliverdBy"":""**Shipping Policy of Flipkart:**\n\n- In case your order is not delivered even after the delivery confirmation email/SMS is shared with you, please contact us within 7 days to report this issue. Issue reported after 7 days of delivery confirmation email/SMS being sent will be automatically rejected."",""tentativeRelease"":""__What is the tentative delivery time?__\n\n Sellers generally procure and ship the items within the time specified on the product page. Business days exclude public holidays and Sundays.\n\n Estimated delivery time depends on the following factors:\n * The Seller offering the product \n * Product's availability with the Seller \n * The destination to which you want the order shipped to and the Seller's location\n\n__Why does the delivery date not correspond to the delivery timeline of X-Y business days?__ \n\n It is possible that the Seller or our courier partners observe a holiday between the day you placed your order and the date of delivery, which is based on the timelines shown on the product page. In this case, we add a day to the estimated date. Some courier partners and Sellers do not work on Sundays and this is factored in to the delivery dates. \n\n __Why does the estimated delivery time vary for each seller?__ \n\n You have probably noticed varying estimated delivery times for Sellers of the product you are interested in. Delivery times are influenced by product availability, geographic location of the Seller, your shipping destination and the courier partner's time-to-deliver to your location. \n\n Please enter your default pin code on the product page (you don't have to enter it every single time) to know more accurate delivery times on the product page itself. \n\n __Seller does not/cannot ship to my area. Why?__ \n\n Enter your pincode on the product page (you don't have to enter it every single time) to know whether the product can be delivered to your location. \n\n If you haven't provided your pincode until the checkout stage, the pincode in your last used shipping address will be used to check for serviceability. \n\n Whether your location can be serviced or not depends on:\n\n * Whether the Seller actually ships to your location \n * Legal restrictions, if any, in shipping particular products to your location \n * The availability of reliable courier partners in your location \n\n At times Sellers prefer not to ship to certain locations. This is entirely at their discretion.\n\n More answers in our <a href='/pages/shipping' target='_blank'>Shipping FAQs »</a>"",""groceryDeliveryCharges"":""**What is the estimated delivery time?**\r\n\r\nSupermart delivers at a convenient time as selected by you at the checkout time. Slots for delivery are available from next day.\r\n\r\n**Seller does not/cannot ship to my area. Why?**\r\n\r\nCurrently, Supermart is available only in select cities. We hope to launch in your location soon!"",""emiTableFaq"":""\nThis table shows different banks and the respective EMI options based on the product price. This is for indicative purposes only, your EMI payments may differ with total order amount and additional bank charges, if any."",""emiFaq"":""\n\n- Select your preferred EMI option at the time of payment.\r\n- Final EMI is calculated on the total value of your order at the time of payment.\r\n- The Bank charges annual interest rates according to the reducing monthly balance. In the monthly reducing cycle, the principal is reduced with every EMI and the interest is calculated on the outstanding balance.\r\n- The minimum order value to avail the EMI payment option is Rs 2,500.\r\n- This option is available only when the cart contains items from a single seller.\r\n- The Bank charges annual interest rates according to the reducing monthly balance. In the monthly reducing cycle, the principal is reduced with every EMI and the interest is calculated on the outstanding balance.\r\n- While you will not be charged a processing fee for availing Flipkart&#39;s EMI option, the interest charged by the bank shall not be refunded by Flipkart.\r\n- You may check with the respective bank/issuer on how a cancellation, refund or pre-closure could affect the EMI terms, and what interest charges would be levied on you for the same.\r\n- For select banks, the interest amount on the first EMI will be calculated from the loan booking date till the payment due date.\r\n- Processing fee if any will be charged by your card issuing Bank. Please check the Terms & conditions of availing EMI with your Bank\r\n- GST may also be levied by the bank as applicable."",""fkAssuredTnC"":""Flipkart Assured is the seal of Quality and Reliability. Flipkart Assured products are verified, packed with care and safely dispatched by Flipkart. With extensive quality checks, stringent seller guidelines and reliable & free shipping, Flipkart Assured guarantees a superior and hassle-free shopping experience, every time. \n\n * 6 quality Checks - Flipkart Quality guidelines ensure that extensive quality checks are done from storage to final packaging so that you get exactly what you ordered. \n * Transit Safe Packaging - Flipkart packaging guidelines ensure that your product will be safe in its journey to your doorstep. \n * Reliable Delivery - We ship your product through our most trusted courier partners, ensuring that it not only reaches you safely by the promised date but is also trackable in real-time. \n * Stringent Seller Guidelines - Flipkart Assured badge is given only to select products from our most trusted and reliable sellers to ensure your shopping outcome is perfect,very single time. \n * Free Shipping - All orders above Rs.500 are eligible for FREE shipping. \n * Faster Shipping Options - Large selection of items available with faster shipping options. We ensure you get what you want, when you want.\n\n*Available as a value added service on selected pin codes"",""certifiedBuyer"":""The '__certified buyer__' badge indicates that this user has purchased this product on Flipkart."",""flipkart_'"":""__Flipkart Assured__\n\n Products marked with Flipkart Assured are sold by/sourced from a Seller but are quality checked, stocked, packed and shipped by Flipkart. Expedited delivery* options such as Same Day/In-a-Day Guarantee Delivery are an added bonus. <a href='/flipkart-assured' target='_blank'>Read More</a>\n\n \\* Shipments from locations where relevant permissions have been obtained."",""phonepe_info"":""<b>PhonePe UPI</b>\n\nInstant Payment: Just enter your MPIN to pay.\n\nReal Cashback: Transfer PhonePe balance instantly to your bank account for free.\n\nSecure as ATM: Only you know your secret UPI MPIN."",""myProfileFAQ"":""#### What happens when I update my email address (or mobile number)?\n\nYour login email id (or mobile number) changes, likewise. You'll receive all your account related communication on your updated email address (or mobile number).\n\n\n#### When will my Flipkart account be updated with the new email address (or mobile number)?\n\nIt happens as soon as you confirm the verification code sent to your email (or mobile) and save the changes.\n\n\n#### What happens to my existing Flipkart account when I update my email address (or mobile number)?\n\nUpdating your email address (or mobile number) doesn't invalidate your account. Your account remains fully functional. You'll continue seeing your Order history, saved information and personal details.\n\n\n#### Does my Seller account get affected when I update my email address?\n\nFlipkart has a 'single sign-on' policy. Any changes will reflect in your Seller account also."",""changePasswordFAQ"":""### Your new password must:\n\n- Be at least 4 characters in length\n\n- Not be same as your current password\n\n- Not contain common passwords."",""deactivateFAQ"":""### When you deactivate your account\n\n- You are logged out of your Flipkart Account\n\n- Your public profile on Flipkart is no longer visible\n\n- Your reviews/ratings are still visible, while your profile information is shown as ‘unavailable’ as a result of deactivation.\n\n- Your wishlist items are no longer accessible through the associated public hyperlink. Wishlist is shown as ‘unavailable’ as a result of deactivation\n\n- You will be unsubscribed from receiving promotional emails from Flipkart\n\n- Your account data is retained and is restored in case you choose to reactivate your account\n\n\n\n### How do I reactivate my Flipkart account?\n\n\n\nReactivation is easy.\n\n\n\nSimply login with your registered email id or mobile number and password combination used prior to deactivation. Your account data is fully restored. Default settings are applied and you will be subscribed to receive promotional emails from Flipkart.\n\n\nFlipkart retains your account data for you to conveniently start off from where you left, if you decide to reactivate your account.\n\n\n### Remember: Account Reactivation can be done on the Desktop version only."",""pickupAddress_unavailable"":""Please select the reason for return to proceed further"",""safetyNotificationMoreInfo"":""\n\n * We save your card number, expiry date and name on card only. We do not save CVV Nos.\n * Be assured, your card details are 100% safe with us. We use world class encryption for storing card details and our systems are PCI DSS security certified.\n * Should you wish to un-save the card, you can do so in the 'Saved Cards' section in the 'My Account' Menu."",""walletFAQ"":""__What is PhonePe? What payment options does PhonePe provide?__\n\n PhonePe is a new mobile payment solution. Our goal is to make digital payments so easy and safe that people never have to carry cash or cards again! You can use PhonePe as a wallet or directly make transfers through your linked bank account using UPI. It's safe, easy and instant, you have to use it to believe it!\n\n__What is UPI? What is the advantage of UPI transfers over wallets?__\n\n 'Unified Payment Interface' (UPI) is an instant payment system that allows you to transfer money directly from your bank account. The best part about UPI is that it allows you to make payments with a few clicks without the hassle of sharing bank a/c details or typing your card details, net banking password, OTP, etc. There are many advantages of UPI. The main advantage is that you don't have to block your money by loading it into a wallet. Simply link your bank account and then you can make seamless payments without having to worry about topping up a wallet, wallet spend limits or not earning interest on your money. Makes sense to use UPI for direct bank transfer rather than the plethora of wallets, doesn't it? \n\n__Can I transfer funds from PhonePe wallet? If yes, how much can be transferred?__\n\n Yes, you can transfer funds from PhonePe wallet to your bank account using the Bank Account Number and Branch IFSC Code. You can transfer a maximum of ₹5,000 in a single transaction and a maximum of ₹25,000 in a month.\n\n__Can I use an International phone number to activate PhonePe wallet?__\n\n No, currently PhonePe wallet is available only for domestic mobile numbers."",""giftcardFAQ"":""__How do I buy / gift a Flipkart Gift Card?__\n\n 1. Enter the name and email address of the person you want to send the Flipkart Gift Card to. \n\n 2. Select the value of the card you would like to purchase, then click 'Proceed To Pay'. \n\n 3. You'll now see the payment options. You can pay by Credit Card / Debit Card / ATM Card / Netbanking. Proceed to pay using your preferred choice. If you need to make any changes to the Gift Card value, you can always click 'Edit' to modify it. \n\n 4. Complete the checkout process to receive an email with the Gift Card details.\n\n__How do I pay with a Flipkart Gift Card?__\n\n 1. Go to flipkart.com and select the items you want to purchase. When you are ready to checkout, click 'Proceed To Pay'. \n\n 2. Select the 'Pay By Gift Card' option. \n\n 3. Enter your 16-digit gift card number and the corresponding 6-digit PIN number when prompted. \n\n 4. If the Gift Card value doesn't cover your Order total, you will be prompted to select an additional payment method. \n\n NOTE: Funds will be deducted from your Flipkart Gift Card when you place your order. In case of any adjustment or cancellation at a later stage, we will credit the refund back to your Gift Card. \n\n__Does my Flipkart Gift Card expire?__\n\n All Flipkart Gift Cards expire 1 year from the date of their creation."",""giftcardTnC"":""\n\n 1. Flipkart Gift Cards (“GCs” or “Gift Cards”) are issued by Qwikcilver Solutions Pvt. Ltd. ('Qwikcilver') which is a private limited company incorporated under the laws of India, and is authorized by the Reserve Bank of India ('RBI') to issue such Gift Cards. \n 2. The Gift Cards can be redeemed online against Sellers listed on www.flipkart.com or Flipkart Mobile App or Flipkart m-site ('Platform') only. \n 3. Gift Cards can be purchased on www.flipkart.com or Flipkart Mobile App using the following payment modes only - Credit Card, Debit Card and Net Banking. \n 4. Gift Cards can be redeemed by selecting the payment mode as Gift Card. \n 5. Gift Cards cannot be used to purchase other Flipkart Gift Cards or Flipkart First subscriptions. \n 6. Gift Cards cannot be used to make bulk purchases on the Platform. \n 7. If the order value exceeds the Gift Card amount, the balance must be paid by Credit Card/Debit Card/Internet Banking. The Cash on Delivery payment option cannot be used to pay the balance amount."",""savedCardFAQ"":""__Why is my card being tokenised?__\n\nAs per the new RBI guidelines to make card data more secure, merchants like Flipkart cannot store the card details of users. As an alternative, RBI has authorised card networks and card issuers to offer card tokenisation services, which means the replacement of actual credit and debit card details with an alternate code called “token”. The user can either choose to tokenise their card by giving consent for future transactions or choose to continue without tokenisation.\n\n__What is a token?__\n\nA token is generated when a user gives consent to Flipkart to tokenise their card. A token is a unique value for a combination of card, token requestor (Flipkart is a token requestor & accepts request from the customer for tokenisation of a card and passes it onto the card network to issue a corresponding token) and device. The token does not contain any personal information linked to your card and is generated only when a customer uses a new card for a successful transaction on Flipkart.\n\n__Is it safe to tokenise my card?__\n\nYes. A tokenised card transaction is considered safer as the actual card details are not shared with the Flipkart during transaction processing . Card information is stored with the authorised card networks or card issuers only and Flipkart does not store your 16-digit card number.\n\n__Is tokenisation of card mandatory?__\n\nNo, customer can choose whether or not to tokenise their card.\n\n__What happens if I don’t give consent to secure my card?__\n\nIf you don’t give consent to tokenise your card, you need to enter your card details for every transaction as stipulated under the RBI guidelines."",""savedVpaFAQ"":""__Why is my UPI being saved on Flipkart?__\n\nIt's quicker. You can save the hassle of typing in the complete UPI information every time you shop at Flipkart by saving your UPI details. You can make your payment by selecting the saved UPI ID of your choice at checkout. While this is obviously faster, it is also very secure.\n\n__Is it safe to save my UPI on Flipkart?__\n\nAbsolutely. Your UPI ID information is 100 percent safe with us. UPI ID details are non PCI compliant and are non confidential data.\n\n__What all UPI information does Flipkart store?__\n\nFlipkart only stores UPI ID and payment provider details. We do not store UPI PIN/MPIN.\n\n__Can I delete my saved UPI?__\n\nYes, you can delete your UPI ID at any given time."",""bnplTnC"":""\n\n 1. Available on select sellers and Flipkart Assured Products only. \n\n 2. You can settle your dues by Credit Card, Debit Card or Netbanking. \n\n 3. Failure to pay by due date may invite a late fee."",""bnplTnCv2"":""\n\n 1. Available on products from select sellers only. \n\n 2. You can settle your dues by Credit Card, Debit Card or Netbanking. \n\n 3. Failure to pay by due date may invite a late fee."",""product_page"":{""policy"":{""cancellation_fee"":{""tooltip"":""\n\n<b>Cancellation Policy</b>\n\nWe are liable to compensate our sellers and logistics partner for the cost, time and effort they incur while processing an order.\n\nHence, we now charge a cancellation fee on certain products.\n\nKnow more about the Cancellation Policy <a href='/pages/cancellation-tnc' target='_blank'>here</a>""}},""services"":{""cash_on_delivery"":{""tooltip"":""__How do I place a Cash on Delivery (C-o-D) order?__ \n\n All items that have the 'Cash on Delivery Available' icon are valid for order by Cash on Delivery. Add the item(s) to your cart and proceed to checkout. When prompted to choose a payment option, select 'Pay By Cash on Delivery'. Enter the CAPTCHA text as shown, for validation. Once verified and confirmed, your order will be processed for shipment in the time specified, from the date of confirmation. You will be required to make a cash-only payment to our courier partner at the time of delivery of your order to complete the payment.\n\n __Terms & Conditions__ \n\n * e-Gift Vouchers or Store Credit cannot be used for C-o-D orders. \n * Cash-only payment at the time of delivery. \n\n More answers in our <a href='/pages/shipping' target='_blank'>Shipping FAQs »</a>""},""cash_on_delivery_part_payment"":{""tooltip"":""__How do I place a Cash on Delivery (C-o-D) order with advance payment?__ \n\n Add the item(s) to your cart and proceed to checkout. When prompted to choose a payment option, select 'Pay By Cash on Delivery'. You will be prompted to complete an advance payment to place the Cash on Delivery order. The advance payment can be made using any online payment method like Credit Card, Debit Card, Net Banking or UPI. Once the advance payment is done, your order will be processed for shipment in the time specified, from the date of confirmation. You will be required to make a cash-only payment for the remaining amount to our courier partner at the time of delivery of your order to complete the payment.\n\n __Terms & Conditions__ \n\n * Gift Vouchers or Store Credit cannot be used for C-o-D orders. \n * Cash-only payment at the time of delivery.\n\n More answers in our <a href='/pages/shipping' target='_blank'>Shipping FAQs »</a>""},""slotted_delivery"":{""tooltip"":""__How do I get an item delivered at a time convenient for me?__ \n\n While placing an order, you may select the time convenient for you from the available slots.\n\n The item will be delivered at the time you specify. We'll give you a confirmation call before the item is out for delivery.\n\n __Can I change the preferred delivery time after I have selected it at the time of placing the order?__ \n\n Yes. You may change the scheduled time of delivery. Give us a call and tell us what would be convenient for you. We'll reschedule the delivery as per your convenience.\n\n __Do I need to be available in person while taking the delivery?__ \n\n You need not be available in person at the scheduled time of delivery. You may delegate someone to accept the delivery, complete Cash on Delivery payment and sign the delivery sheet. \n\n __Are there any extra charges for scheduling the delivery at a convenient time?__ \n\n No. There are no extra charges. Just check for available slots and pick a time.""},""gst_invoicing_policy"":{""tooltip"":""Users with registered businesses may purchase products for their business requirements offered for sale by sellers on the Platform. Provided, however, purchases on the Platform must only be for end consumption. Users must not use products purchased on the Platform for any commercial, promotional, resale or further distribution purposes.\r\n\r\n *  For purchase of all such products, a Tax Invoice including the GSTIN provided by User (“**GST invoice**”) shall be provided to the User, which will have, *inter alia*, the following details printed on it:\r\n\r\n  \\- GSTIN associated with the registered business of the User as provided by the User  \r\n  \\- Entity name of the registered business of the User as provided by the User  \r\n\r\n\r\n *  Please note that not all products are eligible for GST Invoice. Only select products sold by participating sellers and having a 'GST Invoice Available’ callout on the Product Detail Page of the Platform will be eligible for GST Invoice.\r\n *  GST Invoice will not be eligible on the following products/services:\r\n\r\n  \\- if Value Added Services of Complete Mobile Protection or Assured Buyback are attached to the products\r\n\r\n  \\- if the products are bought along with an exchange offer\r\n\r\n *  Please note that the GST invoice shall contain the details of User’s GSTIN and business entity name as provided by the User. Users should ensure that the details entered by them are accurate. Flipkart and Seller shall not entertain any request for any revision in the GST Invoice. Flipkart and Seller shall not be liable for any default on User’s part including for reasons associated with details provided by the User.\r\n *  Please note that Flipkart is not liable in any manner whatsoever in relation to the GST Invoice or any input tax credit associated therewith.\r\n *  For seamless availment of input tax credit, kindly select the address which is mentioned as the registered place of business as per the records of GST authority. Please note that availment of input tax credit is subject to provisions of GST Act and rules.\r\n *  The delivery and billing addresses will be required to be the same, please note that input tax credit will be denied by GST authority if the delivery address and GSTIN in the GST invoice are of different states.\r\n *  Please note that in case an incorrect GST details are provided during order placement, the order will be automatically cancelled.\r\n *  Please refer to our [Terms of Use][] and Privacy Policy for more details.\r\n\r\n**FAQs**\r\n\r\n1.  **What is GST Invoice option available on the product page?**\r\n\r\n  It is an option available on select products, through which you can enter your GST details during order placement and avail GST invoice which can be used to avail tax input credit.\r\n\r\n1.  **Where can I find the invoice with my GST details printed on it?**\r\n\r\n  The GST Invoice for your order will be shared in the form of a digital copy at your registered email address. You can also download the invoice for an already delivered order by visiting the 'My Orders' section and choosing the order for which you would like to download the invoice.\r\n\r\n1.  **Will I be able to edit my GST details after placing an order?**\r\n\r\n  The option to edit GST details after placing an order is currently not available. You can choose to cancel the ongoing order and place a fresh order with the correct GST details.\r\n\r\n1.  **Is the option of GST Invoice available with all products/sellers?**\r\n\r\n  The option of GST Invoice is currently available only on select products offered by participating sellers. You can visit the product page and scroll to the seller details section and if applicable, GST Invoice option will be clearly displayed. If the seller details do not call this out, it indicates that the seller does not currently provide this service.\r\n\r\n1.  **What are the details I should carefully enter while filling out my GST details?** \r\n\r\n  While entering the GST details ensure that the GST number mentioned is valid and active, belongs to the same state as that of the delivery address and also ensure that you mention the exact name of your registered business.\r\n\r\n1.  **What happens if I fill incorrect details?**\r\n\r\n  Please note that in case incorrect GST details are provided during order placement, the order will be automatically cancelled.\r\n\r\n1.  **My order is eligible for the GST Invoice but why am I not shown this option during order placement?**\r\n\r\n  An order is not eligible for GST Invoice option if value added services/plans/exchange offers are part of the order. You can choose to remove such plans from your order to ensure that your order is eligible for GST Invoice option.\r\n\r\n1.  **Can I get GST Invoice for installation/service/demo that will be charged by the brand after the delivery?**\r\n\r\n  If the delivery/installation/demo amount is charged by the brand, it is not included in the order invoice issued by the seller. Hence, it is not eligible for GST Invoice.\r\n\r\n1.  **What should I do if I missed sharing my GST details / provided incorrect details on the invoice?**\r\n\r\n  The GST related details as provided by the customers are automatically captured and printed on the invoice. Hence, this cannot be changed once the order has been placed. In case you entered the wrong GST details while placing the order, you can choose to cancel it and place a fresh order with the correct details.\r\n\r\n1.  **Can I get my invoice modified?**\r\n\r\n  The seller does not have the option to modify sections of the order invoice once it's generated.\r\n\r\n1.  **If I had entered my GST details while placing an earlier order, do I have to mention it again for the next orders I place?**\r\n\r\n  Please note that the GST details have to be entered each time you place an order for an eligible product in order to receive GST Invoice.\r\n\r\n\r\n[Terms of Use]: https://www.flipkart.com/pages/terms""},""return_policy"":{""no_returns"":{""tooltip"":""This product is not eligible for returns. <a href='/pages/no-return-products' target='_blank'>Know more.</a>""},""2_day_easy_return"":{""tooltip_TABLE"":""[{\""Validity\"": \""2 days from delivery/installation\"",\""Covers\"": \""All Return Reasons\"",\""Type Accepted\"": \""Refund / Replacement\""}]"",""tooltip"":""\n\n If there are any issues with your product, you can raise a refund or replacement request within 2 days of receiving the product.\n\nSuccessful pick-up of the product is subject to the following conditions being met:\n\n *  Correct and complete product (with the original brand, article number, undetached MRP tag, product's original packaging, freebies and accessories)\n\n *  The product should be in unused, undamaged and original condition without any stains, scratches, tears or holes and with non-tampered quality check seals/return tags/ warranty seals (wherever applicable)\n\nKnow more about the Return Policy <a href='/pages/returnpolicy' target='_blank'>here</a>""},""7_day_return_service_centre_action"":{""tooltip"":""*Returns are offered only if the product was received in damaged condition. For all other device-related issues, please contact the brand authorized service centre directly:\n\nAuthorized Service Partner Locator :</br>Apple & Beats - <a href='https://locate.apple.com/in/en' target='_blank'>https://locate.apple.com/in/en</a></br>Google - <a href='https://support.google.com/pixelphone/answer/7173456?hl=en-GB' target='_blank'>https://support.google.com/pixelphone/answer/7173456?hl=en-GB</a></br>Realme - <a href='https://www.realme.com/in/support/services' target='_blank'>https://www.realme.com/in/support/services</a></br>Samsung - <a href='https://www.samsung.com/in/support/service-center/' target='_blank'>https://www.samsung.com/in/support/service-center/</a></br>JBL - <a href='https://in.jbl.com/servicecenter.html' target='_blank'>https://in.jbl.com/servicecenter.html</a><br/>\n\n Support Site :</br>Apple & Beats - <a href='https://support.apple.com/en-in' target='_blank'>https://support.apple.com/en-in</a></br>Google - <a href='https://madeby.google.com/intl/en_in/phone/support/' target='_blank'>https://madeby.google.com/intl/en_in/phone/support/</a></br>Realme - <a href='https://www.realme.com/in/support' target='_blank'>https://www.realme.com/in/support</a></br>Samsung - <a href='https://www.samsung.com/in/support/' target='_blank'>https://www.samsung.com/in/support/</a><br/>JBL - <a href='https://support.jbl.com/in/en/' target='_blank'>https://support.jbl.com/in/en/</a>\n\nKnow more about the Return Policy <a href='/pages/returnpolicy' target='_blank'>here</a>""},""3_day_return_policy_shopsy"":{""tooltip_TABLE"":""[{\""Validity\"": \""3 days from delivery\"",\""Covers\"": \""Damaged and Item not as described\"",\""Type Accepted\"": \""Refund / Replacement\""}]"",""tooltip"":""\r\n\r\nIf you have received a damaged product or if it is not as described, you can raise a return request on the Website/App/Mobile site within 3 days of receiving the product. The return will be considered on the basis of successful image check verification by the customer service agent.\r\n\r\nSuccessful pick-up of the product is subject to the following conditions being met:\r\n\r\n- Correct and complete product (with the original brand/product Id/undetached MRP tag/product's original packaging/freebies and accessories).\r\n- The product should be in unused, undamaged and original condition without any scratches or dents.\n\nKnow more about the Return Policy <a href='/pages/reseller-return-policy-may21' target='_blank'>here</a>""},""3_day_replacement_policy_shopsy"":{""tooltip_TABLE"":""[{\""Validity\"": \""3 days from delivery\"",\""Covers\"": \""Damaged and Item not as described\"",\""Type Accepted\"": \""Replacement\""}]"",""tooltip"":""If you have received a damaged product or if it is not as described, you can raise a return request on the Website/App/Mobile site within 3 days of receiving the product. The replacement will be considered on the basis of successful image check verification by the customer service agent\r\n\r\nSuccessful pick-up of the product is subject to the following conditions being met:\r\n\r\n- Correct and complete product (with the original brand/product Id/undetached MRP tag/product's original packaging/freebies and accessories).\r\n- The product should be in unused, undamaged and original condition without any scratches or dents.\n\nKnow more about the Return Policy <a href='/pages/reseller-return-policy-may21' target='_blank'>here</a>""},""7_day_replacement_service_centre_action"":{""tooltip"":""Defective:\r\n\r\nBrand assistance for device related issues is subject to brand warranty guidelines and service policies. Please reach out to the nearest** brand authorized service centre** for more details.\r\n\r\nPlease note that Flipkart is an online marketplace and the final decision on **replacement/repair** of defective device rests with the seller/brand\r\n\r\n**Authorized Service partner Locator for Brands:[ Click here](https://www.flipkart.com/pages/service-partner-tnc)**\r\n\r\n**Damaged, Wrong/Missing items:**\r\n\r\nReturns for **missing items, damaged product, or wrong produc**t will not be accepted if it is an Open Box Delivery order.\r\n\r\nIf the order is not an Open Box Delivery order, please reach out to Flipkart customer support only in case of missing items, damaged/wrong product within 7 days of delivery\r\n\r\nFor products requiring installation, returns shall be eligible only when such products are installed by the Flipkart / brand authorized personnel.\r\n\r\nKnow more about the Return Policy [here](https://www.flipkart.com/pages/returnpolicy)\r\n""},""7_day_replacement_lifestyle"":{""tooltip_TABLE"":""[{\""Validity\"": \""7 days from delivery\"",\""Covers\"": \""Damaged, Defective, Item not as described\"",\""Type Accepted\"": \""Replacement\""}]"",""tooltip"":""\n\n*If you have received a damaged or defective product or if it is not as described, you can raise a replacement request on the Website/App/Mobile site within 7 days of receiving the product.\n\nSuccessful pick-up of the product is subject to the following conditions being met:\n\n *  Correct and complete product (with the original brand/product Id/undetached MRP tag/product's original packaging/freebies and accessories).\n *  The product should be in unused, undamaged and original condition without any scratches or dents.\n\nKnow more about the Return Policy <a href='/pages/returnpolicy' target='_blank'>here</a>""},""7_day_replacement_bgm"":{""tooltip_TABLE"":""[{\""Validity\"": \""7 days from delivery\"",\""Covers\"": \""Damaged and wrong item received\"",\""Type Accepted\"": \""Replacement\""}]"",""tooltip"":""*If you have received a damaged product or wrong item received, you can raise a replacement request on the Website/App/Mobile site within 7 days of receiving the product. The replacement will be considered on the basis of successful image check verification by the customer service agent..\n\n Successful pick-up of the product is subject to the following conditions being met: \n\n * Correct and complete product (with the original brand, article number, undetached MRP tag, product&#39;s original packaging, freebies and accessories) \n * The product should be in unused, undamaged and original condition without any stains, scratches, tears or holes and with non-tampered quality check seals/return tags/ warranty seals (wherever applicable)\n\nKnow more about the Return Policy <a href='/pages/returnpolicy' target='_blank'>here</a>""},""7_day_return_policy_bgm"":{""tooltip_TABLE"":""[{\""Validity\"": \""7 days from delivery\"",\""Covers\"": \""Damaged and Item not as described\"",\""Type Accepted\"": \""Refund/Replacement\""}]"",""tooltip"":""*If you have received a damaged product or if it is not as described, you can raise a return request on the Website/App/Mobile site within 7 days of receiving the product. The return will be considered on the basis of successful image check verification by the customer service agent.\n\n Successful pick-up of the product is subject to the following conditions being met:\n\n * Correct and complete product (with the original brand/product Id/undetached MRP tag/product's original packaging/freebies and accessories) \n * The product should be in unused, undamaged and original condition without any scratches or dents.""},""7_day_replacement_laptop"":{""tooltip"":""**Defective: The brand will do the verification through on-call support followed by inspection at your doorstep (if required)**\n\n**Physical Damage, Wrong, Missing Items: Flipkart may contact you to ascertain the damaged/missing product prior to issuing the return.**\n\n**Know more:**\n\n1.  Product is eligible for return within 7 days of delivery if it's damaged/defective/different product delivered to you.\n2.  Damaged / different product / missing item, Returns will not be accepted if it is an open box delivery order. Please verify the product before sharing OTP for an OBD order. For Non OBD orders, the customer has to reach out to Flipkart to provide visual proof for further inspection.\n3.  Defective product - The brand will provide on-call support; if the issue is not resolved, a technician will visit your doorstep. The technician will repair the product, provide a replacement, or issue a DOA letter as per the brand's policy. Based on the technician's confirmation, the FK/brand team will take further action. The turnaround time for resolution will be based on brand policies.\n4.  Software issues including OS, driver related issues and hardware issues including display, keyboard, trackpad, battery, speaker related issues that can be resolved by the technician will not be eligible for replacement. The technician will provide appropriate resolution for all these cases.\n5.  The product should be in its original condition, with the brand outer box, MRP tags attached, user manual, warranty cards, DOA seal, CDs, and original accessories in manufacturer packaging during replacement.\n\n**Brand Policy:**\n\n1.  Lenovo:  Brand will handle the end-to-end refund process for all defective products based on the invoice value. If the customer does not agree to a refund, the Flipkart team will process a replacement. For customers who purchased the product under an exchange offer, the Flipkart team will process either a refund or a replacement.\n2.  HP: Brand will process the replacement for all defective laptops. If the customer does not agree to a replacement or the brand does not have the same model, the Flipkart team will process the replacement or refund based on the brand's confirmation.\n3.  Asus: For all defective laptops, the brand will share the DOA confirmation. Based on this, the Flipkart team will process the replacement or refund.\n4.  Acer, Infinix : For all defective laptops, the brand will share the DOA confirmation. Based on this, the Flipkart team will process the replacement or refund.\n\nKnow more about the Return Policy [here][]\n\n\n[here]: https://www.flipkart.com/pages/returnpolicy""},""7_day_replacement"":{""tooltip"":""*For products requiring installation, Returns valid only when installed by Flipkart authorized personnel. \n\n If you have received a damaged or defective product or if it is not as described, you can raise a replacement request on the Website/App/Mobile site within 7 days of receiving the product.\n\n We will help you troubleshoot any issues you may have, either through online tools, over the phone, and/or through an in-person technical visit. Only one (1) replacement will be provided in the unlikely event that the product is defective. If no defect is confirmed or the issue is not diagnosed within 7 days of delivery, you will be directed to a brand service centre to resolve any subsequent issues.\n\n In the rare event that you receive a damaged mobile, please create a return within 48 hours of switching on the device. Returning post 48 hours may result in your return being rejected. \n\n Successful pick-up of the product is subject to the following conditions being met:\n\n * Correct and complete product (with the original brand/product Id/undetached MRP tag/product's original packaging/freebies and accessories).\n * The product should be in unused, undamaged and original condition without any scratches or dents.\n * Before returning a Mobile/Laptop/Tablet, the device should be formatted and screen lock should be disabled. iCloud account should be unlocked for Apple devices.\n\nKnow more about the Return Policy <a href='/pages/returnpolicy' target='_blank'>here</a>"",""tooltip_TABLE"":""[{\""Validity\"": \""7 days from delivery\"",\""Covers\"": \""Damaged, Defective, Item not as described\"",\""Type Accepted\"": \""Replacement\""}]""},""7_day_return"":{""tooltip_TABLE"":""[{\""Validity\"": \""7 days from delivery\"",\""Covers\"": \""All Return Reasons\"",\""Type Accepted\"": \""Refund / Replacement / Exchange\""}]"",""tooltip"":""If there is any issues with your product, you can raise a refund, replacement & exchange request within 7 days of receiving the product.\n\nSuccessful pick-up of the product is subject to the following conditions being met:\n\n *  Correct and complete product (with the original brand/product Id/undetached MRP tag/product's original packaging/freebies and accessories).\n\n *  The product should be in unused, undamaged and original condition without any stains, scratches, tears or holes\n\nKnow more about the Return Policy <a href='/pages/returnpolicy' target='_blank'>here</a>""},""7_days_returns_grocery"":{""tooltip_TABLE"":""[{\""Validity\"": \""Easy doorstep return\"",\""Covers\"": \""Damaged & Item not as described\"",\""Type Accepted\"": \""Refund\""}]"",""tooltip"":""If you have received a **damaged product or if it is not as described**, you can return the item immediately during delivery by handing it over to the delivery executive and the refund will be processed accordingly. You can also raise a **one-time return request** for all the items **at once** under one order id that you would like to return, within 7 days of delivery of the order, for any issues, **except for the issues specifically stated below**. Further return requests will not be entertained.\n\n**Returns after delivery for:**\n\n *   **missing items,** \n *  **damaged products, or** \n *  **wrong product** \n\n**will not be accepted if it is an Open Box Delivery order.**\n\nPlease note that “**damaged products**” are defined as products which in itself or its packaging is compromised or altered on a plain human sight, without having to open the packaging of the product, and is thus not in the state it is sold in the market.\n\nWe will pick up the items before initiating a refund. Successful pick-up of the product is subject to the following conditions being met:\n\n *  Correct and complete product free of any damages (including Freebies).\n *  For items being returned on account of being different from what was ordered, please ensure the items are not opened.\n\nKnow more about the Return Policy <a href='/pages/returnpolicy' target='_blank'>here</a>""},""2_day_return"":{""tooltip"":""If you have received a **damaged product or if it is not as described**, you can return the item immediately during delivery by handing it over to the delivery executive and the refund will be processed accordingly. You can also raise a **one-time return request** for all the items **at once** under one order id that you would like to return, within 7 days of delivery of the order, for any issues, **except for the issues specifically stated below**. Further return requests will not be entertained.\n\n**Returns after delivery for:**\n\n *   **missing items,** \n *  **damaged products, or** \n *  **wrong product** \n\n**will not be accepted if it is an Open Box Delivery order.**\n\nPlease note that “**damaged products**” are defined as products which in itself or its packaging is compromised or altered on a plain human sight, without having to open the packaging of the product, and is thus not in the state it is sold in the market.\n\nWe will pick up the items before initiating a refund. Successful pick-up of the product is subject to the following conditions being met:\n\n *  Correct and complete product free of any damages (including Freebies).\n *  For items being returned on account of being different from what was ordered, please ensure the items are not opened.\n\nKnow more about the Return Policy <a href='/pages/returnpolicy' target='_blank'>here</a>"",""tooltip_TABLE"":""[{\""Validity\"": \""2 days from delivery\"",\""Covers\"": \""Damaged & Item not as described\"",\""Type Accepted\"": \""Refund\""}]""},""2_day_saving_pass"":{""tooltip"":""\n\n*2 days return is offered on this product. <a href='/pages/returnpolicy' target='_blank'>Know more</a>""},""2_day_digital"":{""tooltip"":""\n\nIf you have received a damaged product or if it is not as described, You can raise a request for return within 2 days of delivery.\n\nWe will pick up the items before initiating a refund. Successful pick-up of the product is subject to the following conditions being met:\n\n *  Return request should be made within 2 days of delivery\n *  Product with expiry date post delivery date is not eligible for return.\n *  Correct and complete product, free of any damages (including Freebies).\n *  For items being returned on account of being different from what was ordered, please ensure the items are not opened.\n\nKnow more about the Return Policy <a href='/pages/returnpolicy' target='_blank'>here</a>"",""tooltip_TABLE"":""[{\""Validity\"": \""2 days from delivery\"",\""Covers\"": \""Damaged,  Item not as described\"",\""Type Accepted\"": \""Refund\""}]""},""10_day_exchange"":{""tooltip_TABLE"":""[{\""Validity\"": \""10 days from delivery\"",\""Covers\"": \""Size/Color/Fit issues\"",\""Type Accepted\"": \""Easy Exchange\""}]"",""tooltip"":""If there is a size or colour or fit issue with your product, you can raise an exchange request within 10 days of receiving the product. \n\n Successful pick-up of the product is subject to the following conditions being met:\n\n * Correct and complete product (with the original brand, article number, undetached MRP tag, product's original packaging, freebies and accessories)\n - The product should be in unused, undamaged and original condition without any stains, scratches, tears or holes\n\nKnow more about the Return Policy <a href='/pages/returnpolicy' target='_blank'>here</a>""},""10_day_replacement"":{""tooltip_TABLE"":""[{\""Validity\"": \""10 days from delivery or installation (as applicable)*\"",\""Covers\"": \""Damaged, Defective, Item not as described\"",\""Type Accepted\"": \""Replacement\""}]"",""tooltip"":""*For products requiring installation, Returns valid only when installed by Flipkart authorized personnel. \n\n If you have received a damaged or defective product or if it is not as described, you can raise a replacement request on the Website/App/Mobile site within 10 days of receiving the product.\n\nWe will help you troubleshoot any issues you may have, either through online tools, over the phone, and/or through an in-person technical visit. Only one (1) replacement will be provided in the unlikely event that the product is defective. If no defect is confirmed or the issue is not diagnosed within 10 days of delivery, you will be directed to a brand service centre to resolve any subsequent issues.\n\n In the rare event that you receive a damaged mobile, please create a return within 48 hours of switching on the device. Returning post 48 hours may result in your return being rejected. \n\n Successful pick-up of the product is subject to the following conditions being met:\n\n * Correct and complete product (with the original brand/product Id/undetached MRP tag/product's original packaging/freebies and accessories).\n * The product should be in unused, undamaged and original condition without any scratches or dents.\n * Before returning a Mobile/Laptop/Tablet, the device should be formatted and screen lock should be disabled. iCloud account should be unlocked for Apple devices.\n\nKnow more about the Return Policy <a href='/pages/returnpolicy' target='_blank'>here</a>""},""10_days_returns_grocery"":{""tooltip_TABLE"":""[{\""Validity\"": \""Easy doorstep return\"",\""Covers\"": \""Defective & Item not as described\"",\""Type Accepted\"": \""Refund\""}]"",""tooltip"":""If you have received a defective product or if it is not as described, you can return the item immediately during delivery by handing it over to the delivery executive and refund will be processed accordingly. You can also raise a request for return within 10 days of delivery.\n\n We will pick up the items before initiating a refund. Successful pick-up of the product is subject to the following conditions being met: \n\n * Correct and complete product free of any damages (including Freebies). \n * For items being returned on account of being different from what was ordered, please ensure the items are not opened.\n\nKnow more about the Return Policy <a href='/pages/returnpolicy' target='_blank'>here</a>""},""10_day_return"":{""tooltip_TABLE"":""[{\""Validity\"": \""10 days from delivery\"",\""Covers\"": \""All Return Reasons\"",\""Type Accepted\"": \""Refund / Replacement\""}]"",""tooltip"":""If there is any issues with your product, you can raise a refund or replacement request within 10 days of receiving the product.\n\n Successful pick-up of the product is subject to the following conditions being met: \n\n * Correct and complete product (with the original brand, article number, undetached MRP tag, product's original packaging, freebies and accessories) \n * The product should be in unused, undamaged and original condition without any stains, scratches, tears or holes\n\nKnow more about the Return Policy <a href='/pages/returnpolicy' target='_blank'>here</a>""},""10_day_return_no_replacement"":{""tooltip_TABLE"":""[{\""Validity\"": \""10 days from delivery\"",\""Covers\"": \""All product related issues\"",\""Type Accepted\"": \""Refund Only\""}]"",""tooltip"":""If there is any issues with your product, you can raise a refund request within 10 days of receiving the product.\n\n Successful pick-up of the product is subject to the following conditions being met: \n\n * Correct and complete product (with the original brand, article number, undetached MRP tag, product's original packaging, freebies and accessories) \n * The product should be in unused, undamaged and original condition without any stains, scratches, tears or holes\n\nKnow more about the Return Policy <a href='/pages/returnpolicy' target='_blank'>here</a>""},""10_day_replacement_service_centre_action"":{""tooltip"":""*Seller offers replacement only for missing items, product damaged on delivery, or wrong product delivery. \n\n   Brand assistance for device and other issues is subject to brand warranty guidelines and service policies. Please reach out to the nearest brand authorized service centre for more details.\n\nAuthorized Service Partner Locator :</br>Apple & Beats - <a href='https://locate.apple.com/in/en' target='_blank'>https://locate.apple.com/in/en</a></br>Google - <a href='https://support.google.com/pixelphone/answer/7173456?hl=en-GB' target='_blank'>https://support.google.com/pixelphone/answer/7173456?hl=en-GB</a></br>Realme - <a href='https://www.realme.com/in/support/services' target='_blank'>https://www.realme.com/in/support/services</a></br>Samsung - <a href='https://www.samsung.com/in/support/service-center/' target='_blank'>https://www.samsung.com/in/support/service-center/</a></br>\n\n Support Site :</br>Apple & Beats - <a href='https://support.apple.com/en-in' target='_blank'>https://support.apple.com/en-in</a></br>Google - <a href='https://madeby.google.com/intl/en_in/phone/support/' target='_blank'>https://madeby.google.com/intl/en_in/phone/support/</a></br>Realme - <a href='https://www.realme.com/in/support' target='_blank'>https://www.realme.com/in/support</a></br>Samsung - <a href='https://www.samsung.com/in/support/' target='_blank'>https://www.samsung.com/in/support/</a> \n\nKnow more about the Return Policy <a href='/pages/returnpolicy' target='_blank'>here</a>""},""10_day_replacement_lifestyle"":{""tooltip_TABLE"":""[{\""Validity\"": \""10 days from delivery\"",\""Covers\"": \""Damaged, Defective, Item not as described\"",\""Type Accepted\"": \""Replacement\""}]"",""tooltip"":""If you have received a damaged or defective product or if it is not as described, you can raise a replacement request on the Website/App/Mobile site within 10 days of receiving the product.\n\n Successful pick-up of the product is subject to the following conditions being met:\n\n * Correct and complete product (with the original brand/product Id/undetached MRP tag/product's original packaging/freebies and accessories).\n * The product should be in unused, undamaged and original condition without any scratches or dents.\n\nKnow more about the Return Policy <a href='/pages/returnpolicy' target='_blank'>here</a>""},""10_day_return_furniture"":{""tooltip_TABLE"":""[{\""Validity\"": \""10 days from delivery or installation (as applicable)*\"",\""Covers\"": \""Damaged, Defective, Item not as described\"",\""Type Accepted\"": \""Refund / Replacement\""}]"",""tooltip"":""For products requiring installation, Returns valid only when installed by Flipkart authorized personnel.\n *  If you have received a damaged or defective product or if it is not as described, you can raise a return request on the Website/App/Mobile site within 10 days of receiving the product.\n\nWe will help you troubleshoot any issues you may have, either through online tools, over the phone, and/or through an in-person technical visit. Only one (1) replacement will be provided in the unlikely event that the product is defective. If no defect is confirmed or the issue is not diagnosed within 10 days of delivery, you will be directed to a brand service center to resolve any subsequent issues\n\nSuccessful pick-up of the product is subject to the following conditions being met:\n\n *  Correct and complete product (with the original brand/product Id/undetached MRP tag/product's original packaging/freebies and accessories).\n *  The product should be in unused, undamaged and original condition without any scratches or dents\n\nKnow more about the Return Policy <a href='/pages/returnpolicy' target='_blank'>here</a>""},""10_day_try_buy"":{""tooltip_TABLE"":""[{\""Validity\"": \""10 days from delivery\"",\""Covers\"": \""All Reasons\"",\""Type Accepted\"": \""Refund\""}]"",""tooltip"":""If you are not happy with the performance of the product received or if you have received a damaged or defective product or if it is not as described, you can raise a refund request on the Website/App/Mobile site within 10 days of receiving the product.\n\n Successful pick-up of the product is subject to the following conditions being met: \n * Correct and complete product (with the original brand box and packaging, all in box contents and freebies if any).\n * The product should be undamaged and in original condition without any scratches or dents.\n\nRefunds will be issued only if it is determined that the item was not damaged while in your possession, or is not different from what was shipped to you\n\nKnow more about the Return Policy <a href='/pages/returnpolicy' target='_blank'>here</a>""},""14_day_return"":{""tooltip_TABLE"":""[{\""Validity\"": \""14 days from delivery\"",\""Covers\"": \""All Return Reasons\"",\""Type Accepted\"": \""Refund / Replacement / Exchange\""}]"",""tooltip"":""\n\n*If there is any issue with your product, you can raise a refund, replacement or exchange request within 14 days of receiving the product.\n\nSuccessful pick-up of the product is subject to the following conditions being met:\n\n *  Correct and complete product (with the original brand, article number, undetached MRP tag, product's original packaging, freebies and accessories)\n *  The product should be in unused, undamaged and original condition without any stains, scratches, tears or holes and with non-tampered quality check seals/return tags/ warranty seals (wherever applicable)\n\nKnow more about the Return Policy <a href='/pages/returnpolicy' target='_blank'>here</a>""},""15_day_return"":{""tooltip_TABLE"":""[{\""Validity\"": \""15 days from delivery\"",\""Covers\"": \""All Return Reasons\"",\""Type Accepted\"": \""Refund / Replacement / Exchange\""}]"",""tooltip"":""\n\n*If there is any issues with your product, you can raise a refund, replacement or exchange request within 15 days of receiving the product.\n\nSuccessful pick-up of the product is subject to the following conditions being met:\n\n *  Correct and complete product (with the original brand, article number, undetached MRP tag, product's original packaging, freebies and accessories)\n *  The product should be in unused, undamaged and original condition without any stains, scratches, tears or holes and with non-tampered quality check seals/return tags/ warranty seals (wherever applicable)\n\nKnow more about the Return Policy <a href='/pages/returnpolicy' target='_blank'>here</a>""},""15_day_replacement_lifestyle"":{""tooltip_TABLE"":""[{\""Validity\"": \""15 days from delivery\"",\""Covers\"": \""Damaged, Defective, Item not as described\"",\""Type Accepted\"": \""Replacement / Exchange\""}]"",""tooltip"":""\n\n*If you have received a damaged or defective product or if it is not as described, you can raise a replacement request on the Website/App/Mobile site within 15 days of receiving the product.\n\nSuccessful pick-up of the product is subject to the following conditions being met:\n\n *  Correct and complete product (with the original brand/product Id/undetached MRP tag/product's original packaging/freebies and accessories).\n *  The product should be in unused, undamaged and original condition without any scratches or dents.\n\nKnow more about the Return Policy <a href='/pages/returnpolicy' target='_blank'>here</a>""},""30_day_exchange"":{""tooltip_TABLE"":""[{\""Validity\"": \""30 days from delivery\"",\""Covers\"": \""Size/Color/Fit issues\"",\""Type Accepted\"": \""Easy Exchange\""}]"",""tooltip"":""If there is a size, colour or fit issue with your product, you can raise an exchange request within 30 days of receiving the product.\n\n Successful pick-up of the product is subject to the following conditions being met: \n\n * Correct and complete product (with the original brand, article number, undetached MRP tag, product's original packaging, freebies and accessories) \n * The product should be in unused, undamaged and original condition without any stains, scratches, tears or holes\n\nKnow more about the Return Policy <a href='/pages/returnpolicy' target='_blank'>here</a>""},""30_day_return_lifestyle"":{""tooltip_TABLE"":""[{\""Validity\"": \""30 days from delivery\"",\""Covers\"": \""All Return Reasons\"",\""Type Accepted\"": \""Refund / Replacement / Exchange\""}]"",""tooltip"":""If there is any issues with your product, you can raise a refund, replacement or exchange request within 30 days of receiving the product.\n\n Successful pick-up of the product is subject to the following conditions being met: \n\n * Correct and complete product (with the original brand, article number, undetached MRP tag, product's original packaging, freebies and accessories) \n * The product should be in unused, undamaged and original condition without any stains, scratches, tears or holes and with non-tampered quality check seals/return tags/ warranty seals (wherever applicable)\n\nKnow more about the Return Policy <a href='/pages/returnpolicy' target='_blank'>here</a>""},""10_day_returns_lifestyle"":{""tooltip_TABLE"":""[{\""Validity\"": \""10 days from delivery\"",\""Covers\"": \""All Return Reasons\"",\""Type Accepted\"": \""Refund / Replacement / Exchange\""}]"",""tooltip"":""If there is any issues with your product, you can raise a refund, replacement or exchange request within 10 days of receiving the product.\n\n Successful pick-up of the product is subject to the following conditions being met: \n\n * Correct and complete product (with the original brand, article number, undetached MRP tag, product&#39;s original packaging, freebies and accessories) \n * The product should be in unused, undamaged and original condition without any stains, scratches, tears or holes and with non-tampered quality check seals/return tags/ warranty seals (wherever applicable)\n\nKnow more about the Return Policy <a href='/pages/returnpolicy' target='_blank'>here</a>""},""30_day_return"":{""tooltip_TABLE"":""[{\""Validity\"": \""30 days from delivery\"",\""Covers\"": \""All Return Reasons\"",\""Type Accepted\"": \""Refund / Replacement \""}]"",""tooltip"":""If there are any issues with your product, you can raise a refund, replacement or exchange request within 30 days of receiving the product.\n\n Successful pick-up of the product is subject to the following conditions being met: \n\n * Correct and complete product (with the original brand, article number, undetached MRP tag, product's original packaging, freebies and accessories) \n * The product should be in unused, undamaged and original condition without any stains, scratches, tears or holes and with non-tampered quality check seals/return tags/ warranty seals (wherever applicable)\n\nKnow more about the Return Policy <a href='/pages/returnpolicy' target='_blank'>here</a>""},""3_day_return_policy"":{""tooltip_TABLE"":""[{\""Validity\"": \""3 days from delivery\"",\""Covers\"": \""All Return Reasons\"",\""Type Accepted\"": \""Refund / Replacement / Exchange \""}]"",""tooltip"":""If there is any issues with your product, you can raise a refund, replacement & exchange request within 3 days of receiving the product.\n\nSuccessful pick-up of the product is subject to the following conditions being met:\n\n *  Correct and complete product (with the original brand, article number, undetached MRP tag, product's original packaging, freebies and accessories)\n *  The product should be in unused, undamaged and original condition without any stains, scratches, tears or holes.\n\nKnow more about the Return Policy <a href='/pages/returnpolicy' target='_blank'>here</a>""},""7_day_replacement_refurbished"":{""tooltip_TABLE"":""[{\""Validity\"": \""7 days from delivery or installation(as applicable)*\"",\""Covers\"": \""Damaged, Defective, Item not as described\"",\""Type Accepted\"": \""Refund / Replacement \""}]"",""tooltip"":""\n\n *  \\**For products requiring installation, Returns valid only when installed by Flipkart authorized personnel.\n  If you have received a damaged or defective product or if it is not as described, you can raise a replacement request on the Website/App/Mobile site within 10 days of receiving the product.\n\n We will help you troubleshoot any issues you may have, either through online tools, over the phone, and/or through an in-person technical visit. Only one (1) replacement will be provided in the unlikely event that the product is defective. If no defect is confirmed or the issue is not diagnosed within 10 days of delivery, you will be directed to a brand service center to resolve any subsequent issues.\n\n In the rare event that you receive a damaged mobile, please create a return within 48 hours of switching on the device. Returning post 48 hours may result in your return being rejected.\n\nSuccessful pick-up of the product is subject to the following conditions being met:\n\n *  Correct and complete product (with the original brand/product Id/undetached MRP tag/product&#39;s original packaging/freebies and accessories).\n *  The product should be in unused, undamaged and original condition without any scratches or dents.\n\n *  Before returning a Mobile/Laptop/Tablet, the device should be formatted and screen lock should be disabled. iCloud account should be unlocked for Apple devices.\n\nKnow more about the Return Policy <a href='/pages/returnpolicy' target='_blank'>here</a>""},""lid_nqa_10_day_return"":{""tooltip_TABLE"":""[{\""Validity\"": \""0 days from delivery or installation*\"",\""Covers\"": \""All Return Reasons\"",\""Type Accepted\"": \""Refund / Replacement \""}]"",""tooltip"":""\n\n *  \\*For products requiring installation, Returns valid only when installed by Flipkart authorized personnel.\n *  If you have received a damaged or defective product or if it is not as described, you can raise a replacement request on the Website/App/Mobile site within 10 days of receiving the product.\n\nSuccessful pick-up of the product is subject to the following conditions being met:\n\n *  Correct and complete product (with the original brand/product Id/undetached MRP tag/product's original packaging/freebies and accessories).\n *  The product should be in unused, undamaged and original condition without any scratches or dents, stains, tears or holes and with non-tampered quality check seals/return tags/ warranty seals (wherever applicable)\n\nKnow more about the Return Policy <a href='/pages/returnpolicy' target='_blank'>here</a>""},""restricted_returns_nrv"":{""tooltip_TABLE"":""[{\""Validity\"": \""5 days from delivery\"",\""Covers\"": \""Damaged, expired or wrong product\"",\""Type Accepted\"": \""Refund / Replacement\""}]"",""tooltip"":""Note: Returns should be requested within 5 days of delivery in case of above issues. Images of issues with the product need to be uploaded for return processing.\n\n Successful pick-up of the product is subject to the following conditions: \n\n * Correct and complete product (with the original brand box, undetached MRP tag, product's original packaging, freebies and accessories)\n * The product should be in unused, undamaged and original condition without any stains, scratches, tears or holes.\n\nKnow more about the Return Policy <a href='/pages/returnpolicy' target='_blank'>here</a>""},""30_day_replacement"":{""tooltip_TABLE"":""[{\""Validity\"": \""30 days from delivery\"",\""Covers\"": \""Damaged, Defective, Item not as described\"",\""Type Accepted\"": \""Easy Replacement\""}]"",""tooltip"":""If you have received a damaged or defective product or if it is not as described, you can raise a replacement request within 30 days of receiving the product.\n\n Successful pick-up of the product is subject to the following conditions being met: \n * Correct and complete product (with the original brand, article number, undetached MRP tag, product's original packaging, freebies and accessories)\n * The product should be in unused, undamaged and original condition without any stains, scratches, tears or holes\n\nKnow more about the Return Policy <a href='/pages/returnpolicy' target='_blank'>here</a>""},""7_day_return_elec_eq"":{""tooltip"":""*For products requiring installation, Returns valid only when installed by Flipkart authorized personnel. \n\n If you have received a damaged or defective product or if it is not as described, you can raise a refund or replacement request on the Website/App/Mobile site within 7 days of receiving the product.\n\n We will help you troubleshoot any issues you may have, either through online tools, over the phone, and/or through an in-person technical visit. Only one (1) replacement will be provided in the unlikely event that the product is defective. If no defect is confirmed or the issue is not diagnosed within 7 days of delivery, you will be directed to a brand service centre to resolve any subsequent issues.\n\n In the rare event that you receive a damaged mobile, please create a return within 48 hours of switching on the device. Returning post 48 hours may result in your return being rejected. \n\n Successful pick-up of the product is subject to the following conditions being met:\n\n * Correct and complete product (with the original brand/product Id/undetached MRP tag/product's original packaging/freebies and accessories).\n * The product should be in unused, undamaged and original condition without any scratches or dents.\n * Before returning a Mobile/Laptop/Tablet, the device should be formatted and screen lock should be disabled. iCloud account should be unlocked for Apple devices.\n\nKnow more about the Return Policy <a href='/pages/returnpolicy' target='_blank'>here</a>"",""tooltip_TABLE"":""[{\""Validity\"": \""7 days from delivery\"",\""Covers\"": \""Damaged, Defective, Item not as described\"",\""Type Accepted\"": \""Refund/Replacement\""}]""},""7_day_return_elec_noneq"":{""tooltip"":""*For products requiring installation, Returns valid only when installed by Flipkart authorized personnel. \n\n If you have received a damaged product or if it is not as described, you can raise a refund or replacement request on the Website/App/Mobile site within 7 days of receiving the product.\n\n In the rare event that you receive a damaged mobile, please create a return within 48 hours of switching on the device. Returning post 48 hours may result in your return being rejected. \n\n Successful pick-up of the product is subject to the following conditions being met:\n\n * Correct and complete product (with the original brand/product Id/undetached MRP tag/product's original packaging/freebies and accessories).\n * The product should be in unused, undamaged and original condition without any scratches or dents.\n * Before returning a Mobile/Laptop/Tablet, the device should be formatted and screen lock should be disabled. iCloud account should be unlocked for Apple devices.\n\nKnow more about the Return Policy <a href='/pages/returnpolicy' target='_blank'>here</a>"",""tooltip_TABLE"":""[{\""Validity\"": \""7 days from delivery\"",\""Covers\"": \""Damaged, Item not as described\"",\""Type Accepted\"": \""Refund/Replacement\""}]""},""7_day_return_policy_lifestyle"":{""tooltip"":""If there is any issues with your product, you can raise a refund, replacement & exchange request within 7 days of receiving the product. \n\n Successful pick-up of the product is subject to the following conditions being met:\n\n * Correct and complete product (with the original brand, article number, undetached MRP tag, product's original packaging, freebies and accessories)\n * The product should be in unused, undamaged and original condition without any stains, scratches, tears or holes\n\nKnow more about the Return Policy <a href='/pages/returnpolicy' target='_blank'>here</a>"",""tooltip_TABLE"":""[{\""Validity\"": \""7 days from delivery\"",\""Covers\"": \""All Return Reasons\"",\""Type Accepted\"": \""Refund / Replacement / Exchange\""}]""},""no_returns_ehc"":{""tooltip_TABLE"":""[{\""Validity\"": \""5 days from delivery\"",\""Covers\"": \""Damaged, expired or wrong product\"",\""Type Accepted\"": \""Refund / Replacement\""}]"",""tooltip"":""Note: Returns should be requested within 5 days of delivery in case of above issues. Images of issues with the product need to be uploaded for return processing.\n\n Successful pick-up of the product is subject to the following conditions: \n\n * Correct and complete product (with the original brand box, undetached MRP tag, product's original packaging, freebies and accessories)\n * The product should be in unused, undamaged and original condition without any stains, scratches, tears or holes.\n\nKnow more about the Return Policy <a href='/pages/returnpolicy' target='_blank'>here</a>""}}}}}},""responseMeta"":{""params"":{""client"":""flipkart"",""platform"":""desktop"",""lang"":""en"",""appVersion"":""0.0.0"",""language"":""EN""},""versions"":{}}},""deferredContent"":{},""filters"":{""asyncStatus"":""INIT""},""grocery"":{""offers"":{""listingIds"":[],""offerData"":{}},""marketplaceServiceability"":false,""marketPlacePincodeReducer"":{""widgetTitle"":""Where do you want the delivery ?"",""serviceable"":false,""asyncStatus"":""INIT"",""widgetText"":""Select city""}},""helpCentre"":{""breadCrumbs"":[{""title"":""Help Centre"",""url"":""/helpcentre""}],""catalogs"":{""asyncStatus"":""INIT"",""list"":[],""selectedCatalogId"":null},""contact"":{""callback"":{""asyncStatus"":""INIT""},""channels"":{""asyncStatus"":""INIT""},""emailUs"":{""asyncStatus"":""INIT""},""postal"":{""asyncStatus"":""INIT""}},""faqs"":{""asyncStatus"":""INIT"",""faqs"":{},""selectedFaqId"":null,""selectedFaqTitle"":null},""getContext"":{""asyncStatus"":""INIT"",""contextFetched"":false},""incidents"":{""data"":{},""asyncStatus"":""INIT""},""issueFaq"":{""data"":{},""asyncStatus"":""INIT"",""selectedIssueFaq"":null,""parentIssue"":null},""nonOrderIssue"":{""asyncStatus"":""INIT""},""orderIssue"":{""currentOrderItem"":null,""orderIssueItem"":null,""showViewMore"":false,""asyncStatus"":""INIT""},""orderList"":{""asyncStatus"":""INIT"",""orders"":{},""pages"":0},""search"":{""asyncStatus"":""INIT""},""selectedCatalog"":{""asyncStatus"":""INIT"",""data"":{}},""serviceTickets"":{""incidents"":{},""asyncStatus"":""INIT""},""subCatalog"":{""asyncStatus"":""INIT"",""data"":{},""selectedSubCatalogId"":null},""suggestion"":{""asyncStatus"":""INIT""},""viewType"":""INIT""},""inAppNotifications"":{""isFetching"":false,""notifications"":[],""asyncStatus"":""INIT""},""infiniteMU"":{},""layouts"":{""asyncStatus"":""INIT""},""lockInData"":{""asyncStatus"":""INIT""},""lockinTnc"":{""asyncStatus"":""INIT""},""staticPage"":{""asyncStatus"":""INIT""},""misc"":{""hostname"":""www.flipkart.com"",""shouldComponentScroll"":{""rating"":false,""qna"":false,""delivery"":false},""port"":""8081"",""nonce"":""3125693030888710461"",""anchorTagMap"":{""atlc2"":true,""atlssmo"":true},""userDeviceWidth"":1366},""modal"":null,""modalActionManager"":{},""myAccount"":{""myReviews"":{""myCompleteReview"":{""asyncStatus"":""INIT""},""myRecentReview"":{""asyncStatus"":""INIT""},""myReviewDelete"":{""asyncStatus"":""INIT""}},""myProfileInfo"":{""myPersonalInfo"":{""asyncStatus"":""INIT""},""updateEmailAndMobile"":{""asyncStatus"":""INIT""},""changePassword"":{""asyncStatus"":""INIT""},""deactivateAccount"":{""asyncStatus"":""INIT""}},""myRewards"":{""asyncStatus"":""INIT""},""wallet"":{""walletBalance"":{""asyncStatus"":""INIT""},""drawBalance"":{""asyncStatus"":""INIT""},""activatePhonePe"":{""asyncStatus"":""INIT""}},""giftcard"":{""giftCardList"":{""asyncStatus"":""INIT""},""addGiftCard"":{""asyncStatus"":""INIT""},""checkBalance"":{""asyncStatus"":""INIT""},""buyGiftCard"":{""asyncStatus"":""INIT""},""denomination"":{""asyncStatus"":""INIT""},""updateGiftList"":{},""sendNotification"":{""asyncStatus"":""INIT""},""getStateList"":{""asyncStatus"":""INIT""},""mailer"":{""asyncStatus"":""INIT""}},""myAddresses"":{""asyncStatus"":""INIT""},""wishlistPageData"":{""asyncStatus"":""INIT"",""data"":{},""products"":[]},""savedCards"":{""savedCards"":{""asyncStatus"":""INIT""},""savedCardToken"":{""asyncStatus"":""INIT""}},""savedVpas"":{""savedVpas"":{""asyncStatus"":""INIT""},""savedVpaToken"":{""asyncStatus"":""INIT""}},""bnpl"":{""buyNowPayLater"":{""asyncStatus"":""INIT"",""data"":[]},""bnplSummary"":{""asyncStatus"":""INIT"",""data"":[]},""bnplToken"":{""asyncStatus"":""INIT"",""data"":[]},""bnplAccountSummary"":{""asyncStatus"":""INIT"",""data"":[]},""bnplLinkedAccounts"":{""asyncStatus"":""INIT""},""bnplMigration"":{""asyncStatus"":""INIT"",""data"":[]}},""panCard"":{""pancard"":{""asyncStatus"":""INIT""},""pancardUploaded"":{""asyncStatus"":""INIT""}}},""networkStatus"":""ONLINE"",""offerInfo"":{""items"":[]},""pageDataV4"":{""page"":{""asyncStatus"":""SUCCESS"",""data"":{""10000"":[{""slotType"":""LOGICAL"",""id"":10001,""parentId"":10000,""layoutParams"":{""orientation"":"""",""stickyScroll"":true,""widgetWidth"":5},""childArrangement"":""STACK""},{""slotType"":""LOGICAL"",""id"":10002,""parentId"":10000,""layoutParams"":{""margin"":""24,0,0,0"",""orientation"":"""",""widgetWidth"":8},""childArrangement"":""STACK""}],""10001"":[{""slotType"":""WIDGET"",""id"":1,""parentId"":10001,""layoutParams"":{""layoutKey"":""LIFESTYLE"",""orientation"":"""",""widgetHeight"":150,""widgetWidth"":12},""dataId"":""590710378"",""elementId"":""1-MULTIMEDIA"",""hasWidgetDataChanged"":true,""ttl"":3000,""widget"":{""type"":""MULTIMEDIA"",""viewType"":""LIFESTYLE"",""data"":{""arWidgetData"":null,""autoScrollToIndex"":0,""availabilityStatus"":null,""eventsLeftOverlayImage"":null,""eventsRightOverlayImage"":null,""floatingActionValues"":{""assistedBuyingActions"":[],""collectionAction"":null,""floatingReview"":null,""incentiveAction"":null,""moqComponent"":null,""preview"":null,""productCardTagDetails"":null,""resellerStoreAction"":null,""shareAction"":null,""viewSimilar"":null},""multimediaComponents"":[{""action"":null,""metaData"":null,""rcType"":null,""tracking"":{""impressionId"":""9969e7c2-aed9-4cc7-b1b1-ef71719877f8"",""pageType"":""PP"",""widgetKey"":""MULTIMEDIA"",""contentTitle"":null,""contentType"":""Image/Video""},""trackingData"":null,""value"":{""type"":""MediaValue"",""aspectRatio"":""3:4"",""contentType"":""IMAGE"",""source"":""ORGANIC"",""url"":""http://rukmini1.flixcart.com/image/{@width}/{@height}/xif0q/shoe/7/6/f/-original-imahjgrxkn2hzujk.jpeg?q={@quality}&crop=false""}},{""action"":null,""metaData"":null,""rcType"":null,""tracking"":{""impressionId"":""8ea9d7f0-5881-43f5-9490-5282fba98559"",""pageType"":""PP"",""widgetKey"":""MULTIMEDIA"",""contentTitle"":null,""contentType"":""Image/Video""},""trackingData"":null,""value"":{""type"":""MediaValue"",""aspectRatio"":""3:4"",""contentType"":""IMAGE"",""source"":""ORGANIC"",""url"":""http://rukmini1.flixcart.com/image/{@width}/{@height}/xif0q/shoe/7/s/6/-original-imahjgrxunezgjux.jpeg?q={@quality}&crop=false""}},{""action"":null,""metaData"":null,""rcType"":null,""tracking"":{""impressionId"":""5b8d056a-7b8b-4f1c-bd5f-51441f9beb1b"",""pageType"":""PP"",""widgetKey"":""MULTIMEDIA"",""contentTitle"":null,""contentType"":""Image/Video""},""trackingData"":null,""value"":{""type"":""MediaValue"",""aspectRatio"":""3:4"",""contentType"":""IMAGE"",""source"":""ORGANIC"",""url"":""http://rukmini1.flixcart.com/image/{@width}/{@height}/xif0q/shoe/o/u/k/-original-imahjgrxhngdfpjc.jpeg?q={@quality}&crop=false""}},{""action"":null,""metaData"":null,""rcType"":null,""tracking"":{""impressionId"":""e609d8f0-44e3-4d6e-9b48-5550bb41e354"",""pageType"":""PP"",""widgetKey"":""MULTIMEDIA"",""contentTitle"":null,""contentType"":""Image/Video""},""trackingData"":null,""value"":{""type"":""MediaValue"",""aspectRatio"":""3:4"",""contentType"":""IMAGE"",""source"":""ORGANIC"",""url"":""http://rukmini1.flixcart.com/image/{@width}/{@height}/xif0q/shoe/5/w/p/-original-imahjgrxsuqgh7tx.jpeg?q={@quality}&crop=false""}},{""action"":null,""metaData"":null,""rcType"":null,""tracking"":{""impressionId"":""4a760e14-d6db-4e02-adad-b8f7300d053f"",""pageType"":""PP"",""widgetKey"":""MULTIMEDIA"",""contentTitle"":null,""contentType"":""Image/Video""},""trackingData"":null,""value"":{""type"":""MediaValue"",""aspectRatio"":""3:4"",""contentType"":""IMAGE"",""source"":""ORGANIC"",""url"":""http://rukmini1.flixcart.com/image/{@width}/{@height}/xif0q/shoe/u/t/y/-original-imahjgrxaz5njeyd.jpeg?q={@quality}&crop=false""}},{""action"":null,""metaData"":null,""rcType"":null,""tracking"":{""impressionId"":""aca989f7-5034-4ffe-ba36-de42910abd41"",""pageType"":""PP"",""widgetKey"":""MULTIMEDIA"",""contentTitle"":null,""contentType"":""Image/Video""},""trackingData"":null,""value"":{""type"":""MediaValue"",""aspectRatio"":""3:4"",""contentType"":""IMAGE"",""source"":""ORGANIC"",""url"":""http://rukmini1.flixcart.com/image/{@width}/{@height}/xif0q/shoe/e/5/z/-original-imahjgrxdguk662r.jpeg?q={@quality}&crop=false""}},{""action"":null,""metaData"":null,""rcType"":null,""tracking"":{""impressionId"":""f6dd17fa-18f7-4a16-9068-a1e472db6213"",""pageType"":""PP"",""widgetKey"":""MULTIMEDIA"",""contentTitle"":null,""contentType"":""Image/Video""},""trackingData"":null,""value"":{""type"":""MediaValue"",""aspectRatio"":""3:4"",""contentType"":""IMAGE"",""source"":""ORGANIC"",""url"":""http://rukmini1.flixcart.com/image/{@width}/{@height}/xif0q/shoe/7/g/w/-original-imahjgrx99hbsmgn.jpeg?q={@quality}&crop=false""}},{""action"":null,""metaData"":null,""rcType"":null,""tracking"":{""impressionId"":""d739f76f-c8bc-45a0-b3c5-873ba2fc3fb9"",""pageType"":""PP"",""widgetKey"":""MULTIMEDIA"",""contentTitle"":null,""contentType"":""Image/Video""},""trackingData"":null,""value"":{""type"":""MediaValue"",""aspectRatio"":""3:4"",""contentType"":""IMAGE"",""source"":""ORGANIC"",""url"":""http://rukmini1.flixcart.com/image/{@width}/{@height}/xif0q/shoe/e/s/i/-original-imahjgrxduyrvagu.jpeg?q={@quality}&crop=false""}},{""action"":null,""metaData"":null,""rcType"":null,""tracking"":{""impressionId"":""a4831ac1-e65e-4b8e-b885-0b854fb5a1cd"",""pageType"":""PP"",""widgetKey"":""MULTIMEDIA"",""contentTitle"":null,""contentType"":""Image/Video""},""trackingData"":null,""value"":{""type"":""MediaValue"",""aspectRatio"":""3:4"",""contentType"":""IMAGE"",""source"":""ORGANIC"",""url"":""http://rukmini1.flixcart.com/image/{@width}/{@height}/xif0q/shoe/i/x/6/-original-imahjgrxybqvqty6.jpeg?q={@quality}&crop=false""}}],""offerButton"":null,""productDetailsAnnouncement"":{""action"":{""constraints"":null,""customTrackingEvents"":null,""fallback"":null,""loginType"":""LOGIN_NOT_REQUIRED"",""nonWidgetizeRedirection"":null,""omnitureData"":null,""omnitureTracking"":null,""originalUrl"":null,""params"":{""analyticsData"":{""subCategory"":""WomenCasualShoes"",""superCategory"":""WomenFW"",""vertical"":""WomenCasualShoeMisc"",""category"":""WomenFashionFootwear""},""screenName"":""PRODUCT_STATIC_DETAIL_PAGE"",""productId"":""SHOGQANYFB73PUGZ"",""tracking"":{},""url"":""/puma-celi-womens-sneakers-women/p/itm80e96a63775fd/specifications?pid=SHOGQANYFB73PUGZ&marketplace=FLIPKART""},""requiredPermissionType"":null,""screenType"":null,""storeValue"":{},""subType"":null,""tracking"":{""contextType"":""page"",""announcement"":""DETAILS_PAGE""},""triggerExtraStandardEvents"":null,""type"":""NAVIGATION"",""url"":""/puma-celi-womens-sneakers-women/p/itm80e96a63775fd/specifications?pid=SHOGQANYFB73PUGZ&marketplace=FLIPKART"",""validationMeta"":null,""widgetTracking"":null,""widgetizedActions"":null},""metaData"":null,""rcType"":null,""tracking"":{""contextType"":""page"",""announcement"":""DETAILS_PAGE""},""trackingData"":null,""value"":{""type"":""AnnouncementValue"",""title"":""All Details""}},""ratingsAndReviews"":null,""shareAction"":null,""showSimilarAction"":null,""singleAttributeSwatch"":null,""spotlight"":null,""tagsData"":null,""themeTag"":null,""trustMarkerCallout"":null,""tryOnLookId"":null,""tryTheShadeAction"":null,""virtualTryOnAction"":null,""wishlistAction"":{""action"":{""constraints"":null,""customTrackingEvents"":null,""fallback"":null,""loginType"":""LOGIN_NOT_REQUIRED"",""nonWidgetizeRedirection"":null,""omnitureData"":null,""omnitureTracking"":null,""originalUrl"":null,""params"":{""valid"":true,""productId"":""SHOGQANYFB73PUGZ"",""lid"":null},""requiredPermissionType"":null,""screenType"":""multiWidgetPage"",""storeValue"":{},""subType"":null,""tracking"":{},""triggerExtraStandardEvents"":null,""type"":""WISHLIST_ADD"",""url"":null,""validationMeta"":null,""widgetTracking"":null,""widgetizedActions"":null},""metaData"":null,""rcType"":null,""tracking"":null,""trackingData"":null,""value"":{""type"":""ProductActionValue"",""actionType"":""ADD_TO_WISHLIST"",""enabled"":true}},""wowTag"":null},""params"":{},""tracking"":{""impressionId"":""01.MULTIMEDIA.SHOGQANYFB73PUGZ.83874ae1-0f63-40d1-8012-99cac779fd4d"",""productId"":""SHOGQANYFB73PUGZ"",""pageFetchId"":""PP.83874ae1-0f63-40d1-8012-99cac779fd4d"",""widgetKey"":""MULTIMEDIA"",""trackWidgetDwellTime"":""true"",""position"":""01""}}}],""10002"":[{""slotType"":""LOGICAL"",""id"":10003,""parentId"":10002,""childArrangement"":""ADJACENT""},{""slotType"":""WIDGET"",""id"":9,""parentId"":10002,""layoutParams"":{""layoutKey"":""LIFESTYLE"",""orientation"":"""",""widgetHeight"":150,""widgetWidth"":12},""dataId"":""-175972399"",""elementId"":""9-PRODUCT_PAGE_SUMMARY_V2"",""hasWidgetDataChanged"":true,""ttl"":3000,""widget"":{""type"":""PRODUCT_PAGE_SUMMARY_V2"",""viewType"":""LIFESTYLE"",""widgetAttributes"":{""addStrokeColor"":null,""backgroundDotColor"":null,""backgroundImage"":null,""bleedingColor"":null,""childFraction"":null,""contentBeginningIndex"":null,""displayItemSeparator"":false,""displayViewAll"":false,""dotSpacingBottom"":null,""elementSeparatorImage"":null,""hiddenWidget"":null,""hideWidgetSeparator"":false,""maxItemsPerRow"":null,""media"":null,""selectedDotColor"":null,""showShadowForComponent"":null,""skin"":null,""skinType"":null,""slotDirection"":null,""stopBleedingColor"":null,""strokeColor"":null,""strokeWidth"":null,""themeAttributes"":null,""unselectedDotColor"":null,""video"":null,""viewType"":null,""widgetBleedingColor"":null,""widgetPrimaryColor"":null,""widgetSecondaryColor"":null,""widgetStopBleedingColor"":null,""widthPercentage"":null},""data"":{""addToCart"":null,""brandStore"":null,""callouts"":null,""couponApplied"":null,""couponCta"":null,""couponSummaries"":null,""dealTags"":null,""deliveryCallouts"":null,""emiCallouts"":null,""emiDetails"":null,""emiHeroCalloutsShopsy"":null,""fAssuredIcon"":null,""featureTags"":null,""gradeInfo"":{""color"":null,""id"":null,""name"":null,""shortDesc"":null},""listingPreservationAnnouncement"":null,""mode"":null,""moqComponent"":null,""nepCallouts"":null,""newVersionComponent"":null,""offerExpiryInfo"":null,""offerExpiryTime"":null,""offerInfo"":null,""offerSummary"":null,""offerSummaryGroups"":null,""offerSummaryGroupsV2Enabled"":false,""oosCallout"":null,""otherCallouts"":null,""preorderAnnouncement"":null,""priceCallout"":null,""priceLockEnabled"":null,""priceVariants"":null,""priceViewBackgroundColour"":null,""pricing"":null,""pricingAid"":null,""pricingAidOld"":null,""productCardTagDetails"":[],""productDetailsAnnouncement"":null,""protectPromiseFeeCallout"":null,""quantity"":0,""quantityMetaData"":null,""ratingsAndReviews"":null,""scaleAspectComponents"":null,""sellerRating"":null,""shareButton"":null,""summaryMeta"":{""asmMessage"":null,""binding"":null,""deliveryMessage"":null,""exclusiveTag"":null,""flags"":{""disableFassuredImage"":false,""enableCompare"":false,""flipkartAdvantage"":null},""newVersionInfo"":null,""offerTitle"":null,""productExpiry"":null,""productManufacture"":null,""urgency"":null},""swatchVariantButton"":null,""tagsData"":null,""titleComponent"":{""action"":null,""metaData"":null,""rcType"":""PRODUCT_PAGE_SUMMARY_V2_TITLE_RC"",""tracking"":null,""trackingData"":null,""value"":{""type"":""ProductTitleValue"",""newTitle"":""Celi Womens Sneakers For Women"",""subtitle"":""Pink , 6"",""superTitle"":""PUMA"",""title"":""PUMA Celi Womens Sneakers For Women""}},""trendMarkerTag"":null,""variantsButton"":null,""writeReviewAnnouncement"":null},""params"":{},""tracking"":{""impressionId"":""09.PRODUCT_PAGE_SUMMARY_V2.SHOGQANYFB73PUGZ.83874ae1-0f63-40d1-8012-99cac779fd4d"",""productId"":""SHOGQANYFB73PUGZ"",""pageFetchId"":""PP.83874ae1-0f63-40d1-8012-99cac779fd4d"",""widgetKey"":""PRODUCT_PAGE_SUMMARY_V2"",""trackWidgetDwellTime"":""false"",""position"":""09""}}},{""slotType"":""WIDGET"",""id"":12,""parentId"":10002,""layoutParams"":{""margin"":""0,24,0,0"",""orientation"":"""",""widgetHeight"":150,""widgetWidth"":12},""dataId"":""594198201"",""elementId"":""12-AVAILABILITY"",""hasWidgetDataChanged"":true,""ttl"":3000,""widget"":{""type"":""AVAILABILITY"",""viewType"":""LIFESTYLE"",""widgetAttributes"":{""addStrokeColor"":null,""backgroundDotColor"":null,""backgroundImage"":null,""bleedingColor"":null,""childFraction"":null,""contentBeginningIndex"":null,""displayItemSeparator"":false,""displayViewAll"":false,""dotSpacingBottom"":null,""elementSeparatorImage"":null,""hiddenWidget"":null,""hideWidgetSeparator"":false,""maxItemsPerRow"":null,""media"":null,""selectedDotColor"":null,""showShadowForComponent"":null,""skin"":null,""skinType"":null,""slotDirection"":null,""stopBleedingColor"":null,""strokeColor"":null,""strokeWidth"":null,""themeAttributes"":null,""unselectedDotColor"":null,""video"":null,""viewType"":null,""widgetBleedingColor"":null,""widgetPrimaryColor"":null,""widgetSecondaryColor"":null,""widgetStopBleedingColor"":null,""widthPercentage"":null},""data"":{""announcementComponent"":{""action"":null,""metaData"":null,""rcType"":null,""tracking"":null,""trackingData"":null,""value"":{""type"":""AnnouncementValue"",""title"":""Currently Unavailable""}}},""params"":{},""tracking"":{""impressionId"":""12.AVAILABILITY.SHOGQANYFB73PUGZ.83874ae1-0f63-40d1-8012-99cac779fd4d"",""productId"":""SHOGQANYFB73PUGZ"",""pageFetchId"":""PP.83874ae1-0f63-40d1-8012-99cac779fd4d"",""widgetKey"":""AVAILABILITY"",""trackWidgetDwellTime"":""false"",""position"":""12""}}},{""slotType"":""WIDGET"",""id"":14,""parentId"":10002,""layoutParams"":{""orientation"":"""",""widgetHeight"":150,""widgetWidth"":12},""dataId"":""-1772787192"",""elementId"":""14-BRAND_DATA"",""hasWidgetDataChanged"":true,""ttl"":3000,""widget"":{""type"":""BRAND_DATA"",""data"":{""announcement"":{""action"":null,""metaData"":null,""rcType"":null,""tracking"":null,""trackingData"":null,""value"":{""type"":""AnnouncementValue"",""imageValue"":{""type"":""ImageValue"",""dynamicImageUrl"":""http://rukmini1.flixcart.com/image/{@width}/{@height}/prod-fk-cms-brand-images/73835bee4fe76789e16fbba7aec0d1f1552d2059d373a616b90b235726f06a61.jpg?q={@quality}"",""height"":0,""width"":0},""title"":""90 days from the date of purchase (as mentioned on the invoice).""}},""knowMore"":{""action"":{""constraints"":null,""customTrackingEvents"":null,""fallback"":null,""loginType"":""LOGIN_NOT_REQUIRED"",""nonWidgetizeRedirection"":null,""omnitureData"":null,""omnitureTracking"":null,""originalUrl"":""https://www.flipkart.com/item/product-warranty/itemId?pageKey=product-warranty&marketplace=FLIPKART&pid=SHOGQANYFB73PUGZ"",""params"":{""valid"":true,""marketplace"":""FLIPKART"",""screenName"":""INTERNAL_DELIVERY_PAGE"",""pids"":[""itemId""]},""requiredPermissionType"":null,""screenType"":""productPage"",""storeValue"":{},""subType"":null,""tracking"":{},""triggerExtraStandardEvents"":null,""type"":""NAVIGATION"",""url"":""https://www.flipkart.com/item/product-warranty/itemId?pageKey=product-warranty&marketplace=FLIPKART&pid=SHOGQANYFB73PUGZ"",""validationMeta"":null,""widgetTracking"":null,""widgetizedActions"":null},""metaData"":null,""rcType"":null,""tracking"":null,""trackingData"":null,""value"":{""type"":""TextValue"",""text"":""Know More""}},""manufacturerInfoComponent"":{""action"":null,""metaData"":null,""rcType"":null,""tracking"":null,""trackingData"":null,""value"":{""type"":""ProductManufacturerInfoValue"",""brandInfo"":{""action"":null,""metaData"":null,""rcType"":null,""tracking"":null,""trackingData"":null,""value"":{""type"":""AnnouncementValue"",""title"":""PUMA""}},""contacts"":[{""title"":""For any warranty related issues, please call the PUMA Customer Support -"",""values"":[{""text"":""080 3737 3737"",""type"":""PHONE""},{""text"":""080 3535 3535"",""type"":""PHONE""}]},{""values"":[{""text"":""customercareindia@puma.com"",""type"":""EMAIL""}]}],""description"":""\""PUMA is one of the worldâs leading Sports Brands, designing, developing, selling and marketing footwear, apparel and accessories. For 70 years, PUMA has relentlessly pushed sport and culture forward by creating fast products for the worldâs fastest athletes. PUMA offers performance and sport-inspired lifestyle products in categories such as Football, Running and Training, Basketball, Golf, and Motorsports. It collaborates with renowned designers and brands to bring sport influences into street culture and fashion. The PUMA Group owns the brands PUMA, Cobra Golf and stichd. The company distributes its products in more than 120 countries, employs more than 13,000 people worldwide, and is headquartered in Herzogenaurach/Germany.\r\n\""""}},""warrantyComponent"":{""action"":null,""metaData"":null,""rcType"":null,""tracking"":null,""trackingData"":null,""value"":{""type"":""ProductWarrantyV2Value"",""brandInfo"":{""action"":null,""metaData"":null,""rcType"":null,""tracking"":null,""trackingData"":null,""value"":{""type"":""AnnouncementValue"",""imageValue"":{""type"":""ImageValue"",""dynamicImageUrl"":""http://rukmini1.flixcart.com/image/{@width}/{@height}/prod-fk-cms-brand-images/73835bee4fe76789e16fbba7aec0d1f1552d2059d373a616b90b235726f06a61.jpg?q={@quality}"",""height"":0,""width"":0},""title"":""90 days from the date of purchase (as mentioned on the invoice).""}},""coveredInWarranty"":[""The actual warranty period for PUMA products is 90 days from the date of purchase (as mentioned on the invoice). The warranty is valid only within this time frame and applies when the product has been used normally and for its intended purpose.""],""notCoveredInWarranty"":[""The warranty covers only manufacturing defects identified within 90 days of purchase. It does not cover damage caused by regular wear and tear, improper use, accidents, negligence, incorrect washing or care, exposure to harsh conditions, or external factors. \n\nItems such as socks, bodywear, shoe laces, eyelet damage, induced tears, fading due to detergents, and products used beyond the warranty period are not eligible for warranty claims.""]}}}}},{""slotType"":""LOGICAL"",""id"":10004,""parentId"":10002,""childArrangement"":""ADJACENT""},{""slotType"":""LOGICAL"",""id"":10006,""parentId"":10002,""layoutParams"":{""collapsible"":true,""orientation"":""""},""childArrangement"":""STACK""}],""10003"":[],""10004"":[{""slotType"":""LOGICAL"",""id"":10005,""parentId"":10004,""layoutParams"":{""orientation"":"""",""widgetWidth"":6},""childArrangement"":""STACK""}],""10005"":[{""slotType"":""WIDGET"",""id"":16,""parentId"":10005,""layoutParams"":{""orientation"":"""",""widgetHeight"":150,""widgetWidth"":12},""dataId"":""-1764774356"",""elementId"":""16-COMPOSED_PINCODE_DELIVERY"",""hasWidgetDataChanged"":true,""ttl"":3000,""widget"":{""type"":""COMPOSED_PINCODE_DELIVERY"",""viewType"":""LIFESTYLE"",""widgetAttributes"":{""addStrokeColor"":null,""backgroundDotColor"":null,""backgroundImage"":null,""bleedingColor"":null,""childFraction"":null,""contentBeginningIndex"":null,""displayItemSeparator"":false,""displayViewAll"":false,""dotSpacingBottom"":null,""elementSeparatorImage"":null,""hiddenWidget"":null,""hideWidgetSeparator"":false,""maxItemsPerRow"":null,""media"":null,""selectedDotColor"":null,""showShadowForComponent"":null,""skin"":null,""skinType"":null,""slotDirection"":null,""stopBleedingColor"":null,""strokeColor"":null,""strokeWidth"":null,""themeAttributes"":null,""unselectedDotColor"":null,""video"":null,""viewType"":null,""widgetBleedingColor"":null,""widgetPrimaryColor"":null,""widgetSecondaryColor"":null,""widgetStopBleedingColor"":null,""widthPercentage"":null},""data"":{""deliveryData"":null,""fassuredCard"":null,""installationCard"":{""type"":""InstallationCard"",""image"":null,""installationComponent"":{""action"":null,""metaData"":null,""rcType"":null,""tracking"":null,""trackingData"":null,""value"":{""type"":""InstallationV2Value"",""details"":[""This product doesn't require installation""]}},""style"":null,""subText"":null,""text"":""Installation Details""},""pincodeData"":{""pincodeComponent"":null}},""header"":{""action"":null,""metaData"":null,""rcType"":null,""tracking"":null,""trackingData"":null,""value"":{""type"":""HeaderValue"",""abbSubHeader"":null,""actionButton"":null,""actionButtonArrowEnable"":null,""actionButtonChevronImageUrl"":null,""actionButtonEnable"":null,""actionButtonTextValue"":null,""animation"":null,""backButtonEnable"":null,""backgroundDetails"":null,""bgColor"":null,""chevronButton"":null,""collapsed"":false,""collapsible"":false,""headerDetailsValue"":null,""headerMinorInfo"":null,""iconAnimation"":null,""imageValue"":null,""referenceImageValue"":null,""richTextAndImageActionButton"":null,""showActionButton"":false,""showHeader"":true,""subTitleValue"":null,""tags"":null,""timerValue"":null,""titleValue"":{""type"":""TitleValue"",""image"":null,""style"":null,""subText"":null,""text"":""Delivery""},""viewAllImageUrl"":null}},""params"":{},""tracking"":{""impressionId"":""16.COMPOSED_PINCODE_DELIVERY.SHOGQANYFB73PUGZ.83874ae1-0f63-40d1-8012-99cac779fd4d"",""productId"":""SHOGQANYFB73PUGZ"",""pageFetchId"":""PP.83874ae1-0f63-40d1-8012-99cac779fd4d"",""widgetKey"":""COMPOSED_PINCODE_DELIVERY"",""trackWidgetDwellTime"":""false"",""position"":""16""}}}],""10006"":[{""slotType"":""LOGICAL"",""id"":10007,""parentId"":10006,""layoutParams"":{""margin"":""0,24,0,0"",""orientation"":""""},""childArrangement"":""ADJACENT""},{""slotType"":""WIDGET"",""id"":24,""parentId"":10006,""layoutParams"":{""layoutKey"":""LIFESTYLE"",""margin"":""0,24,0,0"",""orientation"":"""",""widgetHeight"":150,""widgetWidth"":12},""dataId"":""675710142"",""elementId"":""24-PRODUCT_DETAILS"",""hasWidgetDataChanged"":true,""ttl"":3000,""widget"":{""type"":""PRODUCT_DETAILS"",""viewType"":""SPEC_DETAILS_COLLAPSED"",""data"":{""listingManufacturerInfo"":null,""renderableComponent"":{""action"":null,""metaData"":null,""rcType"":null,""tracking"":null,""trackingData"":null,""value"":{""type"":""ProductDetailValue"",""collapsed"":true,""details"":""PRODUCT STORY: Crafted with fine technology and futuristic design, PUMA shoe is surely here to uplift your style and track games. Kick off on street and field in this shoe from the worlds leading and much loved sports brand, PUMA."",""specification"":[{""name"":""Brand"",""values"":[""PUMA""]},{""name"":""Brand Color"",""values"":[""Frosty Pink-Cool Mid Grey-White""]},{""name"":""Color"",""values"":[""Pink""]},{""name"":""Outer material"",""values"":[""Synthetic""]},{""name"":""Model name"",""values"":[""Celi Womens""]},{""name"":""Ideal for"",""values"":[""Women""]},{""name"":""Occasion"",""values"":[""Casual""]},{""name"":""Type For Casual"",""values"":[""Sneakers""]},{""name"":""Net Quantity"",""values"":[""1""]},{""name"":""Warranty service type"",""values"":[""Customer Support - https://pumaindiapvtltd2.my.site.com/contactsupport/s/contactsupport""]},{""name"":""Shoe Type"",""values"":[""Sneakers""]},{""name"":""Size"",""values"":[""6 UK/India""]},{""name"":""UK/India Size"",""values"":[""6""]},{""name"":""Euro Size"",""values"":[""39""]},{""name"":""Sole material"",""values"":[""Rubber""]},{""name"":""Sales package"",""values"":[""1 pair of shoe""]},{""name"":""pack of"",""values"":[""1""]},{""name"":""Tip shape"",""values"":[""Round""]},{""name"":""Article Number"",""values"":[""39465301""]},{""name"":""Care instructions"",""values"":[""wipe with clean and dry cloth""]},{""name"":""Heel Height"",""values"":[""0 inch""]}]}}},""header"":{""action"":null,""metaData"":null,""rcType"":null,""tracking"":null,""trackingData"":null,""value"":{""type"":""HeaderValue"",""abbSubHeader"":null,""actionButton"":null,""actionButtonArrowEnable"":null,""actionButtonChevronImageUrl"":null,""actionButtonEnable"":null,""actionButtonTextValue"":null,""animation"":null,""backButtonEnable"":null,""backgroundDetails"":null,""bgColor"":null,""chevronButton"":null,""collapsed"":false,""collapsible"":false,""headerDetailsValue"":null,""headerMinorInfo"":null,""iconAnimation"":null,""imageValue"":null,""referenceImageValue"":null,""richTextAndImageActionButton"":null,""showActionButton"":false,""showHeader"":true,""subTitleValue"":null,""tags"":null,""timerValue"":null,""titleValue"":{""type"":""TitleValue"",""image"":null,""style"":null,""subText"":null,""text"":""Product Details""},""viewAllImageUrl"":null}},""footer"":{""action"":{""constraints"":null,""customTrackingEvents"":null,""fallback"":null,""loginType"":""LOGIN_NOT_REQUIRED"",""nonWidgetizeRedirection"":null,""omnitureData"":null,""omnitureTracking"":null,""originalUrl"":null,""params"":{""productId"":""SHOGQANYFB73PUGZ"",""screenName"":""PRODUCT_STATIC_DETAIL_PAGE"",""tracking"":{},""url"":""/puma-celi-womens-sneakers-women/p/itm80e96a63775fd/specifications?pid=SHOGQANYFB73PUGZ&marketplace=FLIPKART""},""requiredPermissionType"":null,""screenType"":null,""storeValue"":{},""subType"":null,""tracking"":{},""triggerExtraStandardEvents"":null,""type"":""NAVIGATION"",""url"":""/puma-celi-womens-sneakers-women/p/itm80e96a63775fd/specifications?pid=SHOGQANYFB73PUGZ&marketplace=FLIPKART"",""validationMeta"":null,""widgetTracking"":null,""widgetizedActions"":null},""metaData"":null,""rcType"":null,""tracking"":null,""trackingData"":null,""value"":{""type"":""FooterValue"",""actionButtons"":null,""footerData"":null,""footerDetailsValue"":null,""footerViewType"":null,""imageValue"":null,""subTitleValue"":null,""timerValue"":null,""titleValue"":{""type"":""TitleValue"",""image"":null,""style"":null,""subText"":null,""text"":""All Details""}}},""params"":{},""tracking"":{""impressionId"":""24.PRODUCT_DETAILS.SHOGQANYFB73PUGZ.83874ae1-0f63-40d1-8012-99cac779fd4d"",""productId"":""SHOGQANYFB73PUGZ"",""pageFetchId"":""PP.83874ae1-0f63-40d1-8012-99cac779fd4d"",""widgetKey"":""PRODUCT_DETAILS"",""position"":""24""}}},{""slotType"":""LOGICAL"",""id"":10008,""parentId"":10006,""layoutParams"":{""margin"":""0,24,0,0"",""orientation"":""""},""childArrangement"":""ADJACENT""},{""slotType"":""WIDGET"",""id"":29,""parentId"":10006,""layoutParams"":{""orientation"":"""",""widgetHeight"":150,""widgetWidth"":12},""dataId"":""740876917"",""elementId"":""29-COMPOSED_RATING_REVIEW"",""hasWidgetDataChanged"":true,""ttl"":3000,""widget"":{""type"":""COMPOSED_RATING_REVIEW"",""viewType"":""LIFESTYLE"",""widgetAttributes"":{""addStrokeColor"":null,""backgroundDotColor"":null,""backgroundImage"":null,""bleedingColor"":null,""childFraction"":null,""contentBeginningIndex"":null,""displayItemSeparator"":false,""displayViewAll"":false,""dotSpacingBottom"":null,""elementSeparatorImage"":null,""hiddenWidget"":null,""hideWidgetSeparator"":false,""maxItemsPerRow"":null,""media"":null,""selectedDotColor"":null,""showShadowForComponent"":null,""skin"":null,""skinType"":null,""slotDirection"":null,""stopBleedingColor"":null,""strokeColor"":null,""strokeWidth"":null,""themeAttributes"":null,""unselectedDotColor"":null,""video"":null,""viewType"":null,""widgetBleedingColor"":null,""widgetPrimaryColor"":null,""widgetSecondaryColor"":null,""widgetStopBleedingColor"":null,""widthPercentage"":null},""data"":{""ratingData"":{""header"":{""action"":null,""metaData"":null,""rcType"":null,""tracking"":null,""trackingData"":null,""value"":{""type"":""HeaderValue"",""abbSubHeader"":null,""actionButton"":null,""actionButtonArrowEnable"":null,""actionButtonChevronImageUrl"":null,""actionButtonEnable"":null,""actionButtonTextValue"":null,""animation"":null,""backButtonEnable"":null,""backgroundDetails"":null,""bgColor"":null,""chevronButton"":null,""collapsed"":false,""collapsible"":false,""headerDetailsValue"":null,""headerMinorInfo"":null,""iconAnimation"":null,""imageValue"":null,""referenceImageValue"":null,""richTextAndImageActionButton"":null,""showActionButton"":false,""showHeader"":true,""subTitleValue"":null,""tags"":null,""timerValue"":null,""titleValue"":{""type"":""TitleValue"",""image"":null,""style"":null,""subText"":null,""text"":""What our customers felt:""},""viewAllImageUrl"":null}},""rating"":{""action"":{""constraints"":null,""customTrackingEvents"":null,""fallback"":null,""loginType"":""LOGIN_NOT_REQUIRED"",""nonWidgetizeRedirection"":null,""omnitureData"":null,""omnitureTracking"":null,""originalUrl"":null,""params"":{""valid"":true,""fetchId"":null,""productId"":""SHOGQANYFB73PUGZ"",""marketplace"":""FLIPKART"",""vertical"":""WomenCasualShoeMisc"",""screenName"":""PRODUCT_REVIEW_PAGE"",""category"":""WomenFashionFootwear""},""requiredPermissionType"":null,""screenType"":""multiWidgetPage"",""storeValue"":{},""subType"":null,""tracking"":{},""triggerExtraStandardEvents"":null,""type"":""NAVIGATION"",""url"":""/puma-celi-womens-sneakers-women/product-reviews/itm80e96a63775fd?pid=SHOGQANYFB73PUGZ&mid=FLIPKART&cat=WomenFashionFootwear&vert=WomenCasualShoeMisc"",""validationMeta"":null,""widgetTracking"":null,""widgetizedActions"":null},""metaData"":null,""rcType"":null,""tracking"":null,""trackingData"":null,""value"":{""type"":""UgcRatingValue"",""average"":4.2,""base"":5,""histogram"":[44,18,40,140,356],""histogramBaseCount"":356,""histogramFeedbackList"":[{""feedbackPolarity"":""POSITIVE"",""percent"":90,""text"":""Positive feedback""},{""feedbackPolarity"":""NEGATIVE"",""percent"":10,""text"":""Negative feedback""}],""ratingCount"":598,""reviewCount"":20,""viewType"":""OVERALL_RATING_VIEW""}},""reviewButton"":{""action"":{""constraints"":[{""metaInfo"":{""openInBottomSheet"":""true"",""url"":""/login?type=mobile&sourceContext=rate_the_product""},""type"":""LOGIN""}],""customTrackingEvents"":null,""fallback"":null,""loginType"":""LEGACY_LOGIN"",""nonWidgetizeRedirection"":null,""omnitureData"":null,""omnitureTracking"":null,""originalUrl"":null,""params"":{""pid"":""SHOGQANYFB73PUGZ"",""screenName"":""WRITE_REVIEW"",""source"":""pp"",""openUploadImagesGalleryPage"":false,""url"":null},""requiredPermissionType"":null,""screenType"":""writeReviewProduct"",""storeValue"":{},""subType"":null,""tracking"":{},""triggerExtraStandardEvents"":null,""type"":""NAVIGATION"",""url"":""/puma-celi-womens-sneakers-women/write-review/itm80e96a63775fd?pid=SHOGQANYFB73PUGZ&source=pp"",""validationMeta"":null,""widgetTracking"":null,""widgetizedActions"":null},""metaData"":null,""rcType"":""RATING_REVIEW_BUTTON_RC"",""tracking"":null,""trackingData"":null,""value"":{""type"":""ButtonValue"",""title"":""Rate Product""}},""reviewersRecommendPercentage"":null,""scaleAspectComponentDivisions"":null,""scaleAspectComponents"":[],""sentimentAspectComponent"":{""action"":null,""metaData"":null,""rcType"":null,""tracking"":{""impressionId"":""83874ae1-0f63-40d1-8012-99cac779fd4d"",""contextType"":""page""},""trackingData"":null,""value"":{""type"":""SentimentAspectSummaryValue"",""negative"":[],""neutral"":[],""orderedSentiment"":[],""positive"":[{""action"":{""constraints"":null,""customTrackingEvents"":null,""fallback"":null,""loginType"":""LOGIN_NOT_REQUIRED"",""nonWidgetizeRedirection"":null,""omnitureData"":null,""omnitureTracking"":null,""originalUrl"":null,""params"":{""valid"":true,""aspectName"":""Look"",""fetchId"":""83874ae1-0f63-40d1-8012-99cac779fd4d.SHOGQANYFB73PUGZ"",""productId"":""SHOGQANYFB73PUGZ"",""marketplace"":""FLIPKART"",""aspectId"":""97651873-0240-4dfd-939f-d669e300cb00"",""vertical"":""WomenCasualShoeMisc"",""screenName"":""PRODUCT_REVIEW_PAGE"",""category"":""WomenFashionFootwear""},""requiredPermissionType"":null,""screenType"":""multiWidgetPage"",""storeValue"":{},""subType"":null,""tracking"":{},""triggerExtraStandardEvents"":null,""type"":""NAVIGATION"",""url"":""/puma-celi-womens-sneakers-women/product-reviews/itm80e96a63775fd?pid=SHOGQANYFB73PUGZ&aid=97651873-0240-4dfd-939f-d669e300cb00&mid=FLIPKART&fid=83874ae1-0f63-40d1-8012-99cac779fd4d.SHOGQANYFB73PUGZ&an=Look&cat=WomenFashionFootwear&vert=WomenCasualShoeMisc"",""validationMeta"":null,""widgetTracking"":null,""widgetizedActions"":null},""metaData"":null,""rcType"":null,""tracking"":null,""trackingData"":null,""value"":{""type"":""BaseAspectDetail"",""areAspectReviewsAvailable"":true,""aspectId"":""97651873-0240-4dfd-939f-d669e300cb00"",""aspectName"":""Look"",""aspectType"":""SENTIMENT"",""ratingCount"":null,""sentimentEmoji"":null,""sentimentText"":null}},{""action"":{""constraints"":null,""customTrackingEvents"":null,""fallback"":null,""loginType"":""LOGIN_NOT_REQUIRED"",""nonWidgetizeRedirection"":null,""omnitureData"":null,""omnitureTracking"":null,""originalUrl"":null,""params"":{""valid"":true,""aspectName"":""Colour"",""fetchId"":""83874ae1-0f63-40d1-8012-99cac779fd4d.SHOGQANYFB73PUGZ"",""productId"":""SHOGQANYFB73PUGZ"",""marketplace"":""FLIPKART"",""aspectId"":""78e9c887-e28e-42c4-bcca-180da5e2fb98"",""vertical"":""WomenCasualShoeMisc"",""screenName"":""PRODUCT_REVIEW_PAGE"",""category"":""WomenFashionFootwear""},""requiredPermissionType"":null,""screenType"":""multiWidgetPage"",""storeValue"":{},""subType"":null,""tracking"":{},""triggerExtraStandardEvents"":null,""type"":""NAVIGATION"",""url"":""/puma-celi-womens-sneakers-women/product-reviews/itm80e96a63775fd?pid=SHOGQANYFB73PUGZ&aid=78e9c887-e28e-42c4-bcca-180da5e2fb98&mid=FLIPKART&fid=83874ae1-0f63-40d1-8012-99cac779fd4d.SHOGQANYFB73PUGZ&an=Colour&cat=WomenFashionFootwear&vert=WomenCasualShoeMisc"",""validationMeta"":null,""widgetTracking"":null,""widgetizedActions"":null},""metaData"":null,""rcType"":null,""tracking"":null,""trackingData"":null,""value"":{""type"":""BaseAspectDetail"",""areAspectReviewsAvailable"":true,""aspectId"":""78e9c887-e28e-42c4-bcca-180da5e2fb98"",""aspectName"":""Colour"",""aspectType"":""SENTIMENT"",""ratingCount"":null,""sentimentEmoji"":null,""sentimentText"":null}},{""action"":{""constraints"":null,""customTrackingEvents"":null,""fallback"":null,""loginType"":""LOGIN_NOT_REQUIRED"",""nonWidgetizeRedirection"":null,""omnitureData"":null,""omnitureTracking"":null,""originalUrl"":null,""params"":{""valid"":true,""aspectName"":""Comfort"",""fetchId"":""83874ae1-0f63-40d1-8012-99cac779fd4d.SHOGQANYFB73PUGZ"",""productId"":""SHOGQANYFB73PUGZ"",""marketplace"":""FLIPKART"",""aspectId"":""8e753289-46af-43a4-9329-09117556fe1a"",""vertical"":""WomenCasualShoeMisc"",""screenName"":""PRODUCT_REVIEW_PAGE"",""category"":""WomenFashionFootwear""},""requiredPermissionType"":null,""screenType"":""multiWidgetPage"",""storeValue"":{},""subType"":null,""tracking"":{},""triggerExtraStandardEvents"":null,""type"":""NAVIGATION"",""url"":""/puma-celi-womens-sneakers-women/product-reviews/itm80e96a63775fd?pid=SHOGQANYFB73PUGZ&aid=8e753289-46af-43a4-9329-09117556fe1a&mid=FLIPKART&fid=83874ae1-0f63-40d1-8012-99cac779fd4d.SHOGQANYFB73PUGZ&an=Comfort&cat=WomenFashionFootwear&vert=WomenCasualShoeMisc"",""validationMeta"":null,""widgetTracking"":null,""widgetizedActions"":null},""metaData"":null,""rcType"":null,""tracking"":null,""trackingData"":null,""value"":{""type"":""BaseAspectDetail"",""areAspectReviewsAvailable"":true,""aspectId"":""8e753289-46af-43a4-9329-09117556fe1a"",""aspectName"":""Comfort"",""aspectType"":""SENTIMENT"",""ratingCount"":null,""sentimentEmoji"":null,""sentimentText"":null}},{""action"":{""constraints"":null,""customTrackingEvents"":null,""fallback"":null,""loginType"":""LOGIN_NOT_REQUIRED"",""nonWidgetizeRedirection"":null,""omnitureData"":null,""omnitureTracking"":null,""originalUrl"":null,""params"":{""valid"":true,""aspectName"":""Material Quality"",""fetchId"":""83874ae1-0f63-40d1-8012-99cac779fd4d.SHOGQANYFB73PUGZ"",""productId"":""SHOGQANYFB73PUGZ"",""marketplace"":""FLIPKART"",""aspectId"":""6d3460f4-48ca-41a9-b8b7-6bbbc882c1ae"",""vertical"":""WomenCasualShoeMisc"",""screenName"":""PRODUCT_REVIEW_PAGE"",""category"":""WomenFashionFootwear""},""requiredPermissionType"":null,""screenType"":""multiWidgetPage"",""storeValue"":{},""subType"":null,""tracking"":{},""triggerExtraStandardEvents"":null,""type"":""NAVIGATION"",""url"":""/puma-celi-womens-sneakers-women/product-reviews/itm80e96a63775fd?pid=SHOGQANYFB73PUGZ&aid=6d3460f4-48ca-41a9-b8b7-6bbbc882c1ae&mid=FLIPKART&fid=83874ae1-0f63-40d1-8012-99cac779fd4d.SHOGQANYFB73PUGZ&an=Material Quality&cat=WomenFashionFootwear&vert=WomenCasualShoeMisc"",""validationMeta"":null,""widgetTracking"":null,""widgetizedActions"":null},""metaData"":null,""rcType"":null,""tracking"":null,""trackingData"":null,""value"":{""type"":""BaseAspectDetail"",""areAspectReviewsAvailable"":true,""aspectId"":""6d3460f4-48ca-41a9-b8b7-6bbbc882c1ae"",""aspectName"":""Material Quality"",""aspectType"":""SENTIMENT"",""ratingCount"":null,""sentimentEmoji"":null,""sentimentText"":null}},{""action"":{""constraints"":null,""customTrackingEvents"":null,""fallback"":null,""loginType"":""LOGIN_NOT_REQUIRED"",""nonWidgetizeRedirection"":null,""omnitureData"":null,""omnitureTracking"":null,""originalUrl"":null,""params"":{""valid"":true,""aspectName"":""Light Weight"",""fetchId"":""83874ae1-0f63-40d1-8012-99cac779fd4d.SHOGQANYFB73PUGZ"",""productId"":""SHOGQANYFB73PUGZ"",""marketplace"":""FLIPKART"",""aspectId"":""da12838a-753e-45e5-b0b6-b30d09365a4f"",""vertical"":""WomenCasualShoeMisc"",""screenName"":""PRODUCT_REVIEW_PAGE"",""category"":""WomenFashionFootwear""},""requiredPermissionType"":null,""screenType"":""multiWidgetPage"",""storeValue"":{},""subType"":null,""tracking"":{},""triggerExtraStandardEvents"":null,""type"":""NAVIGATION"",""url"":""/puma-celi-womens-sneakers-women/product-reviews/itm80e96a63775fd?pid=SHOGQANYFB73PUGZ&aid=da12838a-753e-45e5-b0b6-b30d09365a4f&mid=FLIPKART&fid=83874ae1-0f63-40d1-8012-99cac779fd4d.SHOGQANYFB73PUGZ&an=Light Weight&cat=WomenFashionFootwear&vert=WomenCasualShoeMisc"",""validationMeta"":null,""widgetTracking"":null,""widgetizedActions"":null},""metaData"":null,""rcType"":null,""tracking"":null,""trackingData"":null,""value"":{""type"":""BaseAspectDetail"",""areAspectReviewsAvailable"":true,""aspectId"":""da12838a-753e-45e5-b0b6-b30d09365a4f"",""aspectName"":""Light Weight"",""aspectType"":""SENTIMENT"",""ratingCount"":null,""sentimentEmoji"":null,""sentimentText"":null}},{""action"":{""constraints"":null,""customTrackingEvents"":null,""fallback"":null,""loginType"":""LOGIN_NOT_REQUIRED"",""nonWidgetizeRedirection"":null,""omnitureData"":null,""omnitureTracking"":null,""originalUrl"":null,""params"":{""valid"":true,""aspectName"":""True to Specs"",""fetchId"":""83874ae1-0f63-40d1-8012-99cac779fd4d.SHOGQANYFB73PUGZ"",""productId"":""SHOGQANYFB73PUGZ"",""marketplace"":""FLIPKART"",""aspectId"":""038365de-1774-43bd-89c0-3573e72bc8d7"",""vertical"":""WomenCasualShoeMisc"",""screenName"":""PRODUCT_REVIEW_PAGE"",""category"":""WomenFashionFootwear""},""requiredPermissionType"":null,""screenType"":""multiWidgetPage"",""storeValue"":{},""subType"":null,""tracking"":{},""triggerExtraStandardEvents"":null,""type"":""NAVIGATION"",""url"":""/puma-celi-womens-sneakers-women/product-reviews/itm80e96a63775fd?pid=SHOGQANYFB73PUGZ&aid=038365de-1774-43bd-89c0-3573e72bc8d7&mid=FLIPKART&fid=83874ae1-0f63-40d1-8012-99cac779fd4d.SHOGQANYFB73PUGZ&an=True to Specs&cat=WomenFashionFootwear&vert=WomenCasualShoeMisc"",""validationMeta"":null,""widgetTracking"":null,""widgetizedActions"":null},""metaData"":null,""rcType"":null,""tracking"":null,""trackingData"":null,""value"":{""type"":""BaseAspectDetail"",""areAspectReviewsAvailable"":true,""aspectId"":""038365de-1774-43bd-89c0-3573e72bc8d7"",""aspectName"":""True to Specs"",""aspectType"":""SENTIMENT"",""ratingCount"":null,""sentimentEmoji"":null,""sentimentText"":null}}]}},""trustImprovementCallout"":null},""reviewData"":{""renderableComponents"":[{""action"":null,""metaData"":null,""rcType"":null,""tracking"":{""impressionId"":""83874ae1-0f63-40d1-8012-99cac779fd4d"",""otracker"":""1"",""reviewLanguage"":""en"",""position"":""1"",""contextType"":""page""},""trackingData"":null,""value"":{""type"":""ProductReviewValue"",""author"":""Anita Gurung"",""certifiedBuyer"":true,""created"":""Apr, 2024"",""downvote"":{""action"":{""constraints"":[{""metaInfo"":{""openInBottomSheet"":""true"",""url"":""/login?type=mobile&sourceContext=review_vote""},""type"":""LOGIN""}],""customTrackingEvents"":null,""fallback"":null,""loginType"":""LEGACY_LOGIN"",""nonWidgetizeRedirection"":null,""omnitureData"":null,""omnitureTracking"":null,""originalUrl"":null,""params"":{""reviewDomain"":""PRODUCT"",""reviewLanguage"":""en"",""source"":""pp"",""reviewId"":""b24e234a-7919-499d-9c5a-22156d3be1cc"",""vote"":""DOWN""},""requiredPermissionType"":null,""screenType"":null,""storeValue"":{},""subType"":null,""tracking"":{},""triggerExtraStandardEvents"":null,""type"":""REVIEW_VOTE"",""url"":null,""validationMeta"":null,""widgetTracking"":null,""widgetizedActions"":null},""metaData"":null,""rcType"":null,""tracking"":null,""trackingData"":null,""value"":{""type"":""VoteValue"",""count"":7,""isSelected"":false}},""helpfulCount"":9,""id"":""b24e234a-7919-499d-9c5a-22156d3be1cc"",""images"":[{""action"":{""constraints"":null,""customTrackingEvents"":null,""fallback"":null,""loginType"":""LOGIN_NOT_REQUIRED"",""nonWidgetizeRedirection"":null,""omnitureData"":null,""omnitureTracking"":null,""originalUrl"":""/review-image-fullscreen?pid=SHOGQANYBDTKDCZS&imageId=blobio-imr_e6582036a44744109cc9b95ab2f644a2.jpg&reviewReferenceId=SHOGQANYBDTKDCZS:2&language=en"",""params"":{""imageId"":""blobio-imr_e6582036a44744109cc9b95ab2f644a2.jpg"",""imagesShown"":1,""screenName"":""productReviewFullScreenPage"",""horizontallyPaginated"":true,""paginationUrl"":""/review-image-grid?pid=SHOGQANYBDTKDCZS&reviewId=b24e234a-7919-499d-9c5a-22156d3be1cc&reviewReferenceId=SHOGQANYBDTKDCZS:2"",""totalImageCount"":1},""requiredPermissionType"":null,""screenType"":""multiWidgetPage"",""storeValue"":{},""subType"":null,""tracking"":{},""triggerExtraStandardEvents"":null,""type"":""NAVIGATION"",""url"":""/review-image-fullscreen?pid=SHOGQANYBDTKDCZS&imageId=blobio-imr_e6582036a44744109cc9b95ab2f644a2.jpg&reviewReferenceId=SHOGQANYBDTKDCZS:2&language=en"",""validationMeta"":null,""widgetTracking"":null,""widgetizedActions"":null},""metaData"":null,""rcType"":null,""tracking"":null,""trackingData"":null,""value"":{""type"":""ReviewImage"",""imageId"":""blobio-imr_e6582036a44744109cc9b95ab2f644a2.jpg"",""imageURL"":""http://rukmini1.flixcart.com/blobio/{@width}/{@height}/imr/blobio-imr_e6582036a44744109cc9b95ab2f644a2.jpg?q={@quality}"",""viewType"":""DEFAULT_VIEW""}}],""location"":{""type"":""Location"",""city"":""Namchi"",""state"":""Sikkim""},""media"":null,""productAttribute"":null,""productAttributeList"":null,""rating"":4,""ratingDetails"":null,""reportAbuse"":{""action"":{""constraints"":[{""metaInfo"":{""openInBottomSheet"":""true"",""url"":""/login?type=mobile&sourceContext=review_report_abuse""},""type"":""LOGIN""}],""customTrackingEvents"":null,""fallback"":null,""loginType"":""LEGACY_LOGIN"",""nonWidgetizeRedirection"":null,""omnitureData"":null,""omnitureTracking"":null,""originalUrl"":null,""params"":{""reviewDomain"":""PRODUCT"",""reviewLanguage"":""en"",""source"":""pp"",""reviewId"":""b24e234a-7919-499d-9c5a-22156d3be1cc"",""vote"":""ABUSE""},""requiredPermissionType"":null,""screenType"":null,""storeValue"":{},""subType"":null,""tracking"":{},""triggerExtraStandardEvents"":null,""type"":""REVIEW_VOTE"",""url"":null,""validationMeta"":null,""widgetTracking"":null,""widgetizedActions"":null},""metaData"":null,""rcType"":null,""tracking"":null,""trackingData"":null,""value"":{""type"":""VoteValue"",""count"":0,""isSelected"":false}},""reviewPropertyMap"":{""CERTIFIED_BUYER"":true},""reviewTypeDisplayText"":null,""text"":""Nice and very comfortable you can buy it"",""title"":""Good choice"",""totalCount"":16,""upvote"":{""action"":{""constraints"":[{""metaInfo"":{""openInBottomSheet"":""true"",""url"":""/login?type=mobile&sourceContext=review_vote""},""type"":""LOGIN""}],""customTrackingEvents"":null,""fallback"":null,""loginType"":""LEGACY_LOGIN"",""nonWidgetizeRedirection"":null,""omnitureData"":null,""omnitureTracking"":null,""originalUrl"":null,""params"":{""reviewDomain"":""PRODUCT"",""reviewLanguage"":""en"",""source"":""pp"",""reviewId"":""b24e234a-7919-499d-9c5a-22156d3be1cc"",""vote"":""UP""},""requiredPermissionType"":null,""screenType"":null,""storeValue"":{},""subType"":null,""tracking"":{},""triggerExtraStandardEvents"":null,""type"":""REVIEW_VOTE"",""url"":null,""validationMeta"":null,""widgetTracking"":null,""widgetizedActions"":null},""metaData"":null,""rcType"":null,""tracking"":null,""trackingData"":null,""value"":{""type"":""VoteValue"",""count"":9,""isSelected"":false}},""url"":""/reviews/SHOGQANYBDTKDCZS:2?reviewId=b24e234a-7919-499d-9c5a-22156d3be1cc"",""userBadge"":null}},{""action"":null,""metaData"":null,""rcType"":null,""tracking"":{""impressionId"":""83874ae1-0f63-40d1-8012-99cac779fd4d"",""otracker"":""2"",""reviewLanguage"":""en"",""position"":""2"",""contextType"":""page""},""trackingData"":null,""value"":{""type"":""ProductReviewValue"",""author"":""Jeeva V.L"",""certifiedBuyer"":true,""created"":""May, 2024"",""downvote"":{""action"":{""constraints"":[{""metaInfo"":{""openInBottomSheet"":""true"",""url"":""/login?type=mobile&sourceContext=review_vote""},""type"":""LOGIN""}],""customTrackingEvents"":null,""fallback"":null,""loginType"":""LEGACY_LOGIN"",""nonWidgetizeRedirection"":null,""omnitureData"":null,""omnitureTracking"":null,""originalUrl"":null,""params"":{""reviewDomain"":""PRODUCT"",""reviewLanguage"":""en"",""source"":""pp"",""reviewId"":""b4790183-6a2a-4ed7-9acf-1b1c9488dd83"",""vote"":""DOWN""},""requiredPermissionType"":null,""screenType"":null,""storeValue"":{},""subType"":null,""tracking"":{},""triggerExtraStandardEvents"":null,""type"":""REVIEW_VOTE"",""url"":null,""validationMeta"":null,""widgetTracking"":null,""widgetizedActions"":null},""metaData"":null,""rcType"":null,""tracking"":null,""trackingData"":null,""value"":{""type"":""VoteValue"",""count"":2,""isSelected"":false}},""helpfulCount"":5,""id"":""b4790183-6a2a-4ed7-9acf-1b1c9488dd83"",""images"":[],""location"":{""type"":""Location"",""city"":""Kannanoor"",""state"":""Tamil Nadu""},""media"":null,""productAttribute"":null,""productAttributeList"":null,""rating"":5,""ratingDetails"":null,""reportAbuse"":{""action"":{""constraints"":[{""metaInfo"":{""openInBottomSheet"":""true"",""url"":""/login?type=mobile&sourceContext=review_report_abuse""},""type"":""LOGIN""}],""customTrackingEvents"":null,""fallback"":null,""loginType"":""LEGACY_LOGIN"",""nonWidgetizeRedirection"":null,""omnitureData"":null,""omnitureTracking"":null,""originalUrl"":null,""params"":{""reviewDomain"":""PRODUCT"",""reviewLanguage"":""en"",""source"":""pp"",""reviewId"":""b4790183-6a2a-4ed7-9acf-1b1c9488dd83"",""vote"":""ABUSE""},""requiredPermissionType"":null,""screenType"":null,""storeValue"":{},""subType"":null,""tracking"":{},""triggerExtraStandardEvents"":null,""type"":""REVIEW_VOTE"",""url"":null,""validationMeta"":null,""widgetTracking"":null,""widgetizedActions"":null},""metaData"":null,""rcType"":null,""tracking"":null,""trackingData"":null,""value"":{""type"":""VoteValue"",""count"":0,""isSelected"":false}},""reviewPropertyMap"":{""CERTIFIED_BUYER"":true},""reviewTypeDisplayText"":null,""text"":""Good"",""title"":""Must buy!"",""totalCount"":7,""upvote"":{""action"":{""constraints"":[{""metaInfo"":{""openInBottomSheet"":""true"",""url"":""/login?type=mobile&sourceContext=review_vote""},""type"":""LOGIN""}],""customTrackingEvents"":null,""fallback"":null,""loginType"":""LEGACY_LOGIN"",""nonWidgetizeRedirection"":null,""omnitureData"":null,""omnitureTracking"":null,""originalUrl"":null,""params"":{""reviewDomain"":""PRODUCT"",""reviewLanguage"":""en"",""source"":""pp"",""reviewId"":""b4790183-6a2a-4ed7-9acf-1b1c9488dd83"",""vote"":""UP""},""requiredPermissionType"":null,""screenType"":null,""storeValue"":{},""subType"":null,""tracking"":{},""triggerExtraStandardEvents"":null,""type"":""REVIEW_VOTE"",""url"":null,""validationMeta"":null,""widgetTracking"":null,""widgetizedActions"":null},""metaData"":null,""rcType"":null,""tracking"":null,""trackingData"":null,""value"":{""type"":""VoteValue"",""count"":5,""isSelected"":false}},""url"":""/reviews/SHOGQANYBDTKDCZS:3?reviewId=b4790183-6a2a-4ed7-9acf-1b1c9488dd83"",""userBadge"":null}},{""action"":null,""metaData"":null,""rcType"":null,""tracking"":{""impressionId"":""83874ae1-0f63-40d1-8012-99cac779fd4d"",""otracker"":""3"",""reviewLanguage"":""en"",""position"":""3"",""contextType"":""page""},""trackingData"":null,""value"":{""type"":""ProductReviewValue"",""author"":""Aswathy Mohan"",""certifiedBuyer"":true,""created"":""10 months ago"",""downvote"":{""action"":{""constraints"":[{""metaInfo"":{""openInBottomSheet"":""true"",""url"":""/login?type=mobile&sourceContext=review_vote""},""type"":""LOGIN""}],""customTrackingEvents"":null,""fallback"":null,""loginType"":""LEGACY_LOGIN"",""nonWidgetizeRedirection"":null,""omnitureData"":null,""omnitureTracking"":null,""originalUrl"":null,""params"":{""reviewDomain"":""PRODUCT"",""reviewLanguage"":""en"",""source"":""pp"",""reviewId"":""07fae06b-5e11-433f-8e46-ca4ea0c5b45a"",""vote"":""DOWN""},""requiredPermissionType"":null,""screenType"":null,""storeValue"":{},""subType"":null,""tracking"":{},""triggerExtraStandardEvents"":null,""type"":""REVIEW_VOTE"",""url"":null,""validationMeta"":null,""widgetTracking"":null,""widgetizedActions"":null},""metaData"":null,""rcType"":null,""tracking"":null,""trackingData"":null,""value"":{""type"":""VoteValue"",""count"":0,""isSelected"":false}},""helpfulCount"":1,""id"":""07fae06b-5e11-433f-8e46-ca4ea0c5b45a"",""images"":[{""action"":{""constraints"":null,""customTrackingEvents"":null,""fallback"":null,""loginType"":""LOGIN_NOT_REQUIRED"",""nonWidgetizeRedirection"":null,""omnitureData"":null,""omnitureTracking"":null,""originalUrl"":""/review-image-fullscreen?pid=SHOGQANYFB73PUGZ&imageId=blobio-imr_87548e901b18461898b91b6dc65283c4.jpg&reviewReferenceId=SHOGQANYFB73PUGZ:3&language=en"",""params"":{""imageId"":""blobio-imr_87548e901b18461898b91b6dc65283c4.jpg"",""imagesShown"":1,""screenName"":""productReviewFullScreenPage"",""horizontallyPaginated"":true,""paginationUrl"":""/review-image-grid?pid=SHOGQANYFB73PUGZ&reviewId=07fae06b-5e11-433f-8e46-ca4ea0c5b45a&reviewReferenceId=SHOGQANYFB73PUGZ:3"",""totalImageCount"":1},""requiredPermissionType"":null,""screenType"":""multiWidgetPage"",""storeValue"":{},""subType"":null,""tracking"":{},""triggerExtraStandardEvents"":null,""type"":""NAVIGATION"",""url"":""/review-image-fullscreen?pid=SHOGQANYFB73PUGZ&imageId=blobio-imr_87548e901b18461898b91b6dc65283c4.jpg&reviewReferenceId=SHOGQANYFB73PUGZ:3&language=en"",""validationMeta"":null,""widgetTracking"":null,""widgetizedActions"":null},""metaData"":null,""rcType"":null,""tracking"":null,""trackingData"":null,""value"":{""type"":""ReviewImage"",""imageId"":""blobio-imr_87548e901b18461898b91b6dc65283c4.jpg"",""imageURL"":""http://rukmini1.flixcart.com/blobio/{@width}/{@height}/imr/blobio-imr_87548e901b18461898b91b6dc65283c4.jpg?q={@quality}"",""viewType"":""DEFAULT_VIEW""}}],""location"":{""type"":""Location"",""city"":""Kottayam District"",""state"":""Kerala""},""media"":null,""productAttribute"":null,""productAttributeList"":null,""rating"":5,""ratingDetails"":null,""reportAbuse"":{""action"":{""constraints"":[{""metaInfo"":{""openInBottomSheet"":""true"",""url"":""/login?type=mobile&sourceContext=review_report_abuse""},""type"":""LOGIN""}],""customTrackingEvents"":null,""fallback"":null,""loginType"":""LEGACY_LOGIN"",""nonWidgetizeRedirection"":null,""omnitureData"":null,""omnitureTracking"":null,""originalUrl"":null,""params"":{""reviewDomain"":""PRODUCT"",""reviewLanguage"":""en"",""source"":""pp"",""reviewId"":""07fae06b-5e11-433f-8e46-ca4ea0c5b45a"",""vote"":""ABUSE""},""requiredPermissionType"":null,""screenType"":null,""storeValue"":{},""subType"":null,""tracking"":{},""triggerExtraStandardEvents"":null,""type"":""REVIEW_VOTE"",""url"":null,""validationMeta"":null,""widgetTracking"":null,""widgetizedActions"":null},""metaData"":null,""rcType"":null,""tracking"":null,""trackingData"":null,""value"":{""type"":""VoteValue"",""count"":0,""isSelected"":false}},""reviewPropertyMap"":{""CERTIFIED_BUYER"":true},""reviewTypeDisplayText"":null,""text"":""Good one"",""title"":""Terrific"",""totalCount"":1,""upvote"":{""action"":{""constraints"":[{""metaInfo"":{""openInBottomSheet"":""true"",""url"":""/login?type=mobile&sourceContext=review_vote""},""type"":""LOGIN""}],""customTrackingEvents"":null,""fallback"":null,""loginType"":""LEGACY_LOGIN"",""nonWidgetizeRedirection"":null,""omnitureData"":null,""omnitureTracking"":null,""originalUrl"":null,""params"":{""reviewDomain"":""PRODUCT"",""reviewLanguage"":""en"",""source"":""pp"",""reviewId"":""07fae06b-5e11-433f-8e46-ca4ea0c5b45a"",""vote"":""UP""},""requiredPermissionType"":null,""screenType"":null,""storeValue"":{},""subType"":null,""tracking"":{},""triggerExtraStandardEvents"":null,""type"":""REVIEW_VOTE"",""url"":null,""validationMeta"":null,""widgetTracking"":null,""widgetizedActions"":null},""metaData"":null,""rcType"":null,""tracking"":null,""trackingData"":null,""value"":{""type"":""VoteValue"",""count"":1,""isSelected"":false}},""url"":""/reviews/SHOGQANYFB73PUGZ:3?reviewId=07fae06b-5e11-433f-8e46-ca4ea0c5b45a"",""userBadge"":null}}]},""reviewImageData"":{""header"":{""action"":null,""metaData"":null,""rcType"":null,""tracking"":null,""trackingData"":null,""value"":{""type"":""HeaderValue"",""abbSubHeader"":null,""actionButton"":null,""actionButtonArrowEnable"":null,""actionButtonChevronImageUrl"":null,""actionButtonEnable"":null,""actionButtonTextValue"":null,""animation"":null,""backButtonEnable"":null,""backgroundDetails"":null,""bgColor"":null,""chevronButton"":null,""collapsed"":false,""collapsible"":false,""headerDetailsValue"":null,""headerMinorInfo"":null,""iconAnimation"":null,""imageValue"":null,""referenceImageValue"":null,""richTextAndImageActionButton"":null,""showActionButton"":false,""showHeader"":true,""subTitleValue"":null,""tags"":null,""timerValue"":null,""titleValue"":{""type"":""TitleValue"",""image"":null,""style"":null,""subText"":null,""text"":""Images uploaded by customers:""},""viewAllImageUrl"":null}},""renderableComponents"":[{""action"":{""constraints"":null,""customTrackingEvents"":null,""fallback"":null,""loginType"":""LOGIN_NOT_REQUIRED"",""nonWidgetizeRedirection"":null,""omnitureData"":null,""omnitureTracking"":null,""originalUrl"":""/review-image-fullscreen?pid=SHOGQANYFB73PUGZ&imageId=blobio-imr_e6582036a44744109cc9b95ab2f644a2.jpg&reviewReferenceId=SHOGQANYBDTKDCZS:2&language=en"",""params"":{""imageId"":""blobio-imr_e6582036a44744109cc9b95ab2f644a2.jpg"",""imagesShown"":3,""SELECTED_PAGE_ID"":""/review-image-fullscreen?pid=SHOGQANYFB73PUGZ&imageId=blobio-imr_e6582036a44744109cc9b95ab2f644a2.jpg&reviewReferenceId=SHOGQANYBDTKDCZS:2&language=en"",""pageKey"":""blobio-imr_e6582036a44744109cc9b95ab2f644a2.jpg"",""screenName"":""productReviewFullScreenPage"",""horizontallyPaginated"":true,""paginationUrl"":""/review-image-grid?pid=SHOGQANYFB73PUGZ"",""totalImageCount"":3},""requiredPermissionType"":null,""screenType"":""multiWidgetPage"",""storeValue"":{},""subType"":null,""tracking"":{},""triggerExtraStandardEvents"":null,""type"":""NAVIGATION"",""url"":""/review-image-fullscreen?pid=SHOGQANYFB73PUGZ&imageId=blobio-imr_e6582036a44744109cc9b95ab2f644a2.jpg&reviewReferenceId=SHOGQANYBDTKDCZS:2&language=en"",""validationMeta"":null,""widgetTracking"":null,""widgetizedActions"":null},""metaData"":null,""rcType"":null,""tracking"":null,""trackingData"":null,""value"":{""type"":""ReviewImage"",""imageId"":""blobio-imr_e6582036a44744109cc9b95ab2f644a2.jpg"",""imageURL"":""http://rukmini1.flixcart.com/blobio/{@width}/{@height}/imr/blobio-imr_e6582036a44744109cc9b95ab2f644a2.jpg?q={@quality}"",""viewType"":""DEFAULT_VIEW""}},{""action"":{""constraints"":null,""customTrackingEvents"":null,""fallback"":null,""loginType"":""LOGIN_NOT_REQUIRED"",""nonWidgetizeRedirection"":null,""omnitureData"":null,""omnitureTracking"":null,""originalUrl"":""/review-image-fullscreen?pid=SHOGQANYFB73PUGZ&imageId=blobio-imr_87548e901b18461898b91b6dc65283c4.jpg&reviewReferenceId=SHOGQANYFB73PUGZ:3&language=en"",""params"":{""imageId"":""blobio-imr_87548e901b18461898b91b6dc65283c4.jpg"",""imagesShown"":3,""SELECTED_PAGE_ID"":""/review-image-fullscreen?pid=SHOGQANYFB73PUGZ&imageId=blobio-imr_87548e901b18461898b91b6dc65283c4.jpg&reviewReferenceId=SHOGQANYFB73PUGZ:3&language=en"",""pageKey"":""blobio-imr_87548e901b18461898b91b6dc65283c4.jpg"",""screenName"":""productReviewFullScreenPage"",""horizontallyPaginated"":true,""paginationUrl"":""/review-image-grid?pid=SHOGQANYFB73PUGZ"",""totalImageCount"":3},""requiredPermissionType"":null,""screenType"":""multiWidgetPage"",""storeValue"":{},""subType"":null,""tracking"":{},""triggerExtraStandardEvents"":null,""type"":""NAVIGATION"",""url"":""/review-image-fullscreen?pid=SHOGQANYFB73PUGZ&imageId=blobio-imr_87548e901b18461898b91b6dc65283c4.jpg&reviewReferenceId=SHOGQANYFB73PUGZ:3&language=en"",""validationMeta"":null,""widgetTracking"":null,""widgetizedActions"":null},""metaData"":null,""rcType"":null,""tracking"":null,""trackingData"":null,""value"":{""type"":""ReviewImage"",""imageId"":""blobio-imr_87548e901b18461898b91b6dc65283c4.jpg"",""imageURL"":""http://rukmini1.flixcart.com/blobio/{@width}/{@height}/imr/blobio-imr_87548e901b18461898b91b6dc65283c4.jpg?q={@quality}"",""viewType"":""DEFAULT_VIEW""}},{""action"":{""constraints"":null,""customTrackingEvents"":null,""fallback"":null,""loginType"":""LOGIN_NOT_REQUIRED"",""nonWidgetizeRedirection"":null,""omnitureData"":null,""omnitureTracking"":null,""originalUrl"":""/review-image-fullscreen?pid=SHOGQANYFB73PUGZ&imageId=blobio-imr_4c8dd18bb16c41c89ecc4a54700d758b.jpg&reviewReferenceId=SHOGQANYTJ4EXDVZ:5&language=en"",""params"":{""imageId"":""blobio-imr_4c8dd18bb16c41c89ecc4a54700d758b.jpg"",""imagesShown"":3,""SELECTED_PAGE_ID"":""/review-image-fullscreen?pid=SHOGQANYFB73PUGZ&imageId=blobio-imr_4c8dd18bb16c41c89ecc4a54700d758b.jpg&reviewReferenceId=SHOGQANYTJ4EXDVZ:5&language=en"",""pageKey"":""blobio-imr_4c8dd18bb16c41c89ecc4a54700d758b.jpg"",""screenName"":""productReviewFullScreenPage"",""horizontallyPaginated"":true,""paginationUrl"":""/review-image-grid?pid=SHOGQANYFB73PUGZ"",""totalImageCount"":3},""requiredPermissionType"":null,""screenType"":""multiWidgetPage"",""storeValue"":{},""subType"":null,""tracking"":{},""triggerExtraStandardEvents"":null,""type"":""NAVIGATION"",""url"":""/review-image-fullscreen?pid=SHOGQANYFB73PUGZ&imageId=blobio-imr_4c8dd18bb16c41c89ecc4a54700d758b.jpg&reviewReferenceId=SHOGQANYTJ4EXDVZ:5&language=en"",""validationMeta"":null,""widgetTracking"":null,""widgetizedActions"":null},""metaData"":null,""rcType"":null,""tracking"":null,""trackingData"":null,""value"":{""type"":""ReviewImage"",""imageId"":""blobio-imr_4c8dd18bb16c41c89ecc4a54700d758b.jpg"",""imageURL"":""http://rukmini1.flixcart.com/blobio/{@width}/{@height}/imr/blobio-imr_4c8dd18bb16c41c89ecc4a54700d758b.jpg?q={@quality}""}}]}},""header"":{""action"":null,""metaData"":null,""rcType"":null,""tracking"":null,""trackingData"":null,""value"":{""type"":""HeaderValue"",""abbSubHeader"":null,""actionButton"":{""action"":{""constraints"":[{""metaInfo"":{""openInBottomSheet"":""true"",""url"":""/login?type=mobile&sourceContext=rate_the_product""},""type"":""LOGIN""}],""customTrackingEvents"":null,""fallback"":null,""loginType"":""LEGACY_LOGIN"",""nonWidgetizeRedirection"":null,""omnitureData"":null,""omnitureTracking"":null,""originalUrl"":null,""params"":{""pid"":""SHOGQANYFB73PUGZ"",""screenName"":""WRITE_REVIEW"",""source"":""pp"",""openUploadImagesGalleryPage"":false},""requiredPermissionType"":null,""screenType"":""writeReviewProduct"",""storeValue"":{},""subType"":null,""tracking"":{},""triggerExtraStandardEvents"":null,""type"":""NAVIGATION"",""url"":""/puma-celi-womens-sneakers-women/write-review/itm80e96a63775fd?pid=SHOGQANYFB73PUGZ&source=pp"",""validationMeta"":null,""widgetTracking"":null,""widgetizedActions"":null},""metaData"":null,""rcType"":""RATING_REVIEW_BUTTON_RC"",""tracking"":null,""trackingData"":null,""value"":{""type"":""ButtonValue"",""title"":""Rate Product""}},""actionButtonArrowEnable"":null,""actionButtonChevronImageUrl"":null,""actionButtonEnable"":null,""actionButtonTextValue"":null,""animation"":null,""backButtonEnable"":null,""backgroundDetails"":null,""bgColor"":null,""chevronButton"":null,""collapsed"":false,""collapsible"":false,""headerDetailsValue"":null,""headerMinorInfo"":null,""iconAnimation"":null,""imageValue"":null,""referenceImageValue"":null,""richTextAndImageActionButton"":null,""showActionButton"":false,""showHeader"":true,""subTitleValue"":null,""tags"":null,""timerValue"":null,""titleValue"":{""type"":""TitleValue"",""image"":null,""style"":null,""subText"":null,""text"":""Ratings & Reviews""},""viewAllImageUrl"":null}},""footer"":{""action"":{""constraints"":null,""customTrackingEvents"":null,""fallback"":null,""loginType"":""LOGIN_NOT_REQUIRED"",""nonWidgetizeRedirection"":null,""omnitureData"":null,""omnitureTracking"":null,""originalUrl"":null,""params"":{""marketplaceId"":""FLIPKART"",""fetchId"":""83874ae1-0f63-40d1-8012-99cac779fd4d"",""productId"":""SHOGQANYFB73PUGZ"",""vertical"":""WomenCasualShoeMisc"",""screenName"":""PRODUCT_REVIEW_PAGE"",""category"":""WomenFashionFootwear""},""requiredPermissionType"":null,""screenType"":""multiWidgetPage"",""storeValue"":{},""subType"":null,""tracking"":{""impressionId"":""83874ae1-0f63-40d1-8012-99cac779fd4d"",""contextType"":""page""},""triggerExtraStandardEvents"":null,""type"":""NAVIGATION"",""url"":""/puma-celi-womens-sneakers-women/product-reviews/itm80e96a63775fd?pid=SHOGQANYFB73PUGZ"",""validationMeta"":null,""widgetTracking"":null,""widgetizedActions"":null},""metaData"":null,""rcType"":null,""tracking"":null,""trackingData"":null,""value"":{""type"":""FooterValue"",""actionButtons"":null,""footerData"":null,""footerDetailsValue"":null,""footerViewType"":null,""imageValue"":null,""subTitleValue"":null,""timerValue"":null,""titleValue"":{""type"":""TitleValue"",""image"":null,""style"":null,""subText"":null,""text"":""All 20 reviews""}}},""params"":{},""tracking"":{""impressionId"":""29.COMPOSED_RATING_REVIEW.SHOGQANYFB73PUGZ.83874ae1-0f63-40d1-8012-99cac779fd4d"",""productId"":""SHOGQANYFB73PUGZ"",""pageFetchId"":""PP.83874ae1-0f63-40d1-8012-99cac779fd4d"",""widgetKey"":""COMPOSED_RATING_REVIEW"",""trackWidgetDwellTime"":""false"",""position"":""29""}}},{""slotType"":""WIDGET"",""id"":30,""parentId"":10006,""layoutParams"":{""layoutKey"":""LIFESTYLE"",""orientation"":"""",""widgetHeight"":150,""widgetWidth"":12},""dataId"":""1647825431"",""elementId"":""30-QNA"",""hasWidgetDataChanged"":true,""ttl"":30000,""widget"":{""type"":""QNA"",""viewType"":""LIFESTYLE"",""data"":{""postQuestionButton"":{""data"":[{""action"":{""constraints"":[{""metaInfo"":{""url"":""/login?type=mobile&sourceContext=default""},""type"":""LOGIN""}],""customTrackingEvents"":null,""fallback"":null,""loginType"":""LEGACY_LOGIN"",""nonWidgetizeRedirection"":null,""omnitureData"":null,""omnitureTracking"":null,""originalUrl"":""/puma-celi-womens-sneakers-women/write-question/itm80e96a63775fd?pid=SHOGQANYFB73PUGZ&lid=LSTSHOGQANYFB73PUGZD1ZEOT&marketplace=FLIPKART&store=osp%2Fiko&srno=b_15_561&otracker=browse&fm=organic&iid=en_vXCl6X7Zoly2o-ZSBHC_VUkVU5Ea8NIcliS224j0uaJxHtNvEXPm84t_R30TC6J7-Zvoul03PnVsfl0hskH32A%3D%3D&ppt=browse&ppn=browse&ssid=4i65va4gdc0000001768226615069&source=pp"",""params"":{""screenName"":""QNA_SUBMIT_QUESTION_PAGE_V4"",""source"":""pp"",""productId"":""SHOGQANYFB73PUGZ""},""requiredPermissionType"":null,""screenType"":null,""storeValue"":{},""subType"":null,""tracking"":{},""triggerExtraStandardEvents"":null,""type"":""NAVIGATION"",""url"":""/puma-celi-womens-sneakers-women/write-question/itm80e96a63775fd?pid=SHOGQANYFB73PUGZ&lid=LSTSHOGQANYFB73PUGZD1ZEOT&marketplace=FLIPKART&store=osp%2Fiko&srno=b_15_561&otracker=browse&fm=organic&iid=en_vXCl6X7Zoly2o-ZSBHC_VUkVU5Ea8NIcliS224j0uaJxHtNvEXPm84t_R30TC6J7-Zvoul03PnVsfl0hskH32A%3D%3D&ppt=browse&ppn=browse&ssid=4i65va4gdc0000001768226615069&source=pp"",""validationMeta"":null,""widgetTracking"":null,""widgetizedActions"":null},""metaData"":null,""rcType"":null,""tracking"":null,""trackingData"":null,""value"":{""type"":""AnnouncementValue"",""subTitle"":""Be the first to ask about this product"",""title"":""POST YOUR QUESTION""}}]},""questions"":null},""tracking"":{""impressionId"":""83874ae1-0f63-40d1-8012-99cac779fd4d"",""viewAllShown"":""false"",""fetchId"":""83874ae1-0f63-40d1-8012-99cac779fd4d.SHOGQANYFB73PUGZ"",""productId"":""SHOGQANYFB73PUGZ"",""contextType"":""page"",""position"":8}}}],""10007"":[],""10008"":[],""ROOT"":[{""slotType"":""LOGICAL"",""id"":10000,""parentId"":0,""layoutParams"":{""backgroundColor"":""#FFFFFF"",""margin"":""16,16,16,16"",""orientation"":""""},""childArrangement"":""ADJACENT""},{""slotType"":""WIDGET"",""id"":35,""parentId"":0,""layoutParams"":{""orientation"":"""",""widgetHeight"":150,""widgetWidth"":12},""widget"":{""type"":""BANNER"",""viewType"":""LIFESTYLE"",""widgetAttributes"":{""bleedingColor"":null},""data"":{""renderableComponents"":[{""action"":{""url"":null,""originalUrl"":null},""tracking"":{},""value"":{""dynamicImageUrl"":""http://rukmini1.flixcart.com/www/{@width}/{@height}/promos/01/12/2018/8aa01ab4-de88-4a46-9d93-5c7f3ebac2df.png?q={@quality}"",""aspectRatio"":""85:6"",""width"":2000}}]},""params"":{},""tracking"":{""impressionId"":""35.BANNER.SHOGQANYFB73PUGZ.83874ae1-0f63-40d1-8012-99cac779fd4d"",""productId"":""SHOGQANYFB73PUGZ"",""pageFetchId"":""PP.83874ae1-0f63-40d1-8012-99cac779fd4d"",""widgetKey"":""BANNER"",""trackWidgetDwellTime"":""false"",""position"":""35""}}},{""slotType"":""WIDGET"",""id"":36,""parentId"":0,""layoutParams"":{""orientation"":"""",""widgetHeight"":150,""widgetWidth"":12},""widget"":{""type"":""OMU"",""viewType"":""BANNER_HORIZONTAL"",""widgetAttributes"":{""bleedingColor"":null},""data"":{""backgroundImage"":null,""contentSubTitle"":null,""contentTitle"":null,""contentTitleDescription"":null,""logoImage"":null,""renderableComponents"":[{""action"":{""tracking"":{""otracker"":""pp_reco_You+might+be+interested+in_1_36.dealCard.OMU_cid:S_F_N_reh_ihu_m08__d_70-100__NONE_ALL;nid:reh_ihu_m08_;et:S;eid:reh_ihu_m08_;mp:F;ct:d;at:DEFAULT;"",""otracker1"":""pp_reco_PINNED_productRecommendation/AugmentSelling_You+might+be+interested+in_BANNER_HORIZONTAL_dealCard_cc_1_NA_view-all"",""impressionId"":""R:vc;pt:pp;uid:4697fb3a-efc0-11f0-8519-cbd4e3ba9f0e;.cid:S_F_N_reh_ihu_m08__d_70-100__NONE_ALL;nid:reh_ihu_m08_;et:S;eid:reh_ihu_m08_;mp:F;ct:d;at:DEFAULT;"",""position"":""1"",""findingMethod"":""productRecommendation/AugmentSelling"",""contentType"":""dealCard"",""contentId"":""cid:S_F_N_reh_ihu_m08__d_70-100__NONE_ALL;nid:reh_ihu_m08_;et:S;eid:reh_ihu_m08_;mp:F;ct:d;at:DEFAULT;""}},""value"":{""type"":""OMUValue"",""offerUrl"":""https://www.flipkart.com/all/~cs-28b8a6a7d10fff7fb3018179df424e29/pr?sid=reh,ihu,m08&marketplace=FLIPKART"",""offerDescription"":null,""offerTitle"":""Min. 70% Off"",""name"":""Handbags"",""fsp"":null,""mrp"":null,""showMrp"":false,""primaryImage"":{""dynamicImageUrl"":""http://rukmini1.flixcart.com/image/{@width}/{@height}/xif0q/hand-messenger-bag/b/l/q/-original-imahgybwppmfg28y.jpeg?q={@quality}""}}},{""action"":{""tracking"":{""otracker"":""pp_reco_You+might+be+interested+in_2_36.dealCard.OMU_cid:S_F_N_r18_f13__d_90-100__NONE_ALL;nid:r18_f13_;et:S;eid:r18_f13_;mp:F;ct:d;at:DEFAULT;"",""otracker1"":""pp_reco_PINNED_productRecommendation/AugmentSelling_You+might+be+interested+in_BANNER_HORIZONTAL_dealCard_cc_2_NA_view-all"",""impressionId"":""R:vc;pt:pp;uid:4697fb3a-efc0-11f0-8519-cbd4e3ba9f0e;.cid:S_F_N_r18_f13__d_90-100__NONE_ALL;nid:r18_f13_;et:S;eid:r18_f13_;mp:F;ct:d;at:DEFAULT;"",""position"":""2"",""findingMethod"":""productRecommendation/AugmentSelling"",""contentType"":""dealCard"",""contentId"":""cid:S_F_N_r18_f13__d_90-100__NONE_ALL;nid:r18_f13_;et:S;eid:r18_f13_;mp:F;ct:d;at:DEFAULT;""}},""value"":{""type"":""OMUValue"",""offerUrl"":""https://www.flipkart.com/all/~cs-7fac62032f285fd41077836ef816b219/pr?sid=r18,f13&marketplace=FLIPKART"",""offerDescription"":null,""offerTitle"":""Min. 90% Off"",""name"":""Wrist Watches"",""fsp"":null,""mrp"":null,""showMrp"":false,""primaryImage"":{""dynamicImageUrl"":""http://rukmini1.flixcart.com/image/{@width}/{@height}/xif0q/shopsy-watch/i/4/n/1-arabic-vilante-men-women-original-imahgd8ztspm6f6h.jpeg?q={@quality}""}}},{""action"":{""tracking"":{""otracker"":""pp_reco_You+might+be+interested+in_3_36.dealCard.OMU_cid:S_F_N_osp_iko_iz7__d_50-100__NONE_ALL;nid:osp_iko_iz7_;et:S;eid:osp_iko_iz7_;mp:F;ct:d;at:DEFAULT;"",""otracker1"":""pp_reco_PINNED_productRecommendation/AugmentSelling_You+might+be+interested+in_BANNER_HORIZONTAL_dealCard_cc_3_NA_view-all"",""impressionId"":""R:vc;pt:pp;uid:4697fb3a-efc0-11f0-8519-cbd4e3ba9f0e;.cid:S_F_N_osp_iko_iz7__d_50-100__NONE_ALL;nid:osp_iko_iz7_;et:S;eid:osp_iko_iz7_;mp:F;ct:d;at:DEFAULT;"",""position"":""3"",""findingMethod"":""productRecommendation/AugmentSelling"",""contentType"":""dealCard"",""contentId"":""cid:S_F_N_osp_iko_iz7__d_50-100__NONE_ALL;nid:osp_iko_iz7_;et:S;eid:osp_iko_iz7_;mp:F;ct:d;at:DEFAULT;""}},""value"":{""type"":""OMUValue"",""offerUrl"":""https://www.flipkart.com/all/~cs-3b61c1790b10089e4e4e7d58d93a310a/pr?sid=osp,iko,iz7&marketplace=FLIPKART"",""offerDescription"":null,""offerTitle"":""Min. 50% Off"",""name"":""Women's Slippers & Flip Flops"",""fsp"":null,""mrp"":null,""showMrp"":false,""primaryImage"":{""dynamicImageUrl"":""http://rukmini1.flixcart.com/image/{@width}/{@height}/xif0q/slipper-flip-flop/l/z/q/-original-imahftsfy8hg5sg6.jpeg?q={@quality}""}}},{""action"":{""tracking"":{""otracker"":""pp_reco_You+might+be+interested+in_4_36.dealCard.OMU_cid:S_F_N_clo_cfv_cib_rkt__d_50-100__NONE_ALL;nid:clo_cfv_cib_rkt_;et:S;eid:clo_cfv_cib_rkt_;mp:F;ct:d;at:DEFAULT;"",""otracker1"":""pp_reco_PINNED_productRecommendation/AugmentSelling_You+might+be+interested+in_BANNER_HORIZONTAL_dealCard_cc_4_NA_view-all"",""impressionId"":""R:vc;pt:pp;uid:4697fb3a-efc0-11f0-8519-cbd4e3ba9f0e;.cid:S_F_N_clo_cfv_cib_rkt__d_50-100__NONE_ALL;nid:clo_cfv_cib_rkt_;et:S;eid:clo_cfv_cib_rkt_;mp:F;ct:d;at:DEFAULT;"",""position"":""4"",""findingMethod"":""productRecommendation/AugmentSelling"",""contentType"":""dealCard"",""contentId"":""cid:S_F_N_clo_cfv_cib_rkt__d_50-100__NONE_ALL;nid:clo_cfv_cib_rkt_;et:S;eid:clo_cfv_cib_rkt_;mp:F;ct:d;at:DEFAULT;""}},""value"":{""type"":""OMUValue"",""offerUrl"":""https://www.flipkart.com/all/~cs-9e80b87642be4401db41c0c1e4d11092/pr?sid=clo,cfv,cib,rkt&marketplace=FLIPKART"",""offerDescription"":null,""offerTitle"":""Min. 50% Off"",""name"":""Women's Kurtas"",""fsp"":null,""mrp"":null,""showMrp"":false,""primaryImage"":{""dynamicImageUrl"":""http://rukmini1.flixcart.com/image/{@width}/{@height}/xif0q/kurta/t/p/v/m-women-floral-printed-kaftan-kurta-nightdrees-nig-bb-original-imahfyfbsvkhq2ss.jpeg?q={@quality}""}}}],""widgetButton"":null},""header"":{""action"":null,""value"":{""timerValue"":null,""titleValue"":{""text"":""You might be interested in""},""subTitleValue"":null}},""params"":{},""tracking"":{""productId"":""SHOGQANYFB73PUGZ"",""pageFetchId"":""PP.83874ae1-0f63-40d1-8012-99cac779fd4d"",""otracker"":""pp_reco_You+might+be+interested+in"",""otracker1"":""pp_reco_PINNED_productRecommendation/AugmentSelling_You+might+be+interested+in_BANNER_HORIZONTAL_wc_view-all"",""widgetType"":""reco"",""findingMethod"":""productRecommendation/AugmentSelling"",""widgetTitle"":""You might be interested in"",""impressionId"":""R:vc;pt:pp;uid:4697fb3a-efc0-11f0-8519-cbd4e3ba9f0e;"",""pageType"":""pp"",""widgetCategory"":""PINNED"",""contextType"":""page"",""viewType"":""BANNER_HORIZONTAL"",""widgetKey"":""36.dealCard.OMU"",""trackWidgetDwellTime"":""false"",""position"":""36"",""moduleId"":""productRecommendation/AugmentSelling"",""contentType"":""contentCollection""}}}]},""pageNumber"":1,""timeStamp"":1768226955092,""prevPageType"":""Product"",""pageType"":""Product"",""reload"":false,""fetchId"":""83874ae1-0f63-40d1-8012-99cac779fd4d.SHOGQANYFB73PUGZ"",""responseHeaderObject"":{""xReqId"":""83874ae1-0f63-40d1-8012-99cac779fd4d"",""xParentReqId"":"""",""xTabId"":""""},""pageData"":{""backTTL"":30000,""elementId"":""page"",""globalSlots"":[],""hardTTL"":2147483647,""hasMorePages"":true,""infinitePage"":false,""layoutParams"":{""backgroundColor"":""#F1F2F4"",""layoutTtl"":60000,""orientation"":"""",""theme"":""light"",""themeDetails"":{""themeId"":null}},""pageContext"":{""type"":""ProductPageContext"",""bu"":""ProductPageContext"",""actionContext"":null,""analyticsData"":{""category"":""WomenFashionFootwear"",""subCategory"":""WomenCasualShoes"",""superCategory"":""WomenFW"",""vertical"":""WomenCasualShoeMisc""},""brand"":""PUMA"",""collapseSections"":true,""couponMetadata"":null,""easySizeUrl"":null,""enableOfferTag"":false,""faAvailable"":false,""fdpEventTracking"":{""commonContext"":{""pr"":{""parameterRating"":[{""parameter"":""Look"",""rating"":""POSITIVE""},{""parameter"":""Colour"",""rating"":""POSITIVE""},{""parameter"":""Comfort"",""rating"":""POSITIVE""},{""parameter"":""Material Quality"",""rating"":""POSITIVE""},{""parameter"":""Light Weight"",""rating"":""POSITIVE""},{""parameter"":""True to Specs"",""rating"":""POSITIVE""}],""individualRatingsCount"":[{""ratingValue"":5,""ratingCount"":356},{""ratingValue"":4,""ratingCount"":140},{""ratingValue"":3,""ratingCount"":40},{""ratingValue"":2,""ratingCount"":18},{""ratingValue"":1,""ratingCount"":44}],""rating"":4.2,""ratingsCount"":598,""reviewsCount"":20},""ng"":[]},""events"":{""psi"":{""fsn"":""SHOGQANYFB73PUGZ"",""fid"":""83874ae1-0f63-40d1-8012-99cac779fd4d.SHOGQANYFB73PUGZ"",""pr"":{""parameterRating"":[{""parameter"":""Look"",""rating"":""POSITIVE""},{""parameter"":""Colour"",""rating"":""POSITIVE""},{""parameter"":""Comfort"",""rating"":""POSITIVE""},{""parameter"":""Material Quality"",""rating"":""POSITIVE""},{""parameter"":""Light Weight"",""rating"":""POSITIVE""},{""parameter"":""True to Specs"",""rating"":""POSITIVE""}],""individualRatingsCount"":[{""ratingValue"":5,""ratingCount"":356},{""ratingValue"":4,""ratingCount"":140},{""ratingValue"":3,""ratingCount"":40},{""ratingValue"":2,""ratingCount"":18},{""ratingValue"":1,""ratingCount"":44}],""rating"":4.2,""ratingsCount"":598,""reviewsCount"":20},""pas"":{""videosCount"":0,""imagesCount"":9},""ma"":{""isBrandChatAvailable"":false,""isEbook"":false,""isDigital"":false,""isVideoAvailable"":false,""isDABotAvailable"":false,""isARViewAvailable"":false,""isNEPAvailable"":false},""nb"":{""isNonBuyable"":true},""pls"":{""isPreBook"":false,""availabilityStatus"":""NO_AVAILABLE_LISTING""},""pi"":{""isNoCostEmi"":false},""ng"":[]}}},""fetchId"":""83874ae1-0f63-40d1-8012-99cac779fd4d.SHOGQANYFB73PUGZ"",""imageUrl"":""http://rukmini1.flixcart.com/image/{@width}/{@height}/xif0q/shoe/7/6/f/-original-imahjgrxkn2hzujk.jpeg?q={@quality}"",""isFaAvailable"":false,""isNewUser"":true,""itemId"":""ITM80E96A63775FD"",""listingId"":null,""mallSelectionMode"":""ProductPageContext"",""marketPlaceTrackingDataMap"":{},""marketplace"":null,""maxOrderQuantityAllowed"":0,""multipleMediaPresent"":true,""pricing"":null,""productId"":""SHOGQANYFB73PUGZ"",""productImagesCount"":9,""productVideosCount"":null,""rating"":{""type"":""RatingValue"",""average"":4.2,""base"":5,""breakup"":[44,18,40,140,356],""count"":598,""histogramBaseCount"":356,""reviewCount"":20,""roundOffCount"":""598""},""seo"":{""appUri"":""android-app://com.flipkart.android/flipkart/fk.dl/de_wv_seg_--_http%3A%2F%2Fwww.flipkart.com%2Fpuma-celi-womens-sneakers-women%2Fp%2Fitm80e96a63775fd~q~pid%3DSHOGQANYFB73PUGZ"",""description"":"""",""enableAppIndexingApi"":true,""keywords"":"""",""title"":""PUMA Celi Womens Sneakers For Women"",""webUrl"":""https://www.flipkart.com/puma-celi-womens-sneakers-women/p/itm80e96a63775fd""},""serviceabilityInfo"":[],""shopListId"":null,""shopListItemId"":null,""smartUrl"":""http://dl.flipkart.com/dl/puma-celi-womens-sneakers-women/p/itm80e96a63775fd?pid=SHOGQANYFB73PUGZ&cmpid=product.share.pp"",""swatchInfo"":{""mandatorySwatchAttributes"":[],""mandatorySwatchAvailable"":false},""titles"":{""coSubtitle"":""Size: 6"",""subtitle"":""Pink , 6"",""title"":""PUMA Celi Womens Sneakers For Women""},""trackingDataV2"":{""abbAvailable"":false,""bnplAvailable"":false,""codAvailable"":false,""colorPickerAvailable"":false,""contentMarketPlace"":""FLIPKART"",""digitalAvailable"":false,""faAvailable"":false,""fasterDeliveryAvailable"":false,""fbfAvailable"":false,""listingPreserved"":false,""multipleDeliveryAvailable"":false,""nbfcAvailable"":false,""paeAvailable"":false,""preBookAvailable"":false,""preferredSellerWSR"":false,""prexoAvailable"":false,""productStatus"":""ready"",""ratingCount"":598,""reviewCount"":20,""sProductSuffix"":""|evar67=4.2_20_600_3|eVar92=Look_3:Colour_3:Comfort_3:Material Quality_3:Light Weight_3:True to Specs_3|eVar89=PUMA|eVar182=NotEligible"",""sellerCount"":0,""sellerRating"":0,""serviceable"":false,""sproduct"":"";SHOGQANYFB73PUGZ;;;;eVar19=WomenCasualShoeMisc|eVar22=WomenFashionFootwear|eVar139=BLUE|evar67=4.2_20_600_3|eVar92=Look_3:Colour_3:Comfort_3:Material Quality_3:Light Weight_3:True to Specs_3|eVar89=PUMA|eVar182=NotEligible"",""tdOffersAvailable"":false,""videoAvailable"":false,""visualBrowseEnabled"":false,""wsrSellerPresent"":false},""xsState"":null},""pageEventResponseMap"":{},""pageHash"":""992361615"",""pageId"":""footw-produ-743d0"",""pageLevelSlots"":{},""pageTTL"":30000,""pageTags"":{""tags"":[]},""paginationContextMap"":{""nps"":{""prevPageFetchId"":""83874ae1-0f63-40d1-8012-99cac779fd4d""},""dj"":{}},""seoData"":{""seo"":{""alexaVerifyId"":false,""description"":""PUMA Celi Womens Sneakers For Women - Buy PUMA Celi Womens Sneakers For Women - 394653 only for Rs.4499 from Flipkart.com. Only Genuine Products. 30 Day Replacement Guarantee. Free Shipping. Cash On Delivery!"",""googleSiteVerification"":false,""keywords"":""PUMA Celi Womens Sneakers For Women"",""noIndexSeo"":false,""ogImage"":""http://rukmini1.flixcart.com/image/300/300/xif0q/shoe/7/6/f/-original-imahjgrxkn2hzujk.jpeg"",""ogTitle"":""PUMA Celi Womens Sneakers For Women - Buy PUMA Celi Womens Sneakers For Women Online at Best Price - Shop Online for Footwears in India | Flipkart.com"",""redirectUrl"":{""incorrectUrl"":false,""overrideQueryParams"":null,""path"":null},""seoFooterTitle"":""More aboutPUMA Celi Womens Sneakers For Women"",""title"":""PUMA Celi Womens Sneakers For Women - Buy PUMA Celi Womens Sneakers For Women Online at Best Price - Shop Online for Footwears in India | Flipkart.com""}},""sharedData"":{},""trackingContext"":{""meta"":{""sMode"":""BLUE""},""navigationalPageName"":""pp"",""navigationalPageType"":""pp"",""orderLevelTrackingMap"":{},""pageName"":null,""pageType"":""pp"",""tracking"":{""eVar139"":""BLUE"",""analyticalNodeId"":""6006881"",""eVar182"":""NotEligible"",""loginStatus"":""logout"",""event799"":""0""}}},""pageMeta"":{""baseImpressionId"":""83874ae1-0f63-40d1-8012-99cac779fd4d"",""hasErrorWidget"":false,""mergeTrackingContextForAllPageFold"":false,""pageNotChanged"":false,""prefetchPage"":{""enablePrefetch"":false},""reusePrevPageFoldContext"":false,""widgetFetchDelayMs"":0},""subPageResponse"":{},""pageEventResponseMap"":{}},""modal"":{""asyncStatus"":""INIT"",""data"":{""ROOT"":[]},""pageNumber"":0,""timeStamp"":1767789593425,""derivedMetaData"":{}},""tabs"":{""asyncStatus"":""INIT"",""data"":{""ROOT"":[]},""pageNumber"":0,""timeStamp"":1767789593425,""derivedMetaData"":{}},""browseMetadata"":{},""productPageMetadata"":{""modulePresence"":""PP_RView"",""videoTracking"":"""",""easySize"":"""",""events"":[],""swatchIds"":"""",""breadcrumbs"":[],""speed"":""""},""lookDetailsPageMetadata"":{},""analtyticsData"":{""omnitureData"":{},""omnitureEvents"":[]}},""payments"":{""paymentOptions"":{""asyncStatus"":""INIT"",""nudgeShownSavedCards"":[]},""paymentAsyncStatus"":""INIT"",""selectedPaymentOption"":{""mainOption"":"""",""emiCard"":""""},""instrumentCheck"":{},""payWithDetails"":{""asyncStatus"":""INIT""},""payByInstrumentType"":{""asyncStatus"":""INIT""},""emiTerms"":{""asyncStatus"":""INIT""},""emiState"":{""selectedBank"":"""",""selectedBankEmiType"":"""",""selectedTenure"":"""",""selectedSection"":"""",""selectedSectionKey"":""""},""captcha"":{""asyncStatus"":""INIT""},""emiCards"":{""asyncStatus"":""INIT""},""emiBanks"":{},""emiTenures"":{},""emiItemLevelBreakup"":{""asyncStatus"":""INIT"",""breakup"":[],""error"":null},""netOptions"":{""asyncStatus"":""INIT""},""upiOptions"":{""asyncStatus"":""INIT"",""upi_apps"":[],""selectedUpiOption"":""""},""upiPollState"":{""asyncStatus"":""INIT""},""upiPollInfo"":{""asyncStatus"":""INIT""},""payViaWallet"":{""asyncStatus"":""INIT""},""adjustments"":{},""otpModes"":{""asyncStatus"":""INIT""},""otpSubmitState"":{""asyncStatus"":""INIT""},""advancePaymentBreakup"":{""asyncStatus"":""INIT""},""selectInstrument"":{""asyncStatus"":""INIT""},""errorOverlay"":{},""emiOnSavedCards"":{},""emi2FADetails"":{""asyncStatus"":""INIT""},""mobileWalletOptions"":{""asyncStatus"":""INIT"",""wallet_apps"":[],""preSelectedWalletId"":""""},""mobileWalletOtpState"":{""asyncStatus"":""INIT""},""mobileWalletBalance"":{},""rtgsInfo"":{},""rtgsPollingStatus"":{""asyncStatus"":""INIT""},""kfsDetails"":{""asyncStatus"":""INIT""}},""paymentToken"":{""asyncStatus"":""INIT"",""tokenVersion"":""v3"",""dcId"":"""",""error"":null},""pincodeData"":{""localPincodes"":[],""suggestions"":[],""regionFilters"":{},""invalid"":false,""state"":null,""error"":null,""asyncStatus"":""INIT""},""productBuyBack"":{""asyncStatus"":""INIT""},""productInfo"":{""ttl"":{}},""productPage"":{""verifyImeiInfo"":{""asyncStatus"":""INIT""},""brandSearchInfo"":{""asyncStatus"":""INIT""},""exchangeTooltip"":{""asyncStatus"":""INIT"",""data"":{""ROOT"":[]},""pageNumber"":0,""timeStamp"":1767789593425,""derivedMetaData"":{}},""exchangeTermsInfo"":{""asyncStatus"":""INIT""},""productSimilarReco"":{""asyncStatus"":""INIT""},""productCrossVerticalReco"":{""asyncStatus"":""INIT""},""productBrowsingHistoryReco"":{""asyncStatus"":""INIT""},""productDetails"":{""asyncStatus"":""INIT""},""productActions"":{""share"":{""asyncStatus"":""INIT""}},""productReservation"":{""asyncStatus"":""INIT""},""productLayout"":{""asyncStatus"":""INIT""},""productImage"":{""defaultMedia"":null},""wiggleSwatches"":{},""productABBData"":{""asyncStatus"":""INIT""},""recommendations"":{},""updateExchangeAnswer"":{},""productAttachs"":{},""productEgvReducer"":{""asyncStatus"":""INIT""}},""productSummary"":{},""questionAndAnswer"":{""pageData"":{""asyncStatus"":""INIT""},""inputValue"":{""asyncStatus"":""INIT""},""deleteAnswer"":{""asyncStatus"":""INIT""},""allAnswers"":{""asyncStatus"":""INIT""},""moreContent"":{""asyncStatus"":""INIT""},""searchQnAData"":{""asyncStatus"":""INIT""}},""ratingsAndReviews"":{""imageReviews"":{},""gallery"":{""url"":"""",""asyncStatus"":""INIT"",""images"":[],""imagePositionMap"":{},""pageNumber"":1,""hasMorePages"":true}},""recentlyViewed"":{""asyncStatus"":""INIT"",""list"":[]},""reviewPageData"":{""asyncStatus"":""INIT""},""reviewPageTitle"":{""asyncStatus"":""INIT""},""reviewsConfirmationPage"":{""asyncStatus"":""INIT""},""saalListingsData"":{""listings"":[]},""sale"":{""asmData"":null,""index"":0,""asyncStatus"":""INIT"",""popup"":null,""error"":null},""selfServe"":{""appContext"":{""context"":{""maxPageLength"":10},""pageLoadEvents"":[]},""deliverySlots"":{""asyncStatus"":""INIT""},""dogfoodingData"":{""asyncStatus"":""INIT"",""topics"":{}},""ifscFinderData"":{""asyncStatus"":""INIT""},""myOrders"":{""asyncStatus"":""INIT""},""myOrdersV2"":{""asyncStatus"":""INIT"",""adsDatabag"":null},""filters"":{""asyncStatus"":""INIT"",""applied"":{},""result"":{},""applicable"":[],""nextCallParams"":{},""searched"":false,""fetchFilterResults"":false},""orderAddress"":{""asyncStatus"":""INIT""},""orderCancellation"":{""asyncStatus"":""INIT"",""confirmed"":false},""orderConfirmationPage"":{""asyncStatus"":""INIT""},""orderConfirmationPagePS2"":{""asyncStatus"":""INIT""},""orderConfirmationReco"":{""asyncStatus"":""INIT""},""postOrderDetails"":{""asyncStatus"":""INIT""},""postOrderDetailsV2"":{""asyncStatus"":""INIT""},""returnAddress"":{""asyncStatus"":""INIT""},""returns"":{""asyncStatus"":""INIT"",""subStatus"":""REASON""},""trackOrder"":{""data"":{},""asyncStatus"":""INIT""},""bnplData"":{""asyncStatus"":""INIT""},""subscribeUnsubscribeData"":{""asyncStatus"":""INIT""},""returnVisualState"":{""orderedSteps"":[],""stepVisualStates"":{""REASON"":""COLLAPSED"",""PICKUP_ADDRESS"":""COLLAPSED"",""IMAGE_UPLOAD"":""COLLAPSED"",""RETURN_ACTION"":""COLLAPSED"",""KYC_INFORMATION"":""COLLAPSED"",""INLINE_RMT"":""COLLAPSED""}},""tokens"":{""returns"":{}},""neftData"":{""asyncStatus"":""INIT""},""neftIfscFinderData"":{""asyncStatus"":""INIT""},""cancelReturnData"":{""asyncStatus"":""INIT""},""ndrData"":{""asyncStatus"":""INIT""},""reschedule"":{},""addressChange"":{""asyncStatus"":""INIT""},""fileManager"":{""files"":[],""filesSize"":{},""dataURLs"":[],""filesV2"":{}},""imageInstructions"":{""asyncStatus"":""INIT""},""serviceListing"":{},""payNowPreorder"":{""asyncStatus"":""INIT""},""prexoChecks"":{""asyncStatus"":""INIT""},""issues"":{""asyncStatus"":""INIT""},""issueDetails"":{""asyncStatus"":""INIT""},""userInfo"":null,""blobIO"":{""asyncStatus"":""INIT""},""nudges"":{""asyncStatus"":""INIT"",""claimedInfo"":{""claimed"":false},""data"":{""reason"":null,""REASON_BASED"":null,""REASON_AGNOSTIC"":null}},""startSmartActionData"":{""asyncStatus"":""INIT""},""resumeSmartActionData"":{""asyncStatus"":""INIT""},""claimCashbackData"":{""asyncStatus"":""INIT""},""cashbackModeData"":{""cashbackPageInfo"":{""asyncStatus"":""INIT""},""confirmCashbackMode"":{""asyncStatus"":""INIT""},""cachedState"":null},""blobIOResource"":[],""refundsData"":{""savedBankAccountDetails"":[],""savedUPIAccountDetails"":[],""allowedRefundModes"":[],""autoFetchUpiWidget"":null,""autoFetchUpi"":{""asyncStatus"":""INIT""},""newBankAccountDetails"":null},""priceLockDetailsData"":{""asyncStatus"":""INIT""},""pageData"":{""asyncStatus"":""INIT"",""cachedSlotsByPageType"":{}},""returnRequests"":{""asyncStatus"":""INIT""},""recoData"":{""asyncStatus"":""INIT""}},""sellerDetails"":{""asyncStatus"":""INIT"",""data"":[]},""sellersPage"":{""asyncStatus"":""INIT""},""seoMeta"":{""isFetching"":false,""metadata"":{""seo"":{""alexaVerifyId"":false,""description"":""PUMA Celi Womens Sneakers For Women - Buy PUMA Celi Womens Sneakers For Women - 394653 only for Rs.4499 from Flipkart.com. Only Genuine Products. 30 Day Replacement Guarantee. Free Shipping. Cash On Delivery!"",""googleSiteVerification"":false,""keywords"":""PUMA Celi Womens Sneakers For Women"",""noIndexSeo"":false,""ogImage"":""http://rukmini1.flixcart.com/image/300/300/xif0q/shoe/7/6/f/-original-imahjgrxkn2hzujk.jpeg"",""ogTitle"":""PUMA Celi Womens Sneakers For Women - Buy PUMA Celi Womens Sneakers For Women Online at Best Price - Shop Online for Footwears in India | Flipkart.com"",""redirectUrl"":{""incorrectUrl"":false,""overrideQueryParams"":null,""path"":null},""seoFooterTitle"":""More aboutPUMA Celi Womens Sneakers For Women"",""title"":""PUMA Celi Womens Sneakers For Women - Buy PUMA Celi Womens Sneakers For Women Online at Best Price - Shop Online for Footwears in India | Flipkart.com""}},""asyncStatus"":""SUCCESS""},""singleReview"":{""asyncStatus"":""INIT""},""stickyBasket"":{""data"":{}},""subscription"":{""asyncStatus"":""INIT""},""suggestions"":{},""surveyState"":{""asyncStatus"":""INIT""},""swatches"":{""asyncStatus"":""INIT"",""productSwatchDetails"":{}},""tooltip"":{""id"":null},""userState"":{""cart"":{""fkItems"":[],""groceryItems"":[],""items"":[]},""asyncStatus"":""SUCCESS"",""error"":null,""abResponse"":{""abDataId"":-1064278608,""abExperiments"":[{""abId"":""STG|launchedGroup|033288de|h"",""appId"":""Mapi"",""expId"":""gh-5953-fassured-logo-revamp"",""metadata"":{""revampedFAssured"":true}},{""abId"":""STG|launchedGroup|fa30ec3a|h"",""appId"":""Mapi"",""expId"":""value_comms_shopsy"",""metadata"":{""value_comms"":true}},{""abId"":""STG|launchedGroup|b1cfdbd0|h"",""appId"":""Mapi"",""expId"":""sonic_gcp_migration_msite"",""metadata"":{""sonicGcpMigration"":true}},{""abId"":""STG|launchedGroup|f69b1c4d|h"",""appId"":""Mapi"",""expId"":""gh-2934-collapse-freebie-widget"",""metadata"":{""collapseFreebies"":true}},{""abId"":""STG|launchedGroup|5a11c9ad|h"",""appId"":""Mapi"",""expId"":""enableexpresscheckoutshopsy"",""metadata"":{""enableExpressCheckoutShopsy"":true,""ecoConfirmModalEnabled"":""false"",""enableSwipeButton"":""false""}},{""abId"":""STG|launchedGroup|d3b1f8b7|h"",""appId"":""Mapi"",""expId"":""payloadreductionbp"",""metadata"":{""compactV4BPRes"":true}},{""abId"":""STG|launchedGroup|fb587ba2|h"",""appId"":""Mapi"",""expId"":""dls_compliant_ghp"",""metadata"":{""isGroceryDLSEnabled"":true}},{""abId"":""STG|launchedGroup|ba8d3149|h"",""appId"":""Mapi"",""expId"":""value_tags_on_feed"",""metadata"":{""value_tags_feed"":true}},{""abId"":""STG|launchedGroup|ac30948b|h"",""appId"":""Mapi"",""expId"":""grocery_hp_optimisations"",""metadata"":{""groceryHomePageOptimisation"":true}},{""abId"":""STG|launchedGroup|ba8b2352|h"",""appId"":""Mapi"",""expId"":""search_bar_theming_bau"",""metadata"":{""asSearchBarTheme"":true}},{""abId"":""STG|launchedGroup|be85cf40|h"",""appId"":""Mapi"",""expId"":""gh-5410-animation-on-search-filter"",""metadata"":{""searchFilterAnimation"":true}},{""abId"":""STG|launchedGroup|33842643|h"",""appId"":""Mapi"",""expId"":""oneviewhomepagedesktop"",""metadata"":{""enableOneViewDesktopHP"":true}},{""abId"":""STG|launchedGroup|464e29b5|h"",""appId"":""Mapi"",""expId"":""fast_fashion_v2"",""metadata"":{""isFastFashionThemeEnabled"":true}},{""abId"":""STG|launchedGroup|8860a34a|h"",""appId"":""Mapi"",""expId"":""mall_transition_new"",""metadata"":{""new_transition"":true}},{""abId"":""STG|launchedGroup|24c4218d|h"",""appId"":""Mapi"",""expId"":""appconfig_desktop"",""metadata"":{""configPollingIntervalDesktop"":45000,""pointToCdnDesktop"":true}},{""abId"":""STG|launchedGroup|485d3bea|h"",""appId"":""Mapi"",""expId"":""gh-3794-vas-widget-upgrade-pp-cart"",""metadata"":{""abPriceVariationPPEnabled"":true,""abPVPPFinalPricePosition"":3,""abPVPPDiscountFontWeight"":""MEDIUM"",""abPVPPStrikeOffMRPPosition"":2,""abPVPPStrikeOffMRPFontWeight"":""MEDIUM"",""abPVPPFinalPriceFontWeight"":""MEDIUM"",""showBestSellerSpotlight"":true,""abPriceVariationSPCartEnabled"":true,""abPVPPDiscountPosition"":1,""enablePriceVariationForVASWidget"":true}},{""abId"":""STG|launchedGroup|bd950249|h"",""appId"":""Mapi"",""expId"":""enhanced_deals_tag_experiment"",""metadata"":{""enhancedDealsTagAB"":true}},{""abId"":""STG|launchedGroup|0e06c240|h"",""appId"":""Mapi"",""expId"":""gh-3787-pp-best-seller-reco"",""metadata"":{""topChartsTitleCopyVariant"":""TITLE_COPY1"",""topChartsSpotlightDisabled"":false,""recoHighlightsEnabled"":true,""topChartsBannerIconVariant"":""STATIC_ICON_STAR""}},{""abId"":""STG|launchedGroup|895401ca|h"",""appId"":""Mapi"",""expId"":""top_filters_animation_v1"",""metadata"":{""isTopFilterAnimationV2Enabled"":""true""}},{""abId"":""STG|launchedGroup|9e6ebec3|h"",""appId"":""Mapi"",""expId"":""gh-3550-across-funnel-renaming-ads-to-sponsored"",""metadata"":{""isAdPositionChanged"":true,""renameAdToSponsored"":true}},{""abId"":""STG|launchedGroup|4aad7243|h"",""appId"":""Mapi"",""expId"":""v2_on_msite_version_3"",""metadata"":{""ENABLE_NEW_WIDGET_ON_MSITE"":true}},{""abId"":""STG|launchedGroup|18952fa7|h"",""appId"":""Mapi"",""expId"":""pp_-_dynamic_reco_card_height"",""metadata"":{""dynamicRecoCardHeight"":true}},{""abId"":""STG|launchedGroup|2b2648f2|h"",""appId"":""Mapi"",""expId"":""ghi-213-pp-view-cta-for-pla-add"",""metadata"":{""showViewButtonOnPLAAds"":true}},{""abId"":""STG|launchedGroup|f46b74f7|h"",""appId"":""Mapi"",""expId"":""hmpu_refresh_"",""metadata"":{""enableHPMUDesignChanges"":true}},{""abId"":""STG|launchedGroup|a69e0810|h"",""appId"":""Mapi"",""expId"":""pn_image_load_error"",""metadata"":{""shouldDisableFallbackImageForPN"":true}},{""abId"":""STG|inlineTargetingRules|793472f9|h"",""appId"":""Mapi"",""expId"":""msite_html_streaming"",""metadata"":{""isMsiteHtmlStreamingEnabled"":false}},{""abId"":""STG|launchedGroup|0f6fc508|h"",""appId"":""Mapi"",""expId"":""video_load_strategy_experiment_layered_v5"",""metadata"":{""minBufferMs"":3500,""bufferForPlaybackAfterRebufferMs"":1500,""maxBufferMs"":10000,""bufferForPlaybackMs"":1500}},{""abId"":""STG|launchedGroup|a75d324f|h"",""appId"":""Mapi"",""expId"":""view_based_resolution_experiment_layered_v5"",""metadata"":{""videoResolutionViewSizeScale"":0.75,""isVideoResolutionByViewSizeEnabled"":true}},{""abId"":""STG|launchedGroup|99627049|h"",""appId"":""Mapi"",""expId"":""justpay__ios"",""metadata"":{""enableiOSJustPaySDK"":true}},{""abId"":""STG|launchedGroup|66e48ed6|h"",""appId"":""Mapi"",""expId"":""juspay_ios_v2_minutes"",""metadata"":{""enableiOSJustPaySDKV2"":true}},{""abId"":""STG|launchedGroup|2bb14007|h"",""appId"":""Mapi"",""expId"":""juspay_ios_v2_flipkart"",""metadata"":{""enableiOSJustPaySDKFlipkartV2"":true}},{""abId"":""STG|launchedGroup|bf57ae88|h"",""appId"":""Mapi"",""expId"":""ghp_revamp_desktop"",""metadata"":{""enableOneViewGhpDesktop"":true}},{""abId"":""STG|launchedGroup|cccc9e27|h"",""appId"":""Mapi"",""expId"":""bh_rule_testing_for_desktop_hp_-_min_nav"",""metadata"":{""enableOneViewMhpDesktop"":true}},{""abId"":""STG|prestart|69879a97|h"",""appId"":""Mapi"",""expId"":""neprevamp"",""metadata"":{""atlas_pp"":false,""enableOneViewPP"":false}},{""abId"":""STG|prestart|bc0e9f22|h"",""appId"":""Mapi"",""expId"":""productpage_revamp"",""metadata"":{""atlas_pp"":false}},{""abId"":""STG|inlineTargetingRules|1a2d558d|h"",""appId"":""Mapi"",""expId"":""msite_pp_preload"",""metadata"":{""isPPLCPImagePreloadEnabled"":false}},{""abId"":""STG|inlineTargetingRules|d721a3ad|h"",""appId"":""Mapi"",""expId"":""msite_ghp_mhp_ssr"",""metadata"":{""isGhpMhpSSREnabled"":false}},{""abId"":""STG|launchedGroup|3d446348|h"",""appId"":""Mapi"",""expId"":""haptics_feedback_flo"",""metadata"":{""enableHaptics"":true}},{""abId"":""STG|launchedGroup|8dff313e|h"",""appId"":""Mapi"",""expId"":""minutes-_rain_fees_and_surge"",""metadata"":{""enableAddressBarKeyRemount"":true}},{""abId"":""STG|launchedGroup|f0c1b23b|h"",""appId"":""Mapi"",""expId"":""flo_android_pagination"",""metadata"":{""rules.isFloPaginationLoaderEnabled"":true}},{""abId"":""STG|launchedGroup|2303dd5e|h"",""appId"":""Mapi"",""expId"":""childitemrevamp"",""metadata"":{""childitemrevamp"":true}},{""abId"":""STG|prestart|dcec5780|h"",""appId"":""Mapi"",""expId"":""hero_animation_android_layered"",""metadata"":{""isHeroAnimationEnable"":false}},{""abId"":""STG|prestart|59ebd0b8|h"",""appId"":""Mapi"",""expId"":""ios_hero_animation"",""metadata"":{""rules.enableCustomThumbnailAB"":false,""isHeroAnimationEnableios"":false}},{""abId"":""STG|prestart|9c3e1cc1|h"",""appId"":""Mapi"",""expId"":""landmark_ab_geocode"",""metadata"":{""GeoLandmarkEnabled"":false,""GeoLandmarkCount"":1,""LandmarkThresholdMeters"":1}},{""abId"":""STG|inlineTargetingRules|5b7319e8|h"",""appId"":""Mapi"",""expId"":""msite_parallel_fetch"",""metadata"":{""msite_parallel_fetch"":false}},{""abId"":""STG|prestart|84eb2f70|h"",""appId"":""Mapi"",""expId"":""pp_revamp_desktop_v2"",""metadata"":{""enableOneviewFlipkartRevamp"":false}},{""abId"":""STG|prestart|6f384292|h"",""appId"":""Mapi"",""expId"":""msite_svg_optimsiation"",""metadata"":{""msite_svg_optimisation"":false}},{""abId"":""STG|prestart|23f12fe0|h"",""appId"":""Mapi"",""expId"":""hybrid_condition_tracker"",""metadata"":{""isHybridTrackerEnabled"":false}},{""abId"":""STG|prestart|4bfb0f1e|h"",""appId"":""Mapi"",""expId"":""oneview_revamp_grocery_desktop"",""metadata"":{""enableOneviewGroceryRevamp"":false}}]},""groceryEnabled"":false,""locale"":""en"",""location"":{""communityStore"":null,""selectedLocation"":null},""lockinResponse"":{""flipkartLogoAction"":{""constraints"":null,""customTrackingEvents"":null,""fallback"":null,""loginType"":""LOGIN_NOT_REQUIRED"",""nonWidgetizeRedirection"":null,""omnitureData"":null,""omnitureTracking"":null,""originalUrl"":""/plus"",""params"":{""valid"":true,""screenName"":""LOYALTY_PAGE""},""requiredPermissionType"":null,""screenType"":""multiWidgetPage"",""storeValue"":{},""subType"":null,""tracking"":{},""triggerExtraStandardEvents"":null,""type"":""NAVIGATION"",""url"":""/plus"",""validationMeta"":null,""widgetTracking"":null,""widgetizedActions"":null},""userMembershipState"":""NON_LOGGED_IN""},""meta"":{""loc"":{""ipInfo"":{""country"":""UNKNOWN"",""state"":""Flipkart"",""city"":""Flipkart"",""ip"":""10.49.43.128""}},""ad"":{""id"":""T=TI176822695232500297230445401225150610882176357032728513148951339740""}},""userCohortResponse"":{""segmentIds"":null},""accountId"":null,""asn"":null,""firstName"":null,""flipkartFirstUser"":false,""isLoggedIn"":false,""lastName"":null,""ts"":0,""twoFa"":false,""omnitureInfo"":{""additionProperties"":null,""bucketId"":""87"",""ingestionEnabled"":false},""userEmail"":null},""wishlistItemDetails"":{""asyncStatus"":""INIT""},""redeemVoucherReducer"":{""asyncStatus"":""INIT""},""apiError"":{},""floodLights"":{""visible"":false,""isClickTriggered"":false},""userAddressData"":{""asyncStatus"":""INIT"",""data"":null},""locationUpdate"":{""asyncStatus"":""INIT"",""data"":{""currentPincode"":""""}},""productServiceabilityInfo"":{""asyncStatus"":""INIT"",""data"":null},""validate2Fa"":{""asyncStatus"":""INIT""},""actionViewReducer"":{""asyncStatus"":""INIT""},""notifPrefsAccordion"":{""items"":[]},""TravelSearchData"":{""journeyList"":[{""minDate"":""2026-01-07T12:39:53.473Z"",""journeyStartDate"":""2026-01-08T12:39:53.473Z"",""requestKey"":""Thu Jan 08 2026 18:09:53 GMT+0530 (India Standard Time)"",""origin"":{""isDirty"":false,""isEmpty"":true},""dest"":{""isDirty"":false,""isEmpty"":true}}],""selectedTripType"":""ONE_WAY"",""travellers"":{""adult"":1,""child"":0,""infant"":0},""fieldChanged"":""EMPTY"",""initialPrefillData"":{""selectedTripType"":""ONE_WAY"",""travellers"":{""adult"":1,""child"":0,""infant"":0},""journeyList"":[{""minDate"":""2026-01-07T12:39:53.473Z"",""journeyStartDate"":""2026-01-08T12:39:53.473Z"",""requestKey"":""Thu Jan 08 2026 18:09:53 GMT+0530 (India Standard Time)"",""origin"":{""isDirty"":false,""isEmpty"":true},""dest"":{""isDirty"":false,""isEmpty"":true}}]}},""TravelSearchValidation"":{""isValid"":false},""FareCalendarData"":{""asyncStatus"":""INIT""},""cityAutoSuggestion"":{},""sectionSlotData"":{""activeIndex"":0,""sectionMetaData"":[]},""wiggleValidationData"":{""wiggleData"":{}},""cbcApplyReducer"":{""asyncStatus"":""INIT""},""fsupPayKeepDeviceReducer"":{""asyncStatus"":""INIT""},""delayedPageWidgetsData"":{""asyncStatus"":""INIT"",""data"":{}},""srpFilterSortData"":{""asyncStatus"":""INIT"",""data"":{},""minifiedSearchResultData"":{},""noFlightsFound"":false,""timestamp"":1767789593476},""travelCancellationFormReducer"":{""data"":{}},""humanChallengeReducer"":{""challengeData"":null,""shouldRetriggerAction"":false},""dcContextReducer"":{""hostName"":""1.rome.api.flipkart.com""},""smbData"":{""seatForSegment"":{},""mealForSegment"":{},""baggageForSegment"":{},""totalPriceSeat"":0,""totalPriceMeal"":0,""totalPriceBaggage"":0,""throwProductOverselectionError"":false,""selectedSegmentIndex"":1,""nextSegmentIndex"":2,""selectedTab"":""SEAT"",""nextSelectedTab"":""MEAL"",""numOfTravellers"":1,""showReviewAddOnPopUp"":false,""reviewAddOnType"":""CHANGE_SEGMENT"",""seatTabVisited"":false,""mealTabVisited"":false,""seatMealSegmentsData"":[],""baggageSegmentsData"":[],""goToNextSection"":false,""availableTabs"":{""SEAT"":false,""MEAL"":false,""BAGGAGE"":false},""availableSegmentData"":{}},""deleteAccountReducer"":{""deleteAccount"":{""data"":null,""feedback"":null,""error"":null},""deleteAccountOtp"":{""data"":null,""feedback"":null,""error"":null},""deleteAccountToken"":{""data"":null,""feedback"":null,""error"":null}}};",http://rukmini1.flixcart.com/image/300/300/xif0q/shoe/7/6/f/-original-imahjgrxkn2hzujk.jpeg,https://www.flipkart.com/puma-celi-womens-sneakers-women/p/itm80e96a63775fd?pid=SHOGQANYFB73PUGZ&lid=LSTSHOGQANYFB73PUGZD1ZEOT&marketplace=FLIPKART&store=osp%2Fiko&srno=b_15_561&otracker=browse&fm=organic&iid=en_vXCl6X7Zoly2o-ZSBHC_VUkVU5Ea8NIcliS224j0uaJxHtNvEXPm84t_R30TC6J7-Zvoul03PnVsfl0hskH32A%3D%3D&ppt=browse&ppn=browse&ssid=4i65va4gdc0000001768226615069
FLITE Women Flip Flops - Buy FLITE Women Flip Flops Online at Best Price - Shop Online for Footwears in India | Flipkart.com,"window.__INITIAL_STATE__ = {""abExperiments"":{""revampedFAssured"":{""value"":true,""abId"":""STG|launchedGroup|033288de|h"",""expId"":""gh-5953-fassured-logo-revamp""},""value_comms"":{""value"":true,""abId"":""STG|launchedGroup|fa30ec3a|h"",""expId"":""value_comms_shopsy""},""sonicGcpMigration"":{""value"":true,""abId"":""STG|launchedGroup|5c52fd71|h"",""expId"":""sonic_gcp_migration_desktop""},""collapseFreebies"":{""value"":true,""abId"":""STG|launchedGroup|f69b1c4d|h"",""expId"":""gh-2934-collapse-freebie-widget""},""enableExpressCheckoutShopsy"":{""value"":true,""abId"":""STG|launchedGroup|5a11c9ad|h"",""expId"":""enableexpresscheckoutshopsy""},""ecoConfirmModalEnabled"":{""value"":""false"",""abId"":""STG|launchedGroup|5a11c9ad|h"",""expId"":""enableexpresscheckoutshopsy""},""enableSwipeButton"":{""value"":""false"",""abId"":""STG|launchedGroup|5a11c9ad|h"",""expId"":""enableexpresscheckoutshopsy""},""compactV4BPRes"":{""value"":true,""abId"":""STG|launchedGroup|d3b1f8b7|h"",""expId"":""payloadreductionbp""},""isGroceryDLSEnabled"":{""value"":true,""abId"":""STG|launchedGroup|fb587ba2|h"",""expId"":""dls_compliant_ghp""},""value_tags_feed"":{""value"":true,""abId"":""STG|launchedGroup|ba8d3149|h"",""expId"":""value_tags_on_feed""},""groceryHomePageOptimisation"":{""value"":true,""abId"":""STG|launchedGroup|ac30948b|h"",""expId"":""grocery_hp_optimisations""},""asSearchBarTheme"":{""value"":true,""abId"":""STG|launchedGroup|ba8b2352|h"",""expId"":""search_bar_theming_bau""},""searchFilterAnimation"":{""value"":true,""abId"":""STG|launchedGroup|be85cf40|h"",""expId"":""gh-5410-animation-on-search-filter""},""enableOneViewDesktopHP"":{""value"":true,""abId"":""STG|launchedGroup|33842643|h"",""expId"":""oneviewhomepagedesktop""},""isFastFashionThemeEnabled"":{""value"":true,""abId"":""STG|launchedGroup|464e29b5|h"",""expId"":""fast_fashion_v2""},""new_transition"":{""value"":true,""abId"":""STG|launchedGroup|8860a34a|h"",""expId"":""mall_transition_new""},""configPollingIntervalDesktop"":{""value"":45000,""abId"":""STG|launchedGroup|24c4218d|h"",""expId"":""appconfig_desktop""},""pointToCdnDesktop"":{""value"":true,""abId"":""STG|launchedGroup|24c4218d|h"",""expId"":""appconfig_desktop""},""abPriceVariationPPEnabled"":{""value"":true,""abId"":""STG|launchedGroup|485d3bea|h"",""expId"":""gh-3794-vas-widget-upgrade-pp-cart""},""abPVPPFinalPricePosition"":{""value"":3,""abId"":""STG|launchedGroup|485d3bea|h"",""expId"":""gh-3794-vas-widget-upgrade-pp-cart""},""abPVPPDiscountFontWeight"":{""value"":""MEDIUM"",""abId"":""STG|launchedGroup|485d3bea|h"",""expId"":""gh-3794-vas-widget-upgrade-pp-cart""},""abPVPPStrikeOffMRPPosition"":{""value"":2,""abId"":""STG|launchedGroup|485d3bea|h"",""expId"":""gh-3794-vas-widget-upgrade-pp-cart""},""abPVPPStrikeOffMRPFontWeight"":{""value"":""MEDIUM"",""abId"":""STG|launchedGroup|485d3bea|h"",""expId"":""gh-3794-vas-widget-upgrade-pp-cart""},""abPVPPFinalPriceFontWeight"":{""value"":""MEDIUM"",""abId"":""STG|launchedGroup|485d3bea|h"",""expId"":""gh-3794-vas-widget-upgrade-pp-cart""},""showBestSellerSpotlight"":{""value"":true,""abId"":""STG|launchedGroup|485d3bea|h"",""expId"":""gh-3794-vas-widget-upgrade-pp-cart""},""abPriceVariationSPCartEnabled"":{""value"":true,""abId"":""STG|launchedGroup|485d3bea|h"",""expId"":""gh-3794-vas-widget-upgrade-pp-cart""},""abPVPPDiscountPosition"":{""value"":1,""abId"":""STG|launchedGroup|485d3bea|h"",""expId"":""gh-3794-vas-widget-upgrade-pp-cart""},""enablePriceVariationForVASWidget"":{""value"":true,""abId"":""STG|launchedGroup|485d3bea|h"",""expId"":""gh-3794-vas-widget-upgrade-pp-cart""},""enhancedDealsTagAB"":{""value"":true,""abId"":""STG|launchedGroup|bd950249|h"",""expId"":""enhanced_deals_tag_experiment""},""topChartsTitleCopyVariant"":{""value"":""TITLE_COPY1"",""abId"":""STG|launchedGroup|0e06c240|h"",""expId"":""gh-3787-pp-best-seller-reco""},""topChartsSpotlightDisabled"":{""value"":false,""abId"":""STG|launchedGroup|0e06c240|h"",""expId"":""gh-3787-pp-best-seller-reco""},""recoHighlightsEnabled"":{""value"":true,""abId"":""STG|launchedGroup|0e06c240|h"",""expId"":""gh-3787-pp-best-seller-reco""},""topChartsBannerIconVariant"":{""value"":""STATIC_ICON_STAR"",""abId"":""STG|launchedGroup|0e06c240|h"",""expId"":""gh-3787-pp-best-seller-reco""},""isTopFilterAnimationV2Enabled"":{""value"":""true"",""abId"":""STG|launchedGroup|895401ca|h"",""expId"":""top_filters_animation_v1""},""isAdPositionChanged"":{""value"":true,""abId"":""STG|launchedGroup|9e6ebec3|h"",""expId"":""gh-3550-across-funnel-renaming-ads-to-sponsored""},""renameAdToSponsored"":{""value"":true,""abId"":""STG|launchedGroup|9e6ebec3|h"",""expId"":""gh-3550-across-funnel-renaming-ads-to-sponsored""},""ENABLE_NEW_WIDGET_ON_MSITE"":{""value"":true,""abId"":""STG|launchedGroup|4aad7243|h"",""expId"":""v2_on_msite_version_3""},""dynamicRecoCardHeight"":{""value"":true,""abId"":""STG|launchedGroup|18952fa7|h"",""expId"":""pp_-_dynamic_reco_card_height""},""showViewButtonOnPLAAds"":{""value"":true,""abId"":""STG|launchedGroup|2b2648f2|h"",""expId"":""ghi-213-pp-view-cta-for-pla-add""},""enableHPMUDesignChanges"":{""value"":true,""abId"":""STG|launchedGroup|f46b74f7|h"",""expId"":""hmpu_refresh_""},""shouldDisableFallbackImageForPN"":{""value"":true,""abId"":""STG|launchedGroup|a69e0810|h"",""expId"":""pn_image_load_error""},""isMsiteHtmlStreamingEnabled"":{""value"":false,""abId"":""STG|inlineTargetingRules|793472f9|h"",""expId"":""msite_html_streaming""},""minBufferMs"":{""value"":3500,""abId"":""STG|launchedGroup|0f6fc508|h"",""expId"":""video_load_strategy_experiment_layered_v5""},""bufferForPlaybackAfterRebufferMs"":{""value"":1500,""abId"":""STG|launchedGroup|0f6fc508|h"",""expId"":""video_load_strategy_experiment_layered_v5""},""maxBufferMs"":{""value"":10000,""abId"":""STG|launchedGroup|0f6fc508|h"",""expId"":""video_load_strategy_experiment_layered_v5""},""bufferForPlaybackMs"":{""value"":1500,""abId"":""STG|launchedGroup|0f6fc508|h"",""expId"":""video_load_strategy_experiment_layered_v5""},""videoResolutionViewSizeScale"":{""value"":0.75,""abId"":""STG|launchedGroup|a75d324f|h"",""expId"":""view_based_resolution_experiment_layered_v5""},""isVideoResolutionByViewSizeEnabled"":{""value"":true,""abId"":""STG|launchedGroup|a75d324f|h"",""expId"":""view_based_resolution_experiment_layered_v5""},""enableiOSJustPaySDK"":{""value"":true,""abId"":""STG|launchedGroup|99627049|h"",""expId"":""justpay__ios""},""enableiOSJustPaySDKV2"":{""value"":true,""abId"":""STG|launchedGroup|66e48ed6|h"",""expId"":""juspay_ios_v2_minutes""},""enableiOSJustPaySDKFlipkartV2"":{""value"":true,""abId"":""STG|launchedGroup|2bb14007|h"",""expId"":""juspay_ios_v2_flipkart""},""enableOneViewGhpDesktop"":{""value"":true,""abId"":""STG|launchedGroup|bf57ae88|h"",""expId"":""ghp_revamp_desktop""},""enableOneViewMhpDesktop"":{""value"":true,""abId"":""STG|launchedGroup|cccc9e27|h"",""expId"":""bh_rule_testing_for_desktop_hp_-_min_nav""},""atlas_pp"":{""value"":false,""abId"":""STG|prestart|bc0e9f22|h"",""expId"":""productpage_revamp""},""enableOneViewPP"":{""value"":false,""abId"":""STG|prestart|69879a97|h"",""expId"":""neprevamp""},""isPPLCPImagePreloadEnabled"":{""value"":false,""abId"":""STG|inlineTargetingRules|1a2d558d|h"",""expId"":""msite_pp_preload""},""isGhpMhpSSREnabled"":{""value"":false,""abId"":""STG|inlineTargetingRules|d721a3ad|h"",""expId"":""msite_ghp_mhp_ssr""},""enableHaptics"":{""value"":true,""abId"":""STG|launchedGroup|3d446348|h"",""expId"":""haptics_feedback_flo""},""enableAddressBarKeyRemount"":{""value"":true,""abId"":""STG|launchedGroup|8dff313e|h"",""expId"":""minutes-_rain_fees_and_surge""},""rules.isFloPaginationLoaderEnabled"":{""value"":true,""abId"":""STG|launchedGroup|f0c1b23b|h"",""expId"":""flo_android_pagination""},""childitemrevamp"":{""value"":true,""abId"":""STG|launchedGroup|2303dd5e|h"",""expId"":""childitemrevamp""},""isHeroAnimationEnable"":{""value"":false,""abId"":""STG|prestart|dcec5780|h"",""expId"":""hero_animation_android_layered""},""rules.enableCustomThumbnailAB"":{""value"":false,""abId"":""STG|prestart|59ebd0b8|h"",""expId"":""ios_hero_animation""},""isHeroAnimationEnableios"":{""value"":false,""abId"":""STG|prestart|59ebd0b8|h"",""expId"":""ios_hero_animation""},""GeoLandmarkEnabled"":{""value"":false,""abId"":""STG|prestart|9c3e1cc1|h"",""expId"":""landmark_ab_geocode""},""GeoLandmarkCount"":{""value"":1,""abId"":""STG|prestart|9c3e1cc1|h"",""expId"":""landmark_ab_geocode""},""LandmarkThresholdMeters"":{""value"":1,""abId"":""STG|prestart|9c3e1cc1|h"",""expId"":""landmark_ab_geocode""},""enableOneviewFlipkartRevamp"":{""value"":false,""abId"":""STG|prestart|84eb2f70|h"",""expId"":""pp_revamp_desktop_v2""},""msite_svg_optimisation"":{""value"":false,""abId"":""STG|prestart|6f384292|h"",""expId"":""msite_svg_optimsiation""},""isHybridTrackerEnabled"":{""value"":false,""abId"":""STG|prestart|23f12fe0|h"",""expId"":""hybrid_condition_tracker""},""enableOneviewGroceryRevamp"":{""value"":false,""abId"":""STG|prestart|4bfb0f1e|h"",""expId"":""oneview_revamp_grocery_desktop""}},""activateVip"":{""asyncStatus"":""INIT"",""widget"":[]},""autosuggest"":{""query"":null,""payloadId"":null,""searchHistory"":[],""asyncStatus"":""INIT"",""words"":{},""searchBrowseHistoryRequest"":{}},""basket"":{""asyncStatus"":""INIT"",""pageLevelError"":false},""buyingGuides"":{""asyncStatus"":""INIT""},""cartData"":{""asyncStatus"":""INIT"",""pageLevelError"":false},""saveForLaterData"":{""asyncStatus"":""INIT"",""data"":{""requestedStores"":[]}},""checkoutPage"":{""summary"":{""asyncStatus"":""INIT""},""checkoutAsyncStatus"":""INIT"",""addressCache"":{""newAddressForm"":{""id"":""newAddressForm"",""name"":"""",""addressLine1"":"""",""addressLine2"":"""",""landmark"":"""",""city"":"""",""state"":"""",""pincode"":"""",""phone"":"""",""alternatePhone"":"""",""locationTypeTag"":""""}},""visualState"":{""login"":""EXPANDED"",""address"":""COLLAPSED"",""orderSummary"":""COLLAPSED"",""payment"":""COLLAPSED""},""loginState"":{""asyncStatus"":""INIT""},""buyNow"":{""eids"":"""",""domain"":""physical"",""analytics"":{},""quantity"":0},""addressLocation"":{""asyncStatus"":""INIT""},""staticPage"":{""asyncStatus"":""INIT""}},""claimedReward"":{""asyncStatus"":""INIT"",""widget"":[]},""compareAddProductData"":{""asyncStatus"":""INIT"",""brandvsproduct"":{},""brand"":null},""compareBrandData"":{""asyncStatus"":""INIT""},""comparePageData"":{""asyncStatus"":""INIT"",""showDifference"":false},""compareWidgetData"":[],""config"":{""asyncStatus"":""SUCCESS"",""data"":{""cobrandedExperience"":{""yahoo"":{""logo"":""https://img1a.flixcart.com/www/promos/new/20161121-160909-yahoo-store.png"",""class"":""yahoo-store"",""store-link"":""https://in.yahoo.com/"",""store-name"":""Go Back to Yahoo.in"",""tracking-name"":""yahoocobr"",""pixel-tracking-url"":""https://sp.analytics.yahoo.com/spp.pl?a=10000&.yp=10021645"",""search-pixel-url"":""https://bat.bing.com/action/0?ti=4003414&Ver=2""},""airtel"":{""logo"":""http://img5a.flixcart.com/www/promos/new/20150618-144245-header-airtel-white.png"",""class"":""airtel-store"",""store-link"":""www.airtel.in"",""store-name"":""Go Back to Airtel.in"",""tracking-name"":""airtel-cobrand-store""},""axis"":{""logo"":""https://rukminim1.flixcart.com/www/245/50/promos/02/06/2017/4a815cb2-29f5-4c5b-a5af-a9278feb1a1b.png?q=90"",""class"":""axis-store"",""store-link"":""http://axis.store.flipkart.com/"",""store-name"":""Go back to Axis Bank"",""tracking-name"":""affiliate789"",""footer"":""Exclusive Store, for Axis Bank Customers!""},""offers"":{""logo"":""https://img1a.flixcart.com/www/promos/new/20150618-145909-header-smartbuy-white.png"",""class"":""hdfc-store "",""store-link"":""www.smartbuy.hdfcbank.com"",""store-name"":""Go Back to Smart buy"",""tracking-name"":""hdfc-cobrand-store"",""footer"":""Upto 3x Reward points or 1% cashback on your HDFC Bank cards""},""bhaskar"":{""logo"":""http://img6a.flixcart.com/www/promos/new/20150618-142842-header-logo-bhaskar.png"",""class"":""bhasker-store "",""store-link"":""www.dainikbhaskar.com"",""store-name"":""Go Back to Dainik Bhaskar"",""tracking-name"":""dainik-cobrand-store""},""itzcash"":{""logo"":""https://rukminim1.flixcart.com/www/245/50/promos/09/01/2017/c1c2c887-ba6f-4346-9bac-fd98e208bb03.png?q=90"",""class"":""itzcash-store"",""store-link"":""http://itzcash.com"",""store-name"":""Go Back to Itzcash-store"",""tracking-name"":""itzcash-cobrand-store"",""footer"":""Exclusive store, for Itz cash store customers!""},""indusind"":{""logo"":""https://img1a.flixcart.com/www/promos/new/20160620-133321-powered-header-indusindbank-new.png"",""class"":""indusind-store"",""store-link"":""http://indusind.store.flipkart.com/"",""store-name"":""Go back go indsland store"",""tracking-name"":""indusind-cobrand-store"",""footer"":""Exclusive store for Induslnd Bank customers!""},""yono"":{""logo"":""https://rukminim1.flixcart.com/www/245/50/promos/13/12/2019/2ad891cf-64df-4873-a27d-2a352a36c4e3.jpg?q=100"",""class"":""sbiyono-store "",""store-link"":""http://yono.store.flipkart.com/"",""store-name"":""Go Back to SBI Yono"",""tracking-name"":""sbiyono-cobrand-store"",""footer"":""Exclusive offer for SBI Yono customers - Get a Flipkart Gift Voucher worth 5% of your transaction""}},""degradationData"":{""endPointsConfig"":{""4/page/fetch"":{""statusCodes"":[""503"",""429"",""533""],""isBlocking"":false},""5/cart"":{""statusCodes"":[""503"",""429"",""533""],""isBlocking"":false},""5/checkout"":{""statusCodes"":[""503"",""429"",""533""],""isBlocking"":false}},""isDegradationDisabled"":false,""statusCodesConfig"":{""529"":{""timeRemaining"":10,""title"":""Access Denied"",""image"":""https://rukminim1.flixcart.com/www/{@width}/{@height}/promos/28/09/2023/935ce1e9-ca68-4b8c-9e12-f10298bb86d4.png?q={@quality}"",""subtitle"":""Our systems have detected an unusual activity. For security reasons, we cannot allow access at this time. If you want this resolved quickly, write to us at app-feedback@flipkart.com."",""autoRetry"":false}}},""fillersConfig"":{""LANDSCAPE"":[{""imageUrl"":""https://rukminim1.flixcart.com/www/{@width}/{@height}/promos/22/05/2023/6350965b-ae8b-4b2a-a298-2ce4c7371f0d.jpg?q={@quality}"",""redirectUrl"":""/search?q=camera""},{""imageUrl"":""https://rukminim1.flixcart.com/www/{@width}/{@height}/promos/22/05/2023/56b829f7-d4ea-40e9-9c35-900560809a09.jpg?q={@quality}"",""redirectUrl"":""/search?q=furniture""}],""PORTRAIT"":[{""imageUrl"":""https://rukminim1.flixcart.com/www/{@width}/{@height}/promos/16/05/2023/5bbabbf4-4c7e-42cd-93af-421822916848.jpg?q={@quality}"",""redirectUrl"":""/travel/flights""},{""imageUrl"":""https://rukminim1.flixcart.com/www/{@width}/{@height}/promos/22/05/2023/44d98c6b-16de-4759-a3c4-9d6412ad8bfa.jpg?q={@quality}"",""redirectUrl"":""/search?q=sports""}]},""fkc-multi-try-on-categories-list"":[],""fkCameraCampaignOnboardingConfig"":{""default"":{""onboardingVideo"":""https://static-assets-web.flixcart.com/camera/filters/filter-onb-muted.mp4"",""titleIrisKey"":""FK_CAMERA_ENHANCED_ONBOARDING_WITHOUT_PERMISSION_TITLE"",""subTitleIrisKey"":""FK_CAMERA_ENHANCED_ONBOARDING_WITHOUT_PERMISSION_SUBTITLE""},""mobileFilters"":{""onboardingVideo"":""https://assets.mixkit.co/videos/preview/mixkit-tree-with-yellow-flowers-1173-large.mp4"",""titleIrisKey"":""FK_CAMERA_ENHANCED_ONBOARDING_WITHOUT_PERMISSION_TITLE"",""subTitleIrisKey"":""FK_CAMERA_ENHANCED_ONBOARDING_WITHOUT_PERMISSION_SUBTITLE""},""bbd22Home"":{""onboardingVideo"":""https://static-assets-web.flixcart.com/camera/filters/filter-onb-muted.mp4"",""titleIrisKey"":""FK_CAMERA_ENHANCED_ONBOARDING_WITHOUT_PERMISSION_TITLE"",""subTitleIrisKey"":""FK_CAMERA_ENHANCED_ONBOARDING_WITHOUT_PERMISSION_SUBTITLE""},""internalComms"":{""onboardingVideo"":""https://static-assets-web.flixcart.com/camera/filters/filter-onb-muted.mp4"",""titleIrisKey"":""FK_CAMERA_ENHANCED_ONBOARDING_WITHOUT_PERMISSION_TITLE"",""subTitleIrisKey"":""FK_CAMERA_ENHANCED_ONBOARDING_WITHOUT_PERMISSION_SUBTITLE""},""mobileZones"":{""onboardingVideo"":""https://assets.mixkit.co/videos/preview/mixkit-tree-with-yellow-flowers-1173-large.mp4"",""titleIrisKey"":""FK_CAMERA_ENHANCED_ONBOARDING_WITHOUT_PERMISSION_TITLE"",""subTitleIrisKey"":""FK_CAMERA_ENHANCED_ONBOARDING_WITHOUT_PERMISSION_SUBTITLE""},""mobileFestiveZone"":{""onboardingVideo"":""https://static-assets-web.flixcart.com/camera/filters/filter-onb-muted.mp4"",""titleIrisKey"":""FK_CAMERA_ENHANCED_ONBOARDING_WITHOUT_PERMISSION_TITLE"",""subTitleIrisKey"":""FK_CAMERA_ENHANCED_ONBOARDING_WITHOUT_PERMISSION_SUBTITLE""},""shaFilters"":{""onboardingVideo"":""https://static-assets-web.flixcart.com/camera/filters/filter-onb-muted.mp4"",""titleIrisKey"":""FK_CAMERA_ENHANCED_ONBOARDING_WITHOUT_PERMISSION_TITLE"",""subTitleIrisKey"":""FK_CAMERA_ENHANCED_ONBOARDING_WITHOUT_PERMISSION_SUBTITLE""},""fashionFilters"":{""onboardingVideo"":""https://static-assets-web.flixcart.com/camera/filters/filter-onb-muted.mp4"",""titleIrisKey"":""FK_CAMERA_ENHANCED_ONBOARDING_WITHOUT_PERMISSION_TITLE"",""subTitleIrisKey"":""FK_CAMERA_ENHANCED_ONBOARDING_WITHOUT_PERMISSION_SUBTITLE""},""gameFilters"":{""onboardingVideo"":""https://static-assets-web.flixcart.com/camera/filters/filter-onb-muted.mp4"",""titleIrisKey"":""FK_CAMERA_ENHANCED_ONBOARDING_WITHOUT_PERMISSION_TITLE"",""subTitleIrisKey"":""FK_CAMERA_ENHANCED_ONBOARDING_WITHOUT_PERMISSION_SUBTITLE""},""flipkartAwards"":{""onboardingVideo"":""https://static-assets-web.flixcart.com/camera/filters/filter-onb-muted.mp4"",""titleIrisKey"":""FK_CAMERA_ENHANCED_ONBOARDING_WITHOUT_PERMISSION_TITLE"",""subTitleIrisKey"":""FK_CAMERA_ENHANCED_ONBOARDING_WITHOUT_PERMISSION_SUBTITLE""},""beautyFilters"":{""onboardingVideo"":""https://static-assets-web.flixcart.com/camera/filters/filter-onb-muted.mp4"",""titleIrisKey"":""FK_CAMERA_ENHANCED_ONBOARDING_WITHOUT_PERMISSION_TITLE"",""subTitleIrisKey"":""FK_CAMERA_ENHANCED_ONBOARDING_WITHOUT_PERMISSION_SUBTITLE""},""internalFilters"":{""onboardingVideo"":""https://static-assets-web.flixcart.com/camera/filters/filter-onb-muted.mp4"",""titleIrisKey"":""FK_CAMERA_ENHANCED_ONBOARDING_WITHOUT_PERMISSION_TITLE"",""subTitleIrisKey"":""FK_CAMERA_ENHANCED_ONBOARDING_WITHOUT_PERMISSION_SUBTITLE""},""electroFilters"":{""onboardingVideo"":""https://static-assets-web.flixcart.com/camera/filters/filter-onb-muted.mp4"",""titleIrisKey"":""FK_CAMERA_ENHANCED_ONBOARDING_WITHOUT_PERMISSION_TITLE"",""subTitleIrisKey"":""FK_CAMERA_ENHANCED_ONBOARDING_WITHOUT_PERMISSION_SUBTITLE""},""test"":{""onboardingVideo"":""https://static-assets-web.flixcart.com/camera/filters/filter-onb-muted.mp4"",""titleIrisKey"":""FK_CAMERA_ENHANCED_ONBOARDING_WITHOUT_PERMISSION_TITLE"",""subTitleIrisKey"":""FK_CAMERA_ENHANCED_ONBOARDING_WITHOUT_PERMISSION_SUBTITLE""},""tes2t"":{""onboardingVideo"":""https://static-assets-web.flixcart.com/camera/filters/filter-onb-muted.mp4"",""titleIrisKey"":""FK_CAMERA_ENHANCED_ONBOARDING_WITHOUT_PERMISSION_TITLE"",""subTitleIrisKey"":""FK_CAMERA_ENHANCED_ONBOARDING_WITHOUT_PERMISSION_SUBTITLE""}},""globalConfig"":{""deferReco"":true,""disableAddNewCardOnSavedCardsSection"":true,""disableRecentlyViewed"":false,""disableSearch"":false,""disableSeo"":true,""enableRenderableSnippets"":true,""enableSnippetsInSwatches"":true,""enableProductPageServerRendering"":true,""enableBrowsePageServerRendering"":true,""enableHomePageServerRendering"":true,""enableTncPageServerRendering"":true,""enableCLPServerRendering"":true,""enableStreaming"":true,""enableH2"":true,""enableAllReviewsPageServerRendering"":true,""enablePaymentDegrade"":false,""enableYahooPixel"":false,""enableCriteo"":false,""enableFingerPrint"":true,""skipCTARender"":false,""enableNewProductTitle"":true,""enableStickyBasketV2"":true,""enableOffersAsSnippets"":true,""checkBnplMigration"":true,""autoSuggestCacheTTLInMillis"":0,""supportHeliosRedirection"":true,""enableUPIPayment"":true,""enableCryspIntegration"":false,""enableWalletExperiment"":true,""disableBrpV1"":false,""isFdpConfigIntervalEnabled"":true,""fdpBatchTimeInterval"":20000,""enableABV2Changes"":true,""enableServerSideABV2"":true,""enableClientSideABV2"":true,""sessionExpiryTime"":30,""bbdNFRFlags"":{""compactRichNav"":true,""compactRichNavTracking"":true,""seoDedupe"":false},""enableEEEChanges"":true,""returnIssueId"":""4"",""returnSubIssueId"":""6"",""enableReturnTimeline"":true,""enableGoToApps"":true,""enableNewrelic"":true,""disableCODFee"":false,""enableCOOTPView"":true,""enableSignupPassword"":false,""enableLoginPassword"":false,""enableUpdateIdentityPassword"":false,""enableNewFDPPath"":false,""enableOneView"":true,""cleanupV4Res"":true,""disableOneViewABV2"":false,""disableABV2Homepage"":true,""disableShopsyV3Chat"":false,""blobioAttachmentsDownloadEnabled"":false,""cleanupV4BPRes"":true,""enable3DS2"":true,""isImageSaveDisabled"":true,""disableDeleteAccount"":false,""isReCaptchaEnabled"":true,""enableLRU"":true,""disableFdpOnServer"":true,""postOrderSonicMigration"":true,""enableDesktopODV4"":true,""enableDesktopHlOdV4"":true,""enableEhcChatWithUs"":true,""enableDesktopOCv4"":true,""shorteningOdEnabled"":true,""enableConsignmentNote"":true,""enableMOv4"":false,""openLinkInNewTab"":true},""NewRelicConfig"":{""crashReporting"":true,""analyticsEvents"":true,""interactionTracing"":true,""defaultInteraction"":true,""networkRequests"":true,""networkErrorRequests"":true,""handledException"":true,""distributedTracing"":false,""nativeReporting"":true},""supportHeliosRedirection"":true,""tooltip-zion-services"":{""deliverdBy"":""**Shipping Policy of Flipkart:**\n\n- In case your order is not delivered even after the delivery confirmation email/SMS is shared with you, please contact us within 7 days to report this issue. Issue reported after 7 days of delivery confirmation email/SMS being sent will be automatically rejected."",""tentativeRelease"":""__What is the tentative delivery time?__\n\n Sellers generally procure and ship the items within the time specified on the product page. Business days exclude public holidays and Sundays.\n\n Estimated delivery time depends on the following factors:\n * The Seller offering the product \n * Product's availability with the Seller \n * The destination to which you want the order shipped to and the Seller's location\n\n__Why does the delivery date not correspond to the delivery timeline of X-Y business days?__ \n\n It is possible that the Seller or our courier partners observe a holiday between the day you placed your order and the date of delivery, which is based on the timelines shown on the product page. In this case, we add a day to the estimated date. Some courier partners and Sellers do not work on Sundays and this is factored in to the delivery dates. \n\n __Why does the estimated delivery time vary for each seller?__ \n\n You have probably noticed varying estimated delivery times for Sellers of the product you are interested in. Delivery times are influenced by product availability, geographic location of the Seller, your shipping destination and the courier partner's time-to-deliver to your location. \n\n Please enter your default pin code on the product page (you don't have to enter it every single time) to know more accurate delivery times on the product page itself. \n\n __Seller does not/cannot ship to my area. Why?__ \n\n Enter your pincode on the product page (you don't have to enter it every single time) to know whether the product can be delivered to your location. \n\n If you haven't provided your pincode until the checkout stage, the pincode in your last used shipping address will be used to check for serviceability. \n\n Whether your location can be serviced or not depends on:\n\n * Whether the Seller actually ships to your location \n * Legal restrictions, if any, in shipping particular products to your location \n * The availability of reliable courier partners in your location \n\n At times Sellers prefer not to ship to certain locations. This is entirely at their discretion.\n\n More answers in our <a href='/pages/shipping' target='_blank'>Shipping FAQs »</a>"",""groceryDeliveryCharges"":""**What is the estimated delivery time?**\r\n\r\nSupermart delivers at a convenient time as selected by you at the checkout time. Slots for delivery are available from next day.\r\n\r\n**Seller does not/cannot ship to my area. Why?**\r\n\r\nCurrently, Supermart is available only in select cities. We hope to launch in your location soon!"",""emiTableFaq"":""\nThis table shows different banks and the respective EMI options based on the product price. This is for indicative purposes only, your EMI payments may differ with total order amount and additional bank charges, if any."",""emiFaq"":""\n\n- Select your preferred EMI option at the time of payment.\r\n- Final EMI is calculated on the total value of your order at the time of payment.\r\n- The Bank charges annual interest rates according to the reducing monthly balance. In the monthly reducing cycle, the principal is reduced with every EMI and the interest is calculated on the outstanding balance.\r\n- The minimum order value to avail the EMI payment option is Rs 2,500.\r\n- This option is available only when the cart contains items from a single seller.\r\n- The Bank charges annual interest rates according to the reducing monthly balance. In the monthly reducing cycle, the principal is reduced with every EMI and the interest is calculated on the outstanding balance.\r\n- While you will not be charged a processing fee for availing Flipkart&#39;s EMI option, the interest charged by the bank shall not be refunded by Flipkart.\r\n- You may check with the respective bank/issuer on how a cancellation, refund or pre-closure could affect the EMI terms, and what interest charges would be levied on you for the same.\r\n- For select banks, the interest amount on the first EMI will be calculated from the loan booking date till the payment due date.\r\n- Processing fee if any will be charged by your card issuing Bank. Please check the Terms & conditions of availing EMI with your Bank\r\n- GST may also be levied by the bank as applicable."",""fkAssuredTnC"":""Flipkart Assured is the seal of Quality and Reliability. Flipkart Assured products are verified, packed with care and safely dispatched by Flipkart. With extensive quality checks, stringent seller guidelines and reliable & free shipping, Flipkart Assured guarantees a superior and hassle-free shopping experience, every time. \n\n * 6 quality Checks - Flipkart Quality guidelines ensure that extensive quality checks are done from storage to final packaging so that you get exactly what you ordered. \n * Transit Safe Packaging - Flipkart packaging guidelines ensure that your product will be safe in its journey to your doorstep. \n * Reliable Delivery - We ship your product through our most trusted courier partners, ensuring that it not only reaches you safely by the promised date but is also trackable in real-time. \n * Stringent Seller Guidelines - Flipkart Assured badge is given only to select products from our most trusted and reliable sellers to ensure your shopping outcome is perfect,very single time. \n * Free Shipping - All orders above Rs.500 are eligible for FREE shipping. \n * Faster Shipping Options - Large selection of items available with faster shipping options. We ensure you get what you want, when you want.\n\n*Available as a value added service on selected pin codes"",""certifiedBuyer"":""The '__certified buyer__' badge indicates that this user has purchased this product on Flipkart."",""flipkart_'"":""__Flipkart Assured__\n\n Products marked with Flipkart Assured are sold by/sourced from a Seller but are quality checked, stocked, packed and shipped by Flipkart. Expedited delivery* options such as Same Day/In-a-Day Guarantee Delivery are an added bonus. <a href='/flipkart-assured' target='_blank'>Read More</a>\n\n \\* Shipments from locations where relevant permissions have been obtained."",""phonepe_info"":""<b>PhonePe UPI</b>\n\nInstant Payment: Just enter your MPIN to pay.\n\nReal Cashback: Transfer PhonePe balance instantly to your bank account for free.\n\nSecure as ATM: Only you know your secret UPI MPIN."",""myProfileFAQ"":""#### What happens when I update my email address (or mobile number)?\n\nYour login email id (or mobile number) changes, likewise. You'll receive all your account related communication on your updated email address (or mobile number).\n\n\n#### When will my Flipkart account be updated with the new email address (or mobile number)?\n\nIt happens as soon as you confirm the verification code sent to your email (or mobile) and save the changes.\n\n\n#### What happens to my existing Flipkart account when I update my email address (or mobile number)?\n\nUpdating your email address (or mobile number) doesn't invalidate your account. Your account remains fully functional. You'll continue seeing your Order history, saved information and personal details.\n\n\n#### Does my Seller account get affected when I update my email address?\n\nFlipkart has a 'single sign-on' policy. Any changes will reflect in your Seller account also."",""changePasswordFAQ"":""### Your new password must:\n\n- Be at least 4 characters in length\n\n- Not be same as your current password\n\n- Not contain common passwords."",""deactivateFAQ"":""### When you deactivate your account\n\n- You are logged out of your Flipkart Account\n\n- Your public profile on Flipkart is no longer visible\n\n- Your reviews/ratings are still visible, while your profile information is shown as ‘unavailable’ as a result of deactivation.\n\n- Your wishlist items are no longer accessible through the associated public hyperlink. Wishlist is shown as ‘unavailable’ as a result of deactivation\n\n- You will be unsubscribed from receiving promotional emails from Flipkart\n\n- Your account data is retained and is restored in case you choose to reactivate your account\n\n\n\n### How do I reactivate my Flipkart account?\n\n\n\nReactivation is easy.\n\n\n\nSimply login with your registered email id or mobile number and password combination used prior to deactivation. Your account data is fully restored. Default settings are applied and you will be subscribed to receive promotional emails from Flipkart.\n\n\nFlipkart retains your account data for you to conveniently start off from where you left, if you decide to reactivate your account.\n\n\n### Remember: Account Reactivation can be done on the Desktop version only."",""pickupAddress_unavailable"":""Please select the reason for return to proceed further"",""safetyNotificationMoreInfo"":""\n\n * We save your card number, expiry date and name on card only. We do not save CVV Nos.\n * Be assured, your card details are 100% safe with us. We use world class encryption for storing card details and our systems are PCI DSS security certified.\n * Should you wish to un-save the card, you can do so in the 'Saved Cards' section in the 'My Account' Menu."",""walletFAQ"":""__What is PhonePe? What payment options does PhonePe provide?__\n\n PhonePe is a new mobile payment solution. Our goal is to make digital payments so easy and safe that people never have to carry cash or cards again! You can use PhonePe as a wallet or directly make transfers through your linked bank account using UPI. It's safe, easy and instant, you have to use it to believe it!\n\n__What is UPI? What is the advantage of UPI transfers over wallets?__\n\n 'Unified Payment Interface' (UPI) is an instant payment system that allows you to transfer money directly from your bank account. The best part about UPI is that it allows you to make payments with a few clicks without the hassle of sharing bank a/c details or typing your card details, net banking password, OTP, etc. There are many advantages of UPI. The main advantage is that you don't have to block your money by loading it into a wallet. Simply link your bank account and then you can make seamless payments without having to worry about topping up a wallet, wallet spend limits or not earning interest on your money. Makes sense to use UPI for direct bank transfer rather than the plethora of wallets, doesn't it? \n\n__Can I transfer funds from PhonePe wallet? If yes, how much can be transferred?__\n\n Yes, you can transfer funds from PhonePe wallet to your bank account using the Bank Account Number and Branch IFSC Code. You can transfer a maximum of ₹5,000 in a single transaction and a maximum of ₹25,000 in a month.\n\n__Can I use an International phone number to activate PhonePe wallet?__\n\n No, currently PhonePe wallet is available only for domestic mobile numbers."",""giftcardFAQ"":""__How do I buy / gift a Flipkart Gift Card?__\n\n 1. Enter the name and email address of the person you want to send the Flipkart Gift Card to. \n\n 2. Select the value of the card you would like to purchase, then click 'Proceed To Pay'. \n\n 3. You'll now see the payment options. You can pay by Credit Card / Debit Card / ATM Card / Netbanking. Proceed to pay using your preferred choice. If you need to make any changes to the Gift Card value, you can always click 'Edit' to modify it. \n\n 4. Complete the checkout process to receive an email with the Gift Card details.\n\n__How do I pay with a Flipkart Gift Card?__\n\n 1. Go to flipkart.com and select the items you want to purchase. When you are ready to checkout, click 'Proceed To Pay'. \n\n 2. Select the 'Pay By Gift Card' option. \n\n 3. Enter your 16-digit gift card number and the corresponding 6-digit PIN number when prompted. \n\n 4. If the Gift Card value doesn't cover your Order total, you will be prompted to select an additional payment method. \n\n NOTE: Funds will be deducted from your Flipkart Gift Card when you place your order. In case of any adjustment or cancellation at a later stage, we will credit the refund back to your Gift Card. \n\n__Does my Flipkart Gift Card expire?__\n\n All Flipkart Gift Cards expire 1 year from the date of their creation."",""giftcardTnC"":""\n\n 1. Flipkart Gift Cards (“GCs” or “Gift Cards”) are issued by Qwikcilver Solutions Pvt. Ltd. ('Qwikcilver') which is a private limited company incorporated under the laws of India, and is authorized by the Reserve Bank of India ('RBI') to issue such Gift Cards. \n 2. The Gift Cards can be redeemed online against Sellers listed on www.flipkart.com or Flipkart Mobile App or Flipkart m-site ('Platform') only. \n 3. Gift Cards can be purchased on www.flipkart.com or Flipkart Mobile App using the following payment modes only - Credit Card, Debit Card and Net Banking. \n 4. Gift Cards can be redeemed by selecting the payment mode as Gift Card. \n 5. Gift Cards cannot be used to purchase other Flipkart Gift Cards or Flipkart First subscriptions. \n 6. Gift Cards cannot be used to make bulk purchases on the Platform. \n 7. If the order value exceeds the Gift Card amount, the balance must be paid by Credit Card/Debit Card/Internet Banking. The Cash on Delivery payment option cannot be used to pay the balance amount."",""savedCardFAQ"":""__Why is my card being tokenised?__\n\nAs per the new RBI guidelines to make card data more secure, merchants like Flipkart cannot store the card details of users. As an alternative, RBI has authorised card networks and card issuers to offer card tokenisation services, which means the replacement of actual credit and debit card details with an alternate code called “token”. The user can either choose to tokenise their card by giving consent for future transactions or choose to continue without tokenisation.\n\n__What is a token?__\n\nA token is generated when a user gives consent to Flipkart to tokenise their card. A token is a unique value for a combination of card, token requestor (Flipkart is a token requestor & accepts request from the customer for tokenisation of a card and passes it onto the card network to issue a corresponding token) and device. The token does not contain any personal information linked to your card and is generated only when a customer uses a new card for a successful transaction on Flipkart.\n\n__Is it safe to tokenise my card?__\n\nYes. A tokenised card transaction is considered safer as the actual card details are not shared with the Flipkart during transaction processing . Card information is stored with the authorised card networks or card issuers only and Flipkart does not store your 16-digit card number.\n\n__Is tokenisation of card mandatory?__\n\nNo, customer can choose whether or not to tokenise their card.\n\n__What happens if I don’t give consent to secure my card?__\n\nIf you don’t give consent to tokenise your card, you need to enter your card details for every transaction as stipulated under the RBI guidelines."",""savedVpaFAQ"":""__Why is my UPI being saved on Flipkart?__\n\nIt's quicker. You can save the hassle of typing in the complete UPI information every time you shop at Flipkart by saving your UPI details. You can make your payment by selecting the saved UPI ID of your choice at checkout. While this is obviously faster, it is also very secure.\n\n__Is it safe to save my UPI on Flipkart?__\n\nAbsolutely. Your UPI ID information is 100 percent safe with us. UPI ID details are non PCI compliant and are non confidential data.\n\n__What all UPI information does Flipkart store?__\n\nFlipkart only stores UPI ID and payment provider details. We do not store UPI PIN/MPIN.\n\n__Can I delete my saved UPI?__\n\nYes, you can delete your UPI ID at any given time."",""bnplTnC"":""\n\n 1. Available on select sellers and Flipkart Assured Products only. \n\n 2. You can settle your dues by Credit Card, Debit Card or Netbanking. \n\n 3. Failure to pay by due date may invite a late fee."",""bnplTnCv2"":""\n\n 1. Available on products from select sellers only. \n\n 2. You can settle your dues by Credit Card, Debit Card or Netbanking. \n\n 3. Failure to pay by due date may invite a late fee."",""product_page"":{""policy"":{""cancellation_fee"":{""tooltip"":""\n\n<b>Cancellation Policy</b>\n\nWe are liable to compensate our sellers and logistics partner for the cost, time and effort they incur while processing an order.\n\nHence, we now charge a cancellation fee on certain products.\n\nKnow more about the Cancellation Policy <a href='/pages/cancellation-tnc' target='_blank'>here</a>""}},""services"":{""cash_on_delivery"":{""tooltip"":""__How do I place a Cash on Delivery (C-o-D) order?__ \n\n All items that have the 'Cash on Delivery Available' icon are valid for order by Cash on Delivery. Add the item(s) to your cart and proceed to checkout. When prompted to choose a payment option, select 'Pay By Cash on Delivery'. Enter the CAPTCHA text as shown, for validation. Once verified and confirmed, your order will be processed for shipment in the time specified, from the date of confirmation. You will be required to make a cash-only payment to our courier partner at the time of delivery of your order to complete the payment.\n\n __Terms & Conditions__ \n\n * e-Gift Vouchers or Store Credit cannot be used for C-o-D orders. \n * Cash-only payment at the time of delivery. \n\n More answers in our <a href='/pages/shipping' target='_blank'>Shipping FAQs »</a>""},""cash_on_delivery_part_payment"":{""tooltip"":""__How do I place a Cash on Delivery (C-o-D) order with advance payment?__ \n\n Add the item(s) to your cart and proceed to checkout. When prompted to choose a payment option, select 'Pay By Cash on Delivery'. You will be prompted to complete an advance payment to place the Cash on Delivery order. The advance payment can be made using any online payment method like Credit Card, Debit Card, Net Banking or UPI. Once the advance payment is done, your order will be processed for shipment in the time specified, from the date of confirmation. You will be required to make a cash-only payment for the remaining amount to our courier partner at the time of delivery of your order to complete the payment.\n\n __Terms & Conditions__ \n\n * Gift Vouchers or Store Credit cannot be used for C-o-D orders. \n * Cash-only payment at the time of delivery.\n\n More answers in our <a href='/pages/shipping' target='_blank'>Shipping FAQs »</a>""},""slotted_delivery"":{""tooltip"":""__How do I get an item delivered at a time convenient for me?__ \n\n While placing an order, you may select the time convenient for you from the available slots.\n\n The item will be delivered at the time you specify. We'll give you a confirmation call before the item is out for delivery.\n\n __Can I change the preferred delivery time after I have selected it at the time of placing the order?__ \n\n Yes. You may change the scheduled time of delivery. Give us a call and tell us what would be convenient for you. We'll reschedule the delivery as per your convenience.\n\n __Do I need to be available in person while taking the delivery?__ \n\n You need not be available in person at the scheduled time of delivery. You may delegate someone to accept the delivery, complete Cash on Delivery payment and sign the delivery sheet. \n\n __Are there any extra charges for scheduling the delivery at a convenient time?__ \n\n No. There are no extra charges. Just check for available slots and pick a time.""},""gst_invoicing_policy"":{""tooltip"":""Users with registered businesses may purchase products for their business requirements offered for sale by sellers on the Platform. Provided, however, purchases on the Platform must only be for end consumption. Users must not use products purchased on the Platform for any commercial, promotional, resale or further distribution purposes.\r\n\r\n *  For purchase of all such products, a Tax Invoice including the GSTIN provided by User (“**GST invoice**”) shall be provided to the User, which will have, *inter alia*, the following details printed on it:\r\n\r\n  \\- GSTIN associated with the registered business of the User as provided by the User  \r\n  \\- Entity name of the registered business of the User as provided by the User  \r\n\r\n\r\n *  Please note that not all products are eligible for GST Invoice. Only select products sold by participating sellers and having a 'GST Invoice Available’ callout on the Product Detail Page of the Platform will be eligible for GST Invoice.\r\n *  GST Invoice will not be eligible on the following products/services:\r\n\r\n  \\- if Value Added Services of Complete Mobile Protection or Assured Buyback are attached to the products\r\n\r\n  \\- if the products are bought along with an exchange offer\r\n\r\n *  Please note that the GST invoice shall contain the details of User’s GSTIN and business entity name as provided by the User. Users should ensure that the details entered by them are accurate. Flipkart and Seller shall not entertain any request for any revision in the GST Invoice. Flipkart and Seller shall not be liable for any default on User’s part including for reasons associated with details provided by the User.\r\n *  Please note that Flipkart is not liable in any manner whatsoever in relation to the GST Invoice or any input tax credit associated therewith.\r\n *  For seamless availment of input tax credit, kindly select the address which is mentioned as the registered place of business as per the records of GST authority. Please note that availment of input tax credit is subject to provisions of GST Act and rules.\r\n *  The delivery and billing addresses will be required to be the same, please note that input tax credit will be denied by GST authority if the delivery address and GSTIN in the GST invoice are of different states.\r\n *  Please note that in case an incorrect GST details are provided during order placement, the order will be automatically cancelled.\r\n *  Please refer to our [Terms of Use][] and Privacy Policy for more details.\r\n\r\n**FAQs**\r\n\r\n1.  **What is GST Invoice option available on the product page?**\r\n\r\n  It is an option available on select products, through which you can enter your GST details during order placement and avail GST invoice which can be used to avail tax input credit.\r\n\r\n1.  **Where can I find the invoice with my GST details printed on it?**\r\n\r\n  The GST Invoice for your order will be shared in the form of a digital copy at your registered email address. You can also download the invoice for an already delivered order by visiting the 'My Orders' section and choosing the order for which you would like to download the invoice.\r\n\r\n1.  **Will I be able to edit my GST details after placing an order?**\r\n\r\n  The option to edit GST details after placing an order is currently not available. You can choose to cancel the ongoing order and place a fresh order with the correct GST details.\r\n\r\n1.  **Is the option of GST Invoice available with all products/sellers?**\r\n\r\n  The option of GST Invoice is currently available only on select products offered by participating sellers. You can visit the product page and scroll to the seller details section and if applicable, GST Invoice option will be clearly displayed. If the seller details do not call this out, it indicates that the seller does not currently provide this service.\r\n\r\n1.  **What are the details I should carefully enter while filling out my GST details?** \r\n\r\n  While entering the GST details ensure that the GST number mentioned is valid and active, belongs to the same state as that of the delivery address and also ensure that you mention the exact name of your registered business.\r\n\r\n1.  **What happens if I fill incorrect details?**\r\n\r\n  Please note that in case incorrect GST details are provided during order placement, the order will be automatically cancelled.\r\n\r\n1.  **My order is eligible for the GST Invoice but why am I not shown this option during order placement?**\r\n\r\n  An order is not eligible for GST Invoice option if value added services/plans/exchange offers are part of the order. You can choose to remove such plans from your order to ensure that your order is eligible for GST Invoice option.\r\n\r\n1.  **Can I get GST Invoice for installation/service/demo that will be charged by the brand after the delivery?**\r\n\r\n  If the delivery/installation/demo amount is charged by the brand, it is not included in the order invoice issued by the seller. Hence, it is not eligible for GST Invoice.\r\n\r\n1.  **What should I do if I missed sharing my GST details / provided incorrect details on the invoice?**\r\n\r\n  The GST related details as provided by the customers are automatically captured and printed on the invoice. Hence, this cannot be changed once the order has been placed. In case you entered the wrong GST details while placing the order, you can choose to cancel it and place a fresh order with the correct details.\r\n\r\n1.  **Can I get my invoice modified?**\r\n\r\n  The seller does not have the option to modify sections of the order invoice once it's generated.\r\n\r\n1.  **If I had entered my GST details while placing an earlier order, do I have to mention it again for the next orders I place?**\r\n\r\n  Please note that the GST details have to be entered each time you place an order for an eligible product in order to receive GST Invoice.\r\n\r\n\r\n[Terms of Use]: https://www.flipkart.com/pages/terms""},""return_policy"":{""no_returns"":{""tooltip"":""This product is not eligible for returns. <a href='/pages/no-return-products' target='_blank'>Know more.</a>""},""2_day_easy_return"":{""tooltip_TABLE"":""[{\""Validity\"": \""2 days from delivery/installation\"",\""Covers\"": \""All Return Reasons\"",\""Type Accepted\"": \""Refund / Replacement\""}]"",""tooltip"":""\n\n If there are any issues with your product, you can raise a refund or replacement request within 2 days of receiving the product.\n\nSuccessful pick-up of the product is subject to the following conditions being met:\n\n *  Correct and complete product (with the original brand, article number, undetached MRP tag, product's original packaging, freebies and accessories)\n\n *  The product should be in unused, undamaged and original condition without any stains, scratches, tears or holes and with non-tampered quality check seals/return tags/ warranty seals (wherever applicable)\n\nKnow more about the Return Policy <a href='/pages/returnpolicy' target='_blank'>here</a>""},""7_day_return_service_centre_action"":{""tooltip"":""*Returns are offered only if the product was received in damaged condition. For all other device-related issues, please contact the brand authorized service centre directly:\n\nAuthorized Service Partner Locator :</br>Apple & Beats - <a href='https://locate.apple.com/in/en' target='_blank'>https://locate.apple.com/in/en</a></br>Google - <a href='https://support.google.com/pixelphone/answer/7173456?hl=en-GB' target='_blank'>https://support.google.com/pixelphone/answer/7173456?hl=en-GB</a></br>Realme - <a href='https://www.realme.com/in/support/services' target='_blank'>https://www.realme.com/in/support/services</a></br>Samsung - <a href='https://www.samsung.com/in/support/service-center/' target='_blank'>https://www.samsung.com/in/support/service-center/</a></br>JBL - <a href='https://in.jbl.com/servicecenter.html' target='_blank'>https://in.jbl.com/servicecenter.html</a><br/>\n\n Support Site :</br>Apple & Beats - <a href='https://support.apple.com/en-in' target='_blank'>https://support.apple.com/en-in</a></br>Google - <a href='https://madeby.google.com/intl/en_in/phone/support/' target='_blank'>https://madeby.google.com/intl/en_in/phone/support/</a></br>Realme - <a href='https://www.realme.com/in/support' target='_blank'>https://www.realme.com/in/support</a></br>Samsung - <a href='https://www.samsung.com/in/support/' target='_blank'>https://www.samsung.com/in/support/</a><br/>JBL - <a href='https://support.jbl.com/in/en/' target='_blank'>https://support.jbl.com/in/en/</a>\n\nKnow more about the Return Policy <a href='/pages/returnpolicy' target='_blank'>here</a>""},""3_day_return_policy_shopsy"":{""tooltip_TABLE"":""[{\""Validity\"": \""3 days from delivery\"",\""Covers\"": \""Damaged and Item not as described\"",\""Type Accepted\"": \""Refund / Replacement\""}]"",""tooltip"":""\r\n\r\nIf you have received a damaged product or if it is not as described, you can raise a return request on the Website/App/Mobile site within 3 days of receiving the product. The return will be considered on the basis of successful image check verification by the customer service agent.\r\n\r\nSuccessful pick-up of the product is subject to the following conditions being met:\r\n\r\n- Correct and complete product (with the original brand/product Id/undetached MRP tag/product's original packaging/freebies and accessories).\r\n- The product should be in unused, undamaged and original condition without any scratches or dents.\n\nKnow more about the Return Policy <a href='/pages/reseller-return-policy-may21' target='_blank'>here</a>""},""3_day_replacement_policy_shopsy"":{""tooltip_TABLE"":""[{\""Validity\"": \""3 days from delivery\"",\""Covers\"": \""Damaged and Item not as described\"",\""Type Accepted\"": \""Replacement\""}]"",""tooltip"":""If you have received a damaged product or if it is not as described, you can raise a return request on the Website/App/Mobile site within 3 days of receiving the product. The replacement will be considered on the basis of successful image check verification by the customer service agent\r\n\r\nSuccessful pick-up of the product is subject to the following conditions being met:\r\n\r\n- Correct and complete product (with the original brand/product Id/undetached MRP tag/product's original packaging/freebies and accessories).\r\n- The product should be in unused, undamaged and original condition without any scratches or dents.\n\nKnow more about the Return Policy <a href='/pages/reseller-return-policy-may21' target='_blank'>here</a>""},""7_day_replacement_service_centre_action"":{""tooltip"":""Defective:\r\n\r\nBrand assistance for device related issues is subject to brand warranty guidelines and service policies. Please reach out to the nearest** brand authorized service centre** for more details.\r\n\r\nPlease note that Flipkart is an online marketplace and the final decision on **replacement/repair** of defective device rests with the seller/brand\r\n\r\n**Authorized Service partner Locator for Brands:[ Click here](https://www.flipkart.com/pages/service-partner-tnc)**\r\n\r\n**Damaged, Wrong/Missing items:**\r\n\r\nReturns for **missing items, damaged product, or wrong produc**t will not be accepted if it is an Open Box Delivery order.\r\n\r\nIf the order is not an Open Box Delivery order, please reach out to Flipkart customer support only in case of missing items, damaged/wrong product within 7 days of delivery\r\n\r\nFor products requiring installation, returns shall be eligible only when such products are installed by the Flipkart / brand authorized personnel.\r\n\r\nKnow more about the Return Policy [here](https://www.flipkart.com/pages/returnpolicy)\r\n""},""7_day_replacement_lifestyle"":{""tooltip_TABLE"":""[{\""Validity\"": \""7 days from delivery\"",\""Covers\"": \""Damaged, Defective, Item not as described\"",\""Type Accepted\"": \""Replacement\""}]"",""tooltip"":""\n\n*If you have received a damaged or defective product or if it is not as described, you can raise a replacement request on the Website/App/Mobile site within 7 days of receiving the product.\n\nSuccessful pick-up of the product is subject to the following conditions being met:\n\n *  Correct and complete product (with the original brand/product Id/undetached MRP tag/product's original packaging/freebies and accessories).\n *  The product should be in unused, undamaged and original condition without any scratches or dents.\n\nKnow more about the Return Policy <a href='/pages/returnpolicy' target='_blank'>here</a>""},""7_day_replacement_bgm"":{""tooltip_TABLE"":""[{\""Validity\"": \""7 days from delivery\"",\""Covers\"": \""Damaged and wrong item received\"",\""Type Accepted\"": \""Replacement\""}]"",""tooltip"":""*If you have received a damaged product or wrong item received, you can raise a replacement request on the Website/App/Mobile site within 7 days of receiving the product. The replacement will be considered on the basis of successful image check verification by the customer service agent..\n\n Successful pick-up of the product is subject to the following conditions being met: \n\n * Correct and complete product (with the original brand, article number, undetached MRP tag, product&#39;s original packaging, freebies and accessories) \n * The product should be in unused, undamaged and original condition without any stains, scratches, tears or holes and with non-tampered quality check seals/return tags/ warranty seals (wherever applicable)\n\nKnow more about the Return Policy <a href='/pages/returnpolicy' target='_blank'>here</a>""},""7_day_return_policy_bgm"":{""tooltip_TABLE"":""[{\""Validity\"": \""7 days from delivery\"",\""Covers\"": \""Damaged and Item not as described\"",\""Type Accepted\"": \""Refund/Replacement\""}]"",""tooltip"":""*If you have received a damaged product or if it is not as described, you can raise a return request on the Website/App/Mobile site within 7 days of receiving the product. The return will be considered on the basis of successful image check verification by the customer service agent.\n\n Successful pick-up of the product is subject to the following conditions being met:\n\n * Correct and complete product (with the original brand/product Id/undetached MRP tag/product's original packaging/freebies and accessories) \n * The product should be in unused, undamaged and original condition without any scratches or dents.""},""7_day_replacement_laptop"":{""tooltip"":""**Defective: The brand will do the verification through on-call support followed by inspection at your doorstep (if required)**\n\n**Physical Damage, Wrong, Missing Items: Flipkart may contact you to ascertain the damaged/missing product prior to issuing the return.**\n\n**Know more:**\n\n1.  Product is eligible for return within 7 days of delivery if it's damaged/defective/different product delivered to you.\n2.  Damaged / different product / missing item, Returns will not be accepted if it is an open box delivery order. Please verify the product before sharing OTP for an OBD order. For Non OBD orders, the customer has to reach out to Flipkart to provide visual proof for further inspection.\n3.  Defective product - The brand will provide on-call support; if the issue is not resolved, a technician will visit your doorstep. The technician will repair the product, provide a replacement, or issue a DOA letter as per the brand's policy. Based on the technician's confirmation, the FK/brand team will take further action. The turnaround time for resolution will be based on brand policies.\n4.  Software issues including OS, driver related issues and hardware issues including display, keyboard, trackpad, battery, speaker related issues that can be resolved by the technician will not be eligible for replacement. The technician will provide appropriate resolution for all these cases.\n5.  The product should be in its original condition, with the brand outer box, MRP tags attached, user manual, warranty cards, DOA seal, CDs, and original accessories in manufacturer packaging during replacement.\n\n**Brand Policy:**\n\n1.  Lenovo:  Brand will handle the end-to-end refund process for all defective products based on the invoice value. If the customer does not agree to a refund, the Flipkart team will process a replacement. For customers who purchased the product under an exchange offer, the Flipkart team will process either a refund or a replacement.\n2.  HP: Brand will process the replacement for all defective laptops. If the customer does not agree to a replacement or the brand does not have the same model, the Flipkart team will process the replacement or refund based on the brand's confirmation.\n3.  Asus: For all defective laptops, the brand will share the DOA confirmation. Based on this, the Flipkart team will process the replacement or refund.\n4.  Acer, Infinix : For all defective laptops, the brand will share the DOA confirmation. Based on this, the Flipkart team will process the replacement or refund.\n\nKnow more about the Return Policy [here][]\n\n\n[here]: https://www.flipkart.com/pages/returnpolicy""},""7_day_replacement"":{""tooltip"":""*For products requiring installation, Returns valid only when installed by Flipkart authorized personnel. \n\n If you have received a damaged or defective product or if it is not as described, you can raise a replacement request on the Website/App/Mobile site within 7 days of receiving the product.\n\n We will help you troubleshoot any issues you may have, either through online tools, over the phone, and/or through an in-person technical visit. Only one (1) replacement will be provided in the unlikely event that the product is defective. If no defect is confirmed or the issue is not diagnosed within 7 days of delivery, you will be directed to a brand service centre to resolve any subsequent issues.\n\n In the rare event that you receive a damaged mobile, please create a return within 48 hours of switching on the device. Returning post 48 hours may result in your return being rejected. \n\n Successful pick-up of the product is subject to the following conditions being met:\n\n * Correct and complete product (with the original brand/product Id/undetached MRP tag/product's original packaging/freebies and accessories).\n * The product should be in unused, undamaged and original condition without any scratches or dents.\n * Before returning a Mobile/Laptop/Tablet, the device should be formatted and screen lock should be disabled. iCloud account should be unlocked for Apple devices.\n\nKnow more about the Return Policy <a href='/pages/returnpolicy' target='_blank'>here</a>"",""tooltip_TABLE"":""[{\""Validity\"": \""7 days from delivery\"",\""Covers\"": \""Damaged, Defective, Item not as described\"",\""Type Accepted\"": \""Replacement\""}]""},""7_day_return"":{""tooltip_TABLE"":""[{\""Validity\"": \""7 days from delivery\"",\""Covers\"": \""All Return Reasons\"",\""Type Accepted\"": \""Refund / Replacement / Exchange\""}]"",""tooltip"":""If there is any issues with your product, you can raise a refund, replacement & exchange request within 7 days of receiving the product.\n\nSuccessful pick-up of the product is subject to the following conditions being met:\n\n *  Correct and complete product (with the original brand/product Id/undetached MRP tag/product's original packaging/freebies and accessories).\n\n *  The product should be in unused, undamaged and original condition without any stains, scratches, tears or holes\n\nKnow more about the Return Policy <a href='/pages/returnpolicy' target='_blank'>here</a>""},""7_days_returns_grocery"":{""tooltip_TABLE"":""[{\""Validity\"": \""Easy doorstep return\"",\""Covers\"": \""Damaged & Item not as described\"",\""Type Accepted\"": \""Refund\""}]"",""tooltip"":""If you have received a **damaged product or if it is not as described**, you can return the item immediately during delivery by handing it over to the delivery executive and the refund will be processed accordingly. You can also raise a **one-time return request** for all the items **at once** under one order id that you would like to return, within 7 days of delivery of the order, for any issues, **except for the issues specifically stated below**. Further return requests will not be entertained.\n\n**Returns after delivery for:**\n\n *   **missing items,** \n *  **damaged products, or** \n *  **wrong product** \n\n**will not be accepted if it is an Open Box Delivery order.**\n\nPlease note that “**damaged products**” are defined as products which in itself or its packaging is compromised or altered on a plain human sight, without having to open the packaging of the product, and is thus not in the state it is sold in the market.\n\nWe will pick up the items before initiating a refund. Successful pick-up of the product is subject to the following conditions being met:\n\n *  Correct and complete product free of any damages (including Freebies).\n *  For items being returned on account of being different from what was ordered, please ensure the items are not opened.\n\nKnow more about the Return Policy <a href='/pages/returnpolicy' target='_blank'>here</a>""},""2_day_return"":{""tooltip"":""If you have received a **damaged product or if it is not as described**, you can return the item immediately during delivery by handing it over to the delivery executive and the refund will be processed accordingly. You can also raise a **one-time return request** for all the items **at once** under one order id that you would like to return, within 7 days of delivery of the order, for any issues, **except for the issues specifically stated below**. Further return requests will not be entertained.\n\n**Returns after delivery for:**\n\n *   **missing items,** \n *  **damaged products, or** \n *  **wrong product** \n\n**will not be accepted if it is an Open Box Delivery order.**\n\nPlease note that “**damaged products**” are defined as products which in itself or its packaging is compromised or altered on a plain human sight, without having to open the packaging of the product, and is thus not in the state it is sold in the market.\n\nWe will pick up the items before initiating a refund. Successful pick-up of the product is subject to the following conditions being met:\n\n *  Correct and complete product free of any damages (including Freebies).\n *  For items being returned on account of being different from what was ordered, please ensure the items are not opened.\n\nKnow more about the Return Policy <a href='/pages/returnpolicy' target='_blank'>here</a>"",""tooltip_TABLE"":""[{\""Validity\"": \""2 days from delivery\"",\""Covers\"": \""Damaged & Item not as described\"",\""Type Accepted\"": \""Refund\""}]""},""2_day_saving_pass"":{""tooltip"":""\n\n*2 days return is offered on this product. <a href='/pages/returnpolicy' target='_blank'>Know more</a>""},""2_day_digital"":{""tooltip"":""\n\nIf you have received a damaged product or if it is not as described, You can raise a request for return within 2 days of delivery.\n\nWe will pick up the items before initiating a refund. Successful pick-up of the product is subject to the following conditions being met:\n\n *  Return request should be made within 2 days of delivery\n *  Product with expiry date post delivery date is not eligible for return.\n *  Correct and complete product, free of any damages (including Freebies).\n *  For items being returned on account of being different from what was ordered, please ensure the items are not opened.\n\nKnow more about the Return Policy <a href='/pages/returnpolicy' target='_blank'>here</a>"",""tooltip_TABLE"":""[{\""Validity\"": \""2 days from delivery\"",\""Covers\"": \""Damaged,  Item not as described\"",\""Type Accepted\"": \""Refund\""}]""},""10_day_exchange"":{""tooltip_TABLE"":""[{\""Validity\"": \""10 days from delivery\"",\""Covers\"": \""Size/Color/Fit issues\"",\""Type Accepted\"": \""Easy Exchange\""}]"",""tooltip"":""If there is a size or colour or fit issue with your product, you can raise an exchange request within 10 days of receiving the product. \n\n Successful pick-up of the product is subject to the following conditions being met:\n\n * Correct and complete product (with the original brand, article number, undetached MRP tag, product's original packaging, freebies and accessories)\n - The product should be in unused, undamaged and original condition without any stains, scratches, tears or holes\n\nKnow more about the Return Policy <a href='/pages/returnpolicy' target='_blank'>here</a>""},""10_day_replacement"":{""tooltip_TABLE"":""[{\""Validity\"": \""10 days from delivery or installation (as applicable)*\"",\""Covers\"": \""Damaged, Defective, Item not as described\"",\""Type Accepted\"": \""Replacement\""}]"",""tooltip"":""*For products requiring installation, Returns valid only when installed by Flipkart authorized personnel. \n\n If you have received a damaged or defective product or if it is not as described, you can raise a replacement request on the Website/App/Mobile site within 10 days of receiving the product.\n\nWe will help you troubleshoot any issues you may have, either through online tools, over the phone, and/or through an in-person technical visit. Only one (1) replacement will be provided in the unlikely event that the product is defective. If no defect is confirmed or the issue is not diagnosed within 10 days of delivery, you will be directed to a brand service centre to resolve any subsequent issues.\n\n In the rare event that you receive a damaged mobile, please create a return within 48 hours of switching on the device. Returning post 48 hours may result in your return being rejected. \n\n Successful pick-up of the product is subject to the following conditions being met:\n\n * Correct and complete product (with the original brand/product Id/undetached MRP tag/product's original packaging/freebies and accessories).\n * The product should be in unused, undamaged and original condition without any scratches or dents.\n * Before returning a Mobile/Laptop/Tablet, the device should be formatted and screen lock should be disabled. iCloud account should be unlocked for Apple devices.\n\nKnow more about the Return Policy <a href='/pages/returnpolicy' target='_blank'>here</a>""},""10_days_returns_grocery"":{""tooltip_TABLE"":""[{\""Validity\"": \""Easy doorstep return\"",\""Covers\"": \""Defective & Item not as described\"",\""Type Accepted\"": \""Refund\""}]"",""tooltip"":""If you have received a defective product or if it is not as described, you can return the item immediately during delivery by handing it over to the delivery executive and refund will be processed accordingly. You can also raise a request for return within 10 days of delivery.\n\n We will pick up the items before initiating a refund. Successful pick-up of the product is subject to the following conditions being met: \n\n * Correct and complete product free of any damages (including Freebies). \n * For items being returned on account of being different from what was ordered, please ensure the items are not opened.\n\nKnow more about the Return Policy <a href='/pages/returnpolicy' target='_blank'>here</a>""},""10_day_return"":{""tooltip_TABLE"":""[{\""Validity\"": \""10 days from delivery\"",\""Covers\"": \""All Return Reasons\"",\""Type Accepted\"": \""Refund / Replacement\""}]"",""tooltip"":""If there is any issues with your product, you can raise a refund or replacement request within 10 days of receiving the product.\n\n Successful pick-up of the product is subject to the following conditions being met: \n\n * Correct and complete product (with the original brand, article number, undetached MRP tag, product's original packaging, freebies and accessories) \n * The product should be in unused, undamaged and original condition without any stains, scratches, tears or holes\n\nKnow more about the Return Policy <a href='/pages/returnpolicy' target='_blank'>here</a>""},""10_day_return_no_replacement"":{""tooltip_TABLE"":""[{\""Validity\"": \""10 days from delivery\"",\""Covers\"": \""All product related issues\"",\""Type Accepted\"": \""Refund Only\""}]"",""tooltip"":""If there is any issues with your product, you can raise a refund request within 10 days of receiving the product.\n\n Successful pick-up of the product is subject to the following conditions being met: \n\n * Correct and complete product (with the original brand, article number, undetached MRP tag, product's original packaging, freebies and accessories) \n * The product should be in unused, undamaged and original condition without any stains, scratches, tears or holes\n\nKnow more about the Return Policy <a href='/pages/returnpolicy' target='_blank'>here</a>""},""10_day_replacement_service_centre_action"":{""tooltip"":""*Seller offers replacement only for missing items, product damaged on delivery, or wrong product delivery. \n\n   Brand assistance for device and other issues is subject to brand warranty guidelines and service policies. Please reach out to the nearest brand authorized service centre for more details.\n\nAuthorized Service Partner Locator :</br>Apple & Beats - <a href='https://locate.apple.com/in/en' target='_blank'>https://locate.apple.com/in/en</a></br>Google - <a href='https://support.google.com/pixelphone/answer/7173456?hl=en-GB' target='_blank'>https://support.google.com/pixelphone/answer/7173456?hl=en-GB</a></br>Realme - <a href='https://www.realme.com/in/support/services' target='_blank'>https://www.realme.com/in/support/services</a></br>Samsung - <a href='https://www.samsung.com/in/support/service-center/' target='_blank'>https://www.samsung.com/in/support/service-center/</a></br>\n\n Support Site :</br>Apple & Beats - <a href='https://support.apple.com/en-in' target='_blank'>https://support.apple.com/en-in</a></br>Google - <a href='https://madeby.google.com/intl/en_in/phone/support/' target='_blank'>https://madeby.google.com/intl/en_in/phone/support/</a></br>Realme - <a href='https://www.realme.com/in/support' target='_blank'>https://www.realme.com/in/support</a></br>Samsung - <a href='https://www.samsung.com/in/support/' target='_blank'>https://www.samsung.com/in/support/</a> \n\nKnow more about the Return Policy <a href='/pages/returnpolicy' target='_blank'>here</a>""},""10_day_replacement_lifestyle"":{""tooltip_TABLE"":""[{\""Validity\"": \""10 days from delivery\"",\""Covers\"": \""Damaged, Defective, Item not as described\"",\""Type Accepted\"": \""Replacement\""}]"",""tooltip"":""If you have received a damaged or defective product or if it is not as described, you can raise a replacement request on the Website/App/Mobile site within 10 days of receiving the product.\n\n Successful pick-up of the product is subject to the following conditions being met:\n\n * Correct and complete product (with the original brand/product Id/undetached MRP tag/product's original packaging/freebies and accessories).\n * The product should be in unused, undamaged and original condition without any scratches or dents.\n\nKnow more about the Return Policy <a href='/pages/returnpolicy' target='_blank'>here</a>""},""10_day_return_furniture"":{""tooltip_TABLE"":""[{\""Validity\"": \""10 days from delivery or installation (as applicable)*\"",\""Covers\"": \""Damaged, Defective, Item not as described\"",\""Type Accepted\"": \""Refund / Replacement\""}]"",""tooltip"":""For products requiring installation, Returns valid only when installed by Flipkart authorized personnel.\n *  If you have received a damaged or defective product or if it is not as described, you can raise a return request on the Website/App/Mobile site within 10 days of receiving the product.\n\nWe will help you troubleshoot any issues you may have, either through online tools, over the phone, and/or through an in-person technical visit. Only one (1) replacement will be provided in the unlikely event that the product is defective. If no defect is confirmed or the issue is not diagnosed within 10 days of delivery, you will be directed to a brand service center to resolve any subsequent issues\n\nSuccessful pick-up of the product is subject to the following conditions being met:\n\n *  Correct and complete product (with the original brand/product Id/undetached MRP tag/product's original packaging/freebies and accessories).\n *  The product should be in unused, undamaged and original condition without any scratches or dents\n\nKnow more about the Return Policy <a href='/pages/returnpolicy' target='_blank'>here</a>""},""10_day_try_buy"":{""tooltip_TABLE"":""[{\""Validity\"": \""10 days from delivery\"",\""Covers\"": \""All Reasons\"",\""Type Accepted\"": \""Refund\""}]"",""tooltip"":""If you are not happy with the performance of the product received or if you have received a damaged or defective product or if it is not as described, you can raise a refund request on the Website/App/Mobile site within 10 days of receiving the product.\n\n Successful pick-up of the product is subject to the following conditions being met: \n * Correct and complete product (with the original brand box and packaging, all in box contents and freebies if any).\n * The product should be undamaged and in original condition without any scratches or dents.\n\nRefunds will be issued only if it is determined that the item was not damaged while in your possession, or is not different from what was shipped to you\n\nKnow more about the Return Policy <a href='/pages/returnpolicy' target='_blank'>here</a>""},""14_day_return"":{""tooltip_TABLE"":""[{\""Validity\"": \""14 days from delivery\"",\""Covers\"": \""All Return Reasons\"",\""Type Accepted\"": \""Refund / Replacement / Exchange\""}]"",""tooltip"":""\n\n*If there is any issue with your product, you can raise a refund, replacement or exchange request within 14 days of receiving the product.\n\nSuccessful pick-up of the product is subject to the following conditions being met:\n\n *  Correct and complete product (with the original brand, article number, undetached MRP tag, product's original packaging, freebies and accessories)\n *  The product should be in unused, undamaged and original condition without any stains, scratches, tears or holes and with non-tampered quality check seals/return tags/ warranty seals (wherever applicable)\n\nKnow more about the Return Policy <a href='/pages/returnpolicy' target='_blank'>here</a>""},""15_day_return"":{""tooltip_TABLE"":""[{\""Validity\"": \""15 days from delivery\"",\""Covers\"": \""All Return Reasons\"",\""Type Accepted\"": \""Refund / Replacement / Exchange\""}]"",""tooltip"":""\n\n*If there is any issues with your product, you can raise a refund, replacement or exchange request within 15 days of receiving the product.\n\nSuccessful pick-up of the product is subject to the following conditions being met:\n\n *  Correct and complete product (with the original brand, article number, undetached MRP tag, product's original packaging, freebies and accessories)\n *  The product should be in unused, undamaged and original condition without any stains, scratches, tears or holes and with non-tampered quality check seals/return tags/ warranty seals (wherever applicable)\n\nKnow more about the Return Policy <a href='/pages/returnpolicy' target='_blank'>here</a>""},""15_day_replacement_lifestyle"":{""tooltip_TABLE"":""[{\""Validity\"": \""15 days from delivery\"",\""Covers\"": \""Damaged, Defective, Item not as described\"",\""Type Accepted\"": \""Replacement / Exchange\""}]"",""tooltip"":""\n\n*If you have received a damaged or defective product or if it is not as described, you can raise a replacement request on the Website/App/Mobile site within 15 days of receiving the product.\n\nSuccessful pick-up of the product is subject to the following conditions being met:\n\n *  Correct and complete product (with the original brand/product Id/undetached MRP tag/product's original packaging/freebies and accessories).\n *  The product should be in unused, undamaged and original condition without any scratches or dents.\n\nKnow more about the Return Policy <a href='/pages/returnpolicy' target='_blank'>here</a>""},""30_day_exchange"":{""tooltip_TABLE"":""[{\""Validity\"": \""30 days from delivery\"",\""Covers\"": \""Size/Color/Fit issues\"",\""Type Accepted\"": \""Easy Exchange\""}]"",""tooltip"":""If there is a size, colour or fit issue with your product, you can raise an exchange request within 30 days of receiving the product.\n\n Successful pick-up of the product is subject to the following conditions being met: \n\n * Correct and complete product (with the original brand, article number, undetached MRP tag, product's original packaging, freebies and accessories) \n * The product should be in unused, undamaged and original condition without any stains, scratches, tears or holes\n\nKnow more about the Return Policy <a href='/pages/returnpolicy' target='_blank'>here</a>""},""30_day_return_lifestyle"":{""tooltip_TABLE"":""[{\""Validity\"": \""30 days from delivery\"",\""Covers\"": \""All Return Reasons\"",\""Type Accepted\"": \""Refund / Replacement / Exchange\""}]"",""tooltip"":""If there is any issues with your product, you can raise a refund, replacement or exchange request within 30 days of receiving the product.\n\n Successful pick-up of the product is subject to the following conditions being met: \n\n * Correct and complete product (with the original brand, article number, undetached MRP tag, product's original packaging, freebies and accessories) \n * The product should be in unused, undamaged and original condition without any stains, scratches, tears or holes and with non-tampered quality check seals/return tags/ warranty seals (wherever applicable)\n\nKnow more about the Return Policy <a href='/pages/returnpolicy' target='_blank'>here</a>""},""10_day_returns_lifestyle"":{""tooltip_TABLE"":""[{\""Validity\"": \""10 days from delivery\"",\""Covers\"": \""All Return Reasons\"",\""Type Accepted\"": \""Refund / Replacement / Exchange\""}]"",""tooltip"":""If there is any issues with your product, you can raise a refund, replacement or exchange request within 10 days of receiving the product.\n\n Successful pick-up of the product is subject to the following conditions being met: \n\n * Correct and complete product (with the original brand, article number, undetached MRP tag, product&#39;s original packaging, freebies and accessories) \n * The product should be in unused, undamaged and original condition without any stains, scratches, tears or holes and with non-tampered quality check seals/return tags/ warranty seals (wherever applicable)\n\nKnow more about the Return Policy <a href='/pages/returnpolicy' target='_blank'>here</a>""},""30_day_return"":{""tooltip_TABLE"":""[{\""Validity\"": \""30 days from delivery\"",\""Covers\"": \""All Return Reasons\"",\""Type Accepted\"": \""Refund / Replacement \""}]"",""tooltip"":""If there are any issues with your product, you can raise a refund, replacement or exchange request within 30 days of receiving the product.\n\n Successful pick-up of the product is subject to the following conditions being met: \n\n * Correct and complete product (with the original brand, article number, undetached MRP tag, product's original packaging, freebies and accessories) \n * The product should be in unused, undamaged and original condition without any stains, scratches, tears or holes and with non-tampered quality check seals/return tags/ warranty seals (wherever applicable)\n\nKnow more about the Return Policy <a href='/pages/returnpolicy' target='_blank'>here</a>""},""3_day_return_policy"":{""tooltip_TABLE"":""[{\""Validity\"": \""3 days from delivery\"",\""Covers\"": \""All Return Reasons\"",\""Type Accepted\"": \""Refund / Replacement / Exchange \""}]"",""tooltip"":""If there is any issues with your product, you can raise a refund, replacement & exchange request within 3 days of receiving the product.\n\nSuccessful pick-up of the product is subject to the following conditions being met:\n\n *  Correct and complete product (with the original brand, article number, undetached MRP tag, product's original packaging, freebies and accessories)\n *  The product should be in unused, undamaged and original condition without any stains, scratches, tears or holes.\n\nKnow more about the Return Policy <a href='/pages/returnpolicy' target='_blank'>here</a>""},""7_day_replacement_refurbished"":{""tooltip_TABLE"":""[{\""Validity\"": \""7 days from delivery or installation(as applicable)*\"",\""Covers\"": \""Damaged, Defective, Item not as described\"",\""Type Accepted\"": \""Refund / Replacement \""}]"",""tooltip"":""\n\n *  \\**For products requiring installation, Returns valid only when installed by Flipkart authorized personnel.\n  If you have received a damaged or defective product or if it is not as described, you can raise a replacement request on the Website/App/Mobile site within 10 days of receiving the product.\n\n We will help you troubleshoot any issues you may have, either through online tools, over the phone, and/or through an in-person technical visit. Only one (1) replacement will be provided in the unlikely event that the product is defective. If no defect is confirmed or the issue is not diagnosed within 10 days of delivery, you will be directed to a brand service center to resolve any subsequent issues.\n\n In the rare event that you receive a damaged mobile, please create a return within 48 hours of switching on the device. Returning post 48 hours may result in your return being rejected.\n\nSuccessful pick-up of the product is subject to the following conditions being met:\n\n *  Correct and complete product (with the original brand/product Id/undetached MRP tag/product&#39;s original packaging/freebies and accessories).\n *  The product should be in unused, undamaged and original condition without any scratches or dents.\n\n *  Before returning a Mobile/Laptop/Tablet, the device should be formatted and screen lock should be disabled. iCloud account should be unlocked for Apple devices.\n\nKnow more about the Return Policy <a href='/pages/returnpolicy' target='_blank'>here</a>""},""lid_nqa_10_day_return"":{""tooltip_TABLE"":""[{\""Validity\"": \""0 days from delivery or installation*\"",\""Covers\"": \""All Return Reasons\"",\""Type Accepted\"": \""Refund / Replacement \""}]"",""tooltip"":""\n\n *  \\*For products requiring installation, Returns valid only when installed by Flipkart authorized personnel.\n *  If you have received a damaged or defective product or if it is not as described, you can raise a replacement request on the Website/App/Mobile site within 10 days of receiving the product.\n\nSuccessful pick-up of the product is subject to the following conditions being met:\n\n *  Correct and complete product (with the original brand/product Id/undetached MRP tag/product's original packaging/freebies and accessories).\n *  The product should be in unused, undamaged and original condition without any scratches or dents, stains, tears or holes and with non-tampered quality check seals/return tags/ warranty seals (wherever applicable)\n\nKnow more about the Return Policy <a href='/pages/returnpolicy' target='_blank'>here</a>""},""restricted_returns_nrv"":{""tooltip_TABLE"":""[{\""Validity\"": \""5 days from delivery\"",\""Covers\"": \""Damaged, expired or wrong product\"",\""Type Accepted\"": \""Refund / Replacement\""}]"",""tooltip"":""Note: Returns should be requested within 5 days of delivery in case of above issues. Images of issues with the product need to be uploaded for return processing.\n\n Successful pick-up of the product is subject to the following conditions: \n\n * Correct and complete product (with the original brand box, undetached MRP tag, product's original packaging, freebies and accessories)\n * The product should be in unused, undamaged and original condition without any stains, scratches, tears or holes.\n\nKnow more about the Return Policy <a href='/pages/returnpolicy' target='_blank'>here</a>""},""30_day_replacement"":{""tooltip_TABLE"":""[{\""Validity\"": \""30 days from delivery\"",\""Covers\"": \""Damaged, Defective, Item not as described\"",\""Type Accepted\"": \""Easy Replacement\""}]"",""tooltip"":""If you have received a damaged or defective product or if it is not as described, you can raise a replacement request within 30 days of receiving the product.\n\n Successful pick-up of the product is subject to the following conditions being met: \n * Correct and complete product (with the original brand, article number, undetached MRP tag, product's original packaging, freebies and accessories)\n * The product should be in unused, undamaged and original condition without any stains, scratches, tears or holes\n\nKnow more about the Return Policy <a href='/pages/returnpolicy' target='_blank'>here</a>""},""7_day_return_elec_eq"":{""tooltip"":""*For products requiring installation, Returns valid only when installed by Flipkart authorized personnel. \n\n If you have received a damaged or defective product or if it is not as described, you can raise a refund or replacement request on the Website/App/Mobile site within 7 days of receiving the product.\n\n We will help you troubleshoot any issues you may have, either through online tools, over the phone, and/or through an in-person technical visit. Only one (1) replacement will be provided in the unlikely event that the product is defective. If no defect is confirmed or the issue is not diagnosed within 7 days of delivery, you will be directed to a brand service centre to resolve any subsequent issues.\n\n In the rare event that you receive a damaged mobile, please create a return within 48 hours of switching on the device. Returning post 48 hours may result in your return being rejected. \n\n Successful pick-up of the product is subject to the following conditions being met:\n\n * Correct and complete product (with the original brand/product Id/undetached MRP tag/product's original packaging/freebies and accessories).\n * The product should be in unused, undamaged and original condition without any scratches or dents.\n * Before returning a Mobile/Laptop/Tablet, the device should be formatted and screen lock should be disabled. iCloud account should be unlocked for Apple devices.\n\nKnow more about the Return Policy <a href='/pages/returnpolicy' target='_blank'>here</a>"",""tooltip_TABLE"":""[{\""Validity\"": \""7 days from delivery\"",\""Covers\"": \""Damaged, Defective, Item not as described\"",\""Type Accepted\"": \""Refund/Replacement\""}]""},""7_day_return_elec_noneq"":{""tooltip"":""*For products requiring installation, Returns valid only when installed by Flipkart authorized personnel. \n\n If you have received a damaged product or if it is not as described, you can raise a refund or replacement request on the Website/App/Mobile site within 7 days of receiving the product.\n\n In the rare event that you receive a damaged mobile, please create a return within 48 hours of switching on the device. Returning post 48 hours may result in your return being rejected. \n\n Successful pick-up of the product is subject to the following conditions being met:\n\n * Correct and complete product (with the original brand/product Id/undetached MRP tag/product's original packaging/freebies and accessories).\n * The product should be in unused, undamaged and original condition without any scratches or dents.\n * Before returning a Mobile/Laptop/Tablet, the device should be formatted and screen lock should be disabled. iCloud account should be unlocked for Apple devices.\n\nKnow more about the Return Policy <a href='/pages/returnpolicy' target='_blank'>here</a>"",""tooltip_TABLE"":""[{\""Validity\"": \""7 days from delivery\"",\""Covers\"": \""Damaged, Item not as described\"",\""Type Accepted\"": \""Refund/Replacement\""}]""},""7_day_return_policy_lifestyle"":{""tooltip"":""If there is any issues with your product, you can raise a refund, replacement & exchange request within 7 days of receiving the product. \n\n Successful pick-up of the product is subject to the following conditions being met:\n\n * Correct and complete product (with the original brand, article number, undetached MRP tag, product's original packaging, freebies and accessories)\n * The product should be in unused, undamaged and original condition without any stains, scratches, tears or holes\n\nKnow more about the Return Policy <a href='/pages/returnpolicy' target='_blank'>here</a>"",""tooltip_TABLE"":""[{\""Validity\"": \""7 days from delivery\"",\""Covers\"": \""All Return Reasons\"",\""Type Accepted\"": \""Refund / Replacement / Exchange\""}]""},""no_returns_ehc"":{""tooltip_TABLE"":""[{\""Validity\"": \""5 days from delivery\"",\""Covers\"": \""Damaged, expired or wrong product\"",\""Type Accepted\"": \""Refund / Replacement\""}]"",""tooltip"":""Note: Returns should be requested within 5 days of delivery in case of above issues. Images of issues with the product need to be uploaded for return processing.\n\n Successful pick-up of the product is subject to the following conditions: \n\n * Correct and complete product (with the original brand box, undetached MRP tag, product's original packaging, freebies and accessories)\n * The product should be in unused, undamaged and original condition without any stains, scratches, tears or holes.\n\nKnow more about the Return Policy <a href='/pages/returnpolicy' target='_blank'>here</a>""}}}}}},""responseMeta"":{""params"":{""client"":""flipkart"",""platform"":""desktop"",""lang"":""en"",""appVersion"":""0.0.0"",""language"":""EN""},""versions"":{}}},""deferredContent"":{},""filters"":{""asyncStatus"":""INIT""},""grocery"":{""offers"":{""listingIds"":[],""offerData"":{}},""marketplaceServiceability"":false,""marketPlacePincodeReducer"":{""widgetTitle"":""Where do you want the delivery ?"",""serviceable"":false,""asyncStatus"":""INIT"",""widgetText"":""Select city""}},""helpCentre"":{""breadCrumbs"":[{""title"":""Help Centre"",""url"":""/helpcentre""}],""catalogs"":{""asyncStatus"":""INIT"",""list"":[],""selectedCatalogId"":null},""contact"":{""callback"":{""asyncStatus"":""INIT""},""channels"":{""asyncStatus"":""INIT""},""emailUs"":{""asyncStatus"":""INIT""},""postal"":{""asyncStatus"":""INIT""}},""faqs"":{""asyncStatus"":""INIT"",""faqs"":{},""selectedFaqId"":null,""selectedFaqTitle"":null},""getContext"":{""asyncStatus"":""INIT"",""contextFetched"":false},""incidents"":{""data"":{},""asyncStatus"":""INIT""},""issueFaq"":{""data"":{},""asyncStatus"":""INIT"",""selectedIssueFaq"":null,""parentIssue"":null},""nonOrderIssue"":{""asyncStatus"":""INIT""},""orderIssue"":{""currentOrderItem"":null,""orderIssueItem"":null,""showViewMore"":false,""asyncStatus"":""INIT""},""orderList"":{""asyncStatus"":""INIT"",""orders"":{},""pages"":0},""search"":{""asyncStatus"":""INIT""},""selectedCatalog"":{""asyncStatus"":""INIT"",""data"":{}},""serviceTickets"":{""incidents"":{},""asyncStatus"":""INIT""},""subCatalog"":{""asyncStatus"":""INIT"",""data"":{},""selectedSubCatalogId"":null},""suggestion"":{""asyncStatus"":""INIT""},""viewType"":""INIT""},""inAppNotifications"":{""isFetching"":false,""notifications"":[],""asyncStatus"":""INIT""},""infiniteMU"":{},""layouts"":{""asyncStatus"":""INIT""},""lockInData"":{""asyncStatus"":""INIT""},""lockinTnc"":{""asyncStatus"":""INIT""},""staticPage"":{""asyncStatus"":""INIT""},""misc"":{""hostname"":""www.flipkart.com"",""shouldComponentScroll"":{""rating"":false,""qna"":false,""delivery"":false},""port"":""8081"",""nonce"":""8348676143336515932"",""anchorTagMap"":{""atlc2"":true,""atlssmo"":true},""userDeviceWidth"":1366},""modal"":null,""modalActionManager"":{},""myAccount"":{""myReviews"":{""myCompleteReview"":{""asyncStatus"":""INIT""},""myRecentReview"":{""asyncStatus"":""INIT""},""myReviewDelete"":{""asyncStatus"":""INIT""}},""myProfileInfo"":{""myPersonalInfo"":{""asyncStatus"":""INIT""},""updateEmailAndMobile"":{""asyncStatus"":""INIT""},""changePassword"":{""asyncStatus"":""INIT""},""deactivateAccount"":{""asyncStatus"":""INIT""}},""myRewards"":{""asyncStatus"":""INIT""},""wallet"":{""walletBalance"":{""asyncStatus"":""INIT""},""drawBalance"":{""asyncStatus"":""INIT""},""activatePhonePe"":{""asyncStatus"":""INIT""}},""giftcard"":{""giftCardList"":{""asyncStatus"":""INIT""},""addGiftCard"":{""asyncStatus"":""INIT""},""checkBalance"":{""asyncStatus"":""INIT""},""buyGiftCard"":{""asyncStatus"":""INIT""},""denomination"":{""asyncStatus"":""INIT""},""updateGiftList"":{},""sendNotification"":{""asyncStatus"":""INIT""},""getStateList"":{""asyncStatus"":""INIT""},""mailer"":{""asyncStatus"":""INIT""}},""myAddresses"":{""asyncStatus"":""INIT""},""wishlistPageData"":{""asyncStatus"":""INIT"",""data"":{},""products"":[]},""savedCards"":{""savedCards"":{""asyncStatus"":""INIT""},""savedCardToken"":{""asyncStatus"":""INIT""}},""savedVpas"":{""savedVpas"":{""asyncStatus"":""INIT""},""savedVpaToken"":{""asyncStatus"":""INIT""}},""bnpl"":{""buyNowPayLater"":{""asyncStatus"":""INIT"",""data"":[]},""bnplSummary"":{""asyncStatus"":""INIT"",""data"":[]},""bnplToken"":{""asyncStatus"":""INIT"",""data"":[]},""bnplAccountSummary"":{""asyncStatus"":""INIT"",""data"":[]},""bnplLinkedAccounts"":{""asyncStatus"":""INIT""},""bnplMigration"":{""asyncStatus"":""INIT"",""data"":[]}},""panCard"":{""pancard"":{""asyncStatus"":""INIT""},""pancardUploaded"":{""asyncStatus"":""INIT""}}},""networkStatus"":""ONLINE"",""offerInfo"":{""items"":[]},""pageDataV4"":{""page"":{""asyncStatus"":""SUCCESS"",""data"":{""10000"":[{""slotType"":""LOGICAL"",""id"":10001,""parentId"":10000,""layoutParams"":{""orientation"":"""",""stickyScroll"":true,""widgetWidth"":5},""childArrangement"":""STACK""},{""slotType"":""LOGICAL"",""id"":10002,""parentId"":10000,""layoutParams"":{""margin"":""24,0,0,0"",""orientation"":"""",""widgetWidth"":8},""childArrangement"":""STACK""}],""10001"":[{""slotType"":""WIDGET"",""id"":1,""parentId"":10001,""layoutParams"":{""layoutKey"":""LIFESTYLE"",""orientation"":"""",""widgetHeight"":150,""widgetWidth"":12},""dataId"":""1975272217"",""elementId"":""1-MULTIMEDIA"",""hasWidgetDataChanged"":true,""ttl"":3000,""widget"":{""type"":""MULTIMEDIA"",""viewType"":""LIFESTYLE"",""data"":{""arWidgetData"":null,""autoScrollToIndex"":0,""availabilityStatus"":null,""eventsLeftOverlayImage"":null,""eventsRightOverlayImage"":null,""floatingActionValues"":{""assistedBuyingActions"":[],""collectionAction"":null,""floatingReview"":null,""incentiveAction"":null,""moqComponent"":null,""preview"":null,""productCardTagDetails"":null,""resellerStoreAction"":null,""shareAction"":null,""viewSimilar"":null},""multimediaComponents"":[{""action"":null,""metaData"":null,""rcType"":null,""tracking"":{""impressionId"":""d740538c-32d9-40f2-9b70-3bbf778ab4da"",""pageType"":""PP"",""widgetKey"":""MULTIMEDIA"",""contentTitle"":null,""contentType"":""Image/Video""},""trackingData"":null,""value"":{""type"":""MediaValue"",""aspectRatio"":""3:4"",""contentType"":""IMAGE"",""source"":""ORGANIC"",""url"":""http://rukmini1.flixcart.com/image/{@width}/{@height}/xif0q/slipper-flip-flop/h/v/i/-original-imahhqc94jzephd2.jpeg?q={@quality}&crop=false""}},{""action"":null,""metaData"":null,""rcType"":null,""tracking"":{""impressionId"":""6e72f605-d22c-41d0-9f55-ac239248a346"",""pageType"":""PP"",""widgetKey"":""MULTIMEDIA"",""contentTitle"":null,""contentType"":""Image/Video""},""trackingData"":null,""value"":{""type"":""MediaValue"",""aspectRatio"":""3:4"",""contentType"":""IMAGE"",""source"":""ORGANIC"",""url"":""http://rukmini1.flixcart.com/image/{@width}/{@height}/xif0q/slipper-flip-flop/j/e/h/-original-imahhqc9m8jfmaaf.jpeg?q={@quality}&crop=false""}},{""action"":null,""metaData"":null,""rcType"":null,""tracking"":{""impressionId"":""c50f7fb4-f958-4d9b-a229-dbf2eaf6421a"",""pageType"":""PP"",""widgetKey"":""MULTIMEDIA"",""contentTitle"":null,""contentType"":""Image/Video""},""trackingData"":null,""value"":{""type"":""MediaValue"",""aspectRatio"":""3:4"",""contentType"":""IMAGE"",""source"":""ORGANIC"",""url"":""http://rukmini1.flixcart.com/image/{@width}/{@height}/xif0q/slipper-flip-flop/j/x/4/-original-imahhqc9hawxs7gq.jpeg?q={@quality}&crop=false""}},{""action"":null,""metaData"":null,""rcType"":null,""tracking"":{""impressionId"":""77b5ec22-261b-43cf-9ddb-9f1108537139"",""pageType"":""PP"",""widgetKey"":""MULTIMEDIA"",""contentTitle"":null,""contentType"":""Image/Video""},""trackingData"":null,""value"":{""type"":""MediaValue"",""aspectRatio"":""3:4"",""contentType"":""IMAGE"",""source"":""ORGANIC"",""url"":""http://rukmini1.flixcart.com/image/{@width}/{@height}/xif0q/slipper-flip-flop/k/x/l/-original-imahhqc9w2dpxh2q.jpeg?q={@quality}&crop=false""}},{""action"":null,""metaData"":null,""rcType"":null,""tracking"":{""impressionId"":""9da4693d-a636-448d-b73e-6a905cf45e48"",""pageType"":""PP"",""widgetKey"":""MULTIMEDIA"",""contentTitle"":null,""contentType"":""Image/Video""},""trackingData"":null,""value"":{""type"":""MediaValue"",""aspectRatio"":""3:4"",""contentType"":""IMAGE"",""source"":""ORGANIC"",""url"":""http://rukmini1.flixcart.com/image/{@width}/{@height}/xif0q/slipper-flip-flop/w/i/g/-original-imahhqc9zxepqmhh.jpeg?q={@quality}&crop=false""}},{""action"":null,""metaData"":null,""rcType"":null,""tracking"":{""impressionId"":""352a80f6-8615-4b65-aae8-f8358eb1698d"",""pageType"":""PP"",""widgetKey"":""MULTIMEDIA"",""contentTitle"":null,""contentType"":""Image/Video""},""trackingData"":null,""value"":{""type"":""MediaValue"",""aspectRatio"":""3:4"",""contentType"":""IMAGE"",""source"":""ORGANIC"",""url"":""http://rukmini1.flixcart.com/image/{@width}/{@height}/xif0q/slipper-flip-flop/w/b/l/-original-imahhqc9urpqsbfs.jpeg?q={@quality}&crop=false""}},{""action"":null,""metaData"":null,""rcType"":null,""tracking"":{""impressionId"":""5ab7b6c7-5420-47c4-96ce-a9c76f2aa862"",""pageType"":""PP"",""widgetKey"":""MULTIMEDIA"",""contentTitle"":null,""contentType"":""Image/Video""},""trackingData"":null,""value"":{""type"":""MediaValue"",""aspectRatio"":""3:4"",""contentType"":""IMAGE"",""source"":""ORGANIC"",""url"":""http://rukmini1.flixcart.com/image/{@width}/{@height}/xif0q/slipper-flip-flop/s/j/u/-original-imahhqc99phakzsh.jpeg?q={@quality}&crop=false""}}],""offerButton"":null,""productDetailsAnnouncement"":{""action"":{""constraints"":null,""customTrackingEvents"":null,""fallback"":null,""loginType"":""LOGIN_NOT_REQUIRED"",""nonWidgetizeRedirection"":null,""omnitureData"":null,""omnitureTracking"":null,""originalUrl"":null,""params"":{""analyticsData"":{""subCategory"":""WomenSFF"",""superCategory"":""WomenFW"",""vertical"":""WomenFlipFlops"",""category"":""WomenFashionFootwear""},""screenName"":""PRODUCT_STATIC_DETAIL_PAGE"",""productId"":""SFFFWFFBKPBTUW44"",""tracking"":{},""url"":""/flite-women-flip-flops/p/itm3dd0db174a0a1/specifications?pid=SFFFWFFBKPBTUW44&marketplace=FLIPKART""},""requiredPermissionType"":null,""screenType"":null,""storeValue"":{},""subType"":null,""tracking"":{""contextType"":""page"",""announcement"":""DETAILS_PAGE""},""triggerExtraStandardEvents"":null,""type"":""NAVIGATION"",""url"":""/flite-women-flip-flops/p/itm3dd0db174a0a1/specifications?pid=SFFFWFFBKPBTUW44&marketplace=FLIPKART"",""validationMeta"":null,""widgetTracking"":null,""widgetizedActions"":null},""metaData"":null,""rcType"":null,""tracking"":{""contextType"":""page"",""announcement"":""DETAILS_PAGE""},""trackingData"":null,""value"":{""type"":""AnnouncementValue"",""title"":""All Details""}},""ratingsAndReviews"":null,""shareAction"":null,""showSimilarAction"":null,""singleAttributeSwatch"":null,""spotlight"":null,""tagsData"":null,""themeTag"":null,""trustMarkerCallout"":null,""tryOnLookId"":null,""tryTheShadeAction"":null,""virtualTryOnAction"":null,""wishlistAction"":{""action"":{""constraints"":null,""customTrackingEvents"":null,""fallback"":null,""loginType"":""LOGIN_NOT_REQUIRED"",""nonWidgetizeRedirection"":null,""omnitureData"":null,""omnitureTracking"":null,""originalUrl"":null,""params"":{""valid"":true,""productId"":""SFFFWFFBKPBTUW44"",""lid"":null},""requiredPermissionType"":null,""screenType"":""multiWidgetPage"",""storeValue"":{},""subType"":null,""tracking"":{},""triggerExtraStandardEvents"":null,""type"":""WISHLIST_ADD"",""url"":null,""validationMeta"":null,""widgetTracking"":null,""widgetizedActions"":null},""metaData"":null,""rcType"":null,""tracking"":null,""trackingData"":null,""value"":{""type"":""ProductActionValue"",""actionType"":""ADD_TO_WISHLIST"",""enabled"":true}},""wowTag"":null},""params"":{},""tracking"":{""impressionId"":""01.MULTIMEDIA.SFFFWFFBKPBTUW44.b7942fc2-23d4-4440-bb06-0a3f89c5f05d"",""productId"":""SFFFWFFBKPBTUW44"",""pageFetchId"":""PP.b7942fc2-23d4-4440-bb06-0a3f89c5f05d"",""widgetKey"":""MULTIMEDIA"",""trackWidgetDwellTime"":""true"",""position"":""01""}}}],""10002"":[{""slotType"":""LOGICAL"",""id"":10003,""parentId"":10002,""childArrangement"":""ADJACENT""},{""slotType"":""WIDGET"",""id"":9,""parentId"":10002,""layoutParams"":{""layoutKey"":""LIFESTYLE"",""orientation"":"""",""widgetHeight"":150,""widgetWidth"":12},""dataId"":""1180994645"",""elementId"":""9-PRODUCT_PAGE_SUMMARY_V2"",""hasWidgetDataChanged"":true,""ttl"":3000,""widget"":{""type"":""PRODUCT_PAGE_SUMMARY_V2"",""viewType"":""LIFESTYLE"",""widgetAttributes"":{""addStrokeColor"":null,""backgroundDotColor"":null,""backgroundImage"":null,""bleedingColor"":null,""childFraction"":null,""contentBeginningIndex"":null,""displayItemSeparator"":false,""displayViewAll"":false,""dotSpacingBottom"":null,""elementSeparatorImage"":null,""hiddenWidget"":null,""hideWidgetSeparator"":false,""maxItemsPerRow"":null,""media"":null,""selectedDotColor"":null,""showShadowForComponent"":null,""skin"":null,""skinType"":null,""slotDirection"":null,""stopBleedingColor"":null,""strokeColor"":null,""strokeWidth"":null,""themeAttributes"":null,""unselectedDotColor"":null,""video"":null,""viewType"":null,""widgetBleedingColor"":null,""widgetPrimaryColor"":null,""widgetSecondaryColor"":null,""widgetStopBleedingColor"":null,""widthPercentage"":null},""data"":{""addToCart"":null,""brandStore"":null,""callouts"":null,""couponApplied"":null,""couponCta"":null,""couponSummaries"":null,""dealTags"":null,""deliveryCallouts"":null,""emiCallouts"":null,""emiDetails"":null,""emiHeroCalloutsShopsy"":null,""fAssuredIcon"":null,""featureTags"":null,""gradeInfo"":{""color"":null,""id"":null,""name"":null,""shortDesc"":null},""listingPreservationAnnouncement"":null,""mode"":null,""moqComponent"":null,""nepCallouts"":null,""newVersionComponent"":null,""offerExpiryInfo"":null,""offerExpiryTime"":null,""offerInfo"":null,""offerSummary"":null,""offerSummaryGroups"":null,""offerSummaryGroupsV2Enabled"":false,""oosCallout"":null,""otherCallouts"":null,""preorderAnnouncement"":null,""priceCallout"":null,""priceLockEnabled"":null,""priceVariants"":null,""priceViewBackgroundColour"":null,""pricing"":null,""pricingAid"":null,""pricingAidOld"":null,""productCardTagDetails"":[],""productDetailsAnnouncement"":null,""protectPromiseFeeCallout"":null,""quantity"":0,""quantityMetaData"":null,""ratingsAndReviews"":null,""scaleAspectComponents"":null,""sellerRating"":null,""shareButton"":null,""summaryMeta"":{""asmMessage"":null,""binding"":null,""deliveryMessage"":null,""exclusiveTag"":null,""flags"":{""disableFassuredImage"":false,""enableCompare"":false,""flipkartAdvantage"":null},""newVersionInfo"":null,""offerTitle"":null,""productExpiry"":null,""productManufacture"":null,""urgency"":null},""swatchVariantButton"":null,""tagsData"":null,""titleComponent"":{""action"":null,""metaData"":null,""rcType"":""PRODUCT_PAGE_SUMMARY_V2_TITLE_RC"",""tracking"":null,""trackingData"":null,""value"":{""type"":""ProductTitleValue"",""newTitle"":""Women Flip Flops"",""subtitle"":""Pink , 4"",""superTitle"":""FLITE"",""title"":""FLITE Women Flip Flops""}},""trendMarkerTag"":null,""variantsButton"":null,""writeReviewAnnouncement"":null},""params"":{},""tracking"":{""impressionId"":""09.PRODUCT_PAGE_SUMMARY_V2.SFFFWFFBKPBTUW44.b7942fc2-23d4-4440-bb06-0a3f89c5f05d"",""productId"":""SFFFWFFBKPBTUW44"",""pageFetchId"":""PP.b7942fc2-23d4-4440-bb06-0a3f89c5f05d"",""widgetKey"":""PRODUCT_PAGE_SUMMARY_V2"",""trackWidgetDwellTime"":""false"",""position"":""09""}}},{""slotType"":""WIDGET"",""id"":12,""parentId"":10002,""layoutParams"":{""margin"":""0,24,0,0"",""orientation"":"""",""widgetHeight"":150,""widgetWidth"":12},""dataId"":""-554659205"",""elementId"":""12-AVAILABILITY"",""hasWidgetDataChanged"":true,""ttl"":3000,""widget"":{""type"":""AVAILABILITY"",""viewType"":""LIFESTYLE"",""widgetAttributes"":{""addStrokeColor"":null,""backgroundDotColor"":null,""backgroundImage"":null,""bleedingColor"":null,""childFraction"":null,""contentBeginningIndex"":null,""displayItemSeparator"":false,""displayViewAll"":false,""dotSpacingBottom"":null,""elementSeparatorImage"":null,""hiddenWidget"":null,""hideWidgetSeparator"":false,""maxItemsPerRow"":null,""media"":null,""selectedDotColor"":null,""showShadowForComponent"":null,""skin"":null,""skinType"":null,""slotDirection"":null,""stopBleedingColor"":null,""strokeColor"":null,""strokeWidth"":null,""themeAttributes"":null,""unselectedDotColor"":null,""video"":null,""viewType"":null,""widgetBleedingColor"":null,""widgetPrimaryColor"":null,""widgetSecondaryColor"":null,""widgetStopBleedingColor"":null,""widthPercentage"":null},""data"":{""announcementComponent"":{""action"":null,""metaData"":null,""rcType"":null,""tracking"":null,""trackingData"":null,""value"":{""type"":""AnnouncementValue"",""title"":""Currently Unavailable""}}},""params"":{},""tracking"":{""impressionId"":""12.AVAILABILITY.SFFFWFFBKPBTUW44.b7942fc2-23d4-4440-bb06-0a3f89c5f05d"",""productId"":""SFFFWFFBKPBTUW44"",""pageFetchId"":""PP.b7942fc2-23d4-4440-bb06-0a3f89c5f05d"",""widgetKey"":""AVAILABILITY"",""trackWidgetDwellTime"":""false"",""position"":""12""}}},{""slotType"":""LOGICAL"",""id"":10004,""parentId"":10002,""childArrangement"":""ADJACENT""},{""slotType"":""LOGICAL"",""id"":10006,""parentId"":10002,""layoutParams"":{""collapsible"":true,""orientation"":""""},""childArrangement"":""STACK""}],""10003"":[],""10004"":[{""slotType"":""LOGICAL"",""id"":10005,""parentId"":10004,""layoutParams"":{""orientation"":"""",""widgetWidth"":6},""childArrangement"":""STACK""}],""10005"":[{""slotType"":""WIDGET"",""id"":16,""parentId"":10005,""layoutParams"":{""orientation"":"""",""widgetHeight"":150,""widgetWidth"":12},""dataId"":""1923843498"",""elementId"":""16-COMPOSED_PINCODE_DELIVERY"",""hasWidgetDataChanged"":true,""ttl"":3000,""widget"":{""type"":""COMPOSED_PINCODE_DELIVERY"",""viewType"":""LIFESTYLE"",""widgetAttributes"":{""addStrokeColor"":null,""backgroundDotColor"":null,""backgroundImage"":null,""bleedingColor"":null,""childFraction"":null,""contentBeginningIndex"":null,""displayItemSeparator"":false,""displayViewAll"":false,""dotSpacingBottom"":null,""elementSeparatorImage"":null,""hiddenWidget"":null,""hideWidgetSeparator"":false,""maxItemsPerRow"":null,""media"":null,""selectedDotColor"":null,""showShadowForComponent"":null,""skin"":null,""skinType"":null,""slotDirection"":null,""stopBleedingColor"":null,""strokeColor"":null,""strokeWidth"":null,""themeAttributes"":null,""unselectedDotColor"":null,""video"":null,""viewType"":null,""widgetBleedingColor"":null,""widgetPrimaryColor"":null,""widgetSecondaryColor"":null,""widgetStopBleedingColor"":null,""widthPercentage"":null},""data"":{""deliveryData"":null,""fassuredCard"":null,""installationCard"":{""type"":""InstallationCard"",""image"":null,""installationComponent"":{""action"":null,""metaData"":null,""rcType"":null,""tracking"":null,""trackingData"":null,""value"":{""type"":""InstallationV2Value"",""details"":[""This product doesn't require installation""]}},""style"":null,""subText"":null,""text"":""Installation Details""},""pincodeData"":{""pincodeComponent"":null}},""header"":{""action"":null,""metaData"":null,""rcType"":null,""tracking"":null,""trackingData"":null,""value"":{""type"":""HeaderValue"",""abbSubHeader"":null,""actionButton"":null,""actionButtonArrowEnable"":null,""actionButtonChevronImageUrl"":null,""actionButtonEnable"":null,""actionButtonTextValue"":null,""animation"":null,""backButtonEnable"":null,""backgroundDetails"":null,""bgColor"":null,""chevronButton"":null,""collapsed"":false,""collapsible"":false,""headerDetailsValue"":null,""headerMinorInfo"":null,""iconAnimation"":null,""imageValue"":null,""referenceImageValue"":null,""richTextAndImageActionButton"":null,""showActionButton"":false,""showHeader"":true,""subTitleValue"":null,""tags"":null,""timerValue"":null,""titleValue"":{""type"":""TitleValue"",""image"":null,""style"":null,""subText"":null,""text"":""Delivery""},""viewAllImageUrl"":null}},""params"":{},""tracking"":{""impressionId"":""16.COMPOSED_PINCODE_DELIVERY.SFFFWFFBKPBTUW44.b7942fc2-23d4-4440-bb06-0a3f89c5f05d"",""productId"":""SFFFWFFBKPBTUW44"",""pageFetchId"":""PP.b7942fc2-23d4-4440-bb06-0a3f89c5f05d"",""widgetKey"":""COMPOSED_PINCODE_DELIVERY"",""trackWidgetDwellTime"":""false"",""position"":""16""}}}],""10006"":[{""slotType"":""LOGICAL"",""id"":10007,""parentId"":10006,""layoutParams"":{""margin"":""0,24,0,0"",""orientation"":""""},""childArrangement"":""ADJACENT""},{""slotType"":""WIDGET"",""id"":24,""parentId"":10006,""layoutParams"":{""layoutKey"":""LIFESTYLE"",""margin"":""0,24,0,0"",""orientation"":"""",""widgetHeight"":150,""widgetWidth"":12},""dataId"":""1220653936"",""elementId"":""24-PRODUCT_DETAILS"",""hasWidgetDataChanged"":true,""ttl"":3000,""widget"":{""type"":""PRODUCT_DETAILS"",""viewType"":""SPEC_DETAILS_COLLAPSED"",""data"":{""listingManufacturerInfo"":null,""renderableComponent"":{""action"":null,""metaData"":null,""rcType"":null,""tracking"":null,""trackingData"":null,""value"":{""type"":""ProductDetailValue"",""collapsed"":true,""details"":""Step into a world of unparalleled comfort and style with the Flite Eva Slipper – a masterpiece from the renowned Flite company. Immerse your feet in the plush embrace of high-quality Eva material, designed to provide exceptional support with its ergonomic design and excellent arch support. These slippers seamlessly blend fashion and functionality, boasting a sleek, modern look and a slip-resistant sole for stability on any surface. Durable and easy to maintain, the Flite Eva Slipper is the ultimate choice for those who demand luxury and reliability in every step. Treat your feet to the Flite experience – where innovation meets style"",""specification"":[{""name"":""Brand"",""values"":[""FLITE""]},{""name"":""Color"",""values"":[""Pink""]},{""name"":""Ideal For"",""values"":[""Women""]},{""name"":""Sales Package"",""values"":[""1 pair Slipper""]},{""name"":""Strap Material"",""values"":[""Eva""]},{""name"":""Weight"",""values"":[""0.4 g""]},{""name"":""Pack of"",""values"":[""1""]},{""name"":""Sole Material"",""values"":[""Eva""]},{""name"":""Net Quantity"",""values"":[""1""]},{""name"":""Article Number"",""values"":[""fl366""]},{""name"":""Character"",""values"":[""None""]},{""name"":""Brand Color"",""values"":[""pink""]},{""name"":""Euro Size"",""values"":[""NA""]},{""name"":""Ornamentation Type"",""values"":[""Brand Logo""]},{""name"":""Pattern"",""values"":[""Solid""]},{""name"":""Print Type"",""values"":[""Light Wash""]},{""name"":""Size"",""values"":[""4 UK/India""]},{""name"":""Trend"",""values"":[""Bright Solids""]},{""name"":""Type"",""values"":[""Flip Flops""]},{""name"":""UK/India Size"",""values"":[""4""]}]}}},""header"":{""action"":null,""metaData"":null,""rcType"":null,""tracking"":null,""trackingData"":null,""value"":{""type"":""HeaderValue"",""abbSubHeader"":null,""actionButton"":null,""actionButtonArrowEnable"":null,""actionButtonChevronImageUrl"":null,""actionButtonEnable"":null,""actionButtonTextValue"":null,""animation"":null,""backButtonEnable"":null,""backgroundDetails"":null,""bgColor"":null,""chevronButton"":null,""collapsed"":false,""collapsible"":false,""headerDetailsValue"":null,""headerMinorInfo"":null,""iconAnimation"":null,""imageValue"":null,""referenceImageValue"":null,""richTextAndImageActionButton"":null,""showActionButton"":false,""showHeader"":true,""subTitleValue"":null,""tags"":null,""timerValue"":null,""titleValue"":{""type"":""TitleValue"",""image"":null,""style"":null,""subText"":null,""text"":""Product Details""},""viewAllImageUrl"":null}},""footer"":{""action"":{""constraints"":null,""customTrackingEvents"":null,""fallback"":null,""loginType"":""LOGIN_NOT_REQUIRED"",""nonWidgetizeRedirection"":null,""omnitureData"":null,""omnitureTracking"":null,""originalUrl"":null,""params"":{""productId"":""SFFFWFFBKPBTUW44"",""screenName"":""PRODUCT_STATIC_DETAIL_PAGE"",""tracking"":{},""url"":""/flite-women-flip-flops/p/itm3dd0db174a0a1/specifications?pid=SFFFWFFBKPBTUW44&marketplace=FLIPKART""},""requiredPermissionType"":null,""screenType"":null,""storeValue"":{},""subType"":null,""tracking"":{},""triggerExtraStandardEvents"":null,""type"":""NAVIGATION"",""url"":""/flite-women-flip-flops/p/itm3dd0db174a0a1/specifications?pid=SFFFWFFBKPBTUW44&marketplace=FLIPKART"",""validationMeta"":null,""widgetTracking"":null,""widgetizedActions"":null},""metaData"":null,""rcType"":null,""tracking"":null,""trackingData"":null,""value"":{""type"":""FooterValue"",""actionButtons"":null,""footerData"":null,""footerDetailsValue"":null,""footerViewType"":null,""imageValue"":null,""subTitleValue"":null,""timerValue"":null,""titleValue"":{""type"":""TitleValue"",""image"":null,""style"":null,""subText"":null,""text"":""All Details""}}},""params"":{},""tracking"":{""impressionId"":""24.PRODUCT_DETAILS.SFFFWFFBKPBTUW44.b7942fc2-23d4-4440-bb06-0a3f89c5f05d"",""productId"":""SFFFWFFBKPBTUW44"",""pageFetchId"":""PP.b7942fc2-23d4-4440-bb06-0a3f89c5f05d"",""widgetKey"":""PRODUCT_DETAILS"",""position"":""24""}}},{""slotType"":""LOGICAL"",""id"":10008,""parentId"":10006,""layoutParams"":{""margin"":""0,24,0,0"",""orientation"":""""},""childArrangement"":""ADJACENT""},{""slotType"":""WIDGET"",""id"":29,""parentId"":10006,""layoutParams"":{""orientation"":"""",""widgetHeight"":150,""widgetWidth"":12},""dataId"":""519779637"",""elementId"":""29-COMPOSED_RATING_REVIEW"",""hasWidgetDataChanged"":true,""ttl"":3000,""widget"":{""type"":""COMPOSED_RATING_REVIEW"",""viewType"":""LIFESTYLE"",""widgetAttributes"":{""addStrokeColor"":null,""backgroundDotColor"":null,""backgroundImage"":null,""bleedingColor"":null,""childFraction"":null,""contentBeginningIndex"":null,""displayItemSeparator"":false,""displayViewAll"":false,""dotSpacingBottom"":null,""elementSeparatorImage"":null,""hiddenWidget"":null,""hideWidgetSeparator"":false,""maxItemsPerRow"":null,""media"":null,""selectedDotColor"":null,""showShadowForComponent"":null,""skin"":null,""skinType"":null,""slotDirection"":null,""stopBleedingColor"":null,""strokeColor"":null,""strokeWidth"":null,""themeAttributes"":null,""unselectedDotColor"":null,""video"":null,""viewType"":null,""widgetBleedingColor"":null,""widgetPrimaryColor"":null,""widgetSecondaryColor"":null,""widgetStopBleedingColor"":null,""widthPercentage"":null},""data"":{""ratingData"":{""header"":{""action"":null,""metaData"":null,""rcType"":null,""tracking"":null,""trackingData"":null,""value"":{""type"":""HeaderValue"",""abbSubHeader"":null,""actionButton"":null,""actionButtonArrowEnable"":null,""actionButtonChevronImageUrl"":null,""actionButtonEnable"":null,""actionButtonTextValue"":null,""animation"":null,""backButtonEnable"":null,""backgroundDetails"":null,""bgColor"":null,""chevronButton"":null,""collapsed"":false,""collapsible"":false,""headerDetailsValue"":null,""headerMinorInfo"":null,""iconAnimation"":null,""imageValue"":null,""referenceImageValue"":null,""richTextAndImageActionButton"":null,""showActionButton"":false,""showHeader"":true,""subTitleValue"":null,""tags"":null,""timerValue"":null,""titleValue"":{""type"":""TitleValue"",""image"":null,""style"":null,""subText"":null,""text"":""What our customers felt:""},""viewAllImageUrl"":null}},""rating"":{""action"":{""constraints"":null,""customTrackingEvents"":null,""fallback"":null,""loginType"":""LOGIN_NOT_REQUIRED"",""nonWidgetizeRedirection"":null,""omnitureData"":null,""omnitureTracking"":null,""originalUrl"":null,""params"":{""valid"":true,""fetchId"":null,""productId"":""SFFFWFFBKPBTUW44"",""marketplace"":""FLIPKART"",""vertical"":""WomenFlipFlops"",""screenName"":""PRODUCT_REVIEW_PAGE"",""category"":""WomenFashionFootwear""},""requiredPermissionType"":null,""screenType"":""multiWidgetPage"",""storeValue"":{},""subType"":null,""tracking"":{},""triggerExtraStandardEvents"":null,""type"":""NAVIGATION"",""url"":""/flite-women-flip-flops/product-reviews/itm3dd0db174a0a1?pid=SFFFWFFBKPBTUW44&mid=FLIPKART&cat=WomenFashionFootwear&vert=WomenFlipFlops"",""validationMeta"":null,""widgetTracking"":null,""widgetizedActions"":null},""metaData"":null,""rcType"":null,""tracking"":null,""trackingData"":null,""value"":{""type"":""UgcRatingValue"",""average"":4.2,""base"":5,""histogram"":[1990,1401,3114,7397,16725],""histogramBaseCount"":16725,""histogramFeedbackList"":[{""feedbackPolarity"":""POSITIVE"",""percent"":89,""text"":""Positive feedback""},{""feedbackPolarity"":""NEGATIVE"",""percent"":11,""text"":""Negative feedback""}],""ratingCount"":30627,""reviewCount"":1595,""viewType"":""OVERALL_RATING_VIEW""}},""reviewButton"":{""action"":{""constraints"":[{""metaInfo"":{""openInBottomSheet"":""true"",""url"":""/login?type=mobile&sourceContext=rate_the_product""},""type"":""LOGIN""}],""customTrackingEvents"":null,""fallback"":null,""loginType"":""LEGACY_LOGIN"",""nonWidgetizeRedirection"":null,""omnitureData"":null,""omnitureTracking"":null,""originalUrl"":null,""params"":{""pid"":""SFFFWFFBKPBTUW44"",""screenName"":""WRITE_REVIEW"",""source"":""pp"",""openUploadImagesGalleryPage"":false,""url"":null},""requiredPermissionType"":null,""screenType"":""writeReviewProduct"",""storeValue"":{},""subType"":null,""tracking"":{},""triggerExtraStandardEvents"":null,""type"":""NAVIGATION"",""url"":""/flite-women-flip-flops/write-review/itm3dd0db174a0a1?pid=SFFFWFFBKPBTUW44&source=pp"",""validationMeta"":null,""widgetTracking"":null,""widgetizedActions"":null},""metaData"":null,""rcType"":""RATING_REVIEW_BUTTON_RC"",""tracking"":null,""trackingData"":null,""value"":{""type"":""ButtonValue"",""title"":""Rate Product""}},""reviewersRecommendPercentage"":null,""scaleAspectComponentDivisions"":null,""scaleAspectComponents"":[],""sentimentAspectComponent"":{""action"":null,""metaData"":null,""rcType"":null,""tracking"":{""impressionId"":""b7942fc2-23d4-4440-bb06-0a3f89c5f05d"",""contextType"":""page""},""trackingData"":null,""value"":{""type"":""SentimentAspectSummaryValue"",""negative"":[],""neutral"":[],""orderedSentiment"":[],""positive"":[{""action"":{""constraints"":null,""customTrackingEvents"":null,""fallback"":null,""loginType"":""LOGIN_NOT_REQUIRED"",""nonWidgetizeRedirection"":null,""omnitureData"":null,""omnitureTracking"":null,""originalUrl"":null,""params"":{""valid"":true,""aspectName"":""Look"",""fetchId"":""b7942fc2-23d4-4440-bb06-0a3f89c5f05d.SFFFWFFBKPBTUW44"",""productId"":""SFFFWFFBKPBTUW44"",""marketplace"":""FLIPKART"",""aspectId"":""cb05952c-668a-4003-8cac-699d2f6679a7"",""vertical"":""WomenFlipFlops"",""screenName"":""PRODUCT_REVIEW_PAGE"",""category"":""WomenFashionFootwear""},""requiredPermissionType"":null,""screenType"":""multiWidgetPage"",""storeValue"":{},""subType"":null,""tracking"":{},""triggerExtraStandardEvents"":null,""type"":""NAVIGATION"",""url"":""/flite-women-flip-flops/product-reviews/itm3dd0db174a0a1?pid=SFFFWFFBKPBTUW44&aid=cb05952c-668a-4003-8cac-699d2f6679a7&mid=FLIPKART&fid=b7942fc2-23d4-4440-bb06-0a3f89c5f05d.SFFFWFFBKPBTUW44&an=Look&cat=WomenFashionFootwear&vert=WomenFlipFlops"",""validationMeta"":null,""widgetTracking"":null,""widgetizedActions"":null},""metaData"":null,""rcType"":null,""tracking"":null,""trackingData"":null,""value"":{""type"":""BaseAspectDetail"",""areAspectReviewsAvailable"":true,""aspectId"":""cb05952c-668a-4003-8cac-699d2f6679a7"",""aspectName"":""Look"",""aspectType"":""SENTIMENT"",""ratingCount"":null,""sentimentEmoji"":null,""sentimentText"":null}},{""action"":{""constraints"":null,""customTrackingEvents"":null,""fallback"":null,""loginType"":""LOGIN_NOT_REQUIRED"",""nonWidgetizeRedirection"":null,""omnitureData"":null,""omnitureTracking"":null,""originalUrl"":null,""params"":{""valid"":true,""aspectName"":""Colour"",""fetchId"":""b7942fc2-23d4-4440-bb06-0a3f89c5f05d.SFFFWFFBKPBTUW44"",""productId"":""SFFFWFFBKPBTUW44"",""marketplace"":""FLIPKART"",""aspectId"":""08f57cef-3069-46da-8834-ae4ccaf63e2c"",""vertical"":""WomenFlipFlops"",""screenName"":""PRODUCT_REVIEW_PAGE"",""category"":""WomenFashionFootwear""},""requiredPermissionType"":null,""screenType"":""multiWidgetPage"",""storeValue"":{},""subType"":null,""tracking"":{},""triggerExtraStandardEvents"":null,""type"":""NAVIGATION"",""url"":""/flite-women-flip-flops/product-reviews/itm3dd0db174a0a1?pid=SFFFWFFBKPBTUW44&aid=08f57cef-3069-46da-8834-ae4ccaf63e2c&mid=FLIPKART&fid=b7942fc2-23d4-4440-bb06-0a3f89c5f05d.SFFFWFFBKPBTUW44&an=Colour&cat=WomenFashionFootwear&vert=WomenFlipFlops"",""validationMeta"":null,""widgetTracking"":null,""widgetizedActions"":null},""metaData"":null,""rcType"":null,""tracking"":null,""trackingData"":null,""value"":{""type"":""BaseAspectDetail"",""areAspectReviewsAvailable"":true,""aspectId"":""08f57cef-3069-46da-8834-ae4ccaf63e2c"",""aspectName"":""Colour"",""aspectType"":""SENTIMENT"",""ratingCount"":null,""sentimentEmoji"":null,""sentimentText"":null}},{""action"":{""constraints"":null,""customTrackingEvents"":null,""fallback"":null,""loginType"":""LOGIN_NOT_REQUIRED"",""nonWidgetizeRedirection"":null,""omnitureData"":null,""omnitureTracking"":null,""originalUrl"":null,""params"":{""valid"":true,""aspectName"":""Sole Quality"",""fetchId"":""b7942fc2-23d4-4440-bb06-0a3f89c5f05d.SFFFWFFBKPBTUW44"",""productId"":""SFFFWFFBKPBTUW44"",""marketplace"":""FLIPKART"",""aspectId"":""34b6028e-72eb-41f0-ac1e-413076fc8f95"",""vertical"":""WomenFlipFlops"",""screenName"":""PRODUCT_REVIEW_PAGE"",""category"":""WomenFashionFootwear""},""requiredPermissionType"":null,""screenType"":""multiWidgetPage"",""storeValue"":{},""subType"":null,""tracking"":{},""triggerExtraStandardEvents"":null,""type"":""NAVIGATION"",""url"":""/flite-women-flip-flops/product-reviews/itm3dd0db174a0a1?pid=SFFFWFFBKPBTUW44&aid=34b6028e-72eb-41f0-ac1e-413076fc8f95&mid=FLIPKART&fid=b7942fc2-23d4-4440-bb06-0a3f89c5f05d.SFFFWFFBKPBTUW44&an=Sole Quality&cat=WomenFashionFootwear&vert=WomenFlipFlops"",""validationMeta"":null,""widgetTracking"":null,""widgetizedActions"":null},""metaData"":null,""rcType"":null,""tracking"":null,""trackingData"":null,""value"":{""type"":""BaseAspectDetail"",""areAspectReviewsAvailable"":true,""aspectId"":""34b6028e-72eb-41f0-ac1e-413076fc8f95"",""aspectName"":""Sole Quality"",""aspectType"":""SENTIMENT"",""ratingCount"":null,""sentimentEmoji"":null,""sentimentText"":null}},{""action"":{""constraints"":null,""customTrackingEvents"":null,""fallback"":null,""loginType"":""LOGIN_NOT_REQUIRED"",""nonWidgetizeRedirection"":null,""omnitureData"":null,""omnitureTracking"":null,""originalUrl"":null,""params"":{""valid"":true,""aspectName"":""Comfort"",""fetchId"":""b7942fc2-23d4-4440-bb06-0a3f89c5f05d.SFFFWFFBKPBTUW44"",""productId"":""SFFFWFFBKPBTUW44"",""marketplace"":""FLIPKART"",""aspectId"":""1ea1d734-07a5-41b1-9ebd-4ee9ac40a345"",""vertical"":""WomenFlipFlops"",""screenName"":""PRODUCT_REVIEW_PAGE"",""category"":""WomenFashionFootwear""},""requiredPermissionType"":null,""screenType"":""multiWidgetPage"",""storeValue"":{},""subType"":null,""tracking"":{},""triggerExtraStandardEvents"":null,""type"":""NAVIGATION"",""url"":""/flite-women-flip-flops/product-reviews/itm3dd0db174a0a1?pid=SFFFWFFBKPBTUW44&aid=1ea1d734-07a5-41b1-9ebd-4ee9ac40a345&mid=FLIPKART&fid=b7942fc2-23d4-4440-bb06-0a3f89c5f05d.SFFFWFFBKPBTUW44&an=Comfort&cat=WomenFashionFootwear&vert=WomenFlipFlops"",""validationMeta"":null,""widgetTracking"":null,""widgetizedActions"":null},""metaData"":null,""rcType"":null,""tracking"":null,""trackingData"":null,""value"":{""type"":""BaseAspectDetail"",""areAspectReviewsAvailable"":true,""aspectId"":""1ea1d734-07a5-41b1-9ebd-4ee9ac40a345"",""aspectName"":""Comfort"",""aspectType"":""SENTIMENT"",""ratingCount"":null,""sentimentEmoji"":null,""sentimentText"":null}},{""action"":{""constraints"":null,""customTrackingEvents"":null,""fallback"":null,""loginType"":""LOGIN_NOT_REQUIRED"",""nonWidgetizeRedirection"":null,""omnitureData"":null,""omnitureTracking"":null,""originalUrl"":null,""params"":{""valid"":true,""aspectName"":""Material Quality"",""fetchId"":""b7942fc2-23d4-4440-bb06-0a3f89c5f05d.SFFFWFFBKPBTUW44"",""productId"":""SFFFWFFBKPBTUW44"",""marketplace"":""FLIPKART"",""aspectId"":""0e81bcc7-6619-484e-a63f-a1d21cf7f6ea"",""vertical"":""WomenFlipFlops"",""screenName"":""PRODUCT_REVIEW_PAGE"",""category"":""WomenFashionFootwear""},""requiredPermissionType"":null,""screenType"":""multiWidgetPage"",""storeValue"":{},""subType"":null,""tracking"":{},""triggerExtraStandardEvents"":null,""type"":""NAVIGATION"",""url"":""/flite-women-flip-flops/product-reviews/itm3dd0db174a0a1?pid=SFFFWFFBKPBTUW44&aid=0e81bcc7-6619-484e-a63f-a1d21cf7f6ea&mid=FLIPKART&fid=b7942fc2-23d4-4440-bb06-0a3f89c5f05d.SFFFWFFBKPBTUW44&an=Material Quality&cat=WomenFashionFootwear&vert=WomenFlipFlops"",""validationMeta"":null,""widgetTracking"":null,""widgetizedActions"":null},""metaData"":null,""rcType"":null,""tracking"":null,""trackingData"":null,""value"":{""type"":""BaseAspectDetail"",""areAspectReviewsAvailable"":true,""aspectId"":""0e81bcc7-6619-484e-a63f-a1d21cf7f6ea"",""aspectName"":""Material Quality"",""aspectType"":""SENTIMENT"",""ratingCount"":null,""sentimentEmoji"":null,""sentimentText"":null}},{""action"":{""constraints"":null,""customTrackingEvents"":null,""fallback"":null,""loginType"":""LOGIN_NOT_REQUIRED"",""nonWidgetizeRedirection"":null,""omnitureData"":null,""omnitureTracking"":null,""originalUrl"":null,""params"":{""valid"":true,""aspectName"":""Light Weight"",""fetchId"":""b7942fc2-23d4-4440-bb06-0a3f89c5f05d.SFFFWFFBKPBTUW44"",""productId"":""SFFFWFFBKPBTUW44"",""marketplace"":""FLIPKART"",""aspectId"":""3be62eba-834f-4599-b2bc-663cb6d015c3"",""vertical"":""WomenFlipFlops"",""screenName"":""PRODUCT_REVIEW_PAGE"",""category"":""WomenFashionFootwear""},""requiredPermissionType"":null,""screenType"":""multiWidgetPage"",""storeValue"":{},""subType"":null,""tracking"":{},""triggerExtraStandardEvents"":null,""type"":""NAVIGATION"",""url"":""/flite-women-flip-flops/product-reviews/itm3dd0db174a0a1?pid=SFFFWFFBKPBTUW44&aid=3be62eba-834f-4599-b2bc-663cb6d015c3&mid=FLIPKART&fid=b7942fc2-23d4-4440-bb06-0a3f89c5f05d.SFFFWFFBKPBTUW44&an=Light Weight&cat=WomenFashionFootwear&vert=WomenFlipFlops"",""validationMeta"":null,""widgetTracking"":null,""widgetizedActions"":null},""metaData"":null,""rcType"":null,""tracking"":null,""trackingData"":null,""value"":{""type"":""BaseAspectDetail"",""areAspectReviewsAvailable"":true,""aspectId"":""3be62eba-834f-4599-b2bc-663cb6d015c3"",""aspectName"":""Light Weight"",""aspectType"":""SENTIMENT"",""ratingCount"":null,""sentimentEmoji"":null,""sentimentText"":null}},{""action"":{""constraints"":null,""customTrackingEvents"":null,""fallback"":null,""loginType"":""LOGIN_NOT_REQUIRED"",""nonWidgetizeRedirection"":null,""omnitureData"":null,""omnitureTracking"":null,""originalUrl"":null,""params"":{""valid"":true,""aspectName"":""Durability"",""fetchId"":""b7942fc2-23d4-4440-bb06-0a3f89c5f05d.SFFFWFFBKPBTUW44"",""productId"":""SFFFWFFBKPBTUW44"",""marketplace"":""FLIPKART"",""aspectId"":""c3311a44-01b3-4edd-89f2-670720211083"",""vertical"":""WomenFlipFlops"",""screenName"":""PRODUCT_REVIEW_PAGE"",""category"":""WomenFashionFootwear""},""requiredPermissionType"":null,""screenType"":""multiWidgetPage"",""storeValue"":{},""subType"":null,""tracking"":{},""triggerExtraStandardEvents"":null,""type"":""NAVIGATION"",""url"":""/flite-women-flip-flops/product-reviews/itm3dd0db174a0a1?pid=SFFFWFFBKPBTUW44&aid=c3311a44-01b3-4edd-89f2-670720211083&mid=FLIPKART&fid=b7942fc2-23d4-4440-bb06-0a3f89c5f05d.SFFFWFFBKPBTUW44&an=Durability&cat=WomenFashionFootwear&vert=WomenFlipFlops"",""validationMeta"":null,""widgetTracking"":null,""widgetizedActions"":null},""metaData"":null,""rcType"":null,""tracking"":null,""trackingData"":null,""value"":{""type"":""BaseAspectDetail"",""areAspectReviewsAvailable"":true,""aspectId"":""c3311a44-01b3-4edd-89f2-670720211083"",""aspectName"":""Durability"",""aspectType"":""SENTIMENT"",""ratingCount"":null,""sentimentEmoji"":null,""sentimentText"":null}},{""action"":{""constraints"":null,""customTrackingEvents"":null,""fallback"":null,""loginType"":""LOGIN_NOT_REQUIRED"",""nonWidgetizeRedirection"":null,""omnitureData"":null,""omnitureTracking"":null,""originalUrl"":null,""params"":{""valid"":true,""aspectName"":""True to Specs"",""fetchId"":""b7942fc2-23d4-4440-bb06-0a3f89c5f05d.SFFFWFFBKPBTUW44"",""productId"":""SFFFWFFBKPBTUW44"",""marketplace"":""FLIPKART"",""aspectId"":""0d454a75-a35a-4218-87b3-1651c7e34581"",""vertical"":""WomenFlipFlops"",""screenName"":""PRODUCT_REVIEW_PAGE"",""category"":""WomenFashionFootwear""},""requiredPermissionType"":null,""screenType"":""multiWidgetPage"",""storeValue"":{},""subType"":null,""tracking"":{},""triggerExtraStandardEvents"":null,""type"":""NAVIGATION"",""url"":""/flite-women-flip-flops/product-reviews/itm3dd0db174a0a1?pid=SFFFWFFBKPBTUW44&aid=0d454a75-a35a-4218-87b3-1651c7e34581&mid=FLIPKART&fid=b7942fc2-23d4-4440-bb06-0a3f89c5f05d.SFFFWFFBKPBTUW44&an=True to Specs&cat=WomenFashionFootwear&vert=WomenFlipFlops"",""validationMeta"":null,""widgetTracking"":null,""widgetizedActions"":null},""metaData"":null,""rcType"":null,""tracking"":null,""trackingData"":null,""value"":{""type"":""BaseAspectDetail"",""areAspectReviewsAvailable"":true,""aspectId"":""0d454a75-a35a-4218-87b3-1651c7e34581"",""aspectName"":""True to Specs"",""aspectType"":""SENTIMENT"",""ratingCount"":null,""sentimentEmoji"":null,""sentimentText"":null}},{""action"":{""constraints"":null,""customTrackingEvents"":null,""fallback"":null,""loginType"":""LOGIN_NOT_REQUIRED"",""nonWidgetizeRedirection"":null,""omnitureData"":null,""omnitureTracking"":null,""originalUrl"":null,""params"":{""valid"":true,""aspectName"":""Water Proof"",""fetchId"":""b7942fc2-23d4-4440-bb06-0a3f89c5f05d.SFFFWFFBKPBTUW44"",""productId"":""SFFFWFFBKPBTUW44"",""marketplace"":""FLIPKART"",""aspectId"":""19d715e4-f342-4499-b590-65751e26fe21"",""vertical"":""WomenFlipFlops"",""screenName"":""PRODUCT_REVIEW_PAGE"",""category"":""WomenFashionFootwear""},""requiredPermissionType"":null,""screenType"":""multiWidgetPage"",""storeValue"":{},""subType"":null,""tracking"":{},""triggerExtraStandardEvents"":null,""type"":""NAVIGATION"",""url"":""/flite-women-flip-flops/product-reviews/itm3dd0db174a0a1?pid=SFFFWFFBKPBTUW44&aid=19d715e4-f342-4499-b590-65751e26fe21&mid=FLIPKART&fid=b7942fc2-23d4-4440-bb06-0a3f89c5f05d.SFFFWFFBKPBTUW44&an=Water Proof&cat=WomenFashionFootwear&vert=WomenFlipFlops"",""validationMeta"":null,""widgetTracking"":null,""widgetizedActions"":null},""metaData"":null,""rcType"":null,""tracking"":null,""trackingData"":null,""value"":{""type"":""BaseAspectDetail"",""areAspectReviewsAvailable"":true,""aspectId"":""19d715e4-f342-4499-b590-65751e26fe21"",""aspectName"":""Water Proof"",""aspectType"":""SENTIMENT"",""ratingCount"":null,""sentimentEmoji"":null,""sentimentText"":null}},{""action"":{""constraints"":null,""customTrackingEvents"":null,""fallback"":null,""loginType"":""LOGIN_NOT_REQUIRED"",""nonWidgetizeRedirection"":null,""omnitureData"":null,""omnitureTracking"":null,""originalUrl"":null,""params"":{""valid"":true,""aspectName"":""Value for Money"",""fetchId"":""b7942fc2-23d4-4440-bb06-0a3f89c5f05d.SFFFWFFBKPBTUW44"",""productId"":""SFFFWFFBKPBTUW44"",""marketplace"":""FLIPKART"",""aspectId"":""44af6640-d826-4424-838f-177770391f99"",""vertical"":""WomenFlipFlops"",""screenName"":""PRODUCT_REVIEW_PAGE"",""category"":""WomenFashionFootwear""},""requiredPermissionType"":null,""screenType"":""multiWidgetPage"",""storeValue"":{},""subType"":null,""tracking"":{},""triggerExtraStandardEvents"":null,""type"":""NAVIGATION"",""url"":""/flite-women-flip-flops/product-reviews/itm3dd0db174a0a1?pid=SFFFWFFBKPBTUW44&aid=44af6640-d826-4424-838f-177770391f99&mid=FLIPKART&fid=b7942fc2-23d4-4440-bb06-0a3f89c5f05d.SFFFWFFBKPBTUW44&an=Value for Money&cat=WomenFashionFootwear&vert=WomenFlipFlops"",""validationMeta"":null,""widgetTracking"":null,""widgetizedActions"":null},""metaData"":null,""rcType"":null,""tracking"":null,""trackingData"":null,""value"":{""type"":""BaseAspectDetail"",""areAspectReviewsAvailable"":true,""aspectId"":""44af6640-d826-4424-838f-177770391f99"",""aspectName"":""Value for Money"",""aspectType"":""SENTIMENT"",""ratingCount"":null,""sentimentEmoji"":null,""sentimentText"":null}}]}},""trustImprovementCallout"":null},""reviewData"":{""renderableComponents"":[{""action"":null,""metaData"":null,""rcType"":null,""tracking"":{""impressionId"":""b7942fc2-23d4-4440-bb06-0a3f89c5f05d"",""otracker"":""1"",""reviewLanguage"":""en"",""position"":""1"",""contextType"":""page""},""trackingData"":null,""value"":{""type"":""ProductReviewValue"",""author"":""Parth  Thakar "",""certifiedBuyer"":true,""created"":""Jun, 2021"",""downvote"":{""action"":{""constraints"":[{""metaInfo"":{""openInBottomSheet"":""true"",""url"":""/login?type=mobile&sourceContext=review_vote""},""type"":""LOGIN""}],""customTrackingEvents"":null,""fallback"":null,""loginType"":""LEGACY_LOGIN"",""nonWidgetizeRedirection"":null,""omnitureData"":null,""omnitureTracking"":null,""originalUrl"":null,""params"":{""reviewDomain"":""PRODUCT"",""reviewLanguage"":""en"",""source"":""pp"",""reviewId"":""ecefbfec-15c8-4988-8e72-1fe47c57d864"",""vote"":""DOWN""},""requiredPermissionType"":null,""screenType"":null,""storeValue"":{},""subType"":null,""tracking"":{},""triggerExtraStandardEvents"":null,""type"":""REVIEW_VOTE"",""url"":null,""validationMeta"":null,""widgetTracking"":null,""widgetizedActions"":null},""metaData"":null,""rcType"":null,""tracking"":null,""trackingData"":null,""value"":{""type"":""VoteValue"",""count"":30,""isSelected"":false}},""helpfulCount"":114,""id"":""ecefbfec-15c8-4988-8e72-1fe47c57d864"",""images"":[],""location"":{""type"":""Location"",""city"":""Kachchh District"",""state"":""Gujarat""},""media"":null,""productAttribute"":null,""productAttributeList"":null,""rating"":4,""ratingDetails"":null,""reportAbuse"":{""action"":{""constraints"":[{""metaInfo"":{""openInBottomSheet"":""true"",""url"":""/login?type=mobile&sourceContext=review_report_abuse""},""type"":""LOGIN""}],""customTrackingEvents"":null,""fallback"":null,""loginType"":""LEGACY_LOGIN"",""nonWidgetizeRedirection"":null,""omnitureData"":null,""omnitureTracking"":null,""originalUrl"":null,""params"":{""reviewDomain"":""PRODUCT"",""reviewLanguage"":""en"",""source"":""pp"",""reviewId"":""ecefbfec-15c8-4988-8e72-1fe47c57d864"",""vote"":""ABUSE""},""requiredPermissionType"":null,""screenType"":null,""storeValue"":{},""subType"":null,""tracking"":{},""triggerExtraStandardEvents"":null,""type"":""REVIEW_VOTE"",""url"":null,""validationMeta"":null,""widgetTracking"":null,""widgetizedActions"":null},""metaData"":null,""rcType"":null,""tracking"":null,""trackingData"":null,""value"":{""type"":""VoteValue"",""count"":0,""isSelected"":false}},""reviewPropertyMap"":{""CERTIFIED_BUYER"":true},""reviewTypeDisplayText"":null,""text"":""quality good but price is double"",""title"":""Delightful"",""totalCount"":144,""upvote"":{""action"":{""constraints"":[{""metaInfo"":{""openInBottomSheet"":""true"",""url"":""/login?type=mobile&sourceContext=review_vote""},""type"":""LOGIN""}],""customTrackingEvents"":null,""fallback"":null,""loginType"":""LEGACY_LOGIN"",""nonWidgetizeRedirection"":null,""omnitureData"":null,""omnitureTracking"":null,""originalUrl"":null,""params"":{""reviewDomain"":""PRODUCT"",""reviewLanguage"":""en"",""source"":""pp"",""reviewId"":""ecefbfec-15c8-4988-8e72-1fe47c57d864"",""vote"":""UP""},""requiredPermissionType"":null,""screenType"":null,""storeValue"":{},""subType"":null,""tracking"":{},""triggerExtraStandardEvents"":null,""type"":""REVIEW_VOTE"",""url"":null,""validationMeta"":null,""widgetTracking"":null,""widgetizedActions"":null},""metaData"":null,""rcType"":null,""tracking"":null,""trackingData"":null,""value"":{""type"":""VoteValue"",""count"":114,""isSelected"":false}},""url"":""/reviews/SFFFXVSWSRP7MSTK:2?reviewId=ecefbfec-15c8-4988-8e72-1fe47c57d864"",""userBadge"":null}},{""action"":null,""metaData"":null,""rcType"":null,""tracking"":{""impressionId"":""b7942fc2-23d4-4440-bb06-0a3f89c5f05d"",""otracker"":""2"",""reviewLanguage"":""en"",""position"":""2"",""contextType"":""page""},""trackingData"":null,""value"":{""type"":""ProductReviewValue"",""author"":""VIJAYKUMAR MOHANLAL  PATEL"",""certifiedBuyer"":true,""created"":""Jul, 2021"",""downvote"":{""action"":{""constraints"":[{""metaInfo"":{""openInBottomSheet"":""true"",""url"":""/login?type=mobile&sourceContext=review_vote""},""type"":""LOGIN""}],""customTrackingEvents"":null,""fallback"":null,""loginType"":""LEGACY_LOGIN"",""nonWidgetizeRedirection"":null,""omnitureData"":null,""omnitureTracking"":null,""originalUrl"":null,""params"":{""reviewDomain"":""PRODUCT"",""reviewLanguage"":""en"",""source"":""pp"",""reviewId"":""53d5b54c-d1af-4336-a063-9dfc97cf87b5"",""vote"":""DOWN""},""requiredPermissionType"":null,""screenType"":null,""storeValue"":{},""subType"":null,""tracking"":{},""triggerExtraStandardEvents"":null,""type"":""REVIEW_VOTE"",""url"":null,""validationMeta"":null,""widgetTracking"":null,""widgetizedActions"":null},""metaData"":null,""rcType"":null,""tracking"":null,""trackingData"":null,""value"":{""type"":""VoteValue"",""count"":24,""isSelected"":false}},""helpfulCount"":69,""id"":""53d5b54c-d1af-4336-a063-9dfc97cf87b5"",""images"":[{""action"":{""constraints"":null,""customTrackingEvents"":null,""fallback"":null,""loginType"":""LOGIN_NOT_REQUIRED"",""nonWidgetizeRedirection"":null,""omnitureData"":null,""omnitureTracking"":null,""originalUrl"":""/review-image-fullscreen?pid=SFFFWFFCNZZT7A4B&imageId=blobio-imr-202107_9019011a7ba747dd9b3f8eee1c46eb2c.jpg&reviewReferenceId=SFFFWFFCNZZT7A4B:11&language=en"",""params"":{""imageId"":""blobio-imr-202107_9019011a7ba747dd9b3f8eee1c46eb2c.jpg"",""imagesShown"":1,""screenName"":""productReviewFullScreenPage"",""horizontallyPaginated"":true,""paginationUrl"":""/review-image-grid?pid=SFFFWFFCNZZT7A4B&reviewId=53d5b54c-d1af-4336-a063-9dfc97cf87b5&reviewReferenceId=SFFFWFFCNZZT7A4B:11"",""totalImageCount"":1},""requiredPermissionType"":null,""screenType"":""multiWidgetPage"",""storeValue"":{},""subType"":null,""tracking"":{},""triggerExtraStandardEvents"":null,""type"":""NAVIGATION"",""url"":""/review-image-fullscreen?pid=SFFFWFFCNZZT7A4B&imageId=blobio-imr-202107_9019011a7ba747dd9b3f8eee1c46eb2c.jpg&reviewReferenceId=SFFFWFFCNZZT7A4B:11&language=en"",""validationMeta"":null,""widgetTracking"":null,""widgetizedActions"":null},""metaData"":null,""rcType"":null,""tracking"":null,""trackingData"":null,""value"":{""type"":""ReviewImage"",""imageId"":""blobio-imr-202107_9019011a7ba747dd9b3f8eee1c46eb2c.jpg"",""imageURL"":""http://rukmini1.flixcart.com/blobio/{@width}/{@height}/imr-202107/blobio-imr-202107_9019011a7ba747dd9b3f8eee1c46eb2c.jpg?q={@quality}"",""viewType"":""DEFAULT_VIEW""}}],""location"":{""type"":""Location"",""city"":""Sabar Kantha District"",""state"":""Gujarat""},""media"":null,""productAttribute"":null,""productAttributeList"":null,""rating"":5,""ratingDetails"":null,""reportAbuse"":{""action"":{""constraints"":[{""metaInfo"":{""openInBottomSheet"":""true"",""url"":""/login?type=mobile&sourceContext=review_report_abuse""},""type"":""LOGIN""}],""customTrackingEvents"":null,""fallback"":null,""loginType"":""LEGACY_LOGIN"",""nonWidgetizeRedirection"":null,""omnitureData"":null,""omnitureTracking"":null,""originalUrl"":null,""params"":{""reviewDomain"":""PRODUCT"",""reviewLanguage"":""en"",""source"":""pp"",""reviewId"":""53d5b54c-d1af-4336-a063-9dfc97cf87b5"",""vote"":""ABUSE""},""requiredPermissionType"":null,""screenType"":null,""storeValue"":{},""subType"":null,""tracking"":{},""triggerExtraStandardEvents"":null,""type"":""REVIEW_VOTE"",""url"":null,""validationMeta"":null,""widgetTracking"":null,""widgetizedActions"":null},""metaData"":null,""rcType"":null,""tracking"":null,""trackingData"":null,""value"":{""type"":""VoteValue"",""count"":0,""isSelected"":false}},""reviewPropertyMap"":{""CERTIFIED_BUYER"":true},""reviewTypeDisplayText"":null,""text"":""The best. perfect size. Best product.in best rate"",""title"":""Great product"",""totalCount"":93,""upvote"":{""action"":{""constraints"":[{""metaInfo"":{""openInBottomSheet"":""true"",""url"":""/login?type=mobile&sourceContext=review_vote""},""type"":""LOGIN""}],""customTrackingEvents"":null,""fallback"":null,""loginType"":""LEGACY_LOGIN"",""nonWidgetizeRedirection"":null,""omnitureData"":null,""omnitureTracking"":null,""originalUrl"":null,""params"":{""reviewDomain"":""PRODUCT"",""reviewLanguage"":""en"",""source"":""pp"",""reviewId"":""53d5b54c-d1af-4336-a063-9dfc97cf87b5"",""vote"":""UP""},""requiredPermissionType"":null,""screenType"":null,""storeValue"":{},""subType"":null,""tracking"":{},""triggerExtraStandardEvents"":null,""type"":""REVIEW_VOTE"",""url"":null,""validationMeta"":null,""widgetTracking"":null,""widgetizedActions"":null},""metaData"":null,""rcType"":null,""tracking"":null,""trackingData"":null,""value"":{""type"":""VoteValue"",""count"":69,""isSelected"":false}},""url"":""/reviews/SFFFWFFCNZZT7A4B:11?reviewId=53d5b54c-d1af-4336-a063-9dfc97cf87b5"",""userBadge"":{""action"":{""constraints"":null,""customTrackingEvents"":null,""fallback"":null,""loginType"":""LOGIN_NOT_REQUIRED"",""nonWidgetizeRedirection"":null,""omnitureData"":null,""omnitureTracking"":null,""originalUrl"":null,""params"":{""badgeColor"":""raw.orange.900"",""badgeDescription"":""You can earn this badge by providing detailed, helpful reviews with photos on products across all categories."",""badgeAuthorHeading"":""VIJAYKUMAR MOHANLAL  PATEL is a"",""badgeBottonSheetImage"":{""type"":""ImageValue"",""edgeToEdge"":false,""alternateText"":""badgeImage"",""dynamicImageUrl"":""https://rukminim1.flixcart.com/www/{@width}/{@height}/promos/09/05/2023/0334c13c-552f-47ea-ba3b-8ac4ceb0a3c4.png?q={@quality}"",""aspectRatio"":""1:1"",""width"":0,""height"":0},""badgeTitle"":""Bronze Reviewer"",""badgeImage"":{""type"":""ImageValue"",""edgeToEdge"":false,""alternateText"":""badgeImage"",""dynamicImageUrl"":""https://rukminim1.flixcart.com/www/{@width}/{@height}/promos/04/05/2023/17c0367e-1a69-42f1-b2da-497d0cf35bc5.png?q={@quality}"",""aspectRatio"":""1:1"",""width"":0,""height"":0}},""requiredPermissionType"":null,""screenType"":null,""storeValue"":{},""subType"":null,""tracking"":{},""triggerExtraStandardEvents"":null,""type"":""BADGE_CLICK"",""url"":null,""validationMeta"":null,""widgetTracking"":null,""widgetizedActions"":null},""metaData"":null,""rcType"":null,""tracking"":null,""trackingData"":null,""value"":{""type"":""UgcBadge"",""badgeColor"":""raw.orange.900"",""badgeImage"":{""type"":""ImageValue"",""alternateText"":""badgeImage"",""aspectRatio"":""1:1"",""dynamicImageUrl"":""https://rukminim1.flixcart.com/www/{@width}/{@height}/promos/04/05/2023/17c0367e-1a69-42f1-b2da-497d0cf35bc5.png?q={@quality}"",""edgeToEdge"":false,""height"":0,""width"":0},""badgeTitle"":""Bronze Reviewer""}}}},{""action"":null,""metaData"":null,""rcType"":null,""tracking"":{""impressionId"":""b7942fc2-23d4-4440-bb06-0a3f89c5f05d"",""otracker"":""3"",""reviewLanguage"":""en"",""position"":""3"",""contextType"":""page""},""trackingData"":null,""value"":{""type"":""ProductReviewValue"",""author"":""Shehnaz Parbin"",""certifiedBuyer"":true,""created"":""Aug, 2021"",""downvote"":{""action"":{""constraints"":[{""metaInfo"":{""openInBottomSheet"":""true"",""url"":""/login?type=mobile&sourceContext=review_vote""},""type"":""LOGIN""}],""customTrackingEvents"":null,""fallback"":null,""loginType"":""LEGACY_LOGIN"",""nonWidgetizeRedirection"":null,""omnitureData"":null,""omnitureTracking"":null,""originalUrl"":null,""params"":{""reviewDomain"":""PRODUCT"",""reviewLanguage"":""en"",""source"":""pp"",""reviewId"":""f4ac8f9f-9eca-44ab-9ae8-f36b13bbd1b2"",""vote"":""DOWN""},""requiredPermissionType"":null,""screenType"":null,""storeValue"":{},""subType"":null,""tracking"":{},""triggerExtraStandardEvents"":null,""type"":""REVIEW_VOTE"",""url"":null,""validationMeta"":null,""widgetTracking"":null,""widgetizedActions"":null},""metaData"":null,""rcType"":null,""tracking"":null,""trackingData"":null,""value"":{""type"":""VoteValue"",""count"":0,""isSelected"":false}},""helpfulCount"":5,""id"":""f4ac8f9f-9eca-44ab-9ae8-f36b13bbd1b2"",""images"":[],""location"":{""type"":""Location"",""city"":""Kharupetia"",""state"":""Assam""},""media"":null,""productAttribute"":null,""productAttributeList"":null,""rating"":4,""ratingDetails"":null,""reportAbuse"":{""action"":{""constraints"":[{""metaInfo"":{""openInBottomSheet"":""true"",""url"":""/login?type=mobile&sourceContext=review_report_abuse""},""type"":""LOGIN""}],""customTrackingEvents"":null,""fallback"":null,""loginType"":""LEGACY_LOGIN"",""nonWidgetizeRedirection"":null,""omnitureData"":null,""omnitureTracking"":null,""originalUrl"":null,""params"":{""reviewDomain"":""PRODUCT"",""reviewLanguage"":""en"",""source"":""pp"",""reviewId"":""f4ac8f9f-9eca-44ab-9ae8-f36b13bbd1b2"",""vote"":""ABUSE""},""requiredPermissionType"":null,""screenType"":null,""storeValue"":{},""subType"":null,""tracking"":{},""triggerExtraStandardEvents"":null,""type"":""REVIEW_VOTE"",""url"":null,""validationMeta"":null,""widgetTracking"":null,""widgetizedActions"":null},""metaData"":null,""rcType"":null,""tracking"":null,""trackingData"":null,""value"":{""type"":""VoteValue"",""count"":0,""isSelected"":false}},""reviewPropertyMap"":{""CERTIFIED_BUYER"":true},""reviewTypeDisplayText"":null,""text"":""Price is high"",""title"":""Nice product"",""totalCount"":5,""upvote"":{""action"":{""constraints"":[{""metaInfo"":{""openInBottomSheet"":""true"",""url"":""/login?type=mobile&sourceContext=review_vote""},""type"":""LOGIN""}],""customTrackingEvents"":null,""fallback"":null,""loginType"":""LEGACY_LOGIN"",""nonWidgetizeRedirection"":null,""omnitureData"":null,""omnitureTracking"":null,""originalUrl"":null,""params"":{""reviewDomain"":""PRODUCT"",""reviewLanguage"":""en"",""source"":""pp"",""reviewId"":""f4ac8f9f-9eca-44ab-9ae8-f36b13bbd1b2"",""vote"":""UP""},""requiredPermissionType"":null,""screenType"":null,""storeValue"":{},""subType"":null,""tracking"":{},""triggerExtraStandardEvents"":null,""type"":""REVIEW_VOTE"",""url"":null,""validationMeta"":null,""widgetTracking"":null,""widgetizedActions"":null},""metaData"":null,""rcType"":null,""tracking"":null,""trackingData"":null,""value"":{""type"":""VoteValue"",""count"":5,""isSelected"":false}},""url"":""/reviews/SFFFWFFBKPBTUW44:5?reviewId=f4ac8f9f-9eca-44ab-9ae8-f36b13bbd1b2"",""userBadge"":null}}]},""reviewImageData"":{""header"":{""action"":null,""metaData"":null,""rcType"":null,""tracking"":null,""trackingData"":null,""value"":{""type"":""HeaderValue"",""abbSubHeader"":null,""actionButton"":null,""actionButtonArrowEnable"":null,""actionButtonChevronImageUrl"":null,""actionButtonEnable"":null,""actionButtonTextValue"":null,""animation"":null,""backButtonEnable"":null,""backgroundDetails"":null,""bgColor"":null,""chevronButton"":null,""collapsed"":false,""collapsible"":false,""headerDetailsValue"":null,""headerMinorInfo"":null,""iconAnimation"":null,""imageValue"":null,""referenceImageValue"":null,""richTextAndImageActionButton"":null,""showActionButton"":false,""showHeader"":true,""subTitleValue"":null,""tags"":null,""timerValue"":null,""titleValue"":{""type"":""TitleValue"",""image"":null,""style"":null,""subText"":null,""text"":""Images uploaded by customers:""},""viewAllImageUrl"":null}},""renderableComponents"":[{""action"":{""constraints"":null,""customTrackingEvents"":null,""fallback"":null,""loginType"":""LOGIN_NOT_REQUIRED"",""nonWidgetizeRedirection"":null,""omnitureData"":null,""omnitureTracking"":null,""originalUrl"":""/review-image-fullscreen?pid=SFFFWFFBKPBTUW44&imageId=blobio-imr-202107_9019011a7ba747dd9b3f8eee1c46eb2c.jpg&reviewReferenceId=SFFFWFFCNZZT7A4B:11&language=en"",""params"":{""imageId"":""blobio-imr-202107_9019011a7ba747dd9b3f8eee1c46eb2c.jpg"",""imagesShown"":4,""SELECTED_PAGE_ID"":""/review-image-fullscreen?pid=SFFFWFFBKPBTUW44&imageId=blobio-imr-202107_9019011a7ba747dd9b3f8eee1c46eb2c.jpg&reviewReferenceId=SFFFWFFCNZZT7A4B:11&language=en"",""pageKey"":""blobio-imr-202107_9019011a7ba747dd9b3f8eee1c46eb2c.jpg"",""screenName"":""productReviewFullScreenPage"",""horizontallyPaginated"":true,""paginationUrl"":""/review-image-grid?pid=SFFFWFFBKPBTUW44"",""totalImageCount"":78},""requiredPermissionType"":null,""screenType"":""multiWidgetPage"",""storeValue"":{},""subType"":null,""tracking"":{},""triggerExtraStandardEvents"":null,""type"":""NAVIGATION"",""url"":""/review-image-fullscreen?pid=SFFFWFFBKPBTUW44&imageId=blobio-imr-202107_9019011a7ba747dd9b3f8eee1c46eb2c.jpg&reviewReferenceId=SFFFWFFCNZZT7A4B:11&language=en"",""validationMeta"":null,""widgetTracking"":null,""widgetizedActions"":null},""metaData"":null,""rcType"":null,""tracking"":null,""trackingData"":null,""value"":{""type"":""ReviewImage"",""imageId"":""blobio-imr-202107_9019011a7ba747dd9b3f8eee1c46eb2c.jpg"",""imageURL"":""http://rukmini1.flixcart.com/blobio/{@width}/{@height}/imr-202107/blobio-imr-202107_9019011a7ba747dd9b3f8eee1c46eb2c.jpg?q={@quality}"",""viewType"":""DEFAULT_VIEW""}},{""action"":{""constraints"":null,""customTrackingEvents"":null,""fallback"":null,""loginType"":""LOGIN_NOT_REQUIRED"",""nonWidgetizeRedirection"":null,""omnitureData"":null,""omnitureTracking"":null,""originalUrl"":""/review-image-fullscreen?pid=SFFFWFFBKPBTUW44&imageId=blobio-imr_c28e807679074b088fd7b30a268de422.jpg&reviewReferenceId=SFFFXVSWWPT5XT4Q:32&language=en"",""params"":{""imageId"":""blobio-imr_c28e807679074b088fd7b30a268de422.jpg"",""imagesShown"":4,""SELECTED_PAGE_ID"":""/review-image-fullscreen?pid=SFFFWFFBKPBTUW44&imageId=blobio-imr_c28e807679074b088fd7b30a268de422.jpg&reviewReferenceId=SFFFXVSWWPT5XT4Q:32&language=en"",""pageKey"":""blobio-imr_c28e807679074b088fd7b30a268de422.jpg"",""screenName"":""productReviewFullScreenPage"",""horizontallyPaginated"":true,""paginationUrl"":""/review-image-grid?pid=SFFFWFFBKPBTUW44"",""totalImageCount"":78},""requiredPermissionType"":null,""screenType"":""multiWidgetPage"",""storeValue"":{},""subType"":null,""tracking"":{},""triggerExtraStandardEvents"":null,""type"":""NAVIGATION"",""url"":""/review-image-fullscreen?pid=SFFFWFFBKPBTUW44&imageId=blobio-imr_c28e807679074b088fd7b30a268de422.jpg&reviewReferenceId=SFFFXVSWWPT5XT4Q:32&language=en"",""validationMeta"":null,""widgetTracking"":null,""widgetizedActions"":null},""metaData"":null,""rcType"":null,""tracking"":null,""trackingData"":null,""value"":{""type"":""ReviewImage"",""imageId"":""blobio-imr_c28e807679074b088fd7b30a268de422.jpg"",""imageURL"":""http://rukmini1.flixcart.com/blobio/{@width}/{@height}/imr/blobio-imr_c28e807679074b088fd7b30a268de422.jpg?q={@quality}"",""viewType"":""DEFAULT_VIEW""}},{""action"":{""constraints"":null,""customTrackingEvents"":null,""fallback"":null,""loginType"":""LOGIN_NOT_REQUIRED"",""nonWidgetizeRedirection"":null,""omnitureData"":null,""omnitureTracking"":null,""originalUrl"":""/review-image-fullscreen?pid=SFFFWFFBKPBTUW44&imageId=blobio-imr-202201_24503b7754f44d079e3c9a403d650753.jpg&reviewReferenceId=SFFFWFFCNZZT7A4B:34&language=en"",""params"":{""imageId"":""blobio-imr-202201_24503b7754f44d079e3c9a403d650753.jpg"",""imagesShown"":4,""SELECTED_PAGE_ID"":""/review-image-fullscreen?pid=SFFFWFFBKPBTUW44&imageId=blobio-imr-202201_24503b7754f44d079e3c9a403d650753.jpg&reviewReferenceId=SFFFWFFCNZZT7A4B:34&language=en"",""pageKey"":""blobio-imr-202201_24503b7754f44d079e3c9a403d650753.jpg"",""screenName"":""productReviewFullScreenPage"",""horizontallyPaginated"":true,""paginationUrl"":""/review-image-grid?pid=SFFFWFFBKPBTUW44"",""totalImageCount"":78},""requiredPermissionType"":null,""screenType"":""multiWidgetPage"",""storeValue"":{},""subType"":null,""tracking"":{},""triggerExtraStandardEvents"":null,""type"":""NAVIGATION"",""url"":""/review-image-fullscreen?pid=SFFFWFFBKPBTUW44&imageId=blobio-imr-202201_24503b7754f44d079e3c9a403d650753.jpg&reviewReferenceId=SFFFWFFCNZZT7A4B:34&language=en"",""validationMeta"":null,""widgetTracking"":null,""widgetizedActions"":null},""metaData"":null,""rcType"":null,""tracking"":null,""trackingData"":null,""value"":{""type"":""ReviewImage"",""imageId"":""blobio-imr-202201_24503b7754f44d079e3c9a403d650753.jpg"",""imageURL"":""http://rukmini1.flixcart.com/blobio/{@width}/{@height}/imr-202201/blobio-imr-202201_24503b7754f44d079e3c9a403d650753.jpg?q={@quality}"",""viewType"":""DEFAULT_VIEW""}},{""action"":{""constraints"":null,""customTrackingEvents"":null,""fallback"":null,""loginType"":""LOGIN_NOT_REQUIRED"",""nonWidgetizeRedirection"":null,""omnitureData"":null,""omnitureTracking"":null,""originalUrl"":""/review-image-fullscreen?pid=SFFFWFFBKPBTUW44&imageId=blobio-imr-202107_f30b86ceb1f3477dbfc1d0a3ce778fb9.jpg&reviewReferenceId=SFFFWFFC6GYTKZ5P:10&language=en"",""params"":{""imageId"":""blobio-imr-202107_f30b86ceb1f3477dbfc1d0a3ce778fb9.jpg"",""imagesShown"":4,""SELECTED_PAGE_ID"":""/review-image-fullscreen?pid=SFFFWFFBKPBTUW44&imageId=blobio-imr-202107_f30b86ceb1f3477dbfc1d0a3ce778fb9.jpg&reviewReferenceId=SFFFWFFC6GYTKZ5P:10&language=en"",""pageKey"":""blobio-imr-202107_f30b86ceb1f3477dbfc1d0a3ce778fb9.jpg"",""screenName"":""productReviewFullScreenPage"",""horizontallyPaginated"":true,""paginationUrl"":""/review-image-grid?pid=SFFFWFFBKPBTUW44"",""totalImageCount"":78},""requiredPermissionType"":null,""screenType"":""multiWidgetPage"",""storeValue"":{},""subType"":null,""tracking"":{},""triggerExtraStandardEvents"":null,""type"":""NAVIGATION"",""url"":""/review-image-fullscreen?pid=SFFFWFFBKPBTUW44&imageId=blobio-imr-202107_f30b86ceb1f3477dbfc1d0a3ce778fb9.jpg&reviewReferenceId=SFFFWFFC6GYTKZ5P:10&language=en"",""validationMeta"":null,""widgetTracking"":null,""widgetizedActions"":null},""metaData"":null,""rcType"":null,""tracking"":null,""trackingData"":null,""value"":{""type"":""ReviewImage"",""imageId"":""blobio-imr-202107_f30b86ceb1f3477dbfc1d0a3ce778fb9.jpg"",""imageURL"":""http://rukmini1.flixcart.com/blobio/{@width}/{@height}/imr-202107/blobio-imr-202107_f30b86ceb1f3477dbfc1d0a3ce778fb9.jpg?q={@quality}"",""viewType"":""DEFAULT_VIEW""}},{""action"":{""constraints"":null,""customTrackingEvents"":null,""fallback"":null,""loginType"":""LOGIN_NOT_REQUIRED"",""nonWidgetizeRedirection"":null,""omnitureData"":null,""omnitureTracking"":null,""originalUrl"":""/review-image-grid?pid=SFFFWFFBKPBTUW44&imageId=blobio-imr_f009771c7e36413386978d4bd03c964b.jpg"",""params"":{""imageId"":""blobio-imr_f009771c7e36413386978d4bd03c964b.jpg"",""imagesShown"":4,""SELECTED_PAGE_ID"":""/review-image-grid?pid=SFFFWFFBKPBTUW44&imageId=blobio-imr_f009771c7e36413386978d4bd03c964b.jpg"",""pageKey"":""blobio-imr_f009771c7e36413386978d4bd03c964b.jpg"",""screenName"":""productReviewImageGalleryPage"",""totalImageCount"":78},""requiredPermissionType"":null,""screenType"":""multiWidgetPage"",""storeValue"":{},""subType"":null,""tracking"":{},""triggerExtraStandardEvents"":null,""type"":""NAVIGATION"",""url"":""/review-image-grid?pid=SFFFWFFBKPBTUW44&imageId=blobio-imr_f009771c7e36413386978d4bd03c964b.jpg"",""validationMeta"":null,""widgetTracking"":null,""widgetizedActions"":null},""metaData"":null,""rcType"":null,""tracking"":null,""trackingData"":null,""value"":{""type"":""ReviewImage"",""additionalImageCount"":74,""imageId"":""blobio-imr_f009771c7e36413386978d4bd03c964b.jpg"",""imageURL"":""http://rukmini1.flixcart.com/blobio/{@width}/{@height}/imr/blobio-imr_f009771c7e36413386978d4bd03c964b.jpg?q={@quality}"",""viewType"":""OVERLAY_COUNT_VIEW""}}]}},""header"":{""action"":null,""metaData"":null,""rcType"":null,""tracking"":null,""trackingData"":null,""value"":{""type"":""HeaderValue"",""abbSubHeader"":null,""actionButton"":{""action"":{""constraints"":[{""metaInfo"":{""openInBottomSheet"":""true"",""url"":""/login?type=mobile&sourceContext=rate_the_product""},""type"":""LOGIN""}],""customTrackingEvents"":null,""fallback"":null,""loginType"":""LEGACY_LOGIN"",""nonWidgetizeRedirection"":null,""omnitureData"":null,""omnitureTracking"":null,""originalUrl"":null,""params"":{""pid"":""SFFFWFFBKPBTUW44"",""screenName"":""WRITE_REVIEW"",""source"":""pp"",""openUploadImagesGalleryPage"":false},""requiredPermissionType"":null,""screenType"":""writeReviewProduct"",""storeValue"":{},""subType"":null,""tracking"":{},""triggerExtraStandardEvents"":null,""type"":""NAVIGATION"",""url"":""/flite-women-flip-flops/write-review/itm3dd0db174a0a1?pid=SFFFWFFBKPBTUW44&source=pp"",""validationMeta"":null,""widgetTracking"":null,""widgetizedActions"":null},""metaData"":null,""rcType"":""RATING_REVIEW_BUTTON_RC"",""tracking"":null,""trackingData"":null,""value"":{""type"":""ButtonValue"",""title"":""Rate Product""}},""actionButtonArrowEnable"":null,""actionButtonChevronImageUrl"":null,""actionButtonEnable"":null,""actionButtonTextValue"":null,""animation"":null,""backButtonEnable"":null,""backgroundDetails"":null,""bgColor"":null,""chevronButton"":null,""collapsed"":false,""collapsible"":false,""headerDetailsValue"":null,""headerMinorInfo"":null,""iconAnimation"":null,""imageValue"":null,""referenceImageValue"":null,""richTextAndImageActionButton"":null,""showActionButton"":false,""showHeader"":true,""subTitleValue"":null,""tags"":null,""timerValue"":null,""titleValue"":{""type"":""TitleValue"",""image"":null,""style"":null,""subText"":null,""text"":""Ratings & Reviews""},""viewAllImageUrl"":null}},""footer"":{""action"":{""constraints"":null,""customTrackingEvents"":null,""fallback"":null,""loginType"":""LOGIN_NOT_REQUIRED"",""nonWidgetizeRedirection"":null,""omnitureData"":null,""omnitureTracking"":null,""originalUrl"":null,""params"":{""marketplaceId"":""FLIPKART"",""fetchId"":""b7942fc2-23d4-4440-bb06-0a3f89c5f05d"",""productId"":""SFFFWFFBKPBTUW44"",""vertical"":""WomenFlipFlops"",""screenName"":""PRODUCT_REVIEW_PAGE"",""category"":""WomenFashionFootwear""},""requiredPermissionType"":null,""screenType"":""multiWidgetPage"",""storeValue"":{},""subType"":null,""tracking"":{""impressionId"":""b7942fc2-23d4-4440-bb06-0a3f89c5f05d"",""contextType"":""page""},""triggerExtraStandardEvents"":null,""type"":""NAVIGATION"",""url"":""/flite-women-flip-flops/product-reviews/itm3dd0db174a0a1?pid=SFFFWFFBKPBTUW44"",""validationMeta"":null,""widgetTracking"":null,""widgetizedActions"":null},""metaData"":null,""rcType"":null,""tracking"":null,""trackingData"":null,""value"":{""type"":""FooterValue"",""actionButtons"":null,""footerData"":null,""footerDetailsValue"":null,""footerViewType"":null,""imageValue"":null,""subTitleValue"":null,""timerValue"":null,""titleValue"":{""type"":""TitleValue"",""image"":null,""style"":null,""subText"":null,""text"":""All 1595 reviews""}}},""params"":{},""tracking"":{""impressionId"":""29.COMPOSED_RATING_REVIEW.SFFFWFFBKPBTUW44.b7942fc2-23d4-4440-bb06-0a3f89c5f05d"",""productId"":""SFFFWFFBKPBTUW44"",""pageFetchId"":""PP.b7942fc2-23d4-4440-bb06-0a3f89c5f05d"",""widgetKey"":""COMPOSED_RATING_REVIEW"",""trackWidgetDwellTime"":""false"",""position"":""29""}}},{""slotType"":""WIDGET"",""id"":30,""parentId"":10006,""layoutParams"":{""layoutKey"":""LIFESTYLE"",""orientation"":"""",""widgetHeight"":150,""widgetWidth"":12},""dataId"":""-1784604017"",""elementId"":""30-QNA"",""hasWidgetDataChanged"":true,""ttl"":30000,""widget"":{""type"":""QNA"",""viewType"":""LIFESTYLE"",""data"":{""postQuestionButton"":null,""questions"":[{""action"":{""constraints"":null,""customTrackingEvents"":null,""fallback"":null,""loginType"":""LOGIN_NOT_REQUIRED"",""nonWidgetizeRedirection"":null,""omnitureData"":null,""omnitureTracking"":null,""originalUrl"":null,""params"":{""questionId"":""cc5207b7-c78a-4dbc-afc4-8e0392d8573b"",""screenName"":""QNA_ANSWERS_PAGE_V4"",""source"":""pp"",""productId"":""SFFFWFFBKPBTUW44""},""requiredPermissionType"":null,""screenType"":""multiWidgetPage"",""storeValue"":{},""subType"":null,""tracking"":{""impressionId"":""b7942fc2-23d4-4440-bb06-0a3f89c5f05d"",""answerId"":""645fe75f-92b8-47f5-92d9-f6e07234dfb7"",""questionId"":""cc5207b7-c78a-4dbc-afc4-8e0392d8573b"",""contextType"":""page""},""triggerExtraStandardEvents"":null,""type"":""NAVIGATION"",""url"":""/flite-women-flip-flops/answers/itm3dd0db174a0a1?pid=SFFFWFFBKPBTUW44&questionId=cc5207b7-c78a-4dbc-afc4-8e0392d8573b"",""validationMeta"":null,""widgetTracking"":null,""widgetizedActions"":null},""metaData"":null,""rcType"":null,""tracking"":{""impressionId"":""b7942fc2-23d4-4440-bb06-0a3f89c5f05d"",""answerId"":""645fe75f-92b8-47f5-92d9-f6e07234dfb7"",""questionId"":""cc5207b7-c78a-4dbc-afc4-8e0392d8573b"",""contextType"":""page""},""trackingData"":null,""value"":{""type"":""Question"",""answers"":[{""type"":""Answer"",""abuse"":{""action"":{""constraints"":[{""metaInfo"":{""openInBottomSheet"":""true"",""url"":""/login?type=mobile&sourceContext=qna_report_abuse""},""type"":""LOGIN""}],""customTrackingEvents"":null,""fallback"":null,""loginType"":""LEGACY_LOGIN"",""nonWidgetizeRedirection"":null,""omnitureData"":null,""omnitureTracking"":null,""originalUrl"":null,""params"":{""answerId"":""645fe75f-92b8-47f5-92d9-f6e07234dfb7"",""sentiment"":""ABUSE"",""source"":""pp""},""requiredPermissionType"":null,""screenType"":null,""storeValue"":{},""subType"":null,""tracking"":{},""triggerExtraStandardEvents"":null,""type"":""QNA_ANSWER_SENTIMENT"",""url"":null,""validationMeta"":null,""widgetTracking"":null,""widgetizedActions"":null},""metaData"":null,""rcType"":null,""tracking"":null,""trackingData"":null,""value"":{""type"":""VoteValue"",""count"":0,""isSelected"":false}},""anonymous"":false,""authorName"":""Sanghamitra dash"",""authorStatusMap"":{""CERTIFIED_BUYER"":true},""down"":{""action"":{""constraints"":[{""metaInfo"":{""openInBottomSheet"":""true"",""url"":""/login?type=mobile&sourceContext=qna_vote""},""type"":""LOGIN""}],""customTrackingEvents"":null,""fallback"":null,""loginType"":""LEGACY_LOGIN"",""nonWidgetizeRedirection"":null,""omnitureData"":null,""omnitureTracking"":null,""originalUrl"":null,""params"":{""answerId"":""645fe75f-92b8-47f5-92d9-f6e07234dfb7"",""sentiment"":""DOWN"",""source"":""pp""},""requiredPermissionType"":null,""screenType"":null,""storeValue"":{},""subType"":null,""tracking"":{},""triggerExtraStandardEvents"":null,""type"":""QNA_ANSWER_SENTIMENT"",""url"":null,""validationMeta"":null,""widgetTracking"":null,""widgetizedActions"":null},""metaData"":null,""rcType"":null,""tracking"":null,""trackingData"":null,""value"":{""type"":""VoteValue"",""count"":4,""isSelected"":false}},""id"":""645fe75f-92b8-47f5-92d9-f6e07234dfb7"",""sentimentCount"":17,""text"":""yes it's very comfortable"",""up"":{""action"":{""constraints"":[{""metaInfo"":{""openInBottomSheet"":""true"",""url"":""/login?type=mobile&sourceContext=qna_vote""},""type"":""LOGIN""}],""customTrackingEvents"":null,""fallback"":null,""loginType"":""LEGACY_LOGIN"",""nonWidgetizeRedirection"":null,""omnitureData"":null,""omnitureTracking"":null,""originalUrl"":null,""params"":{""answerId"":""645fe75f-92b8-47f5-92d9-f6e07234dfb7"",""sentiment"":""UP"",""source"":""pp""},""requiredPermissionType"":null,""screenType"":null,""storeValue"":{},""subType"":null,""tracking"":{},""triggerExtraStandardEvents"":null,""type"":""QNA_ANSWER_SENTIMENT"",""url"":null,""validationMeta"":null,""widgetTracking"":null,""widgetizedActions"":null},""metaData"":null,""rcType"":null,""tracking"":null,""trackingData"":null,""value"":{""type"":""VoteValue"",""count"":13,""isSelected"":false}}}],""id"":""cc5207b7-c78a-4dbc-afc4-8e0392d8573b"",""text"":""Is this good for old grandma""}},{""action"":{""constraints"":null,""customTrackingEvents"":null,""fallback"":null,""loginType"":""LOGIN_NOT_REQUIRED"",""nonWidgetizeRedirection"":null,""omnitureData"":null,""omnitureTracking"":null,""originalUrl"":null,""params"":{""questionId"":""8298b684-548d-4385-9a1d-99d6ee7dbed5"",""screenName"":""QNA_ANSWERS_PAGE_V4"",""source"":""pp"",""productId"":""SFFFWFFBKPBTUW44""},""requiredPermissionType"":null,""screenType"":""multiWidgetPage"",""storeValue"":{},""subType"":null,""tracking"":{""impressionId"":""b7942fc2-23d4-4440-bb06-0a3f89c5f05d"",""answerId"":""61985042-b769-45e5-a14f-fc72f8158435"",""questionId"":""8298b684-548d-4385-9a1d-99d6ee7dbed5"",""contextType"":""page""},""triggerExtraStandardEvents"":null,""type"":""NAVIGATION"",""url"":""/flite-women-flip-flops/answers/itm3dd0db174a0a1?pid=SFFFWFFBKPBTUW44&questionId=8298b684-548d-4385-9a1d-99d6ee7dbed5"",""validationMeta"":null,""widgetTracking"":null,""widgetizedActions"":null},""metaData"":null,""rcType"":null,""tracking"":{""impressionId"":""b7942fc2-23d4-4440-bb06-0a3f89c5f05d"",""answerId"":""61985042-b769-45e5-a14f-fc72f8158435"",""questionId"":""8298b684-548d-4385-9a1d-99d6ee7dbed5"",""contextType"":""page""},""trackingData"":null,""value"":{""type"":""Question"",""answers"":[{""type"":""Answer"",""abuse"":{""action"":{""constraints"":[{""metaInfo"":{""openInBottomSheet"":""true"",""url"":""/login?type=mobile&sourceContext=qna_report_abuse""},""type"":""LOGIN""}],""customTrackingEvents"":null,""fallback"":null,""loginType"":""LEGACY_LOGIN"",""nonWidgetizeRedirection"":null,""omnitureData"":null,""omnitureTracking"":null,""originalUrl"":null,""params"":{""answerId"":""61985042-b769-45e5-a14f-fc72f8158435"",""sentiment"":""ABUSE"",""source"":""pp""},""requiredPermissionType"":null,""screenType"":null,""storeValue"":{},""subType"":null,""tracking"":{},""triggerExtraStandardEvents"":null,""type"":""QNA_ANSWER_SENTIMENT"",""url"":null,""validationMeta"":null,""widgetTracking"":null,""widgetizedActions"":null},""metaData"":null,""rcType"":null,""tracking"":null,""trackingData"":null,""value"":{""type"":""VoteValue"",""count"":0,""isSelected"":false}},""anonymous"":false,""authorName"":""Flipkart Customer"",""authorStatusMap"":{""CERTIFIED_BUYER"":true},""down"":{""action"":{""constraints"":[{""metaInfo"":{""openInBottomSheet"":""true"",""url"":""/login?type=mobile&sourceContext=qna_vote""},""type"":""LOGIN""}],""customTrackingEvents"":null,""fallback"":null,""loginType"":""LEGACY_LOGIN"",""nonWidgetizeRedirection"":null,""omnitureData"":null,""omnitureTracking"":null,""originalUrl"":null,""params"":{""answerId"":""61985042-b769-45e5-a14f-fc72f8158435"",""sentiment"":""DOWN"",""source"":""pp""},""requiredPermissionType"":null,""screenType"":null,""storeValue"":{},""subType"":null,""tracking"":{},""triggerExtraStandardEvents"":null,""type"":""QNA_ANSWER_SENTIMENT"",""url"":null,""validationMeta"":null,""widgetTracking"":null,""widgetizedActions"":null},""metaData"":null,""rcType"":null,""tracking"":null,""trackingData"":null,""value"":{""type"":""VoteValue"",""count"":3,""isSelected"":false}},""id"":""61985042-b769-45e5-a14f-fc72f8158435"",""sentimentCount"":12,""text"":""Yes of course"",""up"":{""action"":{""constraints"":[{""metaInfo"":{""openInBottomSheet"":""true"",""url"":""/login?type=mobile&sourceContext=qna_vote""},""type"":""LOGIN""}],""customTrackingEvents"":null,""fallback"":null,""loginType"":""LEGACY_LOGIN"",""nonWidgetizeRedirection"":null,""omnitureData"":null,""omnitureTracking"":null,""originalUrl"":null,""params"":{""answerId"":""61985042-b769-45e5-a14f-fc72f8158435"",""sentiment"":""UP"",""source"":""pp""},""requiredPermissionType"":null,""screenType"":null,""storeValue"":{},""subType"":null,""tracking"":{},""triggerExtraStandardEvents"":null,""type"":""QNA_ANSWER_SENTIMENT"",""url"":null,""validationMeta"":null,""widgetTracking"":null,""widgetizedActions"":null},""metaData"":null,""rcType"":null,""tracking"":null,""trackingData"":null,""value"":{""type"":""VoteValue"",""count"":9,""isSelected"":false}}}],""id"":""8298b684-548d-4385-9a1d-99d6ee7dbed5"",""text"":""Can I use in bathroom?"",""viewAllAnswers"":{""action"":{""constraints"":null,""customTrackingEvents"":null,""fallback"":null,""loginType"":""LOGIN_NOT_REQUIRED"",""nonWidgetizeRedirection"":null,""omnitureData"":null,""omnitureTracking"":null,""originalUrl"":null,""params"":{""questionId"":""8298b684-548d-4385-9a1d-99d6ee7dbed5"",""screenName"":""QNA_ANSWERS_PAGE_V4"",""source"":""pp"",""productId"":""SFFFWFFCNZZT7A4B""},""requiredPermissionType"":null,""screenType"":""multiWidgetPage"",""storeValue"":{},""subType"":null,""tracking"":{},""triggerExtraStandardEvents"":null,""type"":""NAVIGATION"",""url"":""/flite-women-flip-flops/answers/itm3dd0db174a0a1?pid=SFFFWFFBKPBTUW44&questionId=8298b684-548d-4385-9a1d-99d6ee7dbed5"",""validationMeta"":null,""widgetTracking"":null,""widgetizedActions"":null},""metaData"":null,""rcType"":null,""tracking"":null,""trackingData"":null,""value"":{""type"":""AnnouncementValue"",""title"":""Read other answers""}}}},{""action"":{""constraints"":null,""customTrackingEvents"":null,""fallback"":null,""loginType"":""LOGIN_NOT_REQUIRED"",""nonWidgetizeRedirection"":null,""omnitureData"":null,""omnitureTracking"":null,""originalUrl"":null,""params"":{""questionId"":""dbd4f845-4af0-48e0-9924-0a6575398a4e"",""screenName"":""QNA_ANSWERS_PAGE_V4"",""source"":""pp"",""productId"":""SFFFWFFBKPBTUW44""},""requiredPermissionType"":null,""screenType"":""multiWidgetPage"",""storeValue"":{},""subType"":null,""tracking"":{""impressionId"":""b7942fc2-23d4-4440-bb06-0a3f89c5f05d"",""answerId"":""22b4315f-97ae-4e76-94ca-e0769a91c14c"",""questionId"":""dbd4f845-4af0-48e0-9924-0a6575398a4e"",""contextType"":""page""},""triggerExtraStandardEvents"":null,""type"":""NAVIGATION"",""url"":""/flite-women-flip-flops/answers/itm3dd0db174a0a1?pid=SFFFWFFBKPBTUW44&questionId=dbd4f845-4af0-48e0-9924-0a6575398a4e"",""validationMeta"":null,""widgetTracking"":null,""widgetizedActions"":null},""metaData"":null,""rcType"":null,""tracking"":{""impressionId"":""b7942fc2-23d4-4440-bb06-0a3f89c5f05d"",""answerId"":""22b4315f-97ae-4e76-94ca-e0769a91c14c"",""questionId"":""dbd4f845-4af0-48e0-9924-0a6575398a4e"",""contextType"":""page""},""trackingData"":null,""value"":{""type"":""Question"",""answers"":[{""type"":""Answer"",""abuse"":{""action"":{""constraints"":[{""metaInfo"":{""openInBottomSheet"":""true"",""url"":""/login?type=mobile&sourceContext=qna_report_abuse""},""type"":""LOGIN""}],""customTrackingEvents"":null,""fallback"":null,""loginType"":""LEGACY_LOGIN"",""nonWidgetizeRedirection"":null,""omnitureData"":null,""omnitureTracking"":null,""originalUrl"":null,""params"":{""answerId"":""22b4315f-97ae-4e76-94ca-e0769a91c14c"",""sentiment"":""ABUSE"",""source"":""pp""},""requiredPermissionType"":null,""screenType"":null,""storeValue"":{},""subType"":null,""tracking"":{},""triggerExtraStandardEvents"":null,""type"":""QNA_ANSWER_SENTIMENT"",""url"":null,""validationMeta"":null,""widgetTracking"":null,""widgetizedActions"":null},""metaData"":null,""rcType"":null,""tracking"":null,""trackingData"":null,""value"":{""type"":""VoteValue"",""count"":0,""isSelected"":false}},""anonymous"":false,""authorName"":""OKSAmulticorp"",""authorStatusMap"":{""SELLER"":true},""down"":{""action"":{""constraints"":[{""metaInfo"":{""openInBottomSheet"":""true"",""url"":""/login?type=mobile&sourceContext=qna_vote""},""type"":""LOGIN""}],""customTrackingEvents"":null,""fallback"":null,""loginType"":""LEGACY_LOGIN"",""nonWidgetizeRedirection"":null,""omnitureData"":null,""omnitureTracking"":null,""originalUrl"":null,""params"":{""answerId"":""22b4315f-97ae-4e76-94ca-e0769a91c14c"",""sentiment"":""DOWN"",""source"":""pp""},""requiredPermissionType"":null,""screenType"":null,""storeValue"":{},""subType"":null,""tracking"":{},""triggerExtraStandardEvents"":null,""type"":""QNA_ANSWER_SENTIMENT"",""url"":null,""validationMeta"":null,""widgetTracking"":null,""widgetizedActions"":null},""metaData"":null,""rcType"":null,""tracking"":null,""trackingData"":null,""value"":{""type"":""VoteValue"",""count"":8,""isSelected"":false}},""id"":""22b4315f-97ae-4e76-94ca-e0769a91c14c"",""sentimentCount"":22,""text"":""No This slipper are pure rubber it is soft & very Comfortable."",""up"":{""action"":{""constraints"":[{""metaInfo"":{""openInBottomSheet"":""true"",""url"":""/login?type=mobile&sourceContext=qna_vote""},""type"":""LOGIN""}],""customTrackingEvents"":null,""fallback"":null,""loginType"":""LEGACY_LOGIN"",""nonWidgetizeRedirection"":null,""omnitureData"":null,""omnitureTracking"":null,""originalUrl"":null,""params"":{""answerId"":""22b4315f-97ae-4e76-94ca-e0769a91c14c"",""sentiment"":""UP"",""source"":""pp""},""requiredPermissionType"":null,""screenType"":null,""storeValue"":{},""subType"":null,""tracking"":{},""triggerExtraStandardEvents"":null,""type"":""QNA_ANSWER_SENTIMENT"",""url"":null,""validationMeta"":null,""widgetTracking"":null,""widgetizedActions"":null},""metaData"":null,""rcType"":null,""tracking"":null,""trackingData"":null,""value"":{""type"":""VoteValue"",""count"":14,""isSelected"":false}}}],""id"":""dbd4f845-4af0-48e0-9924-0a6575398a4e"",""text"":""Is it plastic????""}},{""action"":{""constraints"":null,""customTrackingEvents"":null,""fallback"":null,""loginType"":""LOGIN_NOT_REQUIRED"",""nonWidgetizeRedirection"":null,""omnitureData"":null,""omnitureTracking"":null,""originalUrl"":null,""params"":{""questionId"":""19afb95f-ee92-4d35-a92f-eff48f8fc5d9"",""screenName"":""QNA_ANSWERS_PAGE_V4"",""source"":""pp"",""productId"":""SFFFWFFBKPBTUW44""},""requiredPermissionType"":null,""screenType"":""multiWidgetPage"",""storeValue"":{},""subType"":null,""tracking"":{""impressionId"":""b7942fc2-23d4-4440-bb06-0a3f89c5f05d"",""answerId"":""3b933433-f272-4095-b976-1115962a9bdc"",""questionId"":""19afb95f-ee92-4d35-a92f-eff48f8fc5d9"",""contextType"":""page""},""triggerExtraStandardEvents"":null,""type"":""NAVIGATION"",""url"":""/flite-women-flip-flops/answers/itm3dd0db174a0a1?pid=SFFFWFFBKPBTUW44&questionId=19afb95f-ee92-4d35-a92f-eff48f8fc5d9"",""validationMeta"":null,""widgetTracking"":null,""widgetizedActions"":null},""metaData"":null,""rcType"":null,""tracking"":{""impressionId"":""b7942fc2-23d4-4440-bb06-0a3f89c5f05d"",""answerId"":""3b933433-f272-4095-b976-1115962a9bdc"",""questionId"":""19afb95f-ee92-4d35-a92f-eff48f8fc5d9"",""contextType"":""page""},""trackingData"":null,""value"":{""type"":""Question"",""answers"":[{""type"":""Answer"",""abuse"":{""action"":{""constraints"":[{""metaInfo"":{""openInBottomSheet"":""true"",""url"":""/login?type=mobile&sourceContext=qna_report_abuse""},""type"":""LOGIN""}],""customTrackingEvents"":null,""fallback"":null,""loginType"":""LEGACY_LOGIN"",""nonWidgetizeRedirection"":null,""omnitureData"":null,""omnitureTracking"":null,""originalUrl"":null,""params"":{""answerId"":""3b933433-f272-4095-b976-1115962a9bdc"",""sentiment"":""ABUSE"",""source"":""pp""},""requiredPermissionType"":null,""screenType"":null,""storeValue"":{},""subType"":null,""tracking"":{},""triggerExtraStandardEvents"":null,""type"":""QNA_ANSWER_SENTIMENT"",""url"":null,""validationMeta"":null,""widgetTracking"":null,""widgetizedActions"":null},""metaData"":null,""rcType"":null,""tracking"":null,""trackingData"":null,""value"":{""type"":""VoteValue"",""count"":0,""isSelected"":false}},""anonymous"":false,""authorName"":""Shahana  Khan"",""authorStatusMap"":{""CERTIFIED_BUYER"":true},""down"":{""action"":{""constraints"":[{""metaInfo"":{""openInBottomSheet"":""true"",""url"":""/login?type=mobile&sourceContext=qna_vote""},""type"":""LOGIN""}],""customTrackingEvents"":null,""fallback"":null,""loginType"":""LEGACY_LOGIN"",""nonWidgetizeRedirection"":null,""omnitureData"":null,""omnitureTracking"":null,""originalUrl"":null,""params"":{""answerId"":""3b933433-f272-4095-b976-1115962a9bdc"",""sentiment"":""DOWN"",""source"":""pp""},""requiredPermissionType"":null,""screenType"":null,""storeValue"":{},""subType"":null,""tracking"":{},""triggerExtraStandardEvents"":null,""type"":""QNA_ANSWER_SENTIMENT"",""url"":null,""validationMeta"":null,""widgetTracking"":null,""widgetizedActions"":null},""metaData"":null,""rcType"":null,""tracking"":null,""trackingData"":null,""value"":{""type"":""VoteValue"",""count"":9,""isSelected"":false}},""id"":""3b933433-f272-4095-b976-1115962a9bdc"",""sentimentCount"":17,""text"":""Yes"",""up"":{""action"":{""constraints"":[{""metaInfo"":{""openInBottomSheet"":""true"",""url"":""/login?type=mobile&sourceContext=qna_vote""},""type"":""LOGIN""}],""customTrackingEvents"":null,""fallback"":null,""loginType"":""LEGACY_LOGIN"",""nonWidgetizeRedirection"":null,""omnitureData"":null,""omnitureTracking"":null,""originalUrl"":null,""params"":{""answerId"":""3b933433-f272-4095-b976-1115962a9bdc"",""sentiment"":""UP"",""source"":""pp""},""requiredPermissionType"":null,""screenType"":null,""storeValue"":{},""subType"":null,""tracking"":{},""triggerExtraStandardEvents"":null,""type"":""QNA_ANSWER_SENTIMENT"",""url"":null,""validationMeta"":null,""widgetTracking"":null,""widgetizedActions"":null},""metaData"":null,""rcType"":null,""tracking"":null,""trackingData"":null,""value"":{""type"":""VoteValue"",""count"":8,""isSelected"":false}}}],""id"":""19afb95f-ee92-4d35-a92f-eff48f8fc5d9"",""text"":""This chapala is soft ?""}},{""action"":{""constraints"":null,""customTrackingEvents"":null,""fallback"":null,""loginType"":""LOGIN_NOT_REQUIRED"",""nonWidgetizeRedirection"":null,""omnitureData"":null,""omnitureTracking"":null,""originalUrl"":null,""params"":{""questionId"":""6ea103eb-ab2d-42a7-82fc-40186e445a16"",""screenName"":""QNA_ANSWERS_PAGE_V4"",""source"":""pp"",""productId"":""SFFFWFFBKPBTUW44""},""requiredPermissionType"":null,""screenType"":""multiWidgetPage"",""storeValue"":{},""subType"":null,""tracking"":{""impressionId"":""b7942fc2-23d4-4440-bb06-0a3f89c5f05d"",""answerId"":""f63f7303-af25-419d-8cbf-f34ef0686083"",""questionId"":""6ea103eb-ab2d-42a7-82fc-40186e445a16"",""contextType"":""page""},""triggerExtraStandardEvents"":null,""type"":""NAVIGATION"",""url"":""/flite-women-flip-flops/answers/itm3dd0db174a0a1?pid=SFFFWFFBKPBTUW44&questionId=6ea103eb-ab2d-42a7-82fc-40186e445a16"",""validationMeta"":null,""widgetTracking"":null,""widgetizedActions"":null},""metaData"":null,""rcType"":null,""tracking"":{""impressionId"":""b7942fc2-23d4-4440-bb06-0a3f89c5f05d"",""answerId"":""f63f7303-af25-419d-8cbf-f34ef0686083"",""questionId"":""6ea103eb-ab2d-42a7-82fc-40186e445a16"",""contextType"":""page""},""trackingData"":null,""value"":{""type"":""Question"",""answers"":[{""type"":""Answer"",""abuse"":{""action"":{""constraints"":[{""metaInfo"":{""openInBottomSheet"":""true"",""url"":""/login?type=mobile&sourceContext=qna_report_abuse""},""type"":""LOGIN""}],""customTrackingEvents"":null,""fallback"":null,""loginType"":""LEGACY_LOGIN"",""nonWidgetizeRedirection"":null,""omnitureData"":null,""omnitureTracking"":null,""originalUrl"":null,""params"":{""answerId"":""f63f7303-af25-419d-8cbf-f34ef0686083"",""sentiment"":""ABUSE"",""source"":""pp""},""requiredPermissionType"":null,""screenType"":null,""storeValue"":{},""subType"":null,""tracking"":{},""triggerExtraStandardEvents"":null,""type"":""QNA_ANSWER_SENTIMENT"",""url"":null,""validationMeta"":null,""widgetTracking"":null,""widgetizedActions"":null},""metaData"":null,""rcType"":null,""tracking"":null,""trackingData"":null,""value"":{""type"":""VoteValue"",""count"":0,""isSelected"":false}},""anonymous"":false,""authorName"":""Falconfootwear"",""authorStatusMap"":{""SELLER"":true},""down"":{""action"":{""constraints"":[{""metaInfo"":{""openInBottomSheet"":""true"",""url"":""/login?type=mobile&sourceContext=qna_vote""},""type"":""LOGIN""}],""customTrackingEvents"":null,""fallback"":null,""loginType"":""LEGACY_LOGIN"",""nonWidgetizeRedirection"":null,""omnitureData"":null,""omnitureTracking"":null,""originalUrl"":null,""params"":{""answerId"":""f63f7303-af25-419d-8cbf-f34ef0686083"",""sentiment"":""DOWN"",""source"":""pp""},""requiredPermissionType"":null,""screenType"":null,""storeValue"":{},""subType"":null,""tracking"":{},""triggerExtraStandardEvents"":null,""type"":""QNA_ANSWER_SENTIMENT"",""url"":null,""validationMeta"":null,""widgetTracking"":null,""widgetizedActions"":null},""metaData"":null,""rcType"":null,""tracking"":null,""trackingData"":null,""value"":{""type"":""VoteValue"",""count"":0,""isSelected"":false}},""id"":""f63f7303-af25-419d-8cbf-f34ef0686083"",""sentimentCount"":0,""text"":""yes."",""up"":{""action"":{""constraints"":[{""metaInfo"":{""openInBottomSheet"":""true"",""url"":""/login?type=mobile&sourceContext=qna_vote""},""type"":""LOGIN""}],""customTrackingEvents"":null,""fallback"":null,""loginType"":""LEGACY_LOGIN"",""nonWidgetizeRedirection"":null,""omnitureData"":null,""omnitureTracking"":null,""originalUrl"":null,""params"":{""answerId"":""f63f7303-af25-419d-8cbf-f34ef0686083"",""sentiment"":""UP"",""source"":""pp""},""requiredPermissionType"":null,""screenType"":null,""storeValue"":{},""subType"":null,""tracking"":{},""triggerExtraStandardEvents"":null,""type"":""QNA_ANSWER_SENTIMENT"",""url"":null,""validationMeta"":null,""widgetTracking"":null,""widgetizedActions"":null},""metaData"":null,""rcType"":null,""tracking"":null,""trackingData"":null,""value"":{""type"":""VoteValue"",""count"":0,""isSelected"":false}}}],""id"":""6ea103eb-ab2d-42a7-82fc-40186e445a16"",""text"":""Can it be use in home"",""viewAllAnswers"":{""action"":{""constraints"":null,""customTrackingEvents"":null,""fallback"":null,""loginType"":""LOGIN_NOT_REQUIRED"",""nonWidgetizeRedirection"":null,""omnitureData"":null,""omnitureTracking"":null,""originalUrl"":null,""params"":{""questionId"":""6ea103eb-ab2d-42a7-82fc-40186e445a16"",""screenName"":""QNA_ANSWERS_PAGE_V4"",""source"":""pp"",""productId"":""SFFFWFFBGJTESWFS""},""requiredPermissionType"":null,""screenType"":""multiWidgetPage"",""storeValue"":{},""subType"":null,""tracking"":{},""triggerExtraStandardEvents"":null,""type"":""NAVIGATION"",""url"":""/flite-women-flip-flops/answers/itm3dd0db174a0a1?pid=SFFFWFFBKPBTUW44&questionId=6ea103eb-ab2d-42a7-82fc-40186e445a16"",""validationMeta"":null,""widgetTracking"":null,""widgetizedActions"":null},""metaData"":null,""rcType"":null,""tracking"":null,""trackingData"":null,""value"":{""type"":""AnnouncementValue"",""title"":""Read other answers""}}}},{""action"":{""constraints"":null,""customTrackingEvents"":null,""fallback"":null,""loginType"":""LOGIN_NOT_REQUIRED"",""nonWidgetizeRedirection"":null,""omnitureData"":null,""omnitureTracking"":null,""originalUrl"":null,""params"":{""questionId"":""1460dfbb-a737-4e43-a946-a026e8573a44"",""screenName"":""QNA_ANSWERS_PAGE_V4"",""source"":""pp"",""productId"":""SFFFWFFBKPBTUW44""},""requiredPermissionType"":null,""screenType"":""multiWidgetPage"",""storeValue"":{},""subType"":null,""tracking"":{""impressionId"":""b7942fc2-23d4-4440-bb06-0a3f89c5f05d"",""answerId"":""b30e121a-fe0f-4122-91b1-12da04687f04"",""questionId"":""1460dfbb-a737-4e43-a946-a026e8573a44"",""contextType"":""page""},""triggerExtraStandardEvents"":null,""type"":""NAVIGATION"",""url"":""/flite-women-flip-flops/answers/itm3dd0db174a0a1?pid=SFFFWFFBKPBTUW44&questionId=1460dfbb-a737-4e43-a946-a026e8573a44"",""validationMeta"":null,""widgetTracking"":null,""widgetizedActions"":null},""metaData"":null,""rcType"":null,""tracking"":{""impressionId"":""b7942fc2-23d4-4440-bb06-0a3f89c5f05d"",""answerId"":""b30e121a-fe0f-4122-91b1-12da04687f04"",""questionId"":""1460dfbb-a737-4e43-a946-a026e8573a44"",""contextType"":""page""},""trackingData"":null,""value"":{""type"":""Question"",""answers"":[{""type"":""Answer"",""abuse"":{""action"":{""constraints"":[{""metaInfo"":{""openInBottomSheet"":""true"",""url"":""/login?type=mobile&sourceContext=qna_report_abuse""},""type"":""LOGIN""}],""customTrackingEvents"":null,""fallback"":null,""loginType"":""LEGACY_LOGIN"",""nonWidgetizeRedirection"":null,""omnitureData"":null,""omnitureTracking"":null,""originalUrl"":null,""params"":{""answerId"":""b30e121a-fe0f-4122-91b1-12da04687f04"",""sentiment"":""ABUSE"",""source"":""pp""},""requiredPermissionType"":null,""screenType"":null,""storeValue"":{},""subType"":null,""tracking"":{},""triggerExtraStandardEvents"":null,""type"":""QNA_ANSWER_SENTIMENT"",""url"":null,""validationMeta"":null,""widgetTracking"":null,""widgetizedActions"":null},""metaData"":null,""rcType"":null,""tracking"":null,""trackingData"":null,""value"":{""type"":""VoteValue"",""count"":0,""isSelected"":false}},""anonymous"":false,""authorName"":""BRANDSBOX"",""authorStatusMap"":{""SELLER"":true},""down"":{""action"":{""constraints"":[{""metaInfo"":{""openInBottomSheet"":""true"",""url"":""/login?type=mobile&sourceContext=qna_vote""},""type"":""LOGIN""}],""customTrackingEvents"":null,""fallback"":null,""loginType"":""LEGACY_LOGIN"",""nonWidgetizeRedirection"":null,""omnitureData"":null,""omnitureTracking"":null,""originalUrl"":null,""params"":{""answerId"":""b30e121a-fe0f-4122-91b1-12da04687f04"",""sentiment"":""DOWN"",""source"":""pp""},""requiredPermissionType"":null,""screenType"":null,""storeValue"":{},""subType"":null,""tracking"":{},""triggerExtraStandardEvents"":null,""type"":""QNA_ANSWER_SENTIMENT"",""url"":null,""validationMeta"":null,""widgetTracking"":null,""widgetizedActions"":null},""metaData"":null,""rcType"":null,""tracking"":null,""trackingData"":null,""value"":{""type"":""VoteValue"",""count"":0,""isSelected"":false}},""id"":""b30e121a-fe0f-4122-91b1-12da04687f04"",""sentimentCount"":0,""text"":""check in size chart"",""up"":{""action"":{""constraints"":[{""metaInfo"":{""openInBottomSheet"":""true"",""url"":""/login?type=mobile&sourceContext=qna_vote""},""type"":""LOGIN""}],""customTrackingEvents"":null,""fallback"":null,""loginType"":""LEGACY_LOGIN"",""nonWidgetizeRedirection"":null,""omnitureData"":null,""omnitureTracking"":null,""originalUrl"":null,""params"":{""answerId"":""b30e121a-fe0f-4122-91b1-12da04687f04"",""sentiment"":""UP"",""source"":""pp""},""requiredPermissionType"":null,""screenType"":null,""storeValue"":{},""subType"":null,""tracking"":{},""triggerExtraStandardEvents"":null,""type"":""QNA_ANSWER_SENTIMENT"",""url"":null,""validationMeta"":null,""widgetTracking"":null,""widgetizedActions"":null},""metaData"":null,""rcType"":null,""tracking"":null,""trackingData"":null,""value"":{""type"":""VoteValue"",""count"":0,""isSelected"":false}}}],""id"":""1460dfbb-a737-4e43-a946-a026e8573a44"",""text"":""Foot length size 27 cm hai to kitne no ka slipper aayega""}},{""action"":{""constraints"":null,""customTrackingEvents"":null,""fallback"":null,""loginType"":""LOGIN_NOT_REQUIRED"",""nonWidgetizeRedirection"":null,""omnitureData"":null,""omnitureTracking"":null,""originalUrl"":null,""params"":{""questionId"":""06b90a3d-e357-4466-91d8-b7b6a590b40b"",""screenName"":""QNA_ANSWERS_PAGE_V4"",""source"":""pp"",""productId"":""SFFFWFFBKPBTUW44""},""requiredPermissionType"":null,""screenType"":""multiWidgetPage"",""storeValue"":{},""subType"":null,""tracking"":{""impressionId"":""b7942fc2-23d4-4440-bb06-0a3f89c5f05d"",""answerId"":""d6d73a6f-0ac5-4643-9bb1-b63c1fd69d1e"",""questionId"":""06b90a3d-e357-4466-91d8-b7b6a590b40b"",""contextType"":""page""},""triggerExtraStandardEvents"":null,""type"":""NAVIGATION"",""url"":""/flite-women-flip-flops/answers/itm3dd0db174a0a1?pid=SFFFWFFBKPBTUW44&questionId=06b90a3d-e357-4466-91d8-b7b6a590b40b"",""validationMeta"":null,""widgetTracking"":null,""widgetizedActions"":null},""metaData"":null,""rcType"":null,""tracking"":{""impressionId"":""b7942fc2-23d4-4440-bb06-0a3f89c5f05d"",""answerId"":""d6d73a6f-0ac5-4643-9bb1-b63c1fd69d1e"",""questionId"":""06b90a3d-e357-4466-91d8-b7b6a590b40b"",""contextType"":""page""},""trackingData"":null,""value"":{""type"":""Question"",""answers"":[{""type"":""Answer"",""abuse"":{""action"":{""constraints"":[{""metaInfo"":{""openInBottomSheet"":""true"",""url"":""/login?type=mobile&sourceContext=qna_report_abuse""},""type"":""LOGIN""}],""customTrackingEvents"":null,""fallback"":null,""loginType"":""LEGACY_LOGIN"",""nonWidgetizeRedirection"":null,""omnitureData"":null,""omnitureTracking"":null,""originalUrl"":null,""params"":{""answerId"":""d6d73a6f-0ac5-4643-9bb1-b63c1fd69d1e"",""sentiment"":""ABUSE"",""source"":""pp""},""requiredPermissionType"":null,""screenType"":null,""storeValue"":{},""subType"":null,""tracking"":{},""triggerExtraStandardEvents"":null,""type"":""QNA_ANSWER_SENTIMENT"",""url"":null,""validationMeta"":null,""widgetTracking"":null,""widgetizedActions"":null},""metaData"":null,""rcType"":null,""tracking"":null,""trackingData"":null,""value"":{""type"":""VoteValue"",""count"":0,""isSelected"":false}},""anonymous"":false,""authorName"":""Falconfootwear"",""authorStatusMap"":{""SELLER"":true},""down"":{""action"":{""constraints"":[{""metaInfo"":{""openInBottomSheet"":""true"",""url"":""/login?type=mobile&sourceContext=qna_vote""},""type"":""LOGIN""}],""customTrackingEvents"":null,""fallback"":null,""loginType"":""LEGACY_LOGIN"",""nonWidgetizeRedirection"":null,""omnitureData"":null,""omnitureTracking"":null,""originalUrl"":null,""params"":{""answerId"":""d6d73a6f-0ac5-4643-9bb1-b63c1fd69d1e"",""sentiment"":""DOWN"",""source"":""pp""},""requiredPermissionType"":null,""screenType"":null,""storeValue"":{},""subType"":null,""tracking"":{},""triggerExtraStandardEvents"":null,""type"":""QNA_ANSWER_SENTIMENT"",""url"":null,""validationMeta"":null,""widgetTracking"":null,""widgetizedActions"":null},""metaData"":null,""rcType"":null,""tracking"":null,""trackingData"":null,""value"":{""type"":""VoteValue"",""count"":0,""isSelected"":false}},""id"":""d6d73a6f-0ac5-4643-9bb1-b63c1fd69d1e"",""sentimentCount"":0,""text"":""NO, it is soft and comfertable."",""up"":{""action"":{""constraints"":[{""metaInfo"":{""openInBottomSheet"":""true"",""url"":""/login?type=mobile&sourceContext=qna_vote""},""type"":""LOGIN""}],""customTrackingEvents"":null,""fallback"":null,""loginType"":""LEGACY_LOGIN"",""nonWidgetizeRedirection"":null,""omnitureData"":null,""omnitureTracking"":null,""originalUrl"":null,""params"":{""answerId"":""d6d73a6f-0ac5-4643-9bb1-b63c1fd69d1e"",""sentiment"":""UP"",""source"":""pp""},""requiredPermissionType"":null,""screenType"":null,""storeValue"":{},""subType"":null,""tracking"":{},""triggerExtraStandardEvents"":null,""type"":""QNA_ANSWER_SENTIMENT"",""url"":null,""validationMeta"":null,""widgetTracking"":null,""widgetizedActions"":null},""metaData"":null,""rcType"":null,""tracking"":null,""trackingData"":null,""value"":{""type"":""VoteValue"",""count"":0,""isSelected"":false}}}],""id"":""06b90a3d-e357-4466-91d8-b7b6a590b40b"",""text"":""IS THIS HARD TO WEAR""}},{""action"":{""constraints"":null,""customTrackingEvents"":null,""fallback"":null,""loginType"":""LOGIN_NOT_REQUIRED"",""nonWidgetizeRedirection"":null,""omnitureData"":null,""omnitureTracking"":null,""originalUrl"":null,""params"":{""questionId"":""b079c4fc-2270-4e73-936e-fa011feaf7b5"",""screenName"":""QNA_ANSWERS_PAGE_V4"",""source"":""pp"",""productId"":""SFFFWFFBKPBTUW44""},""requiredPermissionType"":null,""screenType"":""multiWidgetPage"",""storeValue"":{},""subType"":null,""tracking"":{""impressionId"":""b7942fc2-23d4-4440-bb06-0a3f89c5f05d"",""answerId"":""358e8f19-f0d9-4844-b8af-1cb8cecf2625"",""questionId"":""b079c4fc-2270-4e73-936e-fa011feaf7b5"",""contextType"":""page""},""triggerExtraStandardEvents"":null,""type"":""NAVIGATION"",""url"":""/flite-women-flip-flops/answers/itm3dd0db174a0a1?pid=SFFFWFFBKPBTUW44&questionId=b079c4fc-2270-4e73-936e-fa011feaf7b5"",""validationMeta"":null,""widgetTracking"":null,""widgetizedActions"":null},""metaData"":null,""rcType"":null,""tracking"":{""impressionId"":""b7942fc2-23d4-4440-bb06-0a3f89c5f05d"",""answerId"":""358e8f19-f0d9-4844-b8af-1cb8cecf2625"",""questionId"":""b079c4fc-2270-4e73-936e-fa011feaf7b5"",""contextType"":""page""},""trackingData"":null,""value"":{""type"":""Question"",""answers"":[{""type"":""Answer"",""abuse"":{""action"":{""constraints"":[{""metaInfo"":{""openInBottomSheet"":""true"",""url"":""/login?type=mobile&sourceContext=qna_report_abuse""},""type"":""LOGIN""}],""customTrackingEvents"":null,""fallback"":null,""loginType"":""LEGACY_LOGIN"",""nonWidgetizeRedirection"":null,""omnitureData"":null,""omnitureTracking"":null,""originalUrl"":null,""params"":{""answerId"":""358e8f19-f0d9-4844-b8af-1cb8cecf2625"",""sentiment"":""ABUSE"",""source"":""pp""},""requiredPermissionType"":null,""screenType"":null,""storeValue"":{},""subType"":null,""tracking"":{},""triggerExtraStandardEvents"":null,""type"":""QNA_ANSWER_SENTIMENT"",""url"":null,""validationMeta"":null,""widgetTracking"":null,""widgetizedActions"":null},""metaData"":null,""rcType"":null,""tracking"":null,""trackingData"":null,""value"":{""type"":""VoteValue"",""count"":0,""isSelected"":false}},""anonymous"":false,""authorName"":""J K TRADER S"",""authorStatusMap"":{""SELLER"":true},""down"":{""action"":{""constraints"":[{""metaInfo"":{""openInBottomSheet"":""true"",""url"":""/login?type=mobile&sourceContext=qna_vote""},""type"":""LOGIN""}],""customTrackingEvents"":null,""fallback"":null,""loginType"":""LEGACY_LOGIN"",""nonWidgetizeRedirection"":null,""omnitureData"":null,""omnitureTracking"":null,""originalUrl"":null,""params"":{""answerId"":""358e8f19-f0d9-4844-b8af-1cb8cecf2625"",""sentiment"":""DOWN"",""source"":""pp""},""requiredPermissionType"":null,""screenType"":null,""storeValue"":{},""subType"":null,""tracking"":{},""triggerExtraStandardEvents"":null,""type"":""QNA_ANSWER_SENTIMENT"",""url"":null,""validationMeta"":null,""widgetTracking"":null,""widgetizedActions"":null},""metaData"":null,""rcType"":null,""tracking"":null,""trackingData"":null,""value"":{""type"":""VoteValue"",""count"":0,""isSelected"":false}},""id"":""358e8f19-f0d9-4844-b8af-1cb8cecf2625"",""sentimentCount"":0,""text"":""No"",""up"":{""action"":{""constraints"":[{""metaInfo"":{""openInBottomSheet"":""true"",""url"":""/login?type=mobile&sourceContext=qna_vote""},""type"":""LOGIN""}],""customTrackingEvents"":null,""fallback"":null,""loginType"":""LEGACY_LOGIN"",""nonWidgetizeRedirection"":null,""omnitureData"":null,""omnitureTracking"":null,""originalUrl"":null,""params"":{""answerId"":""358e8f19-f0d9-4844-b8af-1cb8cecf2625"",""sentiment"":""UP"",""source"":""pp""},""requiredPermissionType"":null,""screenType"":null,""storeValue"":{},""subType"":null,""tracking"":{},""triggerExtraStandardEvents"":null,""type"":""QNA_ANSWER_SENTIMENT"",""url"":null,""validationMeta"":null,""widgetTracking"":null,""widgetizedActions"":null},""metaData"":null,""rcType"":null,""tracking"":null,""trackingData"":null,""value"":{""type"":""VoteValue"",""count"":0,""isSelected"":false}}}],""id"":""b079c4fc-2270-4e73-936e-fa011feaf7b5"",""text"":""Is this slipper slippery""}},{""action"":{""constraints"":null,""customTrackingEvents"":null,""fallback"":null,""loginType"":""LOGIN_NOT_REQUIRED"",""nonWidgetizeRedirection"":null,""omnitureData"":null,""omnitureTracking"":null,""originalUrl"":null,""params"":{""questionId"":""aef64949-1116-4a5d-9c0b-c4afe66cbf7c"",""screenName"":""QNA_ANSWERS_PAGE_V4"",""source"":""pp"",""productId"":""SFFFWFFBKPBTUW44""},""requiredPermissionType"":null,""screenType"":""multiWidgetPage"",""storeValue"":{},""subType"":null,""tracking"":{""impressionId"":""b7942fc2-23d4-4440-bb06-0a3f89c5f05d"",""answerId"":""995945b4-0529-49a1-a86b-da29235b7416"",""questionId"":""aef64949-1116-4a5d-9c0b-c4afe66cbf7c"",""contextType"":""page""},""triggerExtraStandardEvents"":null,""type"":""NAVIGATION"",""url"":""/flite-women-flip-flops/answers/itm3dd0db174a0a1?pid=SFFFWFFBKPBTUW44&questionId=aef64949-1116-4a5d-9c0b-c4afe66cbf7c"",""validationMeta"":null,""widgetTracking"":null,""widgetizedActions"":null},""metaData"":null,""rcType"":null,""tracking"":{""impressionId"":""b7942fc2-23d4-4440-bb06-0a3f89c5f05d"",""answerId"":""995945b4-0529-49a1-a86b-da29235b7416"",""questionId"":""aef64949-1116-4a5d-9c0b-c4afe66cbf7c"",""contextType"":""page""},""trackingData"":null,""value"":{""type"":""Question"",""answers"":[{""type"":""Answer"",""abuse"":{""action"":{""constraints"":[{""metaInfo"":{""openInBottomSheet"":""true"",""url"":""/login?type=mobile&sourceContext=qna_report_abuse""},""type"":""LOGIN""}],""customTrackingEvents"":null,""fallback"":null,""loginType"":""LEGACY_LOGIN"",""nonWidgetizeRedirection"":null,""omnitureData"":null,""omnitureTracking"":null,""originalUrl"":null,""params"":{""answerId"":""995945b4-0529-49a1-a86b-da29235b7416"",""sentiment"":""ABUSE"",""source"":""pp""},""requiredPermissionType"":null,""screenType"":null,""storeValue"":{},""subType"":null,""tracking"":{},""triggerExtraStandardEvents"":null,""type"":""QNA_ANSWER_SENTIMENT"",""url"":null,""validationMeta"":null,""widgetTracking"":null,""widgetizedActions"":null},""metaData"":null,""rcType"":null,""tracking"":null,""trackingData"":null,""value"":{""type"":""VoteValue"",""count"":0,""isSelected"":false}},""anonymous"":true,""authorName"":""Robin "",""authorStatusMap"":{""CERTIFIED_BUYER"":true},""down"":{""action"":{""constraints"":[{""metaInfo"":{""openInBottomSheet"":""true"",""url"":""/login?type=mobile&sourceContext=qna_vote""},""type"":""LOGIN""}],""customTrackingEvents"":null,""fallback"":null,""loginType"":""LEGACY_LOGIN"",""nonWidgetizeRedirection"":null,""omnitureData"":null,""omnitureTracking"":null,""originalUrl"":null,""params"":{""answerId"":""995945b4-0529-49a1-a86b-da29235b7416"",""sentiment"":""DOWN"",""source"":""pp""},""requiredPermissionType"":null,""screenType"":null,""storeValue"":{},""subType"":null,""tracking"":{},""triggerExtraStandardEvents"":null,""type"":""QNA_ANSWER_SENTIMENT"",""url"":null,""validationMeta"":null,""widgetTracking"":null,""widgetizedActions"":null},""metaData"":null,""rcType"":null,""tracking"":null,""trackingData"":null,""value"":{""type"":""VoteValue"",""count"":0,""isSelected"":false}},""id"":""995945b4-0529-49a1-a86b-da29235b7416"",""sentimentCount"":0,""text"":""Yes"",""up"":{""action"":{""constraints"":[{""metaInfo"":{""openInBottomSheet"":""true"",""url"":""/login?type=mobile&sourceContext=qna_vote""},""type"":""LOGIN""}],""customTrackingEvents"":null,""fallback"":null,""loginType"":""LEGACY_LOGIN"",""nonWidgetizeRedirection"":null,""omnitureData"":null,""omnitureTracking"":null,""originalUrl"":null,""params"":{""answerId"":""995945b4-0529-49a1-a86b-da29235b7416"",""sentiment"":""UP"",""source"":""pp""},""requiredPermissionType"":null,""screenType"":null,""storeValue"":{},""subType"":null,""tracking"":{},""triggerExtraStandardEvents"":null,""type"":""QNA_ANSWER_SENTIMENT"",""url"":null,""validationMeta"":null,""widgetTracking"":null,""widgetizedActions"":null},""metaData"":null,""rcType"":null,""tracking"":null,""trackingData"":null,""value"":{""type"":""VoteValue"",""count"":0,""isSelected"":false}}}],""id"":""aef64949-1116-4a5d-9c0b-c4afe66cbf7c"",""text"":""Use for rainy season?""}},{""action"":{""constraints"":null,""customTrackingEvents"":null,""fallback"":null,""loginType"":""LOGIN_NOT_REQUIRED"",""nonWidgetizeRedirection"":null,""omnitureData"":null,""omnitureTracking"":null,""originalUrl"":null,""params"":{""questionId"":""70c32032-2eb4-4f3d-b6a9-c86f5cf55823"",""screenName"":""QNA_ANSWERS_PAGE_V4"",""source"":""pp"",""productId"":""SFFFWFFBKPBTUW44""},""requiredPermissionType"":null,""screenType"":""multiWidgetPage"",""storeValue"":{},""subType"":null,""tracking"":{""impressionId"":""b7942fc2-23d4-4440-bb06-0a3f89c5f05d"",""answerId"":""76e14119-2b36-40c4-b962-5ee92bb412bb"",""questionId"":""70c32032-2eb4-4f3d-b6a9-c86f5cf55823"",""contextType"":""page""},""triggerExtraStandardEvents"":null,""type"":""NAVIGATION"",""url"":""/flite-women-flip-flops/answers/itm3dd0db174a0a1?pid=SFFFWFFBKPBTUW44&questionId=70c32032-2eb4-4f3d-b6a9-c86f5cf55823"",""validationMeta"":null,""widgetTracking"":null,""widgetizedActions"":null},""metaData"":null,""rcType"":null,""tracking"":{""impressionId"":""b7942fc2-23d4-4440-bb06-0a3f89c5f05d"",""answerId"":""76e14119-2b36-40c4-b962-5ee92bb412bb"",""questionId"":""70c32032-2eb4-4f3d-b6a9-c86f5cf55823"",""contextType"":""page""},""trackingData"":null,""value"":{""type"":""Question"",""answers"":[{""type"":""Answer"",""abuse"":{""action"":{""constraints"":[{""metaInfo"":{""openInBottomSheet"":""true"",""url"":""/login?type=mobile&sourceContext=qna_report_abuse""},""type"":""LOGIN""}],""customTrackingEvents"":null,""fallback"":null,""loginType"":""LEGACY_LOGIN"",""nonWidgetizeRedirection"":null,""omnitureData"":null,""omnitureTracking"":null,""originalUrl"":null,""params"":{""answerId"":""76e14119-2b36-40c4-b962-5ee92bb412bb"",""sentiment"":""ABUSE"",""source"":""pp""},""requiredPermissionType"":null,""screenType"":null,""storeValue"":{},""subType"":null,""tracking"":{},""triggerExtraStandardEvents"":null,""type"":""QNA_ANSWER_SENTIMENT"",""url"":null,""validationMeta"":null,""widgetTracking"":null,""widgetizedActions"":null},""metaData"":null,""rcType"":null,""tracking"":null,""trackingData"":null,""value"":{""type"":""VoteValue"",""count"":0,""isSelected"":false}},""anonymous"":false,""authorName"":""Buynow9"",""authorStatusMap"":{""SELLER"":true},""down"":{""action"":{""constraints"":[{""metaInfo"":{""openInBottomSheet"":""true"",""url"":""/login?type=mobile&sourceContext=qna_vote""},""type"":""LOGIN""}],""customTrackingEvents"":null,""fallback"":null,""loginType"":""LEGACY_LOGIN"",""nonWidgetizeRedirection"":null,""omnitureData"":null,""omnitureTracking"":null,""originalUrl"":null,""params"":{""answerId"":""76e14119-2b36-40c4-b962-5ee92bb412bb"",""sentiment"":""DOWN"",""source"":""pp""},""requiredPermissionType"":null,""screenType"":null,""storeValue"":{},""subType"":null,""tracking"":{},""triggerExtraStandardEvents"":null,""type"":""QNA_ANSWER_SENTIMENT"",""url"":null,""validationMeta"":null,""widgetTracking"":null,""widgetizedActions"":null},""metaData"":null,""rcType"":null,""tracking"":null,""trackingData"":null,""value"":{""type"":""VoteValue"",""count"":0,""isSelected"":false}},""id"":""76e14119-2b36-40c4-b962-5ee92bb412bb"",""sentimentCount"":0,""text"":""for womens"",""up"":{""action"":{""constraints"":[{""metaInfo"":{""openInBottomSheet"":""true"",""url"":""/login?type=mobile&sourceContext=qna_vote""},""type"":""LOGIN""}],""customTrackingEvents"":null,""fallback"":null,""loginType"":""LEGACY_LOGIN"",""nonWidgetizeRedirection"":null,""omnitureData"":null,""omnitureTracking"":null,""originalUrl"":null,""params"":{""answerId"":""76e14119-2b36-40c4-b962-5ee92bb412bb"",""sentiment"":""UP"",""source"":""pp""},""requiredPermissionType"":null,""screenType"":null,""storeValue"":{},""subType"":null,""tracking"":{},""triggerExtraStandardEvents"":null,""type"":""QNA_ANSWER_SENTIMENT"",""url"":null,""validationMeta"":null,""widgetTracking"":null,""widgetizedActions"":null},""metaData"":null,""rcType"":null,""tracking"":null,""trackingData"":null,""value"":{""type"":""VoteValue"",""count"":0,""isSelected"":false}}}],""id"":""70c32032-2eb4-4f3d-b6a9-c86f5cf55823"",""text"":""Craft punch for kid""}}]},""header"":{""action"":null,""metaData"":null,""rcType"":null,""tracking"":null,""trackingData"":null,""value"":{""type"":""HeaderValue"",""abbSubHeader"":null,""actionButton"":{""action"":{""constraints"":null,""customTrackingEvents"":null,""fallback"":null,""loginType"":""LOGIN_NOT_REQUIRED"",""nonWidgetizeRedirection"":null,""omnitureData"":null,""omnitureTracking"":null,""originalUrl"":""/flite-women-flip-flops/qna-search/itm3dd0db174a0a1?pid=SFFFWFFBKPBTUW44&lid=LSTSFFFWFFBKPBTUW44VJACCB&marketplace=FLIPKART&store=osp%2Fiko&srno=b_4_149&otracker=browse&fm=organic&iid=3d830cc9-e5ad-48ef-84c3-482f55642135.SFFFWFFBKPBTUW44.SEARCH&ppt=browse&ppn=browse&ssid=e6nkya0vfk0000001768226446152"",""params"":{""screenName"":""UGC_SEARCH_PAGE"",""source"":""pp"",""productId"":""SFFFWFFBKPBTUW44""},""requiredPermissionType"":null,""screenType"":""multiWidgetPage"",""storeValue"":{},""subType"":null,""tracking"":{},""triggerExtraStandardEvents"":null,""type"":""NAVIGATION"",""url"":""/flite-women-flip-flops/qna-search/itm3dd0db174a0a1?pid=SFFFWFFBKPBTUW44&lid=LSTSFFFWFFBKPBTUW44VJACCB&marketplace=FLIPKART&store=osp%2Fiko&srno=b_4_149&otracker=browse&fm=organic&iid=3d830cc9-e5ad-48ef-84c3-482f55642135.SFFFWFFBKPBTUW44.SEARCH&ppt=browse&ppn=browse&ssid=e6nkya0vfk0000001768226446152"",""validationMeta"":null,""widgetTracking"":null,""widgetizedActions"":null},""metaData"":null,""rcType"":null,""tracking"":null,""trackingData"":null,""value"":{""type"":""ButtonValue"",""title"":""Search""}},""actionButtonArrowEnable"":null,""actionButtonChevronImageUrl"":null,""actionButtonEnable"":null,""actionButtonTextValue"":null,""animation"":null,""backButtonEnable"":null,""backgroundDetails"":null,""bgColor"":null,""chevronButton"":null,""collapsed"":false,""collapsible"":false,""headerDetailsValue"":null,""headerMinorInfo"":null,""iconAnimation"":null,""imageValue"":null,""referenceImageValue"":null,""richTextAndImageActionButton"":null,""showActionButton"":false,""showHeader"":true,""subTitleValue"":{""type"":""TitleValue"",""image"":null,""style"":null,""subText"":null,""text"":""Have a question? Search for answers.""},""tags"":null,""timerValue"":null,""titleValue"":{""type"":""TitleValue"",""image"":null,""style"":null,""subText"":null,""text"":""Questions and Answers""},""viewAllImageUrl"":null}},""footer"":{""action"":{""constraints"":null,""customTrackingEvents"":null,""fallback"":null,""loginType"":""LOGIN_NOT_REQUIRED"",""nonWidgetizeRedirection"":null,""omnitureData"":null,""omnitureTracking"":null,""originalUrl"":null,""params"":{""productId"":""SFFFWFFBKPBTUW44"",""screenName"":""PRODUCT_QNA_PAGE""},""requiredPermissionType"":null,""screenType"":""multiWidgetPage"",""storeValue"":{},""subType"":null,""tracking"":{""impressionId"":""b7942fc2-23d4-4440-bb06-0a3f89c5f05d"",""viewAllShown"":""true"",""fetchId"":""b7942fc2-23d4-4440-bb06-0a3f89c5f05d.SFFFWFFBKPBTUW44"",""productId"":""SFFFWFFBKPBTUW44"",""contextType"":""page"",""findingMethod"":""pp""},""triggerExtraStandardEvents"":null,""type"":""NAVIGATION"",""url"":""/flite-women-flip-flops/product-questions/itm3dd0db174a0a1?pid=SFFFWFFBKPBTUW44"",""validationMeta"":null,""widgetTracking"":null,""widgetizedActions"":null},""metaData"":null,""rcType"":null,""tracking"":{""contextType"":""page"",""findingMethod"":""pp""},""trackingData"":null,""value"":{""type"":""FooterValue"",""actionButtons"":null,""footerData"":null,""footerDetailsValue"":null,""footerViewType"":null,""imageValue"":null,""subTitleValue"":null,""timerValue"":null,""titleValue"":{""type"":""TitleValue"",""image"":null,""style"":null,""subText"":null,""text"":""All questions""}}},""tracking"":{""impressionId"":""b7942fc2-23d4-4440-bb06-0a3f89c5f05d"",""viewAllShown"":""true"",""fetchId"":""b7942fc2-23d4-4440-bb06-0a3f89c5f05d.SFFFWFFBKPBTUW44"",""productId"":""SFFFWFFBKPBTUW44"",""contextType"":""page"",""position"":7}}}],""10007"":[],""10008"":[],""ROOT"":[{""slotType"":""LOGICAL"",""id"":10000,""parentId"":0,""layoutParams"":{""backgroundColor"":""#FFFFFF"",""margin"":""16,16,16,16"",""orientation"":""""},""childArrangement"":""ADJACENT""},{""slotType"":""WIDGET"",""id"":35,""parentId"":0,""layoutParams"":{""orientation"":"""",""widgetHeight"":150,""widgetWidth"":12},""widget"":{""type"":""BANNER"",""viewType"":""LIFESTYLE"",""widgetAttributes"":{""bleedingColor"":null},""data"":{""renderableComponents"":[{""action"":{""url"":null,""originalUrl"":null},""tracking"":{},""value"":{""dynamicImageUrl"":""http://rukmini1.flixcart.com/www/{@width}/{@height}/promos/01/12/2018/8aa01ab4-de88-4a46-9d93-5c7f3ebac2df.png?q={@quality}"",""aspectRatio"":""85:6"",""width"":2000}}]},""params"":{},""tracking"":{""impressionId"":""35.BANNER.SFFFWFFBKPBTUW44.b7942fc2-23d4-4440-bb06-0a3f89c5f05d"",""productId"":""SFFFWFFBKPBTUW44"",""pageFetchId"":""PP.b7942fc2-23d4-4440-bb06-0a3f89c5f05d"",""widgetKey"":""BANNER"",""trackWidgetDwellTime"":""false"",""position"":""35""}}},{""slotType"":""WIDGET"",""id"":36,""parentId"":0,""layoutParams"":{""orientation"":"""",""widgetHeight"":150,""widgetWidth"":12},""widget"":{""type"":""OMU"",""viewType"":""BANNER_HORIZONTAL"",""widgetAttributes"":{""bleedingColor"":null},""data"":{""backgroundImage"":null,""contentSubTitle"":null,""contentTitle"":null,""contentTitleDescription"":null,""logoImage"":null,""renderableComponents"":[{""action"":{""tracking"":{""otracker"":""pp_reco_You+might+be+interested+in_1_36.dealCard.OMU_cid:S_F_N_osp_mba_erx_p4o__d_50-100__NONE_ALL;nid:osp_mba_erx_p4o_;et:S;eid:osp_mba_erx_p4o_;mp:F;ct:d;at:DEFAULT;"",""otracker1"":""pp_reco_PINNED_productRecommendation/AugmentSelling_You+might+be+interested+in_BANNER_HORIZONTAL_dealCard_cc_1_NA_view-all"",""impressionId"":""R:vc;pt:pp;uid:46a4a558-efc0-11f0-bdd6-17cb2b0acaf8;.cid:S_F_N_osp_mba_erx_p4o__d_50-100__NONE_ALL;nid:osp_mba_erx_p4o_;et:S;eid:osp_mba_erx_p4o_;mp:F;ct:d;at:DEFAULT;"",""position"":""1"",""findingMethod"":""productRecommendation/AugmentSelling"",""contentType"":""dealCard"",""contentId"":""cid:S_F_N_osp_mba_erx_p4o__d_50-100__NONE_ALL;nid:osp_mba_erx_p4o_;et:S;eid:osp_mba_erx_p4o_;mp:F;ct:d;at:DEFAULT;""}},""value"":{""type"":""OMUValue"",""offerUrl"":""https://www.flipkart.com/all/~cs-1ac0904ef794e4b55b42207dba6ebe93/pr?sid=osp,mba,erx,p4o&marketplace=FLIPKART"",""offerDescription"":null,""offerTitle"":""Min. 50% Off"",""name"":""Slippers & Flip Flops"",""fsp"":null,""mrp"":null,""showMrp"":false,""primaryImage"":{""dynamicImageUrl"":""http://rukmini1.flixcart.com/image/{@width}/{@height}/xif0q/kids-slipper-flip-flop/x/k/j/8-freya-kids-shozie-original-imah3hbqcfnghxpd.jpeg?q={@quality}""}}},{""action"":{""tracking"":{""otracker"":""pp_reco_You+might+be+interested+in_2_36.dealCard.OMU_cid:S_F_N_mcr_96v_k9d__d_70-100__NONE_ALL;nid:mcr_96v_k9d_;et:S;eid:mcr_96v_k9d_;mp:F;ct:d;at:DEFAULT;"",""otracker1"":""pp_reco_PINNED_productRecommendation/AugmentSelling_You+might+be+interested+in_BANNER_HORIZONTAL_dealCard_cc_2_NA_view-all"",""impressionId"":""R:vc;pt:pp;uid:46a4a558-efc0-11f0-bdd6-17cb2b0acaf8;.cid:S_F_N_mcr_96v_k9d__d_70-100__NONE_ALL;nid:mcr_96v_k9d_;et:S;eid:mcr_96v_k9d_;mp:F;ct:d;at:DEFAULT;"",""position"":""2"",""findingMethod"":""productRecommendation/AugmentSelling"",""contentType"":""dealCard"",""contentId"":""cid:S_F_N_mcr_96v_k9d__d_70-100__NONE_ALL;nid:mcr_96v_k9d_;et:S;eid:mcr_96v_k9d_;mp:F;ct:d;at:DEFAULT;""}},""value"":{""type"":""OMUValue"",""offerUrl"":""https://www.flipkart.com/all/~cs-fd4279258fd2af64a3bff84cca8aea54/pr?sid=mcr,96v,k9d&marketplace=FLIPKART"",""offerDescription"":null,""offerTitle"":""Min. 70% Off"",""name"":""Earrings"",""fsp"":null,""mrp"":null,""showMrp"":false,""primaryImage"":{""dynamicImageUrl"":""http://rukmini1.flixcart.com/image/{@width}/{@height}/xif0q/earring/s/o/z/-original-imahfssy3bc8vaw3.jpeg?q={@quality}""}}},{""action"":{""tracking"":{""otracker"":""pp_reco_You+might+be+interested+in_3_36.dealCard.OMU_cid:S_F_N_clo_vua_jlk_hp8__d_50-100__NONE_ALL;nid:clo_vua_jlk_hp8_;et:S;eid:clo_vua_jlk_hp8_;mp:F;ct:d;at:DEFAULT;"",""otracker1"":""pp_reco_PINNED_productRecommendation/AugmentSelling_You+might+be+interested+in_BANNER_HORIZONTAL_dealCard_cc_3_NA_view-all"",""impressionId"":""R:vc;pt:pp;uid:46a4a558-efc0-11f0-bdd6-17cb2b0acaf8;.cid:S_F_N_clo_vua_jlk_hp8__d_50-100__NONE_ALL;nid:clo_vua_jlk_hp8_;et:S;eid:clo_vua_jlk_hp8_;mp:F;ct:d;at:DEFAULT;"",""position"":""3"",""findingMethod"":""productRecommendation/AugmentSelling"",""contentType"":""dealCard"",""contentId"":""cid:S_F_N_clo_vua_jlk_hp8__d_50-100__NONE_ALL;nid:clo_vua_jlk_hp8_;et:S;eid:clo_vua_jlk_hp8_;mp:F;ct:d;at:DEFAULT;""}},""value"":{""type"":""OMUValue"",""offerUrl"":""https://www.flipkart.com/all/~cs-3c8da92706fb567ea988e87f02c334cb/pr?sid=clo,vua,jlk,hp8&marketplace=FLIPKART"",""offerDescription"":null,""offerTitle"":""Min. 50% Off"",""name"":""Women's Track Pants"",""fsp"":null,""mrp"":null,""showMrp"":false,""primaryImage"":{""dynamicImageUrl"":""http://rukmini1.flixcart.com/image/{@width}/{@height}/xif0q/track-pant/k/6/7/l-lower-losangoles-black-grey-clothmaster-original-imahbwkfzuwh7bgr.jpeg?q={@quality}""}}},{""action"":{""tracking"":{""otracker"":""pp_reco_You+might+be+interested+in_4_36.dealCard.OMU_cid:S_F_N_osp_iko_9d5__d_50-100__NONE_ALL;nid:osp_iko_9d5_;et:S;eid:osp_iko_9d5_;mp:F;ct:d;at:DEFAULT;"",""otracker1"":""pp_reco_PINNED_productRecommendation/AugmentSelling_You+might+be+interested+in_BANNER_HORIZONTAL_dealCard_cc_4_NA_view-all"",""impressionId"":""R:vc;pt:pp;uid:46a4a558-efc0-11f0-bdd6-17cb2b0acaf8;.cid:S_F_N_osp_iko_9d5__d_50-100__NONE_ALL;nid:osp_iko_9d5_;et:S;eid:osp_iko_9d5_;mp:F;ct:d;at:DEFAULT;"",""position"":""4"",""findingMethod"":""productRecommendation/AugmentSelling"",""contentType"":""dealCard"",""contentId"":""cid:S_F_N_osp_iko_9d5__d_50-100__NONE_ALL;nid:osp_iko_9d5_;et:S;eid:osp_iko_9d5_;mp:F;ct:d;at:DEFAULT;""}},""value"":{""type"":""OMUValue"",""offerUrl"":""https://www.flipkart.com/all/~cs-331206222d774744b044ef894e5f2e4d/pr?sid=osp,iko,9d5&marketplace=FLIPKART"",""offerDescription"":null,""offerTitle"":""Min. 50% Off"",""name"":""Women's Flats"",""fsp"":null,""mrp"":null,""showMrp"":false,""primaryImage"":{""dynamicImageUrl"":""http://rukmini1.flixcart.com/image/{@width}/{@height}/xif0q/shopsy-sandal/y/y/p/8-vy-ss-555-shokiya-pink-original-imahc5gndm6h4jhy.jpeg?q={@quality}""}}}],""widgetButton"":null},""header"":{""action"":null,""value"":{""timerValue"":null,""titleValue"":{""text"":""You might be interested in""},""subTitleValue"":null}},""params"":{},""tracking"":{""productId"":""SFFFWFFBKPBTUW44"",""pageFetchId"":""PP.b7942fc2-23d4-4440-bb06-0a3f89c5f05d"",""otracker"":""pp_reco_You+might+be+interested+in"",""otracker1"":""pp_reco_PINNED_productRecommendation/AugmentSelling_You+might+be+interested+in_BANNER_HORIZONTAL_wc_view-all"",""widgetType"":""reco"",""findingMethod"":""productRecommendation/AugmentSelling"",""widgetTitle"":""You might be interested in"",""impressionId"":""R:vc;pt:pp;uid:46a4a558-efc0-11f0-bdd6-17cb2b0acaf8;"",""pageType"":""pp"",""widgetCategory"":""PINNED"",""contextType"":""page"",""viewType"":""BANNER_HORIZONTAL"",""widgetKey"":""36.dealCard.OMU"",""trackWidgetDwellTime"":""false"",""position"":""36"",""moduleId"":""productRecommendation/AugmentSelling"",""contentType"":""contentCollection""}}}]},""pageNumber"":1,""timeStamp"":1768226955004,""prevPageType"":""Product"",""pageType"":""Product"",""reload"":false,""fetchId"":""b7942fc2-23d4-4440-bb06-0a3f89c5f05d.SFFFWFFBKPBTUW44"",""responseHeaderObject"":{""xReqId"":""b7942fc2-23d4-4440-bb06-0a3f89c5f05d"",""xParentReqId"":"""",""xTabId"":""""},""pageData"":{""backTTL"":30000,""elementId"":""page"",""globalSlots"":[],""hardTTL"":2147483647,""hasMorePages"":true,""infinitePage"":false,""layoutParams"":{""backgroundColor"":""#F1F2F4"",""layoutTtl"":60000,""orientation"":"""",""theme"":""light"",""themeDetails"":{""themeId"":null}},""pageContext"":{""type"":""ProductPageContext"",""bu"":""ProductPageContext"",""actionContext"":null,""analyticsData"":{""category"":""WomenFashionFootwear"",""subCategory"":""WomenSFF"",""superCategory"":""WomenFW"",""vertical"":""WomenFlipFlops""},""brand"":""FLITE"",""collapseSections"":true,""couponMetadata"":null,""easySizeUrl"":null,""enableOfferTag"":false,""faAvailable"":false,""fdpEventTracking"":{""commonContext"":{""pr"":{""parameterRating"":[{""parameter"":""Look"",""rating"":""POSITIVE""},{""parameter"":""Colour"",""rating"":""POSITIVE""},{""parameter"":""Sole Quality"",""rating"":""POSITIVE""},{""parameter"":""Comfort"",""rating"":""POSITIVE""},{""parameter"":""Material Quality"",""rating"":""POSITIVE""},{""parameter"":""Light Weight"",""rating"":""POSITIVE""},{""parameter"":""Durability"",""rating"":""POSITIVE""},{""parameter"":""True to Specs"",""rating"":""POSITIVE""},{""parameter"":""Water Proof"",""rating"":""POSITIVE""},{""parameter"":""Value for Money"",""rating"":""POSITIVE""}],""individualRatingsCount"":[{""ratingValue"":5,""ratingCount"":16725},{""ratingValue"":4,""ratingCount"":7397},{""ratingValue"":3,""ratingCount"":3114},{""ratingValue"":2,""ratingCount"":1401},{""ratingValue"":1,""ratingCount"":1990}],""rating"":4.2,""ratingsCount"":30627,""reviewsCount"":1595},""ng"":[]},""events"":{""psi"":{""fsn"":""SFFFWFFBKPBTUW44"",""fid"":""b7942fc2-23d4-4440-bb06-0a3f89c5f05d.SFFFWFFBKPBTUW44"",""pr"":{""parameterRating"":[{""parameter"":""Look"",""rating"":""POSITIVE""},{""parameter"":""Colour"",""rating"":""POSITIVE""},{""parameter"":""Sole Quality"",""rating"":""POSITIVE""},{""parameter"":""Comfort"",""rating"":""POSITIVE""},{""parameter"":""Material Quality"",""rating"":""POSITIVE""},{""parameter"":""Light Weight"",""rating"":""POSITIVE""},{""parameter"":""Durability"",""rating"":""POSITIVE""},{""parameter"":""True to Specs"",""rating"":""POSITIVE""},{""parameter"":""Water Proof"",""rating"":""POSITIVE""},{""parameter"":""Value for Money"",""rating"":""POSITIVE""}],""individualRatingsCount"":[{""ratingValue"":5,""ratingCount"":16725},{""ratingValue"":4,""ratingCount"":7397},{""ratingValue"":3,""ratingCount"":3114},{""ratingValue"":2,""ratingCount"":1401},{""ratingValue"":1,""ratingCount"":1990}],""rating"":4.2,""ratingsCount"":30627,""reviewsCount"":1595},""pas"":{""videosCount"":0,""imagesCount"":7},""ma"":{""isBrandChatAvailable"":false,""isEbook"":false,""isDigital"":false,""isVideoAvailable"":false,""isDABotAvailable"":false,""isARViewAvailable"":false,""isNEPAvailable"":false},""nb"":{""isNonBuyable"":true},""pls"":{""isPreBook"":false,""availabilityStatus"":""NO_AVAILABLE_LISTING""},""pi"":{""isNoCostEmi"":false},""ng"":[]}}},""fetchId"":""b7942fc2-23d4-4440-bb06-0a3f89c5f05d.SFFFWFFBKPBTUW44"",""imageUrl"":""http://rukmini1.flixcart.com/image/{@width}/{@height}/xif0q/slipper-flip-flop/h/v/i/-original-imahhqc94jzephd2.jpeg?q={@quality}"",""isFaAvailable"":false,""isNewUser"":true,""itemId"":""ITM3DD0DB174A0A1"",""listingId"":null,""mallSelectionMode"":""ProductPageContext"",""marketPlaceTrackingDataMap"":{},""marketplace"":null,""maxOrderQuantityAllowed"":0,""multipleMediaPresent"":true,""pricing"":null,""productId"":""SFFFWFFBKPBTUW44"",""productImagesCount"":7,""productVideosCount"":null,""rating"":{""type"":""RatingValue"",""average"":4.2,""base"":5,""breakup"":[1990,1401,3114,7397,16725],""count"":30627,""histogramBaseCount"":16725,""reviewCount"":1595,""roundOffCount"":""30.6K+""},""seo"":{""appUri"":""android-app://com.flipkart.android/flipkart/fk.dl/de_wv_seg_--_http%3A%2F%2Fwww.flipkart.com%2Fflite-women-flip-flops%2Fp%2Fitm3dd0db174a0a1~q~pid%3DSFFFWFFBKPBTUW44"",""description"":"""",""enableAppIndexingApi"":true,""keywords"":"""",""title"":""FLITE Women Flip Flops"",""webUrl"":""https://www.flipkart.com/flite-women-flip-flops/p/itm3dd0db174a0a1""},""serviceabilityInfo"":[],""shopListId"":null,""shopListItemId"":null,""smartUrl"":""http://dl.flipkart.com/dl/flite-women-flip-flops/p/itm3dd0db174a0a1?pid=SFFFWFFBKPBTUW44&cmpid=product.share.pp"",""swatchInfo"":{""mandatorySwatchAttributes"":[],""mandatorySwatchAvailable"":false},""titles"":{""coSubtitle"":""Size: 4"",""subtitle"":""Pink , 4"",""title"":""FLITE Women Flip Flops""},""trackingDataV2"":{""abbAvailable"":false,""bnplAvailable"":false,""codAvailable"":false,""colorPickerAvailable"":false,""contentMarketPlace"":""FLIPKART"",""digitalAvailable"":false,""faAvailable"":false,""fasterDeliveryAvailable"":false,""fbfAvailable"":false,""listingPreserved"":false,""multipleDeliveryAvailable"":false,""nbfcAvailable"":false,""paeAvailable"":false,""preBookAvailable"":false,""preferredSellerWSR"":false,""prexoAvailable"":false,""productStatus"":""ready"",""ratingCount"":30627,""reviewCount"":1595,""sProductSuffix"":""|evar67=4.2_2000_30000_80|eVar92=Look_3:Colour_3:Sole Quality_3:Comfort_3:Material Quality_3:Light Weight_3:Durability_3:True to Specs_3:Water Proof_3:Value for Money_3|eVar89=FLITE|eVar182=NotEligible"",""sellerCount"":0,""sellerRating"":0,""serviceable"":false,""sproduct"":"";SFFFWFFBKPBTUW44;;;;eVar19=WomenFlipFlops|eVar22=WomenFashionFootwear|eVar139=BLUE|evar67=4.2_2000_30000_80|eVar92=Look_3:Colour_3:Sole Quality_3:Comfort_3:Material Quality_3:Light Weight_3:Durability_3:True to Specs_3:Water Proof_3:Value for Money_3|eVar89=FLITE|eVar182=NotEligible"",""tdOffersAvailable"":false,""videoAvailable"":false,""visualBrowseEnabled"":false,""wsrSellerPresent"":false},""xsState"":null},""pageEventResponseMap"":{},""pageHash"":""242978157"",""pageId"":""footw-produ-743d0"",""pageLevelSlots"":{},""pageTTL"":30000,""pageTags"":{""tags"":[]},""paginationContextMap"":{""nps"":{""prevPageFetchId"":""b7942fc2-23d4-4440-bb06-0a3f89c5f05d""},""dj"":{}},""seoData"":{""seo"":{""alexaVerifyId"":false,""description"":""Flipkart.com: Buy FLITE Women Flip Flops only for Rs.  from Flipkart.com. Only Genuine Products. 30 Day Replacement Guarantee. Free Shipping. Cash On Delivery!"",""googleSiteVerification"":false,""noIndexSeo"":false,""ogImage"":""http://rukmini1.flixcart.com/image/300/300/xif0q/slipper-flip-flop/h/v/i/-original-imahhqc94jzephd2.jpeg"",""ogTitle"":""FLITE Women Flip Flops - Buy FLITE Women Flip Flops Online at Best Price - Shop Online for Footwears in India | Flipkart.com"",""redirectUrl"":{""incorrectUrl"":false,""overrideQueryParams"":null,""path"":null},""seoFooterTitle"":""More aboutFLITE Women Flip Flops"",""title"":""FLITE Women Flip Flops - Buy FLITE Women Flip Flops Online at Best Price - Shop Online for Footwears in India | Flipkart.com""}},""sharedData"":{},""trackingContext"":{""meta"":{""sMode"":""BLUE""},""navigationalPageName"":""pp"",""navigationalPageType"":""pp"",""orderLevelTrackingMap"":{},""pageName"":null,""pageType"":""pp"",""tracking"":{""eVar139"":""BLUE"",""analyticalNodeId"":""6006708"",""eVar182"":""NotEligible"",""loginStatus"":""logout"",""event799"":""0""}}},""pageMeta"":{""baseImpressionId"":""b7942fc2-23d4-4440-bb06-0a3f89c5f05d"",""hasErrorWidget"":false,""mergeTrackingContextForAllPageFold"":false,""pageNotChanged"":false,""prefetchPage"":{""enablePrefetch"":false},""reusePrevPageFoldContext"":false,""widgetFetchDelayMs"":0},""subPageResponse"":{},""pageEventResponseMap"":{}},""modal"":{""asyncStatus"":""INIT"",""data"":{""ROOT"":[]},""pageNumber"":0,""timeStamp"":1767788357281,""derivedMetaData"":{}},""tabs"":{""asyncStatus"":""INIT"",""data"":{""ROOT"":[]},""pageNumber"":0,""timeStamp"":1767788357281,""derivedMetaData"":{}},""browseMetadata"":{},""productPageMetadata"":{""modulePresence"":""PP_RView"",""videoTracking"":"""",""easySize"":"""",""events"":[],""swatchIds"":"""",""breadcrumbs"":[],""speed"":""""},""lookDetailsPageMetadata"":{},""analtyticsData"":{""omnitureData"":{},""omnitureEvents"":[]}},""payments"":{""paymentOptions"":{""asyncStatus"":""INIT"",""nudgeShownSavedCards"":[]},""paymentAsyncStatus"":""INIT"",""selectedPaymentOption"":{""mainOption"":"""",""emiCard"":""""},""instrumentCheck"":{},""payWithDetails"":{""asyncStatus"":""INIT""},""payByInstrumentType"":{""asyncStatus"":""INIT""},""emiTerms"":{""asyncStatus"":""INIT""},""emiState"":{""selectedBank"":"""",""selectedBankEmiType"":"""",""selectedTenure"":"""",""selectedSection"":"""",""selectedSectionKey"":""""},""captcha"":{""asyncStatus"":""INIT""},""emiCards"":{""asyncStatus"":""INIT""},""emiBanks"":{},""emiTenures"":{},""emiItemLevelBreakup"":{""asyncStatus"":""INIT"",""breakup"":[],""error"":null},""netOptions"":{""asyncStatus"":""INIT""},""upiOptions"":{""asyncStatus"":""INIT"",""upi_apps"":[],""selectedUpiOption"":""""},""upiPollState"":{""asyncStatus"":""INIT""},""upiPollInfo"":{""asyncStatus"":""INIT""},""payViaWallet"":{""asyncStatus"":""INIT""},""adjustments"":{},""otpModes"":{""asyncStatus"":""INIT""},""otpSubmitState"":{""asyncStatus"":""INIT""},""advancePaymentBreakup"":{""asyncStatus"":""INIT""},""selectInstrument"":{""asyncStatus"":""INIT""},""errorOverlay"":{},""emiOnSavedCards"":{},""emi2FADetails"":{""asyncStatus"":""INIT""},""mobileWalletOptions"":{""asyncStatus"":""INIT"",""wallet_apps"":[],""preSelectedWalletId"":""""},""mobileWalletOtpState"":{""asyncStatus"":""INIT""},""mobileWalletBalance"":{},""rtgsInfo"":{},""rtgsPollingStatus"":{""asyncStatus"":""INIT""},""kfsDetails"":{""asyncStatus"":""INIT""}},""paymentToken"":{""asyncStatus"":""INIT"",""tokenVersion"":""v3"",""dcId"":"""",""error"":null},""pincodeData"":{""localPincodes"":[],""suggestions"":[],""regionFilters"":{},""invalid"":false,""state"":null,""error"":null,""asyncStatus"":""INIT""},""productBuyBack"":{""asyncStatus"":""INIT""},""productInfo"":{""ttl"":{}},""productPage"":{""verifyImeiInfo"":{""asyncStatus"":""INIT""},""brandSearchInfo"":{""asyncStatus"":""INIT""},""exchangeTooltip"":{""asyncStatus"":""INIT"",""data"":{""ROOT"":[]},""pageNumber"":0,""timeStamp"":1767788357281,""derivedMetaData"":{}},""exchangeTermsInfo"":{""asyncStatus"":""INIT""},""productSimilarReco"":{""asyncStatus"":""INIT""},""productCrossVerticalReco"":{""asyncStatus"":""INIT""},""productBrowsingHistoryReco"":{""asyncStatus"":""INIT""},""productDetails"":{""asyncStatus"":""INIT""},""productActions"":{""share"":{""asyncStatus"":""INIT""}},""productReservation"":{""asyncStatus"":""INIT""},""productLayout"":{""asyncStatus"":""INIT""},""productImage"":{""defaultMedia"":null},""wiggleSwatches"":{},""productABBData"":{""asyncStatus"":""INIT""},""recommendations"":{},""updateExchangeAnswer"":{},""productAttachs"":{},""productEgvReducer"":{""asyncStatus"":""INIT""}},""productSummary"":{},""questionAndAnswer"":{""pageData"":{""asyncStatus"":""INIT""},""inputValue"":{""asyncStatus"":""INIT""},""deleteAnswer"":{""asyncStatus"":""INIT""},""allAnswers"":{""asyncStatus"":""INIT""},""moreContent"":{""asyncStatus"":""INIT""},""searchQnAData"":{""asyncStatus"":""INIT""}},""ratingsAndReviews"":{""imageReviews"":{},""gallery"":{""url"":"""",""asyncStatus"":""INIT"",""images"":[],""imagePositionMap"":{},""pageNumber"":1,""hasMorePages"":true}},""recentlyViewed"":{""asyncStatus"":""INIT"",""list"":[]},""reviewPageData"":{""asyncStatus"":""INIT""},""reviewPageTitle"":{""asyncStatus"":""INIT""},""reviewsConfirmationPage"":{""asyncStatus"":""INIT""},""saalListingsData"":{""listings"":[]},""sale"":{""asmData"":null,""index"":0,""asyncStatus"":""INIT"",""popup"":null,""error"":null},""selfServe"":{""appContext"":{""context"":{""maxPageLength"":10},""pageLoadEvents"":[]},""deliverySlots"":{""asyncStatus"":""INIT""},""dogfoodingData"":{""asyncStatus"":""INIT"",""topics"":{}},""ifscFinderData"":{""asyncStatus"":""INIT""},""myOrders"":{""asyncStatus"":""INIT""},""myOrdersV2"":{""asyncStatus"":""INIT"",""adsDatabag"":null},""filters"":{""asyncStatus"":""INIT"",""applied"":{},""result"":{},""applicable"":[],""nextCallParams"":{},""searched"":false,""fetchFilterResults"":false},""orderAddress"":{""asyncStatus"":""INIT""},""orderCancellation"":{""asyncStatus"":""INIT"",""confirmed"":false},""orderConfirmationPage"":{""asyncStatus"":""INIT""},""orderConfirmationPagePS2"":{""asyncStatus"":""INIT""},""orderConfirmationReco"":{""asyncStatus"":""INIT""},""postOrderDetails"":{""asyncStatus"":""INIT""},""postOrderDetailsV2"":{""asyncStatus"":""INIT""},""returnAddress"":{""asyncStatus"":""INIT""},""returns"":{""asyncStatus"":""INIT"",""subStatus"":""REASON""},""trackOrder"":{""data"":{},""asyncStatus"":""INIT""},""bnplData"":{""asyncStatus"":""INIT""},""subscribeUnsubscribeData"":{""asyncStatus"":""INIT""},""returnVisualState"":{""orderedSteps"":[],""stepVisualStates"":{""REASON"":""COLLAPSED"",""PICKUP_ADDRESS"":""COLLAPSED"",""IMAGE_UPLOAD"":""COLLAPSED"",""RETURN_ACTION"":""COLLAPSED"",""KYC_INFORMATION"":""COLLAPSED"",""INLINE_RMT"":""COLLAPSED""}},""tokens"":{""returns"":{}},""neftData"":{""asyncStatus"":""INIT""},""neftIfscFinderData"":{""asyncStatus"":""INIT""},""cancelReturnData"":{""asyncStatus"":""INIT""},""ndrData"":{""asyncStatus"":""INIT""},""reschedule"":{},""addressChange"":{""asyncStatus"":""INIT""},""fileManager"":{""files"":[],""filesSize"":{},""dataURLs"":[],""filesV2"":{}},""imageInstructions"":{""asyncStatus"":""INIT""},""serviceListing"":{},""payNowPreorder"":{""asyncStatus"":""INIT""},""prexoChecks"":{""asyncStatus"":""INIT""},""issues"":{""asyncStatus"":""INIT""},""issueDetails"":{""asyncStatus"":""INIT""},""userInfo"":null,""blobIO"":{""asyncStatus"":""INIT""},""nudges"":{""asyncStatus"":""INIT"",""claimedInfo"":{""claimed"":false},""data"":{""reason"":null,""REASON_BASED"":null,""REASON_AGNOSTIC"":null}},""startSmartActionData"":{""asyncStatus"":""INIT""},""resumeSmartActionData"":{""asyncStatus"":""INIT""},""claimCashbackData"":{""asyncStatus"":""INIT""},""cashbackModeData"":{""cashbackPageInfo"":{""asyncStatus"":""INIT""},""confirmCashbackMode"":{""asyncStatus"":""INIT""},""cachedState"":null},""blobIOResource"":[],""refundsData"":{""savedBankAccountDetails"":[],""savedUPIAccountDetails"":[],""allowedRefundModes"":[],""autoFetchUpiWidget"":null,""autoFetchUpi"":{""asyncStatus"":""INIT""},""newBankAccountDetails"":null},""priceLockDetailsData"":{""asyncStatus"":""INIT""},""pageData"":{""asyncStatus"":""INIT"",""cachedSlotsByPageType"":{}},""returnRequests"":{""asyncStatus"":""INIT""},""recoData"":{""asyncStatus"":""INIT""}},""sellerDetails"":{""asyncStatus"":""INIT"",""data"":[]},""sellersPage"":{""asyncStatus"":""INIT""},""seoMeta"":{""isFetching"":false,""metadata"":{""seo"":{""alexaVerifyId"":false,""description"":""Flipkart.com: Buy FLITE Women Flip Flops only for Rs.  from Flipkart.com. Only Genuine Products. 30 Day Replacement Guarantee. Free Shipping. Cash On Delivery!"",""googleSiteVerification"":false,""noIndexSeo"":false,""ogImage"":""http://rukmini1.flixcart.com/image/300/300/xif0q/slipper-flip-flop/h/v/i/-original-imahhqc94jzephd2.jpeg"",""ogTitle"":""FLITE Women Flip Flops - Buy FLITE Women Flip Flops Online at Best Price - Shop Online for Footwears in India | Flipkart.com"",""redirectUrl"":{""incorrectUrl"":false,""overrideQueryParams"":null,""path"":null},""seoFooterTitle"":""More aboutFLITE Women Flip Flops"",""title"":""FLITE Women Flip Flops - Buy FLITE Women Flip Flops Online at Best Price - Shop Online for Footwears in India | Flipkart.com""}},""asyncStatus"":""SUCCESS""},""singleReview"":{""asyncStatus"":""INIT""},""stickyBasket"":{""data"":{}},""subscription"":{""asyncStatus"":""INIT""},""suggestions"":{},""surveyState"":{""asyncStatus"":""INIT""},""swatches"":{""asyncStatus"":""INIT"",""productSwatchDetails"":{}},""tooltip"":{""id"":null},""userState"":{""cart"":{""fkItems"":[],""groceryItems"":[],""items"":[]},""asyncStatus"":""SUCCESS"",""error"":null,""abResponse"":{""abDataId"":-544056340,""abExperiments"":[{""abId"":""STG|launchedGroup|033288de|h"",""appId"":""Mapi"",""expId"":""gh-5953-fassured-logo-revamp"",""metadata"":{""revampedFAssured"":true}},{""abId"":""STG|launchedGroup|fa30ec3a|h"",""appId"":""Mapi"",""expId"":""value_comms_shopsy"",""metadata"":{""value_comms"":true}},{""abId"":""STG|launchedGroup|b1cfdbd0|h"",""appId"":""Mapi"",""expId"":""sonic_gcp_migration_msite"",""metadata"":{""sonicGcpMigration"":true}},{""abId"":""STG|launchedGroup|f69b1c4d|h"",""appId"":""Mapi"",""expId"":""gh-2934-collapse-freebie-widget"",""metadata"":{""collapseFreebies"":true}},{""abId"":""STG|launchedGroup|5c52fd71|h"",""appId"":""Mapi"",""expId"":""sonic_gcp_migration_desktop"",""metadata"":{""sonicGcpMigration"":true}},{""abId"":""STG|launchedGroup|5a11c9ad|h"",""appId"":""Mapi"",""expId"":""enableexpresscheckoutshopsy"",""metadata"":{""enableExpressCheckoutShopsy"":true,""ecoConfirmModalEnabled"":""false"",""enableSwipeButton"":""false""}},{""abId"":""STG|launchedGroup|d3b1f8b7|h"",""appId"":""Mapi"",""expId"":""payloadreductionbp"",""metadata"":{""compactV4BPRes"":true}},{""abId"":""STG|launchedGroup|fb587ba2|h"",""appId"":""Mapi"",""expId"":""dls_compliant_ghp"",""metadata"":{""isGroceryDLSEnabled"":true}},{""abId"":""STG|launchedGroup|ba8d3149|h"",""appId"":""Mapi"",""expId"":""value_tags_on_feed"",""metadata"":{""value_tags_feed"":true}},{""abId"":""STG|launchedGroup|ac30948b|h"",""appId"":""Mapi"",""expId"":""grocery_hp_optimisations"",""metadata"":{""groceryHomePageOptimisation"":true}},{""abId"":""STG|launchedGroup|ba8b2352|h"",""appId"":""Mapi"",""expId"":""search_bar_theming_bau"",""metadata"":{""asSearchBarTheme"":true}},{""abId"":""STG|launchedGroup|be85cf40|h"",""appId"":""Mapi"",""expId"":""gh-5410-animation-on-search-filter"",""metadata"":{""searchFilterAnimation"":true}},{""abId"":""STG|launchedGroup|33842643|h"",""appId"":""Mapi"",""expId"":""oneviewhomepagedesktop"",""metadata"":{""enableOneViewDesktopHP"":true}},{""abId"":""STG|launchedGroup|464e29b5|h"",""appId"":""Mapi"",""expId"":""fast_fashion_v2"",""metadata"":{""isFastFashionThemeEnabled"":true}},{""abId"":""STG|launchedGroup|8860a34a|h"",""appId"":""Mapi"",""expId"":""mall_transition_new"",""metadata"":{""new_transition"":true}},{""abId"":""STG|launchedGroup|24c4218d|h"",""appId"":""Mapi"",""expId"":""appconfig_desktop"",""metadata"":{""configPollingIntervalDesktop"":45000,""pointToCdnDesktop"":true}},{""abId"":""STG|launchedGroup|485d3bea|h"",""appId"":""Mapi"",""expId"":""gh-3794-vas-widget-upgrade-pp-cart"",""metadata"":{""abPriceVariationPPEnabled"":true,""abPVPPFinalPricePosition"":3,""abPVPPDiscountFontWeight"":""MEDIUM"",""abPVPPStrikeOffMRPPosition"":2,""abPVPPStrikeOffMRPFontWeight"":""MEDIUM"",""abPVPPFinalPriceFontWeight"":""MEDIUM"",""showBestSellerSpotlight"":true,""abPriceVariationSPCartEnabled"":true,""abPVPPDiscountPosition"":1,""enablePriceVariationForVASWidget"":true}},{""abId"":""STG|launchedGroup|bd950249|h"",""appId"":""Mapi"",""expId"":""enhanced_deals_tag_experiment"",""metadata"":{""enhancedDealsTagAB"":true}},{""abId"":""STG|launchedGroup|0e06c240|h"",""appId"":""Mapi"",""expId"":""gh-3787-pp-best-seller-reco"",""metadata"":{""topChartsTitleCopyVariant"":""TITLE_COPY1"",""topChartsSpotlightDisabled"":false,""recoHighlightsEnabled"":true,""topChartsBannerIconVariant"":""STATIC_ICON_STAR""}},{""abId"":""STG|launchedGroup|895401ca|h"",""appId"":""Mapi"",""expId"":""top_filters_animation_v1"",""metadata"":{""isTopFilterAnimationV2Enabled"":""true""}},{""abId"":""STG|launchedGroup|9e6ebec3|h"",""appId"":""Mapi"",""expId"":""gh-3550-across-funnel-renaming-ads-to-sponsored"",""metadata"":{""isAdPositionChanged"":true,""renameAdToSponsored"":true}},{""abId"":""STG|launchedGroup|4aad7243|h"",""appId"":""Mapi"",""expId"":""v2_on_msite_version_3"",""metadata"":{""ENABLE_NEW_WIDGET_ON_MSITE"":true}},{""abId"":""STG|launchedGroup|18952fa7|h"",""appId"":""Mapi"",""expId"":""pp_-_dynamic_reco_card_height"",""metadata"":{""dynamicRecoCardHeight"":true}},{""abId"":""STG|launchedGroup|2b2648f2|h"",""appId"":""Mapi"",""expId"":""ghi-213-pp-view-cta-for-pla-add"",""metadata"":{""showViewButtonOnPLAAds"":true}},{""abId"":""STG|launchedGroup|f46b74f7|h"",""appId"":""Mapi"",""expId"":""hmpu_refresh_"",""metadata"":{""enableHPMUDesignChanges"":true}},{""abId"":""STG|launchedGroup|a69e0810|h"",""appId"":""Mapi"",""expId"":""pn_image_load_error"",""metadata"":{""shouldDisableFallbackImageForPN"":true}},{""abId"":""STG|inlineTargetingRules|793472f9|h"",""appId"":""Mapi"",""expId"":""msite_html_streaming"",""metadata"":{""isMsiteHtmlStreamingEnabled"":false}},{""abId"":""STG|launchedGroup|0f6fc508|h"",""appId"":""Mapi"",""expId"":""video_load_strategy_experiment_layered_v5"",""metadata"":{""minBufferMs"":3500,""bufferForPlaybackAfterRebufferMs"":1500,""maxBufferMs"":10000,""bufferForPlaybackMs"":1500}},{""abId"":""STG|launchedGroup|a75d324f|h"",""appId"":""Mapi"",""expId"":""view_based_resolution_experiment_layered_v5"",""metadata"":{""videoResolutionViewSizeScale"":0.75,""isVideoResolutionByViewSizeEnabled"":true}},{""abId"":""STG|launchedGroup|99627049|h"",""appId"":""Mapi"",""expId"":""justpay__ios"",""metadata"":{""enableiOSJustPaySDK"":true}},{""abId"":""STG|launchedGroup|66e48ed6|h"",""appId"":""Mapi"",""expId"":""juspay_ios_v2_minutes"",""metadata"":{""enableiOSJustPaySDKV2"":true}},{""abId"":""STG|launchedGroup|2bb14007|h"",""appId"":""Mapi"",""expId"":""juspay_ios_v2_flipkart"",""metadata"":{""enableiOSJustPaySDKFlipkartV2"":true}},{""abId"":""STG|launchedGroup|bf57ae88|h"",""appId"":""Mapi"",""expId"":""ghp_revamp_desktop"",""metadata"":{""enableOneViewGhpDesktop"":true}},{""abId"":""STG|launchedGroup|cccc9e27|h"",""appId"":""Mapi"",""expId"":""bh_rule_testing_for_desktop_hp_-_min_nav"",""metadata"":{""enableOneViewMhpDesktop"":true}},{""abId"":""STG|prestart|69879a97|h"",""appId"":""Mapi"",""expId"":""neprevamp"",""metadata"":{""atlas_pp"":false,""enableOneViewPP"":false}},{""abId"":""STG|prestart|bc0e9f22|h"",""appId"":""Mapi"",""expId"":""productpage_revamp"",""metadata"":{""atlas_pp"":false}},{""abId"":""STG|inlineTargetingRules|1a2d558d|h"",""appId"":""Mapi"",""expId"":""msite_pp_preload"",""metadata"":{""isPPLCPImagePreloadEnabled"":false}},{""abId"":""STG|inlineTargetingRules|d721a3ad|h"",""appId"":""Mapi"",""expId"":""msite_ghp_mhp_ssr"",""metadata"":{""isGhpMhpSSREnabled"":false}},{""abId"":""STG|launchedGroup|3d446348|h"",""appId"":""Mapi"",""expId"":""haptics_feedback_flo"",""metadata"":{""enableHaptics"":true}},{""abId"":""STG|launchedGroup|8dff313e|h"",""appId"":""Mapi"",""expId"":""minutes-_rain_fees_and_surge"",""metadata"":{""enableAddressBarKeyRemount"":true}},{""abId"":""STG|launchedGroup|f0c1b23b|h"",""appId"":""Mapi"",""expId"":""flo_android_pagination"",""metadata"":{""rules.isFloPaginationLoaderEnabled"":true}},{""abId"":""STG|launchedGroup|2303dd5e|h"",""appId"":""Mapi"",""expId"":""childitemrevamp"",""metadata"":{""childitemrevamp"":true}},{""abId"":""STG|prestart|dcec5780|h"",""appId"":""Mapi"",""expId"":""hero_animation_android_layered"",""metadata"":{""isHeroAnimationEnable"":false}},{""abId"":""STG|prestart|59ebd0b8|h"",""appId"":""Mapi"",""expId"":""ios_hero_animation"",""metadata"":{""rules.enableCustomThumbnailAB"":false,""isHeroAnimationEnableios"":false}},{""abId"":""STG|prestart|9c3e1cc1|h"",""appId"":""Mapi"",""expId"":""landmark_ab_geocode"",""metadata"":{""GeoLandmarkEnabled"":false,""GeoLandmarkCount"":1,""LandmarkThresholdMeters"":1}},{""abId"":""STG|prestart|84eb2f70|h"",""appId"":""Mapi"",""expId"":""pp_revamp_desktop_v2"",""metadata"":{""enableOneviewFlipkartRevamp"":false}},{""abId"":""STG|prestart|6f384292|h"",""appId"":""Mapi"",""expId"":""msite_svg_optimsiation"",""metadata"":{""msite_svg_optimisation"":false}},{""abId"":""STG|prestart|23f12fe0|h"",""appId"":""Mapi"",""expId"":""hybrid_condition_tracker"",""metadata"":{""isHybridTrackerEnabled"":false}},{""abId"":""STG|prestart|4bfb0f1e|h"",""appId"":""Mapi"",""expId"":""oneview_revamp_grocery_desktop"",""metadata"":{""enableOneviewGroceryRevamp"":false}}]},""groceryEnabled"":false,""locale"":""en"",""location"":{""communityStore"":null,""selectedLocation"":null},""lockinResponse"":{""flipkartLogoAction"":{""constraints"":null,""customTrackingEvents"":null,""fallback"":null,""loginType"":""LOGIN_NOT_REQUIRED"",""nonWidgetizeRedirection"":null,""omnitureData"":null,""omnitureTracking"":null,""originalUrl"":""/plus"",""params"":{""valid"":true,""screenName"":""LOYALTY_PAGE""},""requiredPermissionType"":null,""screenType"":""multiWidgetPage"",""storeValue"":{},""subType"":null,""tracking"":{},""triggerExtraStandardEvents"":null,""type"":""NAVIGATION"",""url"":""/plus"",""validationMeta"":null,""widgetTracking"":null,""widgetizedActions"":null},""userMembershipState"":""NON_LOGGED_IN""},""meta"":{""loc"":{""ipInfo"":{""country"":""UNKNOWN"",""state"":""Flipkart"",""city"":""Flipkart"",""ip"":""10.51.227.197""}},""ad"":{""id"":""T=TI176822695269400128996968508527381629298021650827936097179260872623""}},""userCohortResponse"":{""segmentIds"":null},""accountId"":null,""asn"":null,""firstName"":null,""flipkartFirstUser"":false,""isLoggedIn"":false,""lastName"":null,""ts"":0,""twoFa"":false,""omnitureInfo"":{""additionProperties"":null,""bucketId"":""62"",""ingestionEnabled"":false},""userEmail"":null},""wishlistItemDetails"":{""asyncStatus"":""INIT""},""redeemVoucherReducer"":{""asyncStatus"":""INIT""},""apiError"":{},""floodLights"":{""visible"":false,""isClickTriggered"":false},""userAddressData"":{""asyncStatus"":""INIT"",""data"":null},""locationUpdate"":{""asyncStatus"":""INIT"",""data"":{""currentPincode"":""""}},""productServiceabilityInfo"":{""asyncStatus"":""INIT"",""data"":null},""validate2Fa"":{""asyncStatus"":""INIT""},""actionViewReducer"":{""asyncStatus"":""INIT""},""notifPrefsAccordion"":{""items"":[]},""TravelSearchData"":{""journeyList"":[{""minDate"":""2026-01-07T12:19:17.339Z"",""journeyStartDate"":""2026-01-08T12:19:17.339Z"",""requestKey"":""Thu Jan 08 2026 17:49:17 GMT+0530 (India Standard Time)"",""origin"":{""isDirty"":false,""isEmpty"":true},""dest"":{""isDirty"":false,""isEmpty"":true}}],""selectedTripType"":""ONE_WAY"",""travellers"":{""adult"":1,""child"":0,""infant"":0},""fieldChanged"":""EMPTY"",""initialPrefillData"":{""selectedTripType"":""ONE_WAY"",""travellers"":{""adult"":1,""child"":0,""infant"":0},""journeyList"":[{""minDate"":""2026-01-07T12:19:17.339Z"",""journeyStartDate"":""2026-01-08T12:19:17.339Z"",""requestKey"":""Thu Jan 08 2026 17:49:17 GMT+0530 (India Standard Time)"",""origin"":{""isDirty"":false,""isEmpty"":true},""dest"":{""isDirty"":false,""isEmpty"":true}}]}},""TravelSearchValidation"":{""isValid"":false},""FareCalendarData"":{""asyncStatus"":""INIT""},""cityAutoSuggestion"":{},""sectionSlotData"":{""activeIndex"":0,""sectionMetaData"":[]},""wiggleValidationData"":{""wiggleData"":{}},""cbcApplyReducer"":{""asyncStatus"":""INIT""},""fsupPayKeepDeviceReducer"":{""asyncStatus"":""INIT""},""delayedPageWidgetsData"":{""asyncStatus"":""INIT"",""data"":{}},""srpFilterSortData"":{""asyncStatus"":""INIT"",""data"":{},""minifiedSearchResultData"":{},""noFlightsFound"":false,""timestamp"":1767788357342},""travelCancellationFormReducer"":{""data"":{}},""humanChallengeReducer"":{""challengeData"":null,""shouldRetriggerAction"":false},""dcContextReducer"":{""hostName"":""1.rome.api.flipkart.com""},""smbData"":{""seatForSegment"":{},""mealForSegment"":{},""baggageForSegment"":{},""totalPriceSeat"":0,""totalPriceMeal"":0,""totalPriceBaggage"":0,""throwProductOverselectionError"":false,""selectedSegmentIndex"":1,""nextSegmentIndex"":2,""selectedTab"":""SEAT"",""nextSelectedTab"":""MEAL"",""numOfTravellers"":1,""showReviewAddOnPopUp"":false,""reviewAddOnType"":""CHANGE_SEGMENT"",""seatTabVisited"":false,""mealTabVisited"":false,""seatMealSegmentsData"":[],""baggageSegmentsData"":[],""goToNextSection"":false,""availableTabs"":{""SEAT"":false,""MEAL"":false,""BAGGAGE"":false},""availableSegmentData"":{}},""deleteAccountReducer"":{""deleteAccount"":{""data"":null,""feedback"":null,""error"":null},""deleteAccountOtp"":{""data"":null,""feedback"":null,""error"":null},""deleteAccountToken"":{""data"":null,""feedback"":null,""error"":null}}};",http://rukmini1.flixcart.com/image/300/300/xif0q/slipper-flip-flop/h/v/i/-original-imahhqc94jzephd2.jpeg,https://www.flipkart.com/flite-women-flip-flops/p/itm3dd0db174a0a1?pid=SFFFWFFBKPBTUW44&lid=LSTSFFFWFFBKPBTUW44VJACCB&marketplace=FLIPKART&store=osp%2Fiko&srno=b_4_149&otracker=browse&fm=organic&iid=3d830cc9-e5ad-48ef-84c3-482f55642135.SFFFWFFBKPBTUW44.SEARCH&ppt=browse&ppn=browse&ssid=e6nkya0vfk0000001768226446152
